frame,cid,orig_x,orig_y,cvat_x,cvat_y,dx,dy,dist_px
0,9,165.0,163.0,165.0,163.0,0.0,0.0,0.0
0,10,18.0,254.0,18.0,254.0,0.0,0.0,0.0
0,13,1155.0,100.0,1155.0,100.0,0.0,0.0,0.0
0,14,1159.0,259.0,1159.0,259.0,0.0,0.0,0.0
0,15,1163.0,464.0,1163.0,464.0,0.0,0.0,0.0
0,30,823.0,339.0,823.0,339.0,0.0,0.0,0.0
0,31,1489.0,358.0,1489.0,358.0,0.0,0.0,0.0
1,9,166.5,162.75,166.5,162.75,0.0,0.0,0.0
1,10,19.75,253.75,19.75,253.75,0.0,0.0,0.0
1,13,1155.25,100.0,1155.25,100.0,0.0,0.0,0.0
1,14,1159.25,259.0,1159.25,259.0,0.0,0.0,0.0
1,15,1163.5,464.0,1163.5,464.0,0.0,0.0,0.0
1,30,823.5,339.0,823.5,339.0,0.0,0.0,0.0
1,31,1489.25,358.25,1489.25,358.25,0.0,0.0,0.0
2,9,165.125,161.8125,165.12,161.81,-0.0049999999999954525,-0.0024999999999977263,0.00559016994374439
2,10,18.8125,252.8125,18.81,252.81,-0.002500000000001279,-0.0024999999999977263,0.0035355339059320342
2,13,1157.1875,100.25,1157.19,100.25,0.0025000000000545697,0.0,0.0025000000000545697
2,14,1160.6875,259.0,1160.69,259.0,0.0025000000000545697,0.0,0.0025000000000545697
2,15,1164.625,464.0,1164.62,464.0,-0.005000000000109139,0.0,0.005000000000109139
2,30,822.875,338.5,822.88,338.5,0.0049999999999954525,0.0,0.0049999999999954525
2,31,1493.6875,358.6875,1493.69,358.69,0.0025000000000545697,0.0024999999999977263,0.0035355339059697163
3,9,169.34375,161.109375,169.34,161.11,-0.0037499999999965894,0.0006250000000136424,0.003801726581435266
3,10,23.109375,251.859375,23.11,251.86,0.0006249999999994316,0.0006250000000136424,0.0008838834764924291
3,13,1160.140625,100.4375,1160.14,100.44,-0.0006249999998999556,0.0024999999999977263,0.0025769410159845675
3,14,1163.015625,259.0,1163.02,259.0,0.00437499999998181,0.0,0.00437499999998181
3,15,1166.46875,463.75,1166.47,463.75,0.0012500000000272848,0.0,0.0012500000000272848
3,30,825.65625,337.875,825.66,337.88,0.0037499999999681677,0.0049999999999954525,0.0062499999999772625
3,31,1495.515625,358.765625,1495.52,358.77,0.00437499999998181,0.00437499999998181,0.006187184335356566
4,9,172.7578125,160.83203125,172.76,160.83,0.002187499999990905,-0.0020312499999874944,0.0029851520585071384
4,10,26.33203125,251.14453125,26.33,251.14,-0.0020312500000017053,-0.004531250000013642,0.004965702681910242
4,13,1162.85546875,100.578125,1162.86,100.58,0.004531249999899956,0.0018749999999982947,0.00490386088318041
4,14,1165.26171875,259.0,1165.26,259.0,-0.001718750000009095,0.0,0.001718750000009095
4,15,1168.1015625,463.5625,1168.1,463.56,-0.0015625000000909495,-0.0024999999999977263,0.0029481191038139634
4,30,827.9921875,337.65625,827.99,337.66,-0.002187499999990905,0.003750000000025011,0.004341388746720086
4,31,1497.38671875,358.82421875,1497.39,358.82,0.0032812500001000444,-0.004218750000006821,0.005344572305219015
5,9,176.568359375,160.3740234375,176.57,160.37,0.0016406249999931788,-0.0040234374999954525,0.004345077641075275
5,10,29.9990234375,250.3583984375,30.0,250.36,0.0009765625,0.0016015625000136424,0.0018758136255652368
5,13,1166.1416015625,100.43359375,1166.14,100.43,-0.0016015624998999556,-0.003593749999993179,0.003934468388936015
5,14,1168.1962890625,259.0,1168.2,259.0,0.0037109375000454747,0.0,0.0037109375000454747
5,15,1170.576171875,463.421875,1170.58,463.42,0.0038281249999272404,-0.0018749999999840838,0.0042626477704600756
5,30,830.744140625,337.4921875,830.74,337.49,-0.004140624999990905,-0.002187499999990905,0.004682940490814493
5,31,1500.5400390625,359.1181640625,1500.54,359.12,-3.906250003637979e-05,0.0018359375000045475,0.0018363530114964388
6,9,180.92626953125,160.280517578125,180.93,160.28,0.003730468750006821,-0.0005175781249988631,0.0037662028902138017
6,10,34.249267578125,250.018798828125,34.25,250.02,0.000732421875,0.0012011718750102318,0.0014068602191739275
6,13,1169.356201171875,100.5751953125,1169.36,100.58,0.0037988281248999556,0.004804687499998295,0.0061250401709026184
6,14,1171.397216796875,259.0,1171.4,259.0,0.0027832031250909495,0.0,0.0027832031250909495
6,15,1173.68212890625,463.06640625,1173.68,463.07,-0.0021289062499363354,0.003593749999993179,0.00417699424029636
6,30,833.80810546875,337.369140625,833.81,337.37,0.0018945312499454303,0.0008593750000045475,0.0020803302736951673
6,31,1503.905029296875,359.338623046875,1503.91,359.34,0.0049707031250818545,0.001376953124974989,0.005157895837071247
7,9,184.4447021484375,160.21038818359375,184.44,160.21,-0.004702148437502274,-0.0003881835937420419,0.0047181443842633265
7,10,37.68695068359375,249.76409912109375,37.69,249.76,0.0030493164062477263,-0.004099121093759095,0.005108925942574652
7,13,1173.0171508789062,100.681396484375,1173.02,100.68,0.00284912109373181,-0.0013964843749931788,0.0031729575503538707
7,14,1174.7979125976562,259.0,1174.8,259.0,0.0020874023437045253,0.0,0.0020874023437045253
7,15,1176.5115966796875,463.0498046875,1176.51,463.05,-0.001596679687509095,0.00019531250001136868,0.0016085810508534634
7,30,836.8560791015625,337.27685546875,836.86,337.28,0.003920898437513642,0.003144531249972715,0.005026084095929145
7,31,1507.4287719726562,359.50396728515625,1507.43,359.5,0.0012280273438136646,-0.00396728515625,0.004152999237678191
8,9,188.83352661132812,159.9077911376953,188.83,159.91,-0.0035266113281124944,0.0022088623046840894,0.004161257038519212
8,10,42.26521301269531,249.3230743408203,42.27,249.32,0.004786987304690626,-0.003074340820319321,0.005689184382207252
8,13,1176.2628631591797,100.76104736328125,1176.26,100.76,-0.002863159179696595,-0.001047363281244884,0.003048712897466885
8,14,1178.0984344482422,259.25,1178.1,259.25,0.0015655517577215505,0.0,0.0015655517577215505
8,15,1179.6336975097656,463.287353515625,1179.63,463.29,-0.0036975097655158606,0.0026464843750204636,0.004547027382072006
8,30,840.1420593261719,337.2076416015625,840.14,337.21,-0.0020593261718886424,0.0023583984374795364,0.003130953125189109
8,31,1511.0715789794922,359.8779754638672,1511.07,359.88,-0.0015789794922511646,0.0020245361328079525,0.0025674740096045226
9,9,194.3751449584961,159.43084335327148,194.38,159.43,0.0048550415039017025,-0.0008433532714775538,0.004927745198883562
9,10,47.698909759521484,248.99230575561523,47.7,248.99,0.0010902404785184672,-0.00230575561522528,0.002550516272863807
9,13,1180.4471473693848,100.82078552246094,1180.45,100.82,0.0028526306152798497,-0.0007855224609443212,0.002958808368901223
9,14,1182.0738258361816,259.4375,1182.07,259.44,-0.0038258361817042896,0.0024999999999977263,0.004570232213928116
9,15,1183.2252731323242,463.21551513671875,1183.23,463.22,0.00472686767579944,0.004484863281277285,0.006515924851950554
9,30,843.8565444946289,337.1557312011719,843.86,337.16,0.0034555053711073924,0.004268798828150011,0.005492099853878018
9,31,1515.3036842346191,360.1584815979004,1515.3,360.16,-0.0036842346191860997,0.001518402099634386,0.003984862565432271
10,9,199.28135871887207,159.3231325149536,199.28,159.32,-0.0013587188720691756,-0.0031325149536201025,0.0034144936532332997
10,10,52.27418231964111,248.99422931671143,52.27,248.99,-0.004182319641110155,-0.004229316711416686,0.005948017940951778
10,13,1184.8353605270386,100.8655891418457,1184.84,100.87,0.004639472961343927,0.0044108581543014225,0.006401591912673654
10,14,1186.0553693771362,259.578125,1186.06,259.58,0.004630622863714962,0.0018749999999840838,0.004995827569672523
10,15,1186.4189548492432,463.16163635253906,1186.42,463.16,0.001045150756908697,-0.001636352539037489,0.0019416461409539224
10,30,847.3924083709717,337.1167984008789,847.39,337.12,-0.00240837097169333,0.0032015991210982975,0.004006305988003471
10,31,1519.2277631759644,360.3688611984253,1519.23,360.37,0.002236824035662721,0.0011388015747115787,0.002510030038283214
11,9,205.46101903915405,159.7423493862152,205.46,159.74,-0.0010190391540447763,-0.002349386215200866,0.00256087023990911
11,10,58.705636739730835,249.49567198753357,58.71,249.5,0.004363260269165892,0.004328012466430664,0.006145708428331176
11,13,1188.376520395279,101.14919185638428,1188.38,101.15,0.0034796047211784753,0.0008081436157283406,0.0035722185150533566
11,14,1189.7915270328522,259.68359375,1189.79,259.68,-0.0015270328522092314,-0.003593749999993179,0.003904723856328029
11,15,1190.0642161369324,462.8712272644043,1190.06,462.87,-0.0042161369324276166,-0.0012272644042923275,0.004391126114224363
11,30,851.5443062782288,337.0875988006592,851.54,337.09,-0.004306278228796145,0.0024011993407953014,0.004930495964711811
11,31,1522.6708223819733,360.27664589881897,1522.67,360.28,-0.000822381973193842,0.0033541011810029886,0.003453448543447526
12,9,212.84576427936554,160.3067620396614,212.85,160.31,0.004235720634454765,0.003237960338594803,0.005331577294521655
12,10,66.27922755479813,250.12175399065018,66.28,250.12,0.0007724452018749162,-0.0017539906501724545,0.0019165476228865197
12,13,1192.5323902964592,101.61189389228821,1192.53,101.61,-0.002390296459225283,-0.0018938922882085762,0.0030496467274621895
12,14,1193.8436452746391,260.0126953125,1193.84,260.01,-0.003645274639211493,-0.002695312500009095,0.004533512619149058
12,15,1194.0481621026993,462.6534204483032,1194.05,462.65,0.0018378973006747401,-0.0034204483032453936,0.0038829541695726707
12,30,855.9082297086716,337.3156991004944,855.91,337.32,0.0017702913283983435,0.004300899505608413,0.004650985696037461
12,31,1526.50311678648,360.2074844241142,1526.5,360.21,-0.003116786479949951,0.0025155758857522414,0.004005306479980899
13,9,219.38432320952415,160.73007152974606,219.38,160.73,-0.0043232095241592106,-7.152974606583484e-05,0.0043238012320587944
13,10,72.9594206660986,250.34131549298763,72.96,250.34,0.0005793339013990817,-0.0013154929876293409,0.001437410717162026
13,13,1196.6492927223444,101.95892041921616,1196.65,101.96,0.0007072776556924509,0.0010795807838377414,0.0012906340887616139
13,14,1197.6327339559793,260.259521484375,1197.63,260.26,-0.0027339559792380896,0.00047851562499090505,0.002775516618536473
13,15,1197.7861215770245,462.7400653362274,1197.79,462.74,0.0038784229755037813,-6.533622740789724e-05,0.00387897326615272
13,30,859.6811722815037,337.4867743253708,859.68,337.49,-0.0011722815037273904,0.0032256746292205207,0.003432086936191782
13,31,1530.62733758986,360.15561331808567,1530.63,360.16,0.002662410140146676,0.00438668191435454,0.0051314136426603785
14,9,225.53824240714312,160.79755364730954,225.54,160.8,0.0017575928568760446,0.0024463526904696664,0.0030122705948685737
14,10,79.21956549957395,250.25598661974072,79.22,250.26,0.000434500426052864,0.0040133802592663415,0.00403683189217843
14,13,1200.9869695417583,102.21919031441212,1200.99,102.22,0.003030458241710221,0.0008096855878818587,0.0031367607345752393
14,14,1201.7245504669845,260.44464111328125,1201.72,260.44,-0.004550466984483137,-0.004641113281252274,0.006499744784704035
14,15,1201.8395911827683,462.80504900217056,1201.84,462.81,0.0004088172315732663,0.00495099782943953,0.004967847726726954
14,30,863.7608792111278,337.6150807440281,863.76,337.62,-0.0008792111277671211,0.004919255971913117,0.004997208373121177
14,31,1534.970503192395,360.61670998856425,1534.97,360.62,-0.0005031923949445627,0.003290011435751694,0.0033282694953544506
15,9,231.90368180535734,160.84816523548216,231.9,160.85,-0.0036818053573313136,0.001834764517838039,0.004113642124102559
15,10,86.16467412468046,250.19198996480554,86.16,250.19,-0.00467412468046291,-0.0019899648055456964,0.005080098567530262
15,13,1204.9902271563187,102.66439273580909,1204.99,102.66,-0.00022715631871506048,-0.004392735809091164,0.004398605220021908
15,14,1205.7934128502384,260.83348083496094,1205.79,260.83,-0.003412850238419196,-0.003480834960953416,0.004874808588577969
15,15,1205.8796933870763,462.8537867516279,1205.88,462.85,0.00030661292385048,-0.0037867516278993207,0.0037991445585118626
15,30,868.0706594083458,337.71131055802107,868.07,337.71,-0.0006594083457684974,-0.0013105580210890366,0.0014670997556778332
15,31,1538.9778773942962,360.9625324914232,1538.98,360.96,0.0021226057037893042,-0.0025324914232101037,0.0033043861430516294
16,9,237.427761354018,160.88612392661162,237.43,160.89,0.0022386459820040727,0.00387607338836915,0.004476101065075104
16,10,91.87350559351034,250.14399247360416,91.87,250.14,-0.003505593510340077,-0.0039924736041712094,0.005313099974566854
16,13,1208.742670367239,103.24829455185682,1208.74,103.25,-0.0026703672390340216,0.001705448143184185,0.0031685035206539644
16,14,1209.5950596376788,261.1251106262207,1209.6,261.13,0.004940362321121938,0.0048893737792923275,0.006950766563307438
16,15,1209.4097700403072,463.14034006372094,1209.41,463.14,0.00022995969288786,-0.000340063720955186,0.0004105177154069791
16,30,872.0529945562594,337.7834829185158,872.05,337.78,-0.0029945562594093644,-0.0034829185158287146,0.004593265568053985
16,31,1542.9834080457222,361.4718993685674,1542.98,361.47,-0.0034080457221534743,-0.0018993685673649452,0.0039015864208014877
17,9,243.3208210155135,160.9145929449587,243.32,160.91,-0.0008210155135088826,-0.004592944958716316,0.004665748585942011
17,10,97.90512919513276,250.35799435520312,97.91,250.36,0.004870804867238121,0.002005644796895467,0.005267575448536493
17,13,1212.8070027754293,103.68622091389261,1212.81,103.69,0.002997224570663093,0.003779086107385865,0.004823364690133166
17,14,1213.696294728259,261.3438329696655,1213.7,261.34,0.0037052717409551406,-0.003832969665552355,0.005331106370291749
17,15,1213.5573275302304,463.3552550477907,1213.56,463.36,0.0026724697695499344,0.004744952209307485,0.005445793435099266
17,30,876.5397459171945,338.08761218888685,876.54,338.09,0.00025408280544070294,0.0023878111131239166,0.00240129131593372
17,31,1547.2375560342916,361.85392452642554,1547.24,361.85,0.0024439657083803468,-0.003924526425521435,0.004623297097132641
18,9,249.49061576163513,160.93594470871903,249.49,160.94,-0.0006157616351174511,0.004055291280963047,0.004101773977773206
18,10,104.42884689634957,250.26849576640234,104.43,250.27,0.00115310365043797,0.0015042335976716004,0.0018953539893691146
18,13,1216.605252081572,104.26466568541946,1216.61,104.26,0.0047479184279382025,-0.00466568541945378,0.006656677086329092
18,14,1217.7722210461943,261.75787472724915,1217.77,261.76,-0.0022210461943359405,0.0021252727508453972,0.003074057654446339
18,15,1217.6679956476728,463.51644128584303,1217.67,463.52,0.0020043523272761377,0.003558714156952192,0.004084345076355476
18,30,881.1548094378959,338.31570914166514,881.15,338.32,-0.004809437895914925,0.0042908583348548746,0.0064453206378314596
18,31,1551.4281670257187,362.39044339481916,1551.43,362.39,0.0018329742813421035,-0.0004433948191717718,0.0018858403118318288
19,9,254.36796182122634,160.70195853153928,254.37,160.7,0.002038178773659638,-0.001958531539287378,0.0028266620781020307
19,10,109.32163517226218,249.95137182480175,109.32,249.95,-0.0016351722621834597,-0.0013718248017653423,0.0021344066186536935
19,13,1220.703939061179,104.4484992640646,1220.7,104.45,-0.00393906117892584,0.0015007359354086702,0.004215259341861135
19,14,1221.5791657846457,262.06840604543686,1221.58,262.07,0.0008342153541889274,0.001593954563134048,0.001799057088171582
19,15,1221.5009967357546,463.8873309643823,1221.5,463.89,-0.0009967357545974664,0.002669035617714144,0.0028490758665082445
19,30,885.1161070784219,338.48678185624885,885.12,338.49,0.0038929215780854065,0.0032181437511553668,0.005050869986074014
19,31,1556.071125269289,363.04283254611437,1556.07,363.04,-0.0011252692891048355,-0.0028325461143481334,0.0030478760576688824
20,9,260.52597136591976,160.52646889865446,260.53,160.53,0.004028634080214033,0.00353110134554413,0.005357104559812654
20,10,115.74122637919663,249.71352886860132,115.74,249.71,-0.0012263791966375948,-0.003528868601307522,0.003735896082500098
20,13,1224.5279542958842,104.83637444804845,1224.53,104.84,0.002045704115744229,0.0036255519515577816,0.004162875482478105
20,14,1225.4343743384843,262.55130453407764,1225.43,262.55,-0.00437433848424007,-0.0013045340776329795,0.00456471755253372
20,15,1225.375747551816,464.4154982232867,1225.38,464.42,0.0042524481841610395,0.004501776713311756,0.00619268190168771
20,30,889.3370803088164,338.61508639218664,889.34,338.62,0.0029196911835924766,0.004913607813364251,0.0057156048106129466
20,31,1560.3033439519668,363.5321244095858,1560.3,363.53,-0.003343951966826353,-0.0021244095858037326,0.003961708071614644
21,9,266.8944785244398,160.64485167399084,266.89,160.64,-0.004478524439832654,-0.004851673990856398,0.006602720777961978
21,10,122.55591978439747,249.785146651451,122.56,249.79,0.004080215602527915,0.004853348549005432,0.0063405955162938255
21,13,1228.1459657219132,105.37728083603633,1228.15,105.38,0.004034278086919585,0.002719163963661231,0.004865105584041666
21,14,1229.3257807538632,262.91347840055823,1229.33,262.91,0.004219246136699439,-0.00347840055820825,0.005468208884579722
21,15,1229.531810663862,464.811623667465,1229.53,464.81,-0.0018106638619883597,-0.0016236674650258465,0.002432036113649232
21,30,894.0028102316123,338.71131479414,894.0,338.71,-0.002810231612329517,-0.0013147941400006857,0.0031025933258350667
21,31,1564.727507963975,364.14909330718933,1564.73,364.15,0.0024920360249325313,0.0009066928106449268,0.0026518550869979165
22,9,272.92085889332986,160.73363875549313,272.92,160.73,-0.0008588933298483425,-0.0036387554931422983,0.003738748358867072
22,10,128.6669398382981,249.83885998858824,128.67,249.84,0.003060161701881725,0.001140011411763453,0.003265611070016538
22,13,1232.109474291435,105.78296062702725,1232.11,105.78,0.0005257085649645887,-0.0029606270272495294,0.0030069389567727364
22,14,1233.2443355653975,263.4351088004187,1233.24,263.44,-0.004335565397468599,0.00489119958132278,0.006536127344235208
22,15,1233.6488579978964,465.10871775059877,1233.65,465.11,0.0011420021037338302,0.0012822494012425523,0.0017170708581533197
22,30,898.2521076737092,339.033486095605,898.25,339.03,-0.0021076737092471376,-0.0034860956050124514,0.004073714647829266
22,31,1569.2956309729814,364.611819980392,1569.3,364.61,0.004369027018583438,-0.0018199803919856095,0.004732940493638619
23,9,279.1906441699974,160.55022906661986,279.19,160.55,-0.0006441699974288895,-0.00022906661985189203,0.0006836859673255746
23,10,135.5002048787236,249.6291449914412,135.5,249.63,-0.00020487872359353787,0.0008550085588012735,0.0008792126745018796
23,13,1235.3321057185763,106.33722047027044,1235.33,106.34,-0.002105718576331128,0.002779529729565411,0.0034870956740881026
23,14,1236.683251674048,263.826331600314,1236.68,263.83,-0.0032516740479877626,0.0036683996859778745,0.004902095508090361
23,15,1237.7366434984224,465.3315383129491,1237.74,465.33,0.0033565015776275686,-0.0015383129490942338,0.0036922228494454877
23,16,1247.0,968.0,1247.0,968.0,0.0,0.0,0.0
23,30,902.4390807552819,339.02511457170374,902.44,339.03,0.0009192447181476382,0.00488542829623384,0.0049711588678581385
23,31,1573.471723229736,365.208864985294,1573.47,365.21,-0.0017232297359441873,0.0011350147059943083,0.002063438660504746
24,9,285.64298312749804,160.1626717999649,285.64,160.16,-0.0029831274980551825,-0.002671799964900856,0.004004692837421765
24,10,142.1251536590427,249.2218587435809,142.13,249.22,0.004846340957300299,-0.0018587435808967712,0.005190563396581467
24,13,1239.749079288932,106.75291535270283,1239.75,106.75,0.0009207110679199104,-0.0029153527028285,0.0030572847843273712
24,14,1241.012438755536,264.1197487002355,1241.01,264.12,-0.002438755536104509,0.00025129976449989044,0.0024516688472381604
24,15,1242.0524826238168,465.4986537347118,1242.05,465.5,-0.0024826238168316195,0.0013462652881912618,0.002824154960707415
24,16,1247.5,968.0,1247.5,968.0,0.0,0.0,0.0
24,30,906.5793105664615,339.0188359287778,906.58,339.02,0.0006894335385823069,0.0011640712222060756,0.0013529155237820534
24,31,1578.853792422302,365.9066487389705,1578.85,365.91,-0.00379242230201271,0.00335126102953609,0.005060970006321977
25,9,291.7322373456235,160.12200384997368,291.73,160.12,-0.0022373456234845435,-0.002003849973675642,0.003003519628023981
25,10,148.34386524428203,249.16639405768566,148.34,249.17,-0.00386524428202506,0.003605942314322874,0.005286107578734245
25,13,1243.811809466699,107.06468651452712,1243.81,107.06,-0.0018094666991146369,-0.004686514527122654,0.005023702633330967
25,14,1245.009329066652,264.33981152517663,1245.01,264.34,0.0006709333479193447,0.00018847482334649612,0.0006969033766496997
25,15,1246.0393619678625,465.62399030103387,1246.04,465.62,0.0006380321374308551,-0.003990301033866217,0.004040988412414515
25,16,1248.625,968.25,1248.62,968.25,-0.005000000000109139,0.0,0.005000000000109139
25,30,910.4344829248461,339.01412694658336,910.43,339.01,-0.004482924846115566,-0.0041269465833693175,0.006093299867715683
25,31,1583.6403443167264,366.17998655422787,1583.64,366.18,-0.0003443167263412761,1.344577214013043e-05,0.00034457915901403194
26,0,101.0,82.0,101.0,82.0,0.0,0.0,0.0
26,9,296.2991780092176,158.34150288748026,296.3,158.34,0.0008219907824127404,-0.0015028874802567316,0.0017129914257473493
26,10,153.75789893321152,247.12479554326424,153.76,247.12,0.002101066788469552,-0.004795543264236812,0.005235620006147966
26,11,-42.0,375.0,-42.0,375.0,0.0,0.0,0.0
26,13,1248.8588571000244,108.29851488589534,1248.86,108.3,0.0011428999755480618,0.0014851141046534622,0.001873975522238328
26,14,1248.506996799989,265.75485864388247,1248.51,265.75,0.0030032000108803913,-0.00485864388247137,0.005711885037536071
26,15,1249.029521475897,467.4679927257754,1249.03,467.47,0.0004785241030731413,0.0020072742246384223,0.0020635249283979425
26,16,1248.21875,967.4375,1248.22,967.44,0.0012500000000272848,0.0025000000000545697,0.002795084971935748
26,30,911.8258621936345,339.5105952099375,911.83,339.51,0.004137806365520191,-0.0005952099375008402,0.0041803966783355824
26,31,1588.4802582375448,368.1349899156709,1588.48,368.13,-0.0002582375448128005,-0.004989915670876144,0.004996593342669209
27,9,302.7243835069132,158.7561271656102,302.72,158.76,-0.004383506913200108,0.0038728343897957984,0.00584927166994816
27,10,160.06842419990863,247.3435966574482,160.07,247.34,0.0015758000913592696,-0.0035966574481847147,0.0039267150046203335
27,13,1253.1441428250182,108.97388616442151,1253.14,108.97,-0.0041428250181070325,-0.003886164421516014,0.005680252902970996
27,14,1253.130247599992,266.06614398291185,1253.13,266.07,-0.00024759999178058933,0.0038560170881396516,0.003863958273578371
27,15,1253.7721411069226,467.60099454433157,1253.77,467.6,-0.002141106922636027,-0.0009945443315473312,0.002360817079227623
27,16,1251.9140625,967.328125,1251.91,967.33,-0.0040624999999181455,0.0018750000000409273,0.004474319082216691
27,30,917.6193966452258,339.3829464074531,917.62,339.38,0.0006033547741708389,-0.0029464074531233564,0.0030075494781192894
27,31,1593.6101936781586,368.6012424367532,1593.61,368.6,-0.00019367815866644378,-0.0012424367531593816,0.0012574419727151031
28,9,308.0432876301849,159.06709537420764,308.04,159.07,-0.003287630184900081,0.0029046257923539542,0.004386953752465825
28,10,165.3013181499315,247.50769749308614,165.3,247.51,-0.001318149931478274,0.002302506913849811,0.0026531221853096703
28,13,1256.6081071187637,109.48041462331614,1256.61,109.48,0.0018928812362446479,-0.00041462331613217884,0.001937759497153223
28,14,1256.847685699994,266.2996079871839,1256.85,266.3,0.002314300005991754,0.0003920128161212233,0.002347266189791163
28,15,1258.079105830192,467.7007459082487,1258.08,467.7,0.0008941698079070193,-0.0007459082486889201,0.0011644392473781737
28,16,1255.685546875,967.74609375,1255.69,967.75,0.00445312500005457,0.00390625,0.005923606277312074
28,30,922.4645474839194,339.28720980558984,922.46,339.29,-0.004547483919395745,0.002790194410181357,0.005335240842152318
28,31,1597.9576452586189,369.2009318275649,1597.96,369.2,0.0023547413811684237,-0.0009318275648979579,0.0025324118114735277
29,0,103.0,82.5,103.0,82.5,0.0,0.0,0.0
29,9,311.0324657226387,158.05032153065574,311.03,158.05,-0.0024657226387034825,-0.00032153065572515516,0.002486598096513772
29,10,168.72598861244862,246.1307731198146,168.73,246.13,0.004011387551372536,-0.0007731198145961571,0.004085210439503423
29,11,-39.5,374.75,-39.5,374.75,0.0,0.0,0.0
29,13,1261.2060803390727,110.8603109674871,1261.21,110.86,0.003919660927294899,-0.0003109674870955814,0.003931976928085012
29,14,1260.1357642749954,267.7247059903879,1260.14,267.72,0.0042357250047189154,-0.004705990387890324,0.006331485753479762
29,15,1261.309329372644,469.2755594311865,1261.31,469.28,0.0006706273559302645,0.004440568813492973,0.004490923339123973
29,16,1257.51416015625,966.8095703125,1257.51,966.81,-0.004160156250009095,0.0004296874999454303,0.004182287815550132
29,30,924.5984106129396,339.9654073541924,924.6,339.97,0.0015893870604486438,0.004592645807633744,0.004859891638946015
29,31,1601.7182339439642,371.15069887067364,1601.72,371.15,0.0017660560358763178,-0.0006988706736592576,0.0018993088585999166
30,0,105.75,82.625,105.75,82.62,0.0,-0.0049999999999954525,0.0049999999999954525
30,9,314.524349291979,157.2877411479918,314.52,157.29,-0.0043492919789969164,0.0022588520081967545,0.004900893093457704
30,10,172.04449145933646,245.09807983986093,172.04,245.1,-0.004491459336463777,0.0019201601390648193,0.004884692613743577
30,11,-37.625,374.8125,-37.62,374.81,0.005000000000002558,-0.0024999999999977263,0.005590169943750745
30,13,1267.9045602543047,111.89523322561533,1267.9,111.9,-0.004560254304578848,0.004766774384677319,0.006596821761791488
30,14,1265.1018232062465,269.0435294927909,1265.1,269.04,-0.0018232062466267962,-0.0035294927909035323,0.003972581072650245
30,15,1265.231997029483,470.45666957338983,1265.23,470.46,-0.001997029482936341,0.0033304266101481517,0.0038832805926561497
30,16,1257.8856201171875,965.857177734375,1257.89,965.86,0.004379882812600044,0.0028222656250136424,0.0052104276897624174
30,30,927.4488079597047,340.7240555156443,927.45,340.72,0.0011920402953364828,-0.004055515644267871,0.004227075490999343
30,31,1607.038675457973,372.8630241530052,1607.04,372.86,0.001324542026850395,-0.003024153005185326,0.003301501624967704
31,0,109.0625,82.71875,109.06,82.72,-0.0024999999999977263,0.0012499999999988631,0.002795084971872195
31,9,318.14326196898423,156.71580586099384,318.14,156.72,-0.0032619689842476873,0.004194139006159503,0.005313308165087219
31,10,175.78336859450235,244.3235598798957,175.78,244.32,-0.0033685945023478325,-0.0035598798957039435,0.00490103803220146
31,11,-34.96875,374.609375,-34.97,374.61,-0.0012499999999988631,0.0006250000000136424,0.0013975424859424528
31,13,1272.6784201907285,112.92142491921149,1272.68,112.92,0.0015798092715613166,-0.0014249192114874631,0.0021274849221033626
31,14,1268.8263674046848,270.0326471195932,1268.83,270.03,0.003632595315139042,-0.0026471195932344926,0.004494773727837261
31,15,1268.4239977721122,471.3425021800424,1268.42,471.34,-0.003997772112143139,-0.0025021800424269713,0.004716257714051391
31,16,1259.1642150878906,965.3928833007812,1259.16,965.39,-0.0042150878905431455,-0.0028833007812636424,0.005106896251172428
31,30,930.3366059697785,341.2930416367332,930.34,341.29,0.003394030221556932,-0.003041636733200903,0.004557520725306563
31,31,1610.7790065934798,374.1472681147539,1610.78,374.15,0.0009934065201377962,0.0027318852460780363,0.0029068975750774465
32,0,112.546875,82.7890625,112.55,82.79,0.003124999999997158,0.0009375000000062528,0.0032625957840336215
32,8,-50.0,292.0,-50.0,292.0,0.0,0.0,0.0
32,9,321.8574464767382,156.03685439574537,321.86,156.04,0.0025535232618381087,0.0031456042546267327,0.004051580824255409
32,10,179.58752644587676,243.49266990992177,179.59,243.49,0.0024735541232416836,-0.0026699099217637468,0.003639627589594632
32,11,-31.9765625,374.20703125,-31.98,374.21,-0.0034375000000004263,0.0029687499999795364,0.004542013079283395
32,13,1277.5088151430464,113.94106868940861,1277.51,113.94,0.001184856953614144,-0.0010686894086120446,0.0015956136915329323
32,14,1273.1197755535136,270.77448533969493,1273.12,270.77,0.00022444648629971198,-0.0044853396949520175,0.00449095183723056
32,15,1272.3179983290843,472.2568766350318,1272.32,472.26,0.002001670915660725,0.003123364968189435,0.003709729798666614
32,16,1261.623161315918,965.5446624755859,1261.62,965.54,-0.0031613159180778894,-0.00466247558597388,0.005633169349814998
32,30,933.7524544773339,341.7197812275499,933.75,341.72,-0.002454477333913019,0.00021877245012547064,0.002464207858040117
32,31,1615.58425494511,375.36045108606544,1615.58,375.36,-0.004254945110005792,-0.0004510860654249882,0.004278789142687776
33,0,115.66015625,82.591796875,42.8,56.6,-72.86015625,-25.991796875,77.35745519059992
33,8,-49.75,292.0,-49.75,292.0,0.0,0.0,0.0
33,9,325.8930848575536,155.527640796809,336.3,158.1,10.406915142446394,2.5723592031909845,10.720117287246508
33,10,183.19064483440758,242.86950243244132,213.9,249.8,30.709355165592427,6.930497567558689,31.481681835957165
33,11,-29.482421875,373.9052734375,-29.48,373.91,0.0024218749999995737,0.004726562500025011,0.005310920031620286
33,13,1283.3816113572848,114.70580151705646,1305.7,105.7,22.318388642715263,-9.005801517056454,24.066884563065035
33,14,1278.339831665135,271.33086400477123,1295.4,276.7,17.06016833486501,5.36913599522876,17.885104555165228
33,15,1276.988498746813,472.69265747627384,1288.5,470.4,11.511501253186907,-2.2926574762738596,11.737586609079319
33,16,1264.9673709869385,965.4084968566895,1274.2,946.9,9.232629013061569,-18.508496856689476,20.683469109095565
33,30,937.8143408580004,342.0398359206624,976.3,354.6,38.48565914199958,12.560164079337596,40.48337536932979
33,31,1621.1881912088324,376.27033831454906,1625.7,374.5,4.511808791167596,-1.7703383145490648,4.846701591393638
34,0,119.4951171875,82.69384765625,119.5,82.69,0.0048828125,-0.0038476562500022737,0.006216616163825607
34,1,-26.0,146.0,-26.0,146.0,0.0,0.0,0.0
34,6,-53.0,214.0,-53.0,214.0,0.0,0.0,0.0
34,8,-47.8125,292.0,-47.81,292.0,0.0024999999999977263,0.0,0.0024999999999977263
34,9,330.1698136431652,155.14573059760676,330.17,155.15,0.0001863568348312583,0.004269402393248356,0.004273467639442601
34,10,187.1429836258057,242.402126824331,187.14,242.4,-0.002983625805711654,-0.00212682433098621,0.003664069415743028
34,11,-26.11181640625,373.428955078125,-26.11,373.43,0.0018164062500005684,0.0010449218750068212,0.002095517451587769
34,13,1288.0362085179636,115.52935113779235,1288.04,115.53,0.003791482036376692,0.000648862207654588,0.0038466034623664464
34,14,1282.5048737488514,271.9981480035784,1282.5,272.0,-0.004873748851423443,0.0018519964215784057,0.005213762423844277
34,15,1280.7413740601098,473.2694931072054,1280.74,473.27,-0.0013740601098106708,0.0005068927945899304,0.0014645755325622856
34,16,1267.9755282402039,965.3063726425171,1267.98,965.31,0.004471759796160768,0.0036273574828555866,0.005757982110339369
34,30,941.8607556435003,342.2798769404968,941.86,342.28,-0.0007556435002697981,0.00012305950315294467,0.0007655982894548824
34,31,1625.1411434066245,377.2027537359118,1625.14,377.2,-0.0011434066243509733,-0.002753735911824151,0.002981684118192213
35,0,123.121337890625,83.0203857421875,123.12,83.02,-0.0013378906249954525,-0.00038574218750397904,0.0013923894425307444
35,1,-25.25,146.0,-25.25,146.0,0.0,0.0,0.0
35,6,-52.25,214.0,-52.25,214.0,0.0,0.0,0.0
35,8,-45.609375,291.75,-45.61,291.75,-0.0006249999999994316,0.0,0.0006249999999994316
35,9,334.1273602323739,155.10929794820507,334.13,155.11,0.0026397676260785374,0.0007020517949456462,0.0027315288470888825
35,10,191.10723771935426,242.05159511824826,191.11,242.05,0.0027622806457543447,-0.001595118248246763,0.0031897643473772263
35,11,-22.5838623046875,372.82171630859375,-22.58,372.82,0.0038623046875017053,-0.0017163085937568212,0.004226477574541377
35,13,1292.5271563884726,116.39701335334426,1292.53,116.4,0.002843611527396206,0.00298664665574222,0.004123855570336669
35,14,1286.6286553116386,272.7486110026838,1286.63,272.75,0.0013446883615415572,0.001388997316212226,0.00193326157932911
35,15,1284.8060305450824,473.70211983040406,1284.81,473.7,0.0039694549175237626,-0.0021198304040694893,0.004500028142608777
35,16,1271.731646180153,965.2297794818878,1271.73,965.23,-0.0016461801528748765,0.00022051811220080708,0.0016608845033679372
35,30,945.8955667326252,342.70990770537264,945.9,342.71,0.004433267374793104,9.22946273362868e-05,0.004434227995338093
35,31,1629.3558575549682,378.1520653019339,1629.36,378.15,0.004142445031675379,-0.002065301933896535,0.004628749606384947
36,0,127.09100341796875,83.26528930664062,127.09,83.27,-0.0010034179687465894,0.004710693359371021,0.004816376184023188
36,1,-23.9375,146.25,-23.94,146.25,-0.002500000000001279,0.0,0.002500000000001279
36,6,-50.9375,214.25,-50.94,214.25,-0.0024999999999977263,0.0,0.0024999999999977263
36,8,-42.95703125,291.8125,-42.96,291.81,-0.0029687500000008527,-0.0024999999999977263,0.0038811694838661315
36,9,338.5955201742804,155.0819734611538,338.6,155.08,0.004479825719613473,-0.001973461153795597,0.004895241301881923
36,10,195.08042828951568,242.03869633868618,195.08,242.04,-0.00042828951566775686,0.001303661313812654,0.0013722116201091788
36,11,-19.187896728515625,372.8662872314453,-19.19,372.87,-0.002103271484376279,0.0037127685546920475,0.004267130332870145
36,13,1297.8953672913544,117.0477600150082,1297.9,117.05,0.0046327086456585675,0.0022399849918031123,0.005145825702359421
36,14,1291.7214914837289,273.5614582520128,1291.72,273.56,-0.0014914837288415583,-0.001458252012810135,0.002085910507731319
36,15,1289.3545229088118,474.276589872803,1289.35,474.28,-0.004522908811850357,0.0034101271969575464,0.005664421560913624
36,16,1275.2987346351147,964.9223346114159,1275.3,964.92,0.0012653648852847255,-0.0023346114159039644,0.0026554771240175916
36,30,950.6716750494688,343.2824307790295,950.67,343.28,-0.0016750494688722029,-0.002430779029509722,0.0029520293720546337
36,31,1634.266893166226,378.8640489764504,1634.27,378.86,0.0031068337739270646,-0.004048976450405917,0.005103589559785895
37,0,131.06825256347656,83.44896697998047,131.07,83.45,0.0017474365234306788,0.0010330200195340922,0.002029942059315416
37,1,-21.953125,146.4375,-21.95,146.44,0.0031250000000007105,0.0024999999999977263,0.004001952648394665
37,6,-48.953125,214.1875,-48.95,214.19,0.003124999999997158,0.0024999999999977263,0.004001952648391891
37,8,-40.2177734375,291.859375,-40.22,291.86,-0.002226562499998863,0.0006250000000136424,0.002312618768067543
37,9,342.9466401307103,155.06148009586536,342.95,155.06,0.003359869289681683,-0.0014800958653609086,0.003671430976391161
37,10,199.06032121713676,242.02902225401465,199.06,242.03,-0.00032121713675792307,0.000977745985352385,0.0010291587150773511
37,11,-15.640922546386719,372.649715423584,-15.64,372.65,0.0009225463867181816,0.00028457641599288763,0.0009654406103878838
37,13,1302.671525468516,117.78582001125615,1302.67,117.79,-0.0015254685158652137,0.004179988743857166,0.004449647187324926
37,14,1296.0411186127967,274.1710936890096,1296.04,274.17,-0.0011186127967448556,-0.0010936890095649687,0.0015644328808499743
37,15,1293.5158921816087,474.45744240460226,1293.52,474.46,0.004107818391275941,0.00255759539771816,0.004838953001852155
37,16,1278.724050976336,964.6917509585619,1278.72,964.69,-0.004050976335975065,-0.0017509585618427081,0.004413192173463585
37,30,955.0037562871016,343.4618230842721,955.0,343.46,-0.0037562871016234567,-0.0018230842721322915,0.004175323826138384
37,31,1638.4501698746694,379.6480367323378,1638.45,379.65,-0.00016987466938189755,0.001963267662176804,0.0019706032874850237
38,0,135.55118942260742,83.58672523498535,135.55,83.59,-0.0011894226074105063,0.003274765014651848,0.0034840797981973556
38,1,-18.96484375,146.328125,-18.96,146.33,0.004843749999999147,0.0018750000000125056,0.005193990668314551
38,6,-45.71484375,214.140625,-45.71,214.14,0.004843749999999147,-0.0006250000000136424,0.004883906127528333
38,8,-36.413330078125,291.64453125,-36.41,291.64,0.0033300781250034106,-0.004531250000013642,0.005623312803077015
38,9,347.7099800980327,155.04611007189902,347.71,155.05,1.9901967277746735e-05,0.003889928100988982,0.003889979012689564
38,10,203.54524091285256,241.771766690511,203.55,241.77,0.0047590871474483265,-0.001766690510976332,0.005076426483125868
38,11,-11.480691909790039,372.237286567688,-11.48,372.24,0.0006919097900386362,0.0027134323120208137,0.0028002596432241647
38,13,1307.753644101387,118.58936500844212,1307.75,118.59,-0.00364410138695348,0.0006349915578880427,0.003699011921714414
38,14,1300.7808389595975,274.6283202667572,1300.78,274.63,-0.0008389595975586417,0.0016797332427813672,0.0018775933993387826
38,15,1298.1369191362064,474.8430818034517,1298.14,474.84,0.0030808637936843297,-0.0030818034517210435,0.0043576638500777845
38,16,1282.793038232252,964.7688132189214,1282.79,964.77,-0.003038232252038142,0.0011867810785588517,0.0032617946817281545
38,30,959.7528172153262,343.5963673132041,959.75,343.6,-0.0028172153262175925,0.0036326867959246556,0.004597076848559379
38,31,1643.087627406002,380.4860275492533,1643.09,380.49,0.002372593997961303,0.003972450746687173,0.004627047353768651
39,0,139.16339206695557,83.94004392623901,139.16,83.94,-0.003392066955569817,-4.392623901594561e-05,0.003392351359388171
39,1,-16.4736328125,146.49609375,-16.47,146.5,0.003632812500001137,0.00390625,0.005334427403448707
39,6,-43.2861328125,214.35546875,-43.29,214.36,-0.0038671874999991473,0.004531250000013642,0.0059571273045632735
39,8,-33.30999755859375,291.7333984375,-33.31,291.73,-2.4414062522737368e-06,-0.00339843749998181,0.003398438376923599
39,9,351.7824850735245,155.28458255392428,351.78,155.28,-0.002485073524553627,-0.004582553924279864,0.005213002099689791
39,10,207.40893068463942,242.07882501788325,207.41,242.08,0.0010693153605814132,0.0011749821167654773,0.0015887159327878724
39,11,-7.860518932342529,372.427964925766,-7.86,372.43,0.0005189323425289771,0.0020350742340156103,0.002100194732418124
39,13,1312.3152330760402,119.1920237563316,1312.32,119.19,0.004766923959778069,-0.002023756331595905,0.00517872124447539
39,14,1305.3356292196981,275.2212402000679,1305.34,275.22,0.004370780301769628,-0.0012402000678548575,0.004543326606644584
39,15,1303.1026893521548,475.3823113525888,1303.1,475.38,-0.0026893521549027355,-0.002311352588776572,0.003546119823514731
39,16,1288.094778674189,965.3266099141911,1288.09,965.33,-0.004778674189083176,0.0033900858089737085,0.005859045041439319
39,30,964.5646129114947,343.94727548490306,964.56,343.95,-0.004612911494746186,0.002724515096929281,0.005357418685501168
39,31,1647.3157205545015,381.11452066194,1647.32,381.11,0.004279445498468704,-0.004520661939977799,0.00622495286326956
40,0,142.37254405021667,84.20503294467926,142.37,84.21,-0.002544050216670257,0.004967055320733493,0.005580665736645305
40,1,-14.105224609375,146.8720703125,-14.11,146.87,-0.0047753906249994316,-0.0020703124999954525,0.005204858256376429
40,6,-40.714599609375,214.5166015625,-40.71,214.52,0.004599609374999147,0.003398437500010232,0.005718897082834753
40,8,-30.232498168945312,292.050048828125,-30.23,292.05,0.0024981689453120737,-4.8828124988631316e-05,0.0024986460864059048
40,9,355.58686380514337,155.7134369154432,355.59,155.71,0.003136194856608654,-0.0034369154431885818,0.004652752512464718
40,10,211.05669801347955,242.30911876341244,211.06,242.31,0.0033019865204551024,0.0008812365875598971,0.0034175565693227972
40,11,-4.645389199256897,372.5709736943245,-4.65,372.57,-0.004610800743103383,-0.0009736943245002294,0.004712490226002242
40,13,1316.23642480703,119.8940178172487,1316.24,119.89,0.0035751929699472385,-0.004017817248694655,0.005378183728385303
40,14,1309.5017219147735,275.66593015005094,1309.5,275.67,-0.0017219147734977014,0.004069849949075888,0.004419125376721353
40,15,1307.327017014116,475.7867335144416,1307.33,475.79,0.002982985883818401,0.0032664855584130237,0.00442358821392551
40,16,1292.5710840056418,965.7449574356433,1292.57,965.74,-0.001084005641814656,-0.004957435643291319,0.005074567606098201
40,30,968.923459683621,344.2104566136773,968.92,344.21,-0.0034596836210312176,-0.00045661367732918734,0.003489685774959654
40,31,1650.7367904158762,381.835890496455,1650.74,381.84,0.0032095841238515277,0.004109503544952986,0.005214350355898703
41,0,146.0294080376625,84.65377470850945,146.03,84.65,0.0005919623374950334,-0.003774708509439506,0.003820843328409005
41,1,-11.32891845703125,147.404052734375,-11.33,147.4,-0.001081542968750071,-0.004052734374994316,0.004194566855768696
41,6,-37.78594970703125,215.137451171875,-37.79,215.14,-0.004050292968749147,0.0025488281249863576,0.0047855405069250284
41,8,-26.924373626708984,292.78753662109375,-26.92,292.79,0.00437362670898267,0.0024633789062704636,0.005019646025905098
41,9,359.9401478538575,156.28507768658238,359.94,156.29,-0.00014785385752702496,0.004922313417608848,0.004924533495099584
41,10,215.04252351010967,242.98183907255932,215.04,242.98,-0.0025235101096825474,-0.0018390725593349089,0.003122545620510399
41,11,-1.2340418994426727,373.17823027074337,-1.23,373.18,0.004041899442672747,0.001769729256636765,0.004412356824473105
41,13,1320.6773186052726,120.42051336293652,1320.68,120.42,0.002681394727460429,-0.0005133629365161596,0.002730095087911973
41,14,1313.87629143608,276.24944761253823,1313.88,276.25,0.00370856392009955,0.000552387461766557,0.0037494770645226036
41,15,1311.7452627605871,476.09005013583123,1311.75,476.09,0.004737239412861527,-5.0135831259012775e-05,0.004737504707791292
41,16,1296.9283130042313,965.8087180767325,1296.93,965.81,0.0016869957687504211,0.0012819232674701198,0.002118792577734567
41,30,973.6925947627158,344.657842460258,973.69,344.66,-0.00259476271571657,0.0021575397420292575,0.0033745772015629605
41,31,1654.302592811907,382.12691787234127,1654.3,382.13,-0.0025928119071068068,0.0030821276587289503,0.004027677307125887
42,0,151.77205602824688,84.99033103138208,151.77,84.99,-0.002056028246869346,-0.00033103138208900873,0.0020825066453321094
42,1,-6.2466888427734375,147.55303955078125,-6.25,147.55,-0.0033111572265625,-0.0030395507812386313,0.004494733710771467
42,6,-32.83946228027344,215.35308837890625,-32.84,215.35,-0.0005377197265659106,-0.0030883789062556843,0.0031348407890901212
42,8,-21.69328022003174,293.0906524658203,-21.69,293.09,0.0032802200317370023,-0.0006524658203375111,0.003344481290621522
42,9,366.20511089039314,156.7138082649368,366.21,156.71,0.004889109606835973,-0.0038082649367936483,0.006197279610963808
42,10,220.78189263258224,243.2363793044195,220.78,243.24,-0.0018926325822405943,0.0036206955805084817,0.004085522558752106
42,11,4.0744685754179955,373.3836727030575,4.07,373.38,-0.004468575417995169,-0.0036727030575320896,0.005784195191650802
42,13,1325.5079889539545,121.06538502220239,1325.51,121.07,0.002011046045481635,0.004614977797601227,0.005034116235189608
42,14,1318.4072185770601,276.9370857094037,1318.41,276.94,0.0027814229399609758,0.002914290596322644,0.004028573351790401
42,15,1315.8089470704404,476.3175376018734,1315.81,476.32,0.0010529295595915755,0.0024623981265676775,0.0026780711699254216
42,16,1300.1962347531735,966.1065385575494,1300.2,966.11,0.003765246826560542,0.0034614424506571595,0.0051145544775802005
42,30,978.7694460720368,344.9933818451935,978.77,344.99,0.0005539279632102989,-0.0033818451934735094,0.003426910139038692
42,31,1657.7269446089304,382.59518840425596,1657.73,382.6,0.0030553910696653475,0.00481159574405865,0.005699725273452578
43,0,157.32904202118516,85.24274827353656,105.6,64.5,-51.729042021185165,-20.742748273536563,55.73289328905189
43,1,-1.4350166320800781,147.66477966308594,-1.44,147.66,-0.004983367919921822,-0.004779663085940911,0.006905007968164276
43,6,-27.879596710205078,215.5148162841797,0.0,215.5,27.879596710205078,-0.0148162841796875,27.879600647174893
43,8,-16.769960165023804,293.06798934936523,0.0,293.1,16.769960165023804,0.03201065063478836,16.769990716104743
43,9,371.90383316779486,157.0353561987026,371.9,157.04,-0.00383316779488041,0.004643801297390837,0.0060214670831415466
43,10,226.3364194744367,243.42728447831462,264.3,243.4,37.963580525563316,-0.02728447831461267,37.96359033025838
43,11,9.055851431563497,373.28775452729315,79.8,381.9,70.7441485684365,8.612245472706832,71.26643900711734
43,13,1330.1309917154658,121.79903876665179,1345.7,114.9,15.56900828453422,-6.899038766651785,17.02911491733083
43,14,1322.555413932795,277.45281428205277,1336.4,275.7,13.844586067205,-1.752814282052782,13.955103771725062
43,15,1319.3567103028304,476.48815320140505,1326.3,474.8,6.9432896971695754,-1.6881532014050435,7.145567370771566
43,16,1302.6471760648801,966.079903918162,1304.4,954.0,1.7528239351199772,-12.079903918162017,12.206411037629183
43,30,983.0770845540276,345.4950363838951,1014.1,349.0,31.022915445972444,3.504963616104874,31.22028271361703
43,31,1661.2952084566978,383.19639130319194,1671.7,378.0,10.40479154330228,-5.196391303191945,11.630226551338694
44,0,164.49678151588887,85.43206120515242,164.5,85.43,0.0032184841111302376,-0.0020612051524153685,0.0038219375523340852
44,1,7.173737525939941,147.74858474731445,7.17,147.75,-0.0037375259399414773,0.001415252685546875,0.003996503511281213
44,6,-19.40969753265381,215.63611221313477,-19.41,215.64,-0.00030246734619154836,0.0038877868652207326,0.0038995349985472636
44,8,-8.827470123767853,293.0509920120239,-8.83,293.05,-0.002529876232147288,-0.0009920120239144126,0.0027174181874666486
44,9,377.92787487584616,157.27651714902694,377.93,157.28,0.002125124153849356,0.0034828509730573387,0.0040800004374755144
44,10,232.5023146058275,243.32046335873596,232.5,243.32,-0.002314605827507421,-0.0004633587359705871,0.0023605299097727134
44,11,16.791888573672622,373.21581589546986,16.79,373.22,-0.001888573672623295,0.004184104530168042,0.00459058179714713
44,13,1333.5982437865994,121.34927907498884,1333.6,121.35,0.0017562134005402186,0.0007209250111515075,0.0018984252368583914
44,14,1326.9165604495963,277.0896107115396,1326.92,277.09,0.0034395504037547653,0.0003892884603828861,0.0034615101452049575
44,15,1324.0175327271227,476.1161149010538,1324.02,476.12,0.0024672728773111885,0.003885098946227572,0.004602328679385472
44,16,1307.73538204866,965.0599279386215,1307.74,965.06,0.00461795133992382,7.206137843240867e-05,0.00461851355093452
44,30,988.3078134155207,345.1212772879213,988.31,345.12,0.002186584479204612,-0.001277287921311654,0.0025323143798958196
44,31,1666.7214063425233,382.897293477394,1666.72,382.9,-0.001406342523296189,0.002706522605990358,0.0030500924427905346
45,0,170.12258613691665,85.82404590386432,170.12,85.82,-0.0025861369166477743,-0.0040459038643234635,0.004801816555325286
45,1,11.630303144454956,148.31143856048584,11.63,148.31,-0.0003031444549552731,-0.00143856048583757,0.0014701540164157479
45,6,-14.807273149490356,215.97708415985107,-14.81,215.98,-0.002726850509644052,0.0029158401489155494,0.003992222122574579
45,8,-4.12060259282589,293.28824400901794,-4.12,293.29,0.0006025928258894808,0.0017559909820761277,0.0018565081316671236
45,9,384.44590615688463,157.7073878617702,384.45,157.71,0.0040938431153563215,0.002612138229807215,0.004856214326486293
45,10,238.37673595437064,243.74034751905197,238.38,243.74,0.003264045629350676,-0.000347519051956624,0.003282493467161219
45,11,21.843916430254467,373.4118619216024,21.84,373.41,-0.003916430254466974,-0.0018619216023694207,0.004336493743968064
45,13,1338.9486828399495,122.26195930624164,1338.95,122.26,0.0013171600505756942,-0.001959306241630543,0.0023608878726709935
45,14,1331.6874203371972,277.8172080336547,1331.69,277.82,0.0025796628028729174,0.002791966345284891,0.003801280869618769
45,15,1328.513149545342,476.3370861757903,1328.51,476.34,-0.003149545342012061,0.002913824209656468,0.004290688451305922
45,16,1311.301536536495,965.2949459539661,1311.3,965.29,-0.0015365364949957439,-0.004945953966171146,0.005179131687448958
45,30,993.4808600616406,345.590957965941,993.48,345.59,-0.000860061640537424,-0.0009579659410405839,0.0012874023340501198
45,31,1670.2910547568924,383.6729701080455,1670.29,383.67,-0.0010547568924721418,-0.0029701080454742623,0.003151833419457385
46,0,175.3419396026875,86.11803442789824,175.34,86.12,-0.0019396026874858308,0.0019655721017670658,0.0027614366319992315
46,1,16.472727358341217,148.73357892036438,16.47,148.73,-0.002727358341218178,-0.0035789203643901146,0.004499683821787776
46,6,-10.105454862117767,216.2328131198883,-10.11,216.23,-0.004545137882232098,-0.002813119888315896,0.005345270982330055
46,8,0.9095480553805828,293.46618300676346,0.91,293.47,0.00045194461941722164,0.003816993236569033,0.0038436559818789606
46,9,390.3344296176635,158.03054089632764,390.33,158.03,-0.004429617663504359,-0.0005408963276352097,0.004462519633803203
46,10,244.282551965778,244.05526063928897,244.28,244.06,-0.0025519657779966565,0.0047393607110279845,0.005382756661906775
46,11,26.88293732269085,373.5588964412018,26.88,373.56,-0.0029373226908511185,0.0011035587982064499,0.0031377868970482556
46,13,1342.961512129962,123.19646947968123,1342.96,123.2,-0.0015121299620659556,0.003530520318776098,0.003840717477694561
46,14,1335.5155652528979,278.61290602524105,1335.52,278.61,0.004434747102095571,-0.0029060252410317844,0.005302071723492517
46,15,1332.1348621590064,476.75281463184274,1332.13,476.75,-0.0048621590062793985,-0.0028146318427388906,0.005618072855748988
46,16,1314.726152402371,965.2212094654747,1314.73,965.22,0.003847597628919175,-0.0012094654746306333,0.004033213885772481
46,30,997.8606450462304,345.94321847445576,997.86,345.94,-0.0006450462303746463,-0.0032184744557639533,0.0032824780976764517
46,31,1673.2182910676693,384.2547275810341,1673.22,384.25,0.0017089323307573068,-0.004727581034103423,0.005026974452403949
47,0,181.25645470201562,86.33852582092368,181.26,86.34,0.003545297984373974,0.0014741790763252993,0.0038395757248791793
47,1,21.604545518755913,149.05018419027328,21.6,149.05,-0.00454551875591136,-0.00018419027327354343,0.004549249038809652
47,6,-4.8290911465883255,216.42460983991623,-4.83,216.42,-0.0009088534116745706,-0.004609839916241754,0.004698578357044637
47,8,6.182161041535437,293.5996372550726,6.18,293.6,-0.0021610415354373913,0.0003627449274290484,0.0021912746063104697
47,9,396.7508222132476,158.2729056722457,396.75,158.27,-0.0008222132476021216,-0.0029056722457028172,0.003019762544303787
47,10,250.4619139743335,244.29144547946674,250.46,244.29,-0.001913974333490387,-0.0014454794667528859,0.002398480485237305
47,11,32.16220299201814,373.66917233090135,32.16,373.67,-0.0022029920181410034,0.0008276690986690483,0.0023533401727936836
47,13,1347.7211340974716,123.89735210976092,1347.72,123.9,-0.0011340974715494667,0.002647890239089179,0.0028805381082774523
47,14,1339.8866739396735,279.2096795189308,1339.89,279.21,0.003326060326571678,0.00032048106919546626,0.003341464560893437
47,15,1336.101146619255,476.81461097388205,1336.1,476.81,-0.0011466192549960397,-0.004610973882051894,0.004751401462399529
47,16,1318.2946143017784,965.415907099106,1318.29,965.42,-0.004614301778474328,0.004092900893965634,0.006167950926414382
47,30,1002.3954837846728,346.2074138558418,1002.4,346.21,0.004516215327157624,0.0025861441581582767,0.0052042619542092255
47,31,1676.663718300752,384.6910456857756,1676.66,384.69,-0.003718300751870629,-0.001045685775579841,0.003862540514041464
48,0,187.1923410265117,87.00389436569276,187.19,87.0,-0.002341026511714972,-0.0038943656927585835,0.004543840806794117
48,1,28.953409139066935,149.28763814270496,28.95,149.29,-0.003409139066935296,0.002361857295028358,0.004147360493106806
48,6,2.628181640058756,216.56845737993717,2.63,216.57,0.0018183599412440188,0.0015426200628212428,0.002384556464867118
48,8,13.136620781151578,293.69972794130445,13.14,293.7,0.003379218848422738,0.0002720586955433646,0.003390152792921914
48,9,401.8131166599357,158.45467925418427,401.81,158.45,-0.0031166599356993174,-0.004679254184281945,0.005622187196804581
48,10,255.59643548075013,244.21858410960004,255.6,244.22,0.0035645192498634515,0.0014158903999543782,0.003835432584120085
48,11,38.8716522440136,373.501879248176,38.87,373.5,-0.0016522440136057526,-0.001879248176010151,0.0025022957434191356
48,13,1350.5408505731036,123.92301408232069,1350.54,123.92,-0.0008505731036621,-0.0030140823206892264,0.00313179929761866
48,14,1343.4150054547551,278.90725963919806,1343.42,278.91,0.004994545244926485,0.0027403608019653802,0.005696934221892167
48,15,1340.0758599644412,476.61095823041154,1340.08,476.61,0.004140035558748423,-0.0009582304115269835,0.004249482315444616
48,16,1323.470960726334,964.8119303243295,1323.47,964.81,-0.0009607263339148631,-0.0019303243295780703,0.0021561880961638107
48,30,1006.5466128385046,346.15556039188135,1006.55,346.16,0.003387161495311375,0.004439608118673277,0.005584172565627755
48,31,1681.997788725564,384.51828426433167,1682.0,384.52,0.0022112744359219505,0.0017157356683128455,0.0027988360999677826
49,0,193.14425576988378,87.25292077426957,193.14,87.25,-0.004255769883798166,-0.0029207742695689376,0.005161637302021464
49,1,35.9650568543002,149.21572860702872,35.97,149.22,0.004943145699797924,0.0042713929712761,0.006532953950893698
49,6,9.721136230044067,216.17634303495288,9.72,216.18,-0.0011362300440662665,0.003656965047127869,0.003829414063398442
49,8,19.602465585863683,293.27479595597833,19.6,293.27,-0.0024655858636819517,-0.00479595597835214,0.00539261600686345
49,9,406.60983749495176,158.5910094406382,406.61,158.59,0.0001625050482516599,-0.0010094406381995213,0.0010224374273059115
49,10,260.6973266105626,243.91393808220005,260.7,243.91,0.002673389437404694,-0.003938082200050985,0.004759779669100808
49,11,45.1537391830102,372.876409436132,45.15,372.88,-0.003739183010203817,0.0035905638679878393,0.005183979019430603
49,13,1352.9056379298277,124.19226056174051,1352.91,124.19,0.004362070172419408,-0.002260561740513367,0.004913023058340344
49,14,1346.3112540910663,278.9304447293986,1346.31,278.93,-0.0012540910663574323,-0.00044472939856632365,0.001330612130061456
49,15,1343.5568949733308,476.45821867280864,1343.56,476.46,0.0031050266691181605,0.0017813271913382778,0.003579709091327972
49,16,1327.6032205447505,964.3589477432472,1327.6,964.36,-0.0032205447505475604,0.0010522567528141735,0.0033880898400311756
49,30,1010.4099596288785,345.866670293911,1010.41,345.87,4.0371121485804906e-05,0.003329706089004958,0.0033299508204486616
49,31,1686.498341544173,384.88871319824875,1686.5,384.89,0.0016584558270551497,0.0012868017512346341,0.0020991270750656574
50,0,200.35819182741284,87.43969058070218,200.36,87.44,0.0018081725871752496,0.00030941929782102306,0.0018344558885064778
50,1,44.22379264072515,148.91179645527154,44.22,148.91,-0.0037926407251518413,-0.001796455271545483,0.004196590903667385
50,6,18.04085217253305,215.63225727621466,18.04,215.63,-0.0008521725330510321,-0.0022572762146637615,0.0024127772245637127
50,8,27.451849189397763,292.45609696698375,27.45,292.46,-0.00184918939776324,0.003903033016229074,0.004318931367198858
50,9,412.7073781212138,158.44325708047865,412.71,158.44,0.0026218787861580495,-0.0032570804786473673,0.004181246418676059
50,10,267.2729949579219,243.18545356165004,267.27,243.19,-0.002994957921941932,0.004546438349962045,0.005444251521027325
50,11,52.61530438725765,371.907307077099,52.62,371.91,0.004695612742345645,0.002692922901019301,0.005413004043681568
50,13,1355.9292284473709,124.64419542130538,1355.93,124.64,0.0007715526292031427,-0.004195421305382752,0.004265776997135433
50,14,1349.7334405682998,279.19783354704896,1349.73,279.2,-0.0034405682997658005,0.002166452951030351,0.0040658367668146055
50,15,1347.1676712299982,476.34366400460647,1347.17,476.34,0.002328770001895464,-0.003664004606491744,0.004341439793216177
50,16,1332.202415408563,964.0192108074355,1332.2,964.02,-0.0024154085629106703,0.000789192564525365,0.0025410673799969004
50,30,1014.5574697216589,345.65000272043324,1014.56,345.65,0.0025302783410552365,-2.7204332582186908e-06,0.0025302798034941417
50,31,1691.1237561581297,385.41653489868656,1691.12,385.42,-0.003756158129817777,0.0034651013134521236,0.0051103474450064365
51,0,208.76864387055963,87.57976793552663,208.77,87.58,0.0013561294403814372,0.0002320644733657673,0.0013758419163798583
51,1,53.16784448054386,148.68384734145366,53.17,148.68,0.002155519456138677,-0.003847341453649733,0.004410022719529234
51,6,27.030639129399788,215.224192957161,27.03,215.22,-0.0006391293997864977,-0.004192957160995547,0.0042413884688407505
51,8,36.08888689204832,292.0920727252378,36.09,292.09,0.0011131079516815134,-0.002072725237837858,0.002352700410946243
51,9,420.03053359091035,158.332442810359,420.03,158.33,-0.0005335909103791892,-0.0024428103589855255,0.0025004083085780776
51,10,275.2047462184414,242.8890901712375,275.2,242.89,-0.0047462184414257536,0.0009098287624738077,0.004832636741030153
51,11,60.96147829044324,371.43048030782427,60.96,371.43,-0.001478290443237995,-0.00048030782426167207,0.0015543610393392421
51,13,1358.9469213355283,124.98314656597904,1358.95,124.98,0.0030786644717863965,-0.0031465659790370637,0.004402164511950148
51,14,1353.050080426225,279.3983751602867,1353.05,279.4,-8.042622494031093e-05,0.0016248397132585524,0.0016268289619502981
51,15,1350.8757534224987,476.5077480034548,1350.88,476.51,0.004246577501362481,0.002251996545169277,0.00480675658989847
51,16,1336.6518115564222,964.0144081055766,1336.65,964.01,-0.0018115564221261593,-0.004408105576658272,0.004765829565302592
51,30,1018.9181022912442,345.7375020403249,1018.92,345.74,0.0018977087557914274,0.0024979596751109057,0.003137052925962141
51,31,1695.3428171185974,385.8124011740149,1695.34,385.81,-0.0028171185974770196,-0.002401174014892149,0.003701593419332298
52,0,216.82648290291974,87.18482595164497,216.83,87.18,0.0035170970802766988,-0.004825951644960469,0.00597158112660186
52,1,61.6258833604079,148.26288550609024,61.63,148.26,0.004116639592105287,-0.0028855060902515106,0.005027212640038945
52,6,35.77297934704984,214.66814471787075,35.77,214.67,-0.0029793470498375996,0.0018552821292416866,0.0035097835577795355
52,8,44.56666516903624,291.31905454392836,44.57,291.32,0.0033348309637588613,0.0009454560716335436,0.003466263801304452
52,9,427.27290019318275,157.74933210776925,427.27,157.75,-0.0029001931827679073,0.0006678922307514767,0.002976104925783301
52,10,282.90355966383106,242.16681762842813,282.9,242.17,-0.003559663831083526,0.003182371571853082,0.004774797944590211
52,11,68.97110871783244,370.5728602308682,68.97,370.57,-0.001108717832437378,-0.0028602308681797695,0.0030676009928367535
52,13,1361.9601910016463,125.23735992448428,1361.96,125.24,-0.00019100164627161575,0.002640075515714102,0.002646975700219318
52,14,1356.2875603196687,279.548781370215,1356.29,279.55,0.0024396803312356496,0.0012186297850007577,0.002727104448221425
52,15,1353.906815066874,476.63081100259114,1353.91,476.63,0.0031849331260218605,-0.0008110025911491903,0.0032865672395498134
52,16,1340.2388586673167,963.7608060791824,1340.24,963.76,0.0011413326833462634,-0.0008060791824391345,0.0013972844887266606
52,30,1022.4385767184331,345.5531265302437,1022.44,345.55,0.001423281566985679,-0.0031265302436622733,0.003435246975612683
52,31,1699.0071128389482,386.35930088051117,1699.01,386.36,0.0028871610518308444,0.0006991194888428254,0.002970600444167616
53,0,224.36986217718982,87.13861946373373,224.37,87.14,0.00013782281018848153,0.0013805362662679954,0.0013873988285599162
53,1,69.46941252030592,148.19716412956768,69.47,148.2,0.0005874796940759097,0.0028358704323068196,0.002896082440087573
53,6,43.82973451028738,214.50110853840306,43.83,214.5,0.00026548971261775023,-0.001108538403059356,0.0011398869148135891
53,8,52.42499887677718,290.73929090794627,52.42,290.74,-0.004998876777179362,0.0007090920537393686,0.0050489187529707226
53,9,434.20467514488706,157.56199908082692,434.2,157.56,-0.004675144887073657,-0.001999080826919908,0.005084614426649255
53,10,290.1776697478733,241.8751132213211,290.18,241.88,0.002330252126682808,0.004886778678894643,0.0054139339514265436
53,11,76.72833153837433,370.17964517315113,76.73,370.18,0.0016684616256696927,0.00035482684887711,0.0017057743956972779
53,13,1364.4701432512347,125.67801994336321,1364.47,125.68,-0.00014325123470371182,0.0019800566367962347,0.001985231775175119
53,14,1358.9656702397515,279.66158602766126,1358.97,279.66,0.00432976024853815,-0.0015860276612329471,0.004611106976856772
53,15,1357.1801113001557,476.72310825194336,1357.18,476.72,-0.00011130015559501771,-0.0031082519433311973,0.00311024402062887
53,16,1344.6791440004874,963.8206045593868,1344.68,963.82,0.0008559995126233844,-0.000604559386715664,0.0010479633665722726
53,30,1026.3289325388248,345.41484489768277,1026.33,345.41,0.0010674611751255725,-0.004844897682744431,0.004961099365731634
53,31,1702.2553346292111,386.76947566038336,1702.26,386.77,0.0046653707888708595,0.0005243396166179082,0.004694743510694117
54,0,231.52739663289236,86.8539645978003,231.53,86.85,0.0026033671076390874,-0.003964597800305114,0.004742948030004256
54,1,76.35205939022944,147.89787309717576,76.35,147.9,-0.0020593902294478994,0.0021269028242443255,0.002960541122991532
54,6,50.622300882715535,213.8758314038023,50.62,213.88,-0.0023008827155379663,0.004168596197700936,0.004761434188366785
54,8,59.318749157582886,290.0544681809597,59.32,290.05,0.0012508424171144839,-0.004468180959690926,0.004639962051676428
54,9,440.6535063586653,157.1714993106202,440.65,157.17,-0.0035063586653336642,-0.0014993106202041417,0.0038134608200186618
54,10,296.633252310905,241.40633491599084,296.63,241.41,-0.0032523109049975574,0.0036650840091567716,0.004900037450565322
54,11,83.04624865378075,369.63473387986335,83.05,369.63,0.003751346219246443,-0.004733879863351831,0.006040051077375301
54,13,1368.602607438426,126.00851495752241,1368.6,126.01,-0.002607438426139197,0.001485042477597176,0.003000680973774988
54,14,1362.9742526798136,279.99618952074593,1362.97,280.0,-0.004252679813589566,0.003810479254070742,0.005710082113474
54,15,1360.8850834751167,476.7923311889575,1360.89,476.79,0.004916524883356033,-0.002331188957498398,0.005441200132711673
54,16,1348.0093580003656,963.61545341954,1348.01,963.62,0.0006419996343538514,0.004546580459987126,0.004591683504951885
54,30,1030.4966994041185,345.5611336732621,1030.5,345.56,0.0033005958814555925,-0.001133673262074808,0.003489863641723693
54,31,1706.4415009719082,387.32710674528755,1706.44,387.33,-0.0015009719081717776,0.0028932547124327357,0.0032594231851870753
55,0,237.64554747466929,86.89047344835022,175.9,65.4,-61.74554747466928,-21.490473448350215,65.3785368602027
55,1,82.51404454267208,147.67340482288182,19.9,135.7,-62.61404454267208,-11.973404822881832,63.74857643151205
55,2,-44.0,207.0,0.0,207.0,44.0,0.0,44.0
55,6,56.96672566203665,213.65687355285172,18.2,215.2,-38.76672566203665,1.5431264471482677,38.79742591703088
55,8,65.48906186818716,289.7908511357198,65.5,298.7,0.01093813181283565,8.909148864280212,8.909155578876875
55,9,446.490129768999,157.12862448296514,455.5,161.6,9.009870231001003,4.471375517034858,10.058377632293231
55,10,302.72493923317876,241.30475118699314,331.1,247.3,28.375060766821264,5.995248813006867,29.00150137235415
55,11,89.03468649033556,369.22605040989754,141.2,382.7,52.16531350966443,13.47394959010245,53.877335226588556
55,13,1371.4519555788195,126.50638621814181,1393.8,122.0,22.348044421180475,-4.506386218141813,22.79786407096319
55,14,1365.9806895098602,280.49714214055945,1380.9,282.0,14.919310490139878,1.502857859440553,14.994812677952334
55,15,1363.9138126063376,477.0942483917181,1369.9,474.1,5.986187393662476,-2.994248391718088,6.69327744407401
55,16,1351.0070185002742,963.711590064655,1349.5,953.3,-1.507018500274171,-10.411590064655002,10.520090894787524
55,30,1034.1225245530889,345.6708502549466,1062.5,353.1,28.37747544691115,7.429149745053451,29.333826526289965
55,31,1709.581125728931,387.9953300589657,1712.6,382.0,3.018874271068853,-5.995330058965692,6.712494646586995
56,0,243.73416060600198,86.66785508626266,243.73,86.67,-0.004160606001988754,0.0021449137373394933,0.004680950463785374
56,1,88.88553340700406,147.50505361716137,88.89,147.51,0.0044665929959393225,0.004946382838625141,0.006664619732409309
56,2,-42.25,207.0,-42.25,207.0,0.0,0.0,0.0
56,6,63.22504424652749,213.2426551646388,63.23,213.24,0.004955753472508206,-0.002655164638781571,0.00562222302468634
56,8,71.61679640114038,289.34313835178983,71.62,289.34,0.003203598859627732,-0.003138351789857552,0.004484673634759859
56,9,452.36759732674926,157.09646836222385,452.37,157.1,0.002402673250742282,0.003531637776148955,0.004271452227492989
56,10,308.5437044248841,240.97856339024486,308.54,240.98,-0.0037044248840629734,0.0014366097551317125,0.00397323688070628
56,11,95.02601486775167,368.6695378074231,95.03,368.67,0.003985132248331524,0.0004621925768901747,0.004011845088587575
56,13,1374.3389666841147,127.12978966360636,1374.34,127.13,0.0010333158852517954,0.00021033639363565726,0.0010545061010735575
56,14,1368.9855171323952,280.8728566054196,1368.99,280.87,0.004482867604792773,-0.002856605419594871,0.0053156651968835735
56,15,1366.9353594547533,477.3206862937886,1366.94,477.32,0.004640545246729744,-0.0006862937885898646,0.0046910190098957225
56,16,1354.0052638752056,964.0336925484912,1354.01,964.03,0.004736124794362695,-0.0036925484912444517,0.006005480199615078
56,30,1037.8418934148167,345.75313769120993,1037.84,345.75,-0.0018934148167772946,-0.0031376912099290166,0.0036647136037155225
56,31,1712.4358442966982,388.49649754422427,1712.44,388.5,0.004155703301876201,0.0035024557757310504,0.005434801412579539
57,0,249.30062045450148,86.750891314697,249.3,86.75,-0.0006204545014725227,-0.0008913146970002117,0.001086004455555361
57,1,94.16415005525305,147.62879021287102,94.16,147.63,-0.004150055253049345,0.0012097871289711293,0.004322793483476474
57,2,-40.6875,207.25,-40.69,207.25,-0.0024999999999977263,0.0,0.0024999999999977263
57,6,68.66878318489562,213.4319913734791,68.67,213.43,0.001216815104385205,-0.001991373479086178,0.0023337110642639046
57,8,76.96259730085528,289.5073537638424,76.96,289.51,-0.0025973008552853116,0.0026462361576022886,0.003707902039518781
57,9,458.02569799506193,157.07235127166788,458.03,157.07,0.004302004938040227,-0.002351271667890842,0.004902624291453372
57,10,314.1577783186631,241.23392254268364,314.16,241.23,0.0022216813369482225,-0.0039225426836537736,0.004508016090036701
57,11,100.26951115081376,368.7521533555673,100.27,368.75,0.0004888491862402589,-0.0021533555673158844,0.0022081471251205334
57,13,1378.004225013086,127.34734224770477,1378.0,127.35,-0.004225013085942919,0.0026577522952209165,0.004991430941036944
57,14,1372.4891378492964,281.1546424540647,1372.49,281.15,0.0008621507035968534,-0.00464245406470809,0.004721830532604619
57,15,1370.2015195910649,477.4905147203414,1370.2,477.49,-0.001519591064834458,-0.0005147203414139767,0.001604398340247846
57,16,1357.2539479064042,964.0252694113684,1357.25,964.03,-0.003947906404164314,0.00473058863155984,0.006161528526030274
57,30,1041.6314200611125,346.06485326840743,1041.63,346.06,-0.0014200611124124407,-0.004853268407430278,0.005056756648044959
57,31,1715.8268832225235,388.6223731581682,1715.83,388.62,0.003116777476407151,-0.0023731581682113756,0.003917420264509196
58,0,253.9754653408761,86.81316848602275,253.98,86.81,0.0045346591238910605,-0.0031684860227443323,0.005531946948969651
58,1,98.62311254143978,147.72159265965325,98.62,147.72,-0.0031125414397763507,-0.0015926596532551685,0.0034963522398968774
58,2,-39.015625,207.4375,-39.02,207.44,-0.004375000000003126,0.0024999999999977263,0.00503891109268818
58,6,73.25158738867171,213.3239935301093,73.25,213.32,-0.0015873886717088226,-0.00399353010931236,0.004297451050221967
58,8,81.47194797564146,289.3805153228818,81.47,289.38,-0.0019479756414568783,-0.0005153228818244315,0.0020149855513728067
58,9,462.7692734962965,157.0542634537509,462.77,157.05,0.0007265037035040223,-0.004263453750894541,0.004324909885445221
58,10,318.8683337389973,241.17544190701273,318.87,241.18,0.001666261002696956,0.00455809298728127,0.0048531059549335375
58,11,104.70213336311032,368.5641150166755,104.7,368.56,-0.002133363110317532,-0.0041150166754846396,0.004635148368712737
58,13,1381.2531687598143,127.76050668577858,1381.25,127.76,-0.0031687598143435025,-0.0005066857785749335,0.0032090137486786114
58,14,1375.6168533869723,281.6159818405485,1375.62,281.62,0.003146613027638523,0.004018159451504744,0.005103604503037179
58,15,1373.1511396932988,477.61788604025605,1373.15,477.62,-0.0011396932986826869,0.0021139597439514546,0.0024016091718074206
58,16,1360.440460929803,964.0189520585263,1360.44,964.02,-0.0004609298030118225,0.001047941473643732,0.0011448308239592059
58,30,1044.9735650458344,346.2986399513056,1044.97,346.3,-0.0035650458344207436,0.001360048694436955,0.0038156630161428513
58,31,1719.1201624168925,388.9667798686262,1719.12,388.97,-0.00016241689263551962,0.003220131373836921,0.00322422476136237
59,0,258.7315990056571,86.85987636451706,258.73,86.86,-0.0015990056570558409,0.0001236354829359243,0.0016037782963793283
59,1,102.96733440607983,147.79119449473995,102.97,147.79,0.002665593920170295,-0.0011944947399626926,0.0029209944592633826
59,2,-36.51171875,207.578125,-36.51,207.58,0.0017187500000019895,0.0018750000000125056,0.002543565718151142
59,6,77.68869054150377,213.24299514758198,77.69,213.24,0.0013094584962232148,-0.002995147581970059,0.0032688821623166925
59,8,85.85396098173109,289.28538649216136,85.85,289.29,-0.00396098173109749,0.004613507838655551,0.006080611059048612
59,9,467.57695512222233,157.2906975903132,467.58,157.29,0.0030448777776541647,-0.000697590313194496,0.003123765824436102
59,10,323.401250304248,241.13158143025953,323.4,241.13,-0.001250304248003431,-0.0015814302595344998,0.002015981740578714
59,11,109.02660002233274,368.4230862625066,109.03,368.42,0.0033999776672573034,-0.003086262506599269,0.004591825823949425
59,13,1384.6898765698606,128.32038001433392,1384.69,128.32,0.00012343013941062964,-0.0003800143339276474,0.00039955712145499416
59,14,1378.9626400402292,281.96198638041136,1378.96,281.96,-0.0026400402291528735,-0.0019863804113811057,0.003303864335935138
59,15,1376.3633547699742,477.71341453019204,1376.36,477.71,-0.0033547699742939585,-0.0034145301920602833,0.00478680457225021
59,16,1363.3303456973522,964.2642140438948,1363.33,964.26,-0.0003456973522588669,-0.0042140438947626535,0.004228199688560745
59,30,1048.480173784376,346.47397996347917,1048.48,346.47,-0.00017378437587467488,-0.003979963479139315,0.003983755803833974
59,31,1722.3401218126694,389.47508490146964,1722.34,389.48,-0.00012181266947663971,0.004915098530375417,0.004916607762445934
60,0,262.7986992542428,87.1449072733878,262.8,87.14,0.0013007457571916348,-0.004907273387800615,0.005076738286288566
60,1,106.97550080455987,148.09339587105495,106.98,148.09,0.004499195440132553,-0.0033958710549484294,0.005636905164214324
60,2,-34.1337890625,207.93359375,-34.13,207.93,0.003789062499997442,-0.003593749999993179,0.005222263272886368
60,6,81.76651790612783,213.4322463606865,81.77,213.43,0.0034820938721651373,-0.0022463606864846497,0.004143804298993111
60,8,90.14047073629831,289.46403986912105,90.14,289.46,-0.0004707362983111807,-0.00403986912107257,0.004067202377303516
60,9,472.1827163416667,157.4680231927349,472.18,157.47,-0.0027163416667121965,0.001976807265094749,0.0033595057692535927
60,10,327.800937728186,241.34868607269465,327.8,241.35,-0.0009377281859883624,0.0013139273053468514,0.0016142301925478482
60,11,113.26995001674956,368.56731469688,113.27,368.57,4.9983250434593174e-05,0.002685303120017579,0.0026857682647056787
60,13,1387.5174074273955,128.74028501075043,1387.52,128.74,0.002592572604498855,-0.00028501075041731383,0.0026081916795840402
60,14,1381.9719800301718,282.2214897853085,1381.97,282.22,-0.0019800301718078117,-0.0014897853084789858,0.002477898251871755
60,15,1379.5225160774808,477.78506089764403,1379.52,477.79,-0.0025160774807773123,0.004939102355990599,0.0055430477151316845
60,16,1366.9977592730143,964.4481605329211,1367.0,964.45,0.0022407269857467327,0.0018394670789803058,0.0028990509756308142
60,30,1052.110130338282,346.60548497260936,1052.11,346.61,-0.00013033828213337983,0.004515027390652904,0.004516908279579678
60,31,1724.505091359502,389.8563136761022,1724.51,389.86,0.004908640497887973,0.0036863238977957735,0.006138707959902158
61,0,266.5990244406821,87.35868045504085,266.6,87.36,0.0009755593179079369,0.0013195449591449915,0.0016410103235391168
61,1,110.4816256034199,148.0700469032912,110.48,148.07,-0.0016256034198960378,-4.6903291206490394e-05,0.0016262799259363974
61,2,-31.600341796875,207.9501953125,-31.6,207.95,0.0003417968749985789,-0.00019531250001136868,0.0003936649291205467
61,6,85.32488842959587,213.32418477051488,85.32,213.32,-0.004888429595879984,-0.00418477051488253,0.006434986260754994
61,8,93.85535305222373,289.3480299018408,93.86,289.35,0.00464694777626562,0.0019700981592336575,0.005047317147986228
61,9,476.13703725625004,157.60101739455118,476.14,157.6,0.0029627437499470943,-0.00101739455118377,0.003132561603644691
61,10,331.6007032961395,241.261514554521,331.6,241.26,-0.0007032961394770609,-0.001514554521008904,0.0016698804918052813
61,11,116.70246251256216,368.42548602266,116.7,368.43,-0.0024625125621611232,0.0045139773400251215,0.005141980119084633
61,13,1390.6380555705466,129.30521375806282,1390.64,129.31,0.0019444294534878281,0.004786241937182467,0.005166131800567534
61,14,1384.9789850226289,282.6661173389814,1384.98,282.67,0.0010149773711418675,0.0038826610186220023,0.004013132897058967
61,15,1382.3918870581106,477.838795673233,1382.39,477.84,-0.0018870581104692974,0.001204326766981012,0.0022386136946679503
61,16,1369.7483194547608,964.5861203996908,1369.75,964.59,0.0016805452391963627,0.0038796003092329556,0.00422794641172118
61,30,1055.3325977537115,346.70411372945705,1055.33,346.7,-0.002597753711597761,-0.004113729457060344,0.0048652948926047575
61,31,1727.1288185196265,390.14223525707666,1727.13,390.14,0.0011814803735887836,-0.002235257076677044,0.002528293905385665
62,0,270.6992683305116,87.51901034128065,270.7,87.52,0.000731669488402531,0.0009896587193480855,0.0012307577426288708
62,1,114.36121920256493,148.0525351774684,114.36,148.05,-0.001219202564925581,-0.002535177468388383,0.0028131085458163976
62,2,-28.95025634765625,207.962646484375,-28.95,207.96,0.00025634765625071054,-0.002646484374992042,0.0026588707505146338
62,6,88.9936663221969,213.24313857788616,88.99,213.24,-0.0036663221969064352,-0.0031385778861476865,0.004826239695554305
62,8,97.6415147891678,289.2610224263806,97.64,289.26,-0.0015147891677997904,-0.001022426380586694,0.0018275508000061692
62,9,480.3527779421875,157.7007630459134,480.35,157.7,-0.002777942187492499,-0.0007630459134020384,0.0028808335361506336
62,10,335.7005274721046,241.19613591589075,335.7,241.2,-0.0005274721046362174,0.0038640841092387745,0.0038999195920481453
62,11,120.27684688442162,368.319114516995,120.28,368.32,0.0031531155783852682,0.0008854830049926932,0.0032750905335252574
62,13,1394.47854167791,129.72891031854712,1394.48,129.73,0.0014583220900021843,0.0010896814528678078,0.0018204694413563869
62,14,1388.4842387669717,282.99958800423605,1388.48,283.0,-0.004238766971639052,0.0004119957639545646,0.0042587422966616105
62,15,1385.5439152935828,477.8790967549247,1385.54,477.88,-0.003915293582849699,0.0009032450752783916,0.00401813084728692
62,16,1372.3112395910707,964.689590299768,1372.31,964.69,-0.0012395910707709845,0.0004097002320122556,0.0013055421490116863
62,30,1058.7494483152836,346.7780852970928,1058.75,346.78,0.0005516847163562488,0.0019147029071859833,0.0019925971115726158
62,31,1730.59661388972,390.6066764428075,1730.6,390.61,0.0033861102799619403,0.003323557192516091,0.004744657547177601
63,0,275.0244512478837,87.63925775596049,275.02,87.64,-0.004451247883707765,0.0007422440395146168,0.004512708049099546
63,1,118.27091440192369,148.0394013831013,118.27,148.04,-0.0009144019236941858,0.0005986168986851226,0.0010929195164544468
63,2,-25.712692260742188,207.97198486328125,-25.71,207.97,0.0026922607421866473,-0.001984863281251137,0.0033448393308466145
63,6,92.99524974164768,213.43235393341462,93.0,213.43,0.004750258352316905,-0.002353933414610765,0.0053015051574225236
63,8,101.48113609187585,289.44576681978543,101.48,289.45,-0.0011360918758498428,0.004233180214555432,0.0043829806615219725
63,9,485.01458345664065,157.77557228443504,485.01,157.78,-0.004583456640659733,0.0044277155649581346,0.006372812558123794
63,10,340.0253956040785,241.39710193691806,340.03,241.4,0.004604395921489868,0.0028980630819432918,0.0054405175699335055
63,11,124.20763516331621,368.4893358877463,124.21,368.49,0.0023648366837818457,0.000664112253730309,0.00245631790013326
63,13,1397.8589062584324,130.04668273891033,1397.86,130.05,0.0010937415675016382,0.003317261089677004,0.0034929202329234492
63,14,1391.6131790752288,283.249691003177,1391.61,283.25,-0.003179075228899819,0.0003089968229801343,0.0031940567226673125
63,15,1388.407936470187,477.9093225661935,1388.41,477.91,0.0020635298130855517,0.0006774338065156371,0.002171882098941643
63,16,1374.7334296933032,964.767192724826,1374.73,964.77,-0.003429693303132808,0.0028072751739500745,0.004432108985102967
63,30,1062.3120862364626,346.8335639728196,1062.31,346.83,-0.0020862364626736962,-0.003563972819620176,0.004129683382195376
63,31,1733.19746041729,390.70500733210565,1733.2,390.71,0.0025395827101419854,0.004992667894327951,0.005601447406225038
64,0,279.26833843591277,87.47944331697036,279.27,87.48,0.0016615640872146287,0.000556683029643068,0.0017523387832876288
64,1,122.20318580144277,148.02955103732597,122.2,148.03,-0.0031858014427683656,0.0004489626740280528,0.003217281199307176
64,2,-22.28451919555664,207.97898864746094,-22.28,207.98,0.004519195556639488,0.0010113525390522682,0.004630978561535085
64,6,96.99643730623576,213.32426545006098,97.0,213.32,0.003562693764237679,-0.004265450060984222,0.005557594001048326
64,8,105.6108520689069,289.3343251148391,105.61,289.33,-0.0008520689068944876,-0.0043251148391050265,0.004408246793629284
64,9,489.2609375924805,157.83167921332628,489.26,157.83,-0.0009375924805112845,-0.0016792133262697462,0.0019232360891562972
64,10,344.26904670305885,241.54782645268855,344.27,241.55,0.0009532969411338854,0.002173547311457469,0.0023734116737555693
64,11,128.15572637248715,368.36700191580974,128.16,368.37,0.004273627512844769,0.0029980841902670363,0.005220383216821626
64,13,1400.6441796938243,130.28501205418274,1400.64,130.29,-0.004179693824198694,0.004987945817248374,0.006507645037941932
64,14,1394.2098843064216,283.43726825238275,1394.21,283.44,0.0001156935784365487,0.002731747617247038,0.002734196417309174
64,15,1391.0559523526404,478.1819919246451,1391.06,478.18,0.004047647359584516,-0.0019919246450967876,0.004511231864945037
64,16,1377.3000722699774,964.8253945436195,1377.3,964.83,-7.226997740872321e-05,0.004605456380545547,0.0046060233849539185
64,30,1065.2340646773469,346.8751729796147,1065.23,346.88,-0.004064677346832468,0.004827020385278047,0.006310445921941084
64,31,1735.1480953129674,390.77875549907924,1735.15,390.78,0.001904687032720176,0.0012445009207340263,0.0022752176235077445
65,0,283.4512538269346,87.60958248772778,283.45,87.61,-0.0012538269346009656,0.0004175122722216429,0.001321513707604478
65,1,126.15238935108208,148.02216327799448,126.15,148.02,-0.0023893510820727215,-0.0021632779944695812,0.0032231615340777477
65,2,-18.71338939666748,207.9842414855957,-18.71,207.98,0.003389396667479616,-0.004241485595713357,0.0054293839271289165
65,6,100.99732797967683,213.49319908754575,101.0,213.49,0.0026720203231747064,-0.0031990875457381662,0.004168195500783967
65,8,109.70813905168018,289.50074383612935,109.71,289.5,0.0018609483198162025,-0.0007438361293452544,0.0020041010045269867
65,9,493.69570319436036,157.8737594099947,493.7,157.87,0.0042968056396262,-0.003759409994700036,0.005709264594759472
65,10,348.70178502729414,241.6608698395164,348.7,241.66,-0.0017850272941473122,-0.0008698395164117301,0.0019856845734311044
65,11,132.11679477936536,368.5252514368573,132.12,368.53,0.003205220634640682,0.0047485631426980035,0.005729074204172639
65,13,1403.4831347703682,130.46375904063706,1403.48,130.46,-0.0031347703682058636,-0.003759040637049793,0.004894606396062225
65,14,1396.9074132298163,283.5779511892871,1396.91,283.58,0.002586770183825138,0.002048810712892646,0.003299849287647908
65,15,1393.5419642644802,478.38649394348386,1393.54,478.39,-0.0019642644801933784,0.0035060565161302293,0.004018801717234704
65,16,1379.975054202483,965.3690459077146,1379.98,965.37,0.00494579751693891,0.0009540922853830125,0.0050369837370778225
65,30,1068.4255485080103,347.15637973471104,1068.43,347.16,0.004451491989811984,0.003620265288986957,0.0057377784636568245
65,31,1737.1110714847255,390.83406662430946,1737.11,390.83,-0.0010714847255712812,-0.0040666243094733545,0.004205414699114964
66,0,287.33844037020094,87.70718686579583,218.1,66.1,-69.23844037020095,-21.60718686579584,72.53159414456084
66,1,129.36429201331157,148.26662245849587,62.4,134.4,-66.96429201331156,-13.866622458495868,68.38493710789332
66,2,-16.03504204750061,208.48818111419678,-16.04,208.49,-0.004957952499388796,0.0018188858032317512,0.005281064149524566
66,6,104.24799598475762,213.86989931565932,67.3,216.2,-36.947995984757625,2.330100684340664,37.021396198534035
66,8,113.03110428876013,290.125557877097,106.3,295.7,-6.731104288760136,5.574442122903008,8.739689349614235
66,9,497.7717773957703,158.15531955749603,497.77,158.16,-0.001777395770318435,0.004680442503968152,0.005006563467818772
66,10,352.5263387704706,242.2456523796373,361.8,249.2,9.27366122952941,6.954347620362682,11.591537578117972
66,11,135.58759608452402,369.143938577643,184.1,383.0,48.51240391547597,13.856061422357016,50.45239114054376
66,13,1406.362351077776,130.34781928047778,1429.5,121.1,23.13764892222389,-9.247819280477785,24.91732247037119
66,14,1399.6805599223621,283.68346339196535,1415.9,283.7,16.219440077637955,0.01653660803464163,16.21944850762484
66,15,1396.4064731983601,478.5398704576129,1403.3,478.5,6.893526801639837,-0.039870457612892096,6.893642101118756
66,16,1382.7312906518623,965.2767844307859,1378.1,956.0,-4.6312906518624,-9.276784430785938,10.36858632974141
66,30,1071.3191613810077,347.6172848010333,1094.4,356.9,23.080838618992402,9.282715198966685,24.877578516027203
66,31,1739.333303613544,390.6255499682321,1748.6,388.3,9.266696386455806,-2.32554996823211,9.55404859593552
67,0,293.7538302776507,87.28039014934687,219.5,64.8,-74.2538302776507,-22.480390149346874,77.58220963706182
67,1,135.02321900998368,148.4499668438719,66.9,133.0,-68.12321900998367,-15.449966843871891,69.85323502715491
67,2,-11.526281535625458,209.11613583564758,-11.53,209.12,-0.003718464374541597,0.0038641643524215397,0.00536271791606275
67,6,109.93599698856822,214.4024244867445,63.5,215.9,-46.43599698856822,1.497575513255498,46.46013935343091
67,8,119.02332821657009,290.84416840782274,110.5,298.6,-8.523328216570093,7.755831592177287,11.523890296839657
67,9,505.07883304682775,158.61648966812203,493.5,161.7,-11.578833046827754,3.08351033187796,11.982379174984766
67,10,359.89475407785295,243.184239284728,371.5,252.5,11.605245922147049,9.315760715272006,14.881704560221449
67,11,142.44069706339303,370.10795393323224,183.4,381.7,40.959302936606974,11.59204606676775,42.568063487394
67,13,1409.021763308332,130.26086446035833,1433.0,120.3,23.978236691667917,-9.960864460358337,25.964873495537763
67,14,1402.0104199417715,284.26259754397404,1414.0,282.3,11.989580058228512,-1.9625975439740273,12.149148904029602
67,15,1398.3048548987701,479.1549028432097,1408.3,479.1,9.99514510122981,-0.054902843209674757,9.995295889408716
67,16,1383.5484679888968,965.7075883230895,1379.6,951.7,-3.9484679888969367,-14.007588323089408,14.55345079658067
67,30,1075.4893710357558,348.21296360077497,1095.5,356.2,20.010628964244233,7.987036399225019,21.545719342532884
67,31,1733.499977710158,390.7191624761741,1747.5,386.7,14.000022289842036,-4.019162476174131,14.565517193905611
68,0,296.06537270823804,87.46029261201015,296.07,87.46,0.004627291761948982,-0.0002926120101562901,0.004636534356465895
68,1,137.01741425748776,148.33747513290393,137.02,148.34,0.002585742512252409,0.002524867096070693,0.0036140030703487036
68,2,-9.394711151719093,209.0871018767357,-9.39,209.09,0.004711151719092754,0.0028981232643161547,0.005531190556786228
68,6,111.95199774142617,214.30181836505838,111.95,214.3,-0.0019977414261660442,-0.0018183650583694089,0.0027013741487100086
68,8,121.01749616242756,290.63312630586705,121.02,290.63,0.0025038375724335538,-0.0031263058670560895,0.004005370265471006
68,9,507.30912478512084,158.4623672510915,507.31,158.46,0.0008752148791586478,-0.0023672510914991562,0.002523861885069116
68,10,362.1710655583897,243.138179463546,362.17,243.14,-0.0010655583897118959,0.0018205364539767288,0.0021094472409006987
68,11,144.33052279754477,370.0809654499242,144.33,370.08,-0.0005227975447610334,-0.0009654499241946723,0.0010979120315105684
68,13,1411.266322481249,130.44564834526875,1411.27,130.45,0.003677518750919262,0.004351654731237886,0.005697459351611721
68,14,1404.2578149563287,284.4469481579805,1404.26,284.45,0.0021850436712611554,0.003051842019488049,0.00375341918218993
68,15,1400.7286411740777,479.1161771324073,1400.73,479.12,0.0013588259223524801,0.0038228675927030054,0.004057181844408251
68,16,1386.4113509916726,966.0306912423171,1386.41,966.03,-0.0013509916725524818,-0.000691242317088836,0.0015175620054022488
68,30,1077.6170282768169,348.15972270058126,1077.62,348.16,0.0029717231830090896,0.00027729941876941666,0.0029846329161361753
68,31,1737.3749832826184,391.0393718571306,1737.37,391.04,-0.004983282618468365,0.0006281428694023816,0.0050227153134445104
69,0,298.0490295311785,87.34521945900761,298.05,87.35,0.0009704688214924317,0.00478054099238534,0.004878051036363347
69,1,139.01306069311582,148.25310634967795,139.01,148.25,-0.003060693115827462,-0.003106349677949538,0.004360877282264523
69,2,-7.29603336378932,208.81532640755177,-7.3,208.82,-0.00396663621067983,0.004673592448227737,0.006129981174523114
69,6,113.96399830606963,213.9763637737938,113.96,213.98,-0.003998306069632918,0.0036362262061970796,0.005404497427985125
69,8,123.01312212182067,290.2248447294003,123.01,290.22,-0.0031221218206667345,-0.004844729400247161,0.00576359676111216
69,9,509.23184358884066,158.34677543831862,509.23,158.35,-0.0018435888406429513,0.0032245616813781908,0.0037143798742664655
69,10,364.1282991687923,242.8536345976595,364.13,242.85,0.0017008312076995935,-0.003634597659498695,0.004012870162803457
69,11,146.2478920981586,369.81072408744313,146.25,369.81,0.0021079018414127404,-0.0007240874431317934,0.002228800753394605
69,13,1413.1997418609367,130.58423625895156,1413.2,130.58,0.00025813906336225045,-0.004236258951550553,0.0042441165960215715
69,14,1406.4433612172465,284.5852111184854,1406.44,284.59,-0.0033612172464927426,0.0047888815145711305,0.005850740768374663
69,15,1403.0464808805582,479.3371328493055,1403.05,479.34,0.0035191194417620864,0.0028671506944988323,0.004539246055277576
69,16,1389.0585132437545,966.0230184317378,1389.06,966.02,0.0014867562454128347,-0.0030184317378143533,0.0033647249945751947
69,30,1079.4627712076126,348.1197920254359,1079.46,348.12,-0.002771207612568105,0.00020797456409127335,0.0027790007289067724
69,31,1741.0312374619639,391.27952889284796,1741.03,391.28,-0.0012374619639103912,0.00047110715200915365,0.001324105003690847
70,0,299.7867721483839,87.25891459425571,223.5,65.7,-76.28677214838387,-21.55891459425571,79.27457602095295
70,1,140.75979551983687,148.18982976225846,71.0,134.5,-69.75979551983687,-13.689829762258455,71.09036861550986
70,2,-5.47202502284199,208.61149480566382,-5.47,208.61,0.0020250228419902427,-0.001494805663810439,0.0025169746687525494
70,6,115.72299872955222,213.73227283034535,68.2,215.9,-47.522998729552214,2.167727169654654,47.57241269192767
70,8,124.7598415913655,289.9186335470502,114.0,295.7,-10.7598415913655,5.781366452949783,12.214679248124856
70,9,511.1738826916305,158.26008157873895,501.8,165.5,-9.373882691630513,7.239918421261052,11.844243135927481
70,10,365.84622437659425,242.64022594824462,377.4,251.3,11.553775623405727,8.659774051755392,14.4388856143215
70,11,147.93591907361895,369.60804306558236,191.8,381.1,43.864080926381064,11.491956934417658,45.34448885695612
70,13,1414.6498063957024,130.68817719421367,1438.2,122.4,23.550193604297647,-8.28817719421366,24.966086998217907
70,14,1408.0825209129348,284.68890833886405,1419.2,280.5,11.117479087065249,-4.188908338864053,11.880458506418764
70,15,1404.7848606604186,479.50284963697914,1404.78,479.5,-0.004860660418671614,-0.002849636979135539,0.005634398869311405
70,16,1391.293884932816,966.2672638238033,1384.4,952.4,-6.8938849328158085,-13.867263823803341,15.48633770217703
70,30,1081.0970784057095,348.08984401907696,1103.3,356.4,22.2029215942905,8.310155980923014,23.70713858207021
70,31,1743.7734280964728,391.45964666963596,1752.1,387.3,8.32657190352711,-4.159646669635947,9.307763430643288
71,0,301.5900791112879,87.19418594569179,301.59,87.19,-7.911128790283328e-05,-0.004185945691787651,0.004186693197556903
71,1,142.56984663987765,148.14237232169384,142.57,148.14,0.00015336012234001828,-0.0023723216938549285,0.0023772735530979312
71,2,-3.8540187671314925,208.45862110424787,-3.85,208.46,0.004018767131492407,0.001378895752139897,0.004248746021172972
71,6,117.54224904716416,213.79920462275902,117.54,213.8,-0.0022490471641560816,0.0007953772409905469,0.0023855477572424003
71,8,126.56988119352413,289.93897516028767,126.57,289.94,0.00011880647586792747,0.0010248397123291397,0.0010317031620941319
71,9,513.1304120187228,158.19506118405423,513.13,158.2,-0.00041201872284091223,0.004938815945763508,0.0049559723944044886
71,10,367.88466828244566,242.48016946118346,367.88,242.48,-0.004668282445663863,-0.00016946118347505035,0.004671357199486905
71,11,149.7019393052142,369.45603229918675,149.7,369.46,-0.0019393052142220313,0.003967700813234387,0.004416282877856623
71,13,1415.9873547967768,130.76613289566023,1415.99,130.77,0.0026452032232100464,0.003867104339775551,0.0046852530419169165
71,14,1409.5618906847012,284.766681254148,1409.56,284.77,-0.0018906847012658545,0.0033187458519705615,0.003819523879958412
71,15,1406.338645495314,479.62713722773435,1406.34,479.63,0.0013545046858780552,0.002862772265643798,0.003167040888432755
71,16,1393.220413699612,966.7004478678525,1393.22,966.7,-0.0004136996119541436,-0.0004478678524719726,0.0006096990915270135
71,30,1082.822808804282,348.0673830143077,1082.82,348.07,-0.0028088042820400005,0.002616985692270646,0.0038390097171478368
71,31,1745.8300710723547,391.84473500222697,1745.83,391.84,-7.107235478542862e-05,-0.004735002226993856,0.004735535594761328
72,0,302.9425593334659,87.14563945926884,302.94,87.15,-0.0025593334659106404,0.004360540731170204,0.005056135209616584
72,1,144.17738497990825,148.10677924127037,144.18,148.11,0.00261502009175274,0.0032207587296397833,0.004148688572889194
72,2,-2.1405140753486194,208.0939658281859,-2.14,208.09,0.0005140753486192473,-0.003965828185897635,0.003999008210058855
72,6,119.15668678537313,213.59940346706927,119.16,213.6,0.003313214626871286,0.0005965329307286993,0.0033664881852098643
72,8,128.1774108951431,289.7042313702158,128.18,289.7,0.002589104856895119,-0.00423137021579123,0.004960640872214297
72,9,514.5978090140421,158.14629588804067,514.6,158.15,0.002190985957895464,0.003704111959336842,0.004303587442471377
72,10,369.4135012118343,242.3601270958876,369.41,242.36,-0.003501211834247897,-0.0001270958875920769,0.0035035178996146634
72,11,151.27645447891067,369.34202422439006,151.28,369.34,0.0035455210893360345,-0.002024224390083873,0.004082671206004349
72,13,1416.9905160975827,130.82459967174518,1416.99,130.82,-0.0005160975827038783,-0.004599671745182832,0.004628535068280899
72,14,1410.671418013526,284.82501094061104,1410.67,284.83,-0.001418013525835704,0.004989059388947226,0.0051866632767026116
72,15,1407.5039841214855,479.7203529208008,1407.5,479.72,-0.003984121485473224,-0.00035292080076487764,0.003999722128176143
72,16,1394.915310274709,966.7753359008893,1394.92,966.78,0.004689725290973001,0.004664099110641473,0.006614177486179093
72,30,1084.1171066032116,348.0505372607308,1084.12,348.05,0.002893396788294922,-0.0005372607307663202,0.0029428547479172207
72,31,1747.3725533042661,392.1335512516702,1747.37,392.13,-0.002553304266257328,-0.0035512516702169705,0.004373871408867286
73,0,304.20691950009945,87.10922959445162,304.21,87.11,0.0030804999005340505,0.0007704055483799266,0.003175374678075781
73,1,145.38303873493118,148.08008443095278,145.38,148.08,-0.0030387349311808975,-8.443095276788881e-05,0.003039907657769273
73,2,-0.8553855565114645,208.07047437113943,-0.86,208.07,-0.004614443488535458,-0.00047437113943260556,0.00463876240896361
73,6,120.61751508902984,213.69955260030196,120.62,213.7,0.0024849109701676753,0.0004473996980323136,0.0025248661389188657
73,8,129.63305817135733,289.7781735276618,129.63,289.78,-0.003058171357338324,0.0018264723381662407,0.003562079905466886
73,9,515.6983567605316,158.1097219160305,515.7,158.11,0.0016432394684215978,0.0002780839695049053,0.0016666033255319337
73,10,370.8101259088757,242.2700953219157,370.81,242.27,-0.00012590887570240739,-9.532191569405768e-05,0.00015792185596753006
73,11,152.707340859183,369.25651816829253,152.71,369.26,0.002659140817002026,0.0034818317074609695,0.004381116515652919
73,13,1417.492887073187,131.11844975380887,1417.49,131.12,-0.002887073186911948,0.001550246191129645,0.003276958168743978
73,14,1411.2535635101444,285.1187582054583,1411.25,285.12,-0.0035635101444313477,0.0012417945417269038,0.003773679667556304
73,15,1408.377988091114,479.79026469060057,1408.38,479.79,0.0020119088860610645,-0.0002646906005452365,0.002029245790885981
73,16,1396.1864827060317,966.831501925667,1396.19,966.83,0.003517293968343438,-0.0015019256669575043,0.003824544099472625
73,30,1085.0878299524088,348.03790294554807,1085.09,348.04,0.0021700475911075046,0.002097054451951408,0.00301773821298679
73,31,1748.2794149781996,392.35016343875265,1748.28,392.35,0.0005850218003615737,-0.00016343875262236907,0.0006074230261992486
74,0,305.15518962507457,87.08192219583871,305.16,87.08,0.004810374925455108,-0.001922195838716334,0.005180206923070315
74,1,146.53727905119837,148.0600633232146,146.54,148.06,0.0027209488016239902,-6.332321459012746e-05,0.0027216855458640065
74,2,0.1084608326164016,208.05285577835457,0.11,208.05,0.0015391673835983971,-0.0028557783545579696,0.0032441495411116546
74,6,121.71313631677238,213.77466445022645,121.71,213.77,-0.003136316772383907,-0.004664450226442796,0.005620816560936574
74,8,130.724793628518,289.8336301457464,130.72,289.83,-0.004793628518001469,-0.0036301457463991937,0.006013055172597132
74,9,516.7737675703987,158.0822914370229,516.77,158.08,-0.0037675703987360976,-0.0022914370228761527,0.004409679165113943
74,10,371.85759443165676,242.20257149143677,371.86,242.2,0.0024055683432493424,-0.0025714914367824804,0.0035212678488704906
74,11,153.78050564438726,369.1923886262194,153.78,369.19,-0.0005056443872604177,-0.0023886262193855146,0.0024415592276870735
74,13,1417.86966530489,131.33883731535667,1417.87,131.34,0.00033469510981376516,0.001162684643333023,0.0012098993331577993
74,14,1411.6901726326082,285.3390686540937,1411.69,285.34,-0.00017263260815525427,0.000931345906280967,0.0009472102272171692
74,15,1409.0334910683355,479.84269851795045,1409.03,479.84,-0.0034910683355064975,-0.002698517950477708,0.004412432124376138
74,16,1397.1398620295238,966.8736264442502,1397.14,966.87,0.00013797047631669557,-0.003626444250244276,0.0036290678903080366
74,30,1085.8158724643067,348.02842720916107,1085.82,348.03,0.004127535693214668,0.0015727908389067125,0.004417037686245157
74,31,1748.9595612336498,392.5126225790645,1748.96,392.51,0.00043876635027118027,-0.0026225790645071356,0.002659029307796628
75,0,305.8663922188059,87.06144164687903,305.87,87.06,0.0036077811940913307,-0.001441646879030145,0.0038851551923001
75,1,147.1529592883988,148.04504749241096,147.15,148.05,-0.0029592883987845653,0.004952507589052857,0.005769291052357045
75,2,0.8313456244623012,208.03964183376593,0.83,208.04,-0.0013456244623012426,0.0003581662340650382,0.0013924755813901513
75,6,122.28485223757929,213.83099833766983,122.28,213.83,-0.0048522375792856565,-0.0009983376698130542,0.004953876020733632
75,8,131.2935952213885,289.8752226093098,131.29,289.88,-0.0035952213885082074,0.004777390690207994,0.005979053322999629
75,9,517.330325677799,158.06171857776718,517.33,158.06,-0.0003256777989690818,-0.0017185777671784308,0.0017491642491719716
75,10,372.3931958237426,242.15192861857759,372.39,242.15,-0.0031958237426010783,-0.0019286185775797549,0.0037326745118692736
75,11,154.33537923329044,369.14429146966455,154.34,369.14,0.00462076670956435,-0.004291469664565284,0.0063062030466915844
75,13,1418.4022489786676,131.25412798651752,1418.4,131.25,-0.002248978667466872,-0.004127986517517002,0.004700869891363002
75,14,1412.267629474456,285.25430149057024,1412.27,285.25,0.002370525543938129,-0.004301490570242095,0.0049114369058703
75,15,1409.5251183012515,479.88202388846287,1409.53,479.88,0.0048816987484769925,-0.002023888462872492,0.005284610409578951
75,16,1397.6048965221428,966.9052198331876,1397.6,966.91,-0.004896522142871618,0.004780166812338393,0.006842947014950025
75,30,1086.36190434823,348.0213204068708,1086.36,348.02,-0.0019043482300276082,-0.0013204068708319028,0.0023173296023115447
75,31,1749.7196709252373,392.63446693429836,1749.72,392.63,0.0003290747627033852,-0.004466934298363867,0.004479039207837746
76,0,306.14979416410443,87.04608123515928,306.15,87.05,0.00020583589554235004,0.003918764840719291,0.003924166955259601
76,1,147.6147194662991,147.78378561930822,147.61,147.78,-0.004719466299093256,-0.003785619308217747,0.006050146749875412
76,2,1.123509218346726,207.77973137532445,1.12,207.78,-0.0035092183467257954,0.0002686246755558841,0.0035194847096292987
76,6,122.71363917818447,213.62324875325237,122.71,213.62,-0.0036391781844713478,-0.0032487532523646223,0.004878320976840483
76,8,131.72019641604138,289.65641695698235,131.72,289.66,-0.00019641604137632385,0.0035830430176702066,0.0035884225681746523
76,9,517.7477442583493,158.0462889333254,517.75,158.05,0.0022557416507424932,0.0037110666746116294,0.00434285462090403
76,10,372.7948968678069,242.1139464639332,372.79,242.11,-0.004896867806905902,-0.003946463933175437,0.006289188492497737
76,11,154.75153442496782,368.8582186022484,154.75,368.86,-0.0015344249678150845,0.0017813977515857005,0.00235113545573387
76,13,1418.5516867340007,131.19059598988815,1418.55,131.19,-0.001686734000713841,-0.0005959898881542358,0.0017889313949803157
76,14,1412.450722105842,285.1907261179277,1412.45,285.19,-0.0007221058419872861,-0.0007261179276838448,0.0010240527779055379
76,15,1409.8938387259386,479.6615179163472,1409.89,479.66,-0.0038387259385217476,-0.0015179163471543689,0.004127939784933658
76,16,1397.9536723916071,966.6789148748908,1397.95,966.68,-0.00367239160709687,0.0010851251091708036,0.003829354595545897
76,30,1086.5214282611723,348.0159903051531,1086.52,348.02,-0.001428261172350176,0.004009694846899947,0.004256475389532881
76,31,1750.289753193928,392.72585020072376,1750.29,392.73,0.0002468060720275389,0.004149799276262911,0.004157132096826109
77,0,306.36234562307834,86.78456092636947,306.36,86.78,-0.002345623078326753,-0.004560926369464369,0.005128742240867102
77,1,147.96103959972433,147.58783921448116,147.96,147.59,-0.0010395997243222155,0.0021607855188392477,0.0023978660607373845
77,2,1.5926319137600444,207.33479853149333,1.59,207.33,-0.0026319137600443465,-0.004798531493321434,0.005472921937384856
77,6,123.03522938363835,213.21743656493928,123.04,213.22,0.004770616361653879,0.002563435060721986,0.005415715998888644
77,8,132.04014731203102,289.24231271773675,132.04,289.24,-0.00014731203103224288,-0.0023127177367427976,0.002317404618173437
77,9,517.5608081937619,157.78471669999405,517.56,157.78,-0.0008081937619408563,-0.004716699994048668,0.004785439999696874
77,10,372.8461726508552,241.8354598479499,372.85,241.84,0.0038273491448421737,0.004540152050111601,0.005938146353421807
77,11,154.81365081872588,368.39366395168634,154.81,368.39,-0.0036508187258732505,-0.0036639516863488097,0.005172332097718115
77,13,1418.9137650505004,131.1429469924161,1418.91,131.14,-0.0037650505003057333,-0.002946992416127614,0.004781251883196087
77,14,1412.8380415793815,285.1430445884458,1412.84,285.14,0.001958420618393575,-0.0030445884457890315,0.003620073220638105
77,15,1410.170379044454,479.49613843726036,1410.17,479.5,-0.00037904445389358443,0.0038615627396438867,0.0038801213241641667
77,16,1397.7152542937054,966.2591861561681,1397.72,966.26,0.004745706294670526,0.0008138438319065244,0.004814983906308281
77,30,1086.3910711958792,347.7619927288648,1086.39,347.76,-0.001071195879148945,-0.001992728864820492,0.002262394514711006
77,31,1751.217314895446,392.79438765054283,1751.22,392.79,0.002685104554075224,-0.004387650542810206,0.0051440512975803624
78,0,306.2717592173087,86.5884206947771,306.27,86.59,-0.0017592173087450647,0.0015793052229042814,0.002364117282725409
78,1,147.72077969979324,147.44087941086087,147.72,147.44,-0.0007796997932416616,-0.0008794108608753959,0.0011752851695680903
78,2,1.4444739353200333,207.25109889862,1.44,207.25,-0.004473935320033373,-0.0010988986200004547,0.004606916042742805
78,6,123.02642203772876,213.16307742370446,123.03,213.16,0.0035779622712368564,-0.003077423704468174,0.004719359137766168
78,8,131.78011048402328,289.1817345383026,131.78,289.18,-0.00011048402328128759,-0.001734538302571309,0.0017380534636447114
78,9,517.6706061453215,157.58853752499553,517.67,157.59,-0.0006061453215124857,0.0014624750044731627,0.0015831125321657496
78,10,372.8846294881414,241.87659488596242,372.88,241.88,-0.004629488141404181,0.0034051140375765954,0.005746908913520652
78,11,154.61023811404442,368.2952479637647,154.61,368.3,-0.00023811404440721162,0.004752036235288415,0.00475799817986914
78,13,1419.1853237878754,130.85721024431209,1419.19,130.86,0.004676212124650192,0.0027897556879281638,0.005445153499494115
78,14,1412.878531184536,284.85728344133435,1412.88,284.86,0.0014688154640225548,0.0027165586656678897,0.003088221146771568
78,15,1409.8777842833406,479.37210382794524,1409.88,479.37,0.0022157166595206945,-0.0021038279452341158,0.0030554037930240166
78,16,1397.286440720279,965.944389617126,1397.29,965.94,0.003559279721002895,-0.004389617125980294,0.005651301677051221
78,30,1086.5433033969093,347.82149454664864,1086.54,347.82,-0.003303396909359435,-0.0014945466486437908,0.003625755207641279
78,31,1750.9129861715844,392.3457907379071,1750.91,392.35,-0.002986171584325348,0.004209262092899735,0.0051609212450641805
79,0,306.20381941298155,86.69131552108283,306.2,86.69,-0.0038194129815565248,-0.0013155210828301733,0.004039617710013309
79,1,147.54058477484494,147.33065955814567,147.54,147.33,-0.0005847748449525625,-0.0006595581456565469,0.0008814638771902092
79,2,1.333355451490025,207.188324173965,1.33,207.19,-0.003355451490024919,0.001675826035011596,0.0037506596221908934
79,6,122.76981652829657,213.12230806777836,122.77,213.12,0.0001834717034228106,-0.002308067778358236,0.002315348512741093
79,8,131.58508286301748,289.1363009037269,131.59,289.14,0.004917136982527381,0.0036990962730669708,0.0061531739242732635
79,9,517.5029546089911,157.44140314374664,517.5,157.44,-0.002954608991103669,-0.0014031437466428542,0.0032708602330355826
79,10,372.66347211610605,241.65744616447182,372.66,241.66,-0.003472116106024714,0.002553835528175341,0.004310181685113383
79,11,154.4576785855333,368.22143597282354,154.46,368.22,0.0023214144667065284,-0.0014359728235149305,0.002729648892459944
79,13,1419.1389928409067,130.89290768323406,1419.14,130.89,0.0010071590934330743,-0.002907683234070646,0.0030771726030855767
79,14,1412.6588983884021,284.64296258100075,1412.66,284.64,0.0011016115979600727,-0.002962581000758746,0.0031607648281415748
79,15,1409.6583382125054,479.27907787095893,1409.66,479.28,0.0016617874946405209,0.0009221290410437177,0.0019004893174337564
79,16,1396.7148305402093,965.4582922128445,1396.71,965.46,-0.004830540209241008,0.001707787155510232,0.005123539370554294
79,30,1086.407477547682,347.6161209099865,1086.41,347.62,0.002522452318089563,0.0038790900135268203,0.004627105469954074
79,31,1750.6847396286882,392.25934305343037,1750.68,392.26,-0.004739628688184894,0.0006569465696202315,0.004784940845736867
80,0,305.65286455973614,86.76848664081211,305.65,86.77,-0.0028645597361673936,0.0015133591878822017,0.003239746674297064
80,1,146.9054385811337,147.24799466860924,146.91,147.25,0.004561418866302347,0.0020053313907624215,0.004982759883903311
80,2,0.5000165886175187,207.14124313047375,0.5,207.14,-1.658861751874241e-05,-0.001243130473767451,0.001243241149994831
80,6,122.07736239622243,213.09173105083377,122.08,213.09,0.0026376037775719396,-0.001731050833768677,0.0031549153200288904
80,8,130.6888121472631,289.1022256777952,130.69,289.1,0.0011878527369049152,-0.0022256777951952245,0.0025228229768649193
80,9,516.8772159567434,157.58105235781,516.88,157.58,0.0027840432566108575,-0.0010523578099821407,0.0029762986770334047
80,10,371.74760408707954,241.49308462335387,371.75,241.49,0.002395912920462706,-0.0030846233538568413,0.003905803369039353
80,11,153.59325893914996,368.1660769796176,153.59,368.17,-0.003258939149958451,0.003923020382387676,0.005100075813530723
80,13,1419.3542446306801,130.91968076242554,1419.35,130.92,-0.004244630680204864,0.00031923757444474177,0.004256618639280922
80,14,1412.7441737913016,284.48222193575054,1412.74,284.48,-0.004173791301582241,-0.002221935750526427,0.004728375229254868
80,15,1409.243753659379,478.9593084032192,1409.24,478.96,-0.0037536593790719053,0.0006915967807685774,0.003816839640496302
80,16,1395.7861229051568,964.8437191596333,1395.79,964.84,0.0038770948431192664,-0.003719159633305935,0.005372523876220035
80,30,1085.8056081607615,347.7120906824899,1085.81,347.71,0.004391839238451212,-0.00209068248989297,0.004864072899324679
80,31,1750.7635547215161,391.9445072900728,1750.76,391.94,-0.0035547215161386703,-0.004507290072808701,0.005740357903279121
81,0,304.7396484198021,86.57636498060909,304.74,86.58,0.0003515801979006028,0.0036350193909129302,0.003651982284714541
81,1,145.67907893585027,147.18599600145694,145.68,147.19,0.0009210641497361394,0.0040039985430553315,0.004108571953941951
81,2,-0.8749875585368609,207.35593234785532,-0.87,207.36,0.004987558536860948,0.004067652144698286,0.00643595634920585
81,6,120.80802179716682,213.06879828812532,120.81,213.07,0.00197820283318606,0.0012017118746712185,0.0023146053397828255
81,8,129.51660911044732,289.07666925834644,129.52,289.08,0.0033908895526906235,0.0033307416535421908,0.004753101295069082
81,9,515.9079119675575,157.4357892683575,515.91,157.44,0.0020880324424297214,0.004210731642501742,0.004700014941019277
81,10,370.56070306530967,241.6198134675154,370.56,241.62,-0.0007030653096649075,0.0001865324846050953,0.0007273893025520532
81,11,152.19494420436246,368.3745577347132,152.19,368.37,-0.004944204362459459,-0.004557734713216632,0.006724440682601271
81,13,1419.26568347301,130.43976057181916,1419.27,130.44,0.004316526989896374,0.00023942818083355633,0.004323162165392494
81,14,1412.5581303434763,284.1116664518129,1412.56,284.11,0.0018696565236950846,-0.0016664518128663985,0.0025045313256578158
81,15,1408.6828152445344,478.7194813024144,1408.68,478.72,-0.002815244534303929,0.0005186975856190656,0.0028626297303799516
81,16,1394.5895921788676,964.3827893697251,1394.59,964.38,0.00040782113228488015,-0.0027893697250647165,0.002819024926999712
81,30,1085.1042061205712,347.5340680118674,1085.1,347.53,-0.0042061205713253,-0.004068011867445875,0.005851510131086364
81,31,1750.5726660411372,391.4583804675546,1750.57,391.46,-0.0026660411372176895,0.0016195324453747162,0.0031194006935561197
82,0,303.5547363148516,86.43227373545682,303.55,86.43,-0.004736314851584211,-0.002273735456810755,0.005253813024927285
82,1,144.5093092018877,147.1394970010927,144.51,147.14,0.0006907981122878937,0.0005029989072795615,0.0008545232195001786
82,2,-2.1562406689026457,207.2669492608915,-2.16,207.27,-0.0037593310973544902,0.003050739108516609,0.0048414439383069625
82,6,119.60601634787511,213.051598716094,119.61,213.05,0.003983652124887271,-0.0015987160939801015,0.004292479167249372
82,8,128.38745683283548,289.0575019437598,128.39,289.06,0.002543167164503757,0.0024980562401992756,0.003564825971321548
82,9,514.9309339756682,157.32684195126814,514.93,157.33,-0.0009339756682038569,0.003158048731876306,0.0032932631752871475
82,10,369.4205272989823,241.46486010063654,369.42,241.46,-0.0005272989822628915,-0.004860100636534526,0.004888621729479464
82,11,151.14620815327186,368.28091830103494,151.15,368.28,0.0037918467281485846,-0.0009183010349715914,0.003901458496588298
82,13,1418.6992626047577,130.07982042886437,1418.7,130.08,0.000737395242367711,0.00017957113564648353,0.0007589450152836523
82,14,1411.9185977576071,283.83374983885966,1411.92,283.83,0.0014022423929418437,-0.003749838859675947,0.004003445416400612
82,15,1408.0121114334008,478.2896109768108,1408.01,478.29,-0.0021114334008416336,0.0003890231892000884,0.0021469722978941937
82,16,1393.9421941341507,964.0370920272937,1393.94,964.04,-0.002194134150613536,0.002907972706225337,0.0036428738560427935
82,30,1084.3281545904283,347.40055100890055,1084.33,347.4,0.0018454095716151642,-0.0005510089005724694,0.0019259146646513042
82,31,1749.9294995308528,391.09378535066594,1749.93,391.09,0.0005004691472549894,-0.0037853506659644154,0.003818291375952257
83,0,305.4160522361387,85.82420530159261,305.42,85.82,0.003947763861333442,-0.004205301592620003,0.005767963331171816
83,1,146.13198190141577,147.10462275081954,146.13,147.1,-0.0019819014157747006,-0.004622750819549992,0.005029687700195697
83,2,-1.3671805016769842,207.70021194566863,-1.37,207.7,-0.0028194983230158677,-0.00021194566863869113,0.0028274532286041427
83,6,120.95451226090634,213.2886990370705,120.95,213.29,-0.004512260906338383,0.0013009629294913339,0.004696062502861345
83,8,130.2905926246266,289.7931264578199,130.29,289.79,-0.0005926246266199087,-0.0031264578198602067,0.0031821286032216586
83,9,517.4482004817511,157.49513146345112,517.45,157.5,0.0017995182489585204,0.00486853654888364,0.005190463761182671
83,10,372.3153954742367,242.0986450754774,372.32,242.1,0.004604525763284073,0.0013549245225874529,0.004799737281003577
83,11,153.8596561149539,368.9606887257762,153.86,368.96,0.00034388504610660675,-0.0006887257762286936,0.000769805247954026
83,13,1418.5244469535683,129.80986532164826,1418.52,129.81,-0.004446953568276513,0.00013467835174196807,0.004448992503571471
83,14,1411.1889483182053,284.12531237914476,1411.19,284.13,0.0010516817947063828,0.004687620855236219,0.004804146529797189
83,15,1406.7590835750507,478.46720823260813,1406.76,478.47,0.0009164249493096577,0.0027917673918977925,0.0029383328365215895
83,16,1391.456645600613,964.0278190204704,1391.46,964.03,0.0033543993870353006,0.0021809795296121592,0.004001083222869786
83,30,1085.2461159428212,347.5504132566754,1085.25,347.55,0.003884057178765943,-0.0004132566754151412,0.0039059801903873538
83,31,1741.4471246481396,390.82033901299945,1741.45,390.82,0.0028753518604389683,-0.0003390129994613744,0.002895268231983633
84,0,303.312039177104,85.86815397619446,303.31,85.87,-0.002039177103995371,0.0018460238055411082,0.0027506448611340985
84,1,144.34898642606183,147.07846706311466,144.35,147.08,0.0010135739381667008,0.0015329368853542746,0.001837723489160004
84,2,-2.7753853762577383,207.52515895925148,-2.78,207.53,-0.004614623742261514,0.004841040748516434,0.006688081026082162
84,6,119.21588419567976,213.21652427780288,119.22,213.22,0.0041158043202358385,0.003475722197123332,0.005387066919395733
84,8,128.21794446846997,289.3448448433649,128.22,289.34,0.0020555315300327948,-0.004844843364935514,0.005262862063717672
84,9,514.8361503613133,157.37134859758834,514.84,157.37,0.003849638686688195,-0.0013485975883327228,0.004079023593129028
84,10,369.7365466056775,241.82398380660806,369.74,241.82,0.0034533943224914765,-0.003983806608061968,0.005272252596097285
84,11,151.64474208621544,368.47051654433216,151.64,368.47,-0.00474208621545813,-0.0005165443321288876,0.00477013623724653
84,13,1417.1433352151762,129.6073989912362,1417.14,129.61,-0.0033352151760936977,0.0026010087638042023,0.004229527971326349
84,14,1409.891711238654,283.84398428435856,1409.89,283.84,-0.001711238653797409,-0.003984284358580226,0.004336226421703254
84,15,1405.569312681288,478.1004061744561,1405.57,478.1,0.0006873187119253998,-0.0004061744560885927,0.0007983637645469983
84,16,1390.5924842004597,963.7708642653528,1390.59,963.77,-0.0024842004597758205,-0.0008642653527886068,0.0026302483769372834
84,30,1083.684586957116,347.16280994250656,1083.68,347.16,-0.004586957115861878,-0.0028099425065306605,0.005379214856534709
84,31,1742.0853434861046,390.6152542597496,1742.09,390.62,0.004656513895270109,0.004745740250427843,0.006648697028845165
85,0,301.484029382828,85.90111548214585,301.48,85.9,-0.004029382827980044,-0.0011154821458490005,0.0041809360664961555
85,1,142.76173981954636,147.058850297336,142.76,147.06,-0.0017398195463727006,0.0011497026640086006,0.00208537485109248
85,2,-4.081539032193303,207.1438692194386,-4.08,207.14,0.0015390321933033135,-0.0038692194386271694,0.004164070022979243
85,6,117.66191314675982,212.91239320835217,117.66,212.91,-0.0019131467598185736,-0.0023932083521742697,0.0030639152634367992
85,8,126.66345835135247,288.7586336325237,126.66,288.76,-0.003458351352477962,0.0013663674762938172,0.003718488154809651
85,9,512.627112770985,157.27851144819124,512.63,157.28,0.0028872290149593027,0.001488551808762395,0.0032483654154347634
85,10,367.5524099542581,241.36798785495603,367.55,241.37,-0.0024099542580984235,0.002012145043977398,0.0031395234039786244
85,11,149.73355656466157,367.8528874082491,149.73,367.85,-0.0035565646615793867,-0.002887408249080181,0.0045810783216238046
85,13,1415.8575014113821,129.70554924342716,1415.86,129.71,0.002498588617754649,0.004450756572850878,0.005104133535826466
85,14,1408.6687834289905,283.6329882132689,1408.67,283.63,0.0012165710095359827,-0.0029882132689067475,0.0032263700286411278
85,15,1404.6769845109661,477.8253046308421,1404.68,477.83,0.003015489033941776,0.004695369157900586,0.005580292612649194
85,16,1389.9443631503448,963.5781481990145,1389.94,963.58,-0.004363150344715905,0.0018518009854915363,0.0047398573628814975
85,30,1082.263440217837,346.8721074568799,1082.26,346.87,-0.0034402178368964087,-0.002107456879912206,0.004034411142408455
85,31,1742.8140076145785,390.46144069481215,1742.81,390.46,-0.004007614578540597,-0.00144069481217457,0.004258705924568853
86,0,302.613022037121,85.67583661160938,302.61,85.68,-0.0030220371210134545,0.004163388390622913,0.005144561327456106
86,1,143.57130486465977,147.044137723002,143.57,147.04,-0.00130486465977242,-0.004137723002003213,0.004338596941596382
86,2,-4.061154274144977,207.60790191457897,-4.06,207.61,0.0011542741449774852,0.0020980854210392863,0.0023946421936776076
86,6,118.49643486006985,213.43429490626414,118.5,213.43,0.003565139930145733,-0.004294906264135534,0.005581795637537277
86,8,127.74759376351436,289.5689752243928,127.75,289.57,0.002406236485640534,0.0010247756072203629,0.0026153659533574973
86,9,514.7203345782387,157.45888358614343,514.72,157.46,-0.0003345782387214058,0.0011164138565789017,0.001165470933566039
86,10,369.6643074656936,242.02599089121702,369.66,242.03,-0.004307465693557333,0.004009108782980775,0.005884489267128197
86,11,151.5501674234962,368.88966555618686,151.55,368.89,-0.0001674234961797083,0.000334443813130747,0.00037400974748590555
86,13,1415.1431260585366,129.52916193257036,1415.14,129.53,-0.0031260585365089355,0.0008380674296404322,0.0032364485150090847
86,14,1407.501587571743,283.9747411599517,1407.5,283.97,-0.0015875717429025826,-0.004741159951663576,0.004999898171575228
86,15,1403.2577383832245,478.11897847313156,1403.26,478.12,0.0022616167755131755,0.0010215268684419243,0.0024816179363937913
86,16,1387.7082723627586,963.433611149261,1387.71,963.43,0.0017276372414016805,-0.003611149261018909,0.004003139945497212
86,30,1082.6975801633776,347.40408059265997,1082.7,347.4,0.0024198366224936763,-0.004080592659988724,0.004744138039340282
86,31,1735.110505710934,390.3460805211091,1735.11,390.35,-0.0005057109340214083,0.003919478890907158,0.003951968917521443
87,0,302.95976652784077,85.50687745870704,302.96,85.51,0.00023347215920921371,0.0031225412929671847,0.003131257475106605
87,1,143.42847864849483,147.0331032922515,143.43,147.03,0.0015213515051755166,-0.0031032922514953043,0.0034561442678931395
87,2,-4.545865705608733,207.95592643593423,-4.55,207.96,-0.0041342943912665575,0.004073564065777191,0.005803991239797775
87,6,118.3723261450524,213.82572117969812,118.37,213.83,-0.002326145052393258,0.004278820301891528,0.004870241675795231
87,8,128.06069532263575,290.1767314182946,128.06,290.18,-0.0006953226357495623,0.0032685817054129984,0.0033417211033756637
87,9,515.5402509336791,157.59416268960757,515.54,157.59,-0.0002509336791263195,-0.004162689607568382,0.004170246093491088
87,10,370.4982305992702,242.51949316841277,370.5,242.52,0.001769400729813242,0.0005068315872449602,0.0018405589369788948
87,11,152.41262556762214,369.41724916714014,152.41,369.42,-0.0026255676221467183,0.0027508328598742082,0.0038027209681264925
87,13,1414.1073445439024,129.39687144942778,1414.11,129.4,0.002655456097500064,0.0031285505722280504,0.004103568662608039
87,14,1406.1261906788072,283.98105586996377,1406.13,283.98,0.003809321192875359,-0.0010558699637499558,0.003952946917280661
87,15,1401.6933037874182,478.33923385484866,1401.69,478.34,-0.0033037874181900406,0.0007661451513172324,0.0033914583437627123
87,16,1385.7812042720689,963.3252083619457,1385.78,963.33,-0.0012042720688896225,0.004791638054371106,0.0049406544566489375
87,30,1082.523185122533,347.553060444495,1082.52,347.55,-0.003185122533068352,-0.0030604444949631215,0.0044171626704718305
87,31,1728.3328792832003,390.00956039083184,1728.33,390.01,-0.0028792832004000957,0.00043960916815422024,0.002912649647457013
88,0,302.4698248958806,85.38015809403028,302.47,85.38,0.00017510411942112114,-0.00015809403028299585,0.0002359134906048551
88,1,142.82135898637114,147.0248274691886,142.82,147.02,-0.0013589863711445105,-0.004827469188597888,0.00501510744888068
88,2,-5.65939927920655,208.46694482695068,-5.66,208.47,-0.0006007207934501935,0.0030551730493186824,0.00311367111830499
88,6,117.5292446087893,214.1192908847736,117.53,214.12,0.0007553912107027827,0.0007091152264138145,0.0010360792853536505
88,8,127.54552149197681,290.63254856372095,127.55,290.63,0.004478508023183281,-0.0025485637209499146,0.0051528837706141875
88,9,515.6551882002593,157.94562201720566,515.66,157.95,0.004811799740650713,0.004377982794323998,0.006505393922855343
88,10,370.6236729494526,243.13961987630958,370.62,243.14,-0.0036729494526070994,0.0003801236904052985,0.003692567088275328
88,11,152.3094691757166,370.0629368753551,152.31,370.06,0.0005308242834018984,-0.0029368753550897964,0.0029844616384170457
88,13,1413.0805084079268,129.04765358707084,1413.08,129.05,-0.0005084079268726782,0.002346412929171038,0.0024008607319642647
88,14,1405.0946430091053,283.98579190247284,1405.09,283.99,-0.004643009105393503,0.004208097527168775,0.00626622839919923
88,15,1400.5199778405636,478.50442539113646,1400.52,478.5,2.2159436412039213e-05,-0.004425391136464896,0.004425446616029185
88,16,1384.3359032040516,962.7439062714593,1384.34,962.74,0.004096795948271392,-0.003906271459300115,0.005660626622160796
88,30,1082.1423888419,347.9147953333712,1082.14,347.91,-0.002388841899801264,-0.004795333371191646,0.00535740494671724
88,31,1723.4996594624004,389.75717029312386,1723.5,389.76,0.0003405375996408111,0.0028297068761276023,0.002850124008104377
89,0,301.3523686719104,85.28511857052271,301.35,85.29,-0.0023686719104034637,0.004881429477293864,0.005425768181642839
89,1,141.11601923977835,147.01862060189146,141.12,147.02,0.0039807602216512805,0.0013793981085541418,0.004212978884846671
89,2,-7.7445494594049125,208.850208620213,-7.74,208.85,0.004549459404912248,-0.0002086202130158199,0.004554240141914266
89,6,115.89693345659197,214.3394681635802,115.9,214.34,0.003066543408039024,0.0005318364198103609,0.0031123204286872997
89,8,126.1591411189826,291.2244114227907,126.16,291.22,0.000858881017393287,-0.00441142279066753,0.004494254959396432
89,9,514.9913911501944,158.20921651290425,514.99,158.21,-0.0013911501944221527,0.0007834870957594831,0.0015966060543109633
89,10,369.71775471208946,243.6047149072322,369.72,243.6,0.0022452879105685497,-0.004714907232198584,0.005222228260961388
89,11,151.23210188178746,370.79720265651633,151.23,370.8,-0.0021018817874676188,0.0027973434836781053,0.0034990052320858895
89,13,1412.3103813059452,128.78574019030313,1412.31,128.79,-0.0003813059452113521,0.004259809696861794,0.004276841460392387
89,14,1404.070982256829,283.98934392685464,1404.07,283.99,-0.000982256829047401,0.000656073145364644,0.0011812114333509104
89,15,1399.3899833804226,478.62831904335235,1399.39,478.63,1.6619577536403085e-05,0.0016809566476467808,0.001681038804318744
89,16,1382.7519274030387,962.3079297035945,1382.75,962.31,-0.001927403038735065,0.002070296405463523,0.002828605607043928
89,30,1081.356791631425,348.1860965000284,1081.36,348.19,0.0032083685748602875,0.0039034999716136554,0.005052815150046441
89,31,1719.8747445968002,389.5678777198429,1719.87,389.57,-0.004744596800264844,0.0021222801570957017,0.005197621750597628
90,1,139.33701442983377,147.26396545141858,47.9,133.0,-91.43701442983377,-14.263965451418585,92.54289988022254
90,2,-9.808412094553685,209.13765646515975,-9.81,209.14,-0.0015879054463159292,0.0023435348402358613,0.0028308301351086247
90,6,114.17270009244397,214.75460112268513,49.4,214.7,-64.77270009244398,-0.054601122685141945,64.77272310585909
90,8,124.36935583923696,291.66830856709305,94.3,298.4,-30.069355839236962,6.731691432906928,30.8136630431133
90,9,513.7435433626458,158.40691238467818,485.0,163.2,-28.743543362645823,4.793087615321809,29.14043537643959
90,10,368.53831603406707,243.95353618042415,360.2,247.5,-8.338316034067077,3.546463819575848,9.061176518948333
90,11,149.9240764113406,371.3479019923873,166.7,380.9,16.775923588659396,9.552098007612699,19.304771135643573
90,13,1410.7327859794589,128.58930514272734,1417.9,121.4,7.167214020541223,-7.189305142727335,10.151604072829496
90,14,1402.3032366926218,283.992007945141,1402.3,283.99,-0.0032366926218401204,-0.0020079451409742433,0.0038089398547937648
90,15,1397.792487535317,478.72123928251426,1389.4,475.1,-8.392487535316832,-3.6212392825142388,9.140416892662644
90,16,1381.3139455522792,961.9809472776958,1369.3,954.8,-12.01394555227921,-7.18094727769585,13.99645996451163
90,30,1080.2675937235688,348.3895723750213,1083.9,356.8,3.632406276431311,8.410427624978695,9.161313671742844
90,31,1716.1560584476001,389.42590828988216,1731.7,383.4,15.543941552399929,-6.025908289882182,16.671103433861116
91,0,298.07320737794964,85.41037919591902,298.07,85.41,-0.003207377949649981,-0.00037919591902380034,0.0032297156000033844
91,1,137.75276082237534,147.44797408856394,137.75,147.45,-0.002760822375336147,0.0020259114360499098,0.0034243915276840836
91,2,-11.606309070915263,209.3532423488698,-11.61,209.35,-0.0036909290847368936,-0.0032423488698043457,0.004912818305420855
91,6,112.37952506933298,215.06595084201385,112.38,215.07,0.00047493066701065345,0.0040491579861452465,0.004076915443718574
91,8,122.77701687942772,292.0012314253198,122.78,292.0,0.0029831205722814502,-0.0012314253198155711,0.003227292466922031
91,9,512.3076575219843,158.55518428850863,512.31,158.56,0.002342478015634697,0.004815711491374941,0.0053552105861387495
91,10,367.1537370255503,244.2151521353181,367.15,244.22,-0.0037370255503219596,0.004847864681892133,0.006121041736313866
91,11,148.44305730850544,371.51092649429046,148.44,371.51,-0.003057308505447054,-0.0009264942904678719,0.0031946090477159273
91,13,1409.0495894845942,128.6919788570455,1409.05,128.69,0.00041051540574699175,-0.0019788570455148147,0.002020989387636471
91,14,1400.7274275194663,283.9940059588557,1400.73,283.99,0.0025724805336722056,-0.004005958855714198,0.004760815313556853
91,15,1396.0943656514878,478.7909294618857,1396.09,478.79,-0.00436565148788759,-0.0009294618856756642,0.004463497766395642
91,16,1379.7354591642093,962.2357104582718,1379.74,962.24,0.004540835790749043,0.004289541728212498,0.006246547679848746
91,30,1078.9506952926765,348.542179281266,1078.95,348.54,-0.0006952926764824952,-0.0021792812659668925,0.002287509287885943
91,31,1713.3670438357,389.31943121741165,1713.37,389.32,0.0029561642998032767,0.0005687825883455844,0.0030103855235229424
92,0,296.05490553346226,85.30778439693927,198.6,66.7,-97.45490553346227,-18.607784396939266,99.2154637780776
92,1,135.5645706167815,147.33598056642296,47.3,131.9,-88.26457061678151,-15.435980566422955,89.60415125546247
92,2,-13.704731803186448,209.26493176165235,-13.7,209.26,0.004731803186448502,-0.004931761652358091,0.006834634912777273
92,6,110.28464380199974,214.79946313151038,41.4,214.8,-68.88464380199974,0.0005368684896325249,68.88464380409185
92,8,120.83276265957079,291.75092356898983,91.4,298.7,-29.432762659570784,6.949076431010155,30.2419771347484
92,9,510.23074314148823,158.41638821638148,477.7,165.4,-32.530743141488244,6.983611783618528,33.27191131993742
92,10,365.1153027691627,243.91136410148857,357.4,250.1,-7.715302769162747,6.188635898511421,9.890657769036123
92,11,146.33229298137908,371.13319487071783,166.4,382.0,20.067707018620922,10.86680512928217,22.821049903608746
92,13,1407.2871921134456,128.76898414278412,1410.2,119.1,2.9128078865544467,-9.668984142784126,10.098203015258935
92,14,1398.7955706395996,283.9955044691418,1398.8,284.0,0.004429360400308724,0.00449553085820753,0.006311024580281651
92,15,1393.8207742386157,478.59319709641426,1387.1,478.6,-6.720774238615832,0.006802903585764852,6.720777681633236
92,16,1377.051594373157,962.4267828437039,1364.5,947.0,-12.551594373157059,-15.426782843703904,19.887889536475836
92,30,1076.9630214695073,348.4066344609495,1078.9,355.2,1.9369785304927518,6.793365539050512,7.064113615645555
92,31,1711.025282876775,389.23957341305874,1728.4,385.4,17.374717123225082,-3.8395734130587584,17.7939067971696
93,0,293.7911791500967,85.23083829770445,293.79,85.23,-0.00117915009667513,-0.0008382977044476547,0.0014467681195586167
93,1,133.17342796258612,147.25198542481724,133.17,147.25,-0.0034279625861302065,-0.001985424817235071,0.003961418836326375
93,2,-16.278548852389836,209.44869882123925,-16.28,209.45,-0.0014511476101652931,0.0013011787607410952,0.0019490755639256713
93,6,107.9634828514998,214.84959734863278,107.96,214.85,-0.0034828514998110904,0.0004026513672101828,0.003506049442499719
93,8,118.37457199467809,291.81319267674235,118.37,291.81,-0.004571994678087776,-0.003192676742344247,0.0055764074562005255
93,9,508.17305735611615,158.3122911622861,508.17,158.31,-0.0030573561161304497,-0.0022911622860988246,0.0038205825527112824
93,10,362.83647707687203,243.93352307611644,362.84,243.93,0.0035229231279458872,-0.003523076116437096,0.004982273847112935
93,11,143.99921973603432,371.34989615303834,144.0,371.35,0.0007802639656802057,0.00010384696167875518,0.0007871442355686219
93,13,1405.4653940850842,128.5767381070881,1405.47,128.58,0.00460591491582818,0.0032618929119223594,0.005643970019471918
93,14,1396.8466779796997,283.9966283518563,1396.85,284.0,0.0033220203001746995,0.0033716481436840695,0.004733268435191589
93,15,1391.8655806789618,478.4448978223107,1391.87,478.44,0.0044193210380854,-0.004897822310681477,0.0065968978940615305
93,16,1375.0386957798678,962.0700871327779,1375.04,962.07,0.0013042201321695757,-8.713277782135265e-05,0.0013071274896226804
93,30,1074.9722661021306,348.3049758457121,1074.97,348.3,-0.002266102130533909,-0.004975845712067439,0.0054675643038111805
93,31,1708.7689621575812,388.92968005979407,1708.77,388.93,0.00103784241878202,0.0003199402059408385,0.0010860380387448592
94,0,291.8433843625725,85.17312872327834,291.84,85.17,-0.0033843625725467064,-0.00312872327833702,0.004608993314690629
94,1,131.13007097193957,147.18898906861293,131.13,147.19,-7.097193957861236e-05,0.0010109313870714232,0.0010134195999553699
94,2,-18.458911639292378,209.33652411592942,-18.46,209.34,-0.0010883607076230817,0.0034758840705819694,0.0036422931103939583
94,6,105.72261213862485,214.6371980114746,105.72,214.64,-0.002612138624854765,0.0028019885253911525,0.0038307189784532393
94,8,116.28092899600857,291.60989450755676,116.28,291.61,-0.0009289960085681059,0.00010549244325375184,0.0009349664376431479
94,9,506.1297930170871,158.23421837171458,506.13,158.23,0.00020698291291409987,-0.0042183717145860555,0.004223446678798977
94,10,360.877357807654,243.95014230708733,360.88,243.95,0.002642192346002048,-0.00014230708734430664,0.0026460218631712447
94,11,141.74941480202574,371.26242211477876,141.75,371.26,0.0005851979742601543,-0.0024221147787670816,0.0024918059054830285
94,13,1403.8490455638132,128.68255358031607,1403.85,128.68,0.0009544361867028783,-0.0025535803160607884,0.002726118277892771
94,14,1395.1350084847747,283.99747126389224,1395.14,284.0,0.004991515225356125,0.002528736107763052,0.00559550985591721
94,15,1389.8991855092213,478.333673366733,1389.9,478.33,0.0008144907787936972,-0.003673366733039529,0.003762581345850408
94,16,1373.029021834901,962.3025653495833,1373.03,962.3,0.000978165099013495,-0.0025653495833921625,0.002745510052055614
94,30,1072.979199576598,348.22873188428406,1072.98,348.23,0.0008004234020972945,0.001268115715959084,0.0014995983101108866
94,31,1707.326721618186,388.94726004484556,1707.33,388.95,0.0032783818139705545,0.0027399551544249334,0.004272603605113938
95,0,289.8825382719294,85.12984654245875,289.88,85.13,-0.002538271929381608,0.00015345754124496125,0.0025429065268805263
95,1,128.84755322895467,146.8917418014597,128.85,146.89,0.002446771045327978,-0.0017418014597012643,0.003003424857270916
95,2,-20.844183729469282,209.00239308694705,-20.84,209.0,0.004183729469282582,-0.00239308694705187,0.004819798482124907
95,6,103.54195910396864,214.47789850860596,103.54,214.48,-0.0019591039686304157,0.0021014913940291535,0.002873039233822267
95,8,113.96069674700642,291.45742088066754,113.96,291.46,-0.0006967470064296322,0.00257911933243804,0.002671574989013839
95,9,504.0973447628153,157.92566377878592,504.1,157.93,0.0026552371847401446,0.004336221214089164,0.005084594273365739
95,10,358.6580183557405,243.71260673031549,358.66,243.71,0.001981644259501536,-0.0026067303154775345,0.003274439938194774
95,11,139.3120611015193,370.9468165860841,139.31,370.95,-0.0020611015193026105,0.0031834139159059305,0.0037923955005846974
95,13,1402.63678417286,128.76191518523706,1402.64,128.76,0.003215827140138572,-0.0019151852370669076,0.0037429238153522245
95,14,1393.6012563635811,283.99810344791916,1393.6,284.0,-0.0012563635812057328,0.0018965520808365,0.0022749415912293996
95,15,1387.924389131916,478.2502550250498,1387.92,478.25,-0.004389131916013866,-0.0002550250497961315,0.004396534629932429
95,16,1370.2717663761757,961.9769240121875,1370.27,961.98,-0.001766376175737605,0.003075987812508174,0.0035470813095997995
95,30,1070.9843996824484,348.17154891321303,1070.98,348.17,-0.004399682448365638,-0.0015489132130142025,0.004664368959238392
95,31,1706.4950412136395,388.9604450336342,1706.5,388.96,0.004958786360475642,-0.0004450336342074479,0.004978716411326835
96,0,287.911903703947,85.09738490684407,287.91,85.1,-0.0019037039469935735,0.0026150931559243418,0.0032346253155444826
96,1,126.885664921716,146.66880635109476,126.89,146.67,0.004335078284000815,0.0011936489052288835,0.004496409838679028
96,2,-22.633137797101963,208.7517948152103,-22.63,208.75,0.003137797101963713,-0.0017948152103031134,0.0036148488616022777
96,6,101.65646932797648,214.10842388145448,101.66,214.11,0.0035306720235155353,0.0015761185455289706,0.003866496425343704
96,8,111.97052256025482,291.09306566050066,111.97,291.09,-0.0005225602548222241,-0.0030656605006811333,0.003109878377904249
96,9,501.82300857211146,157.69424783408942,501.82,157.69,-0.003008572111468766,-0.004247834089426306,0.00520534346620853
96,10,356.4935137668054,243.28445504773663,356.49,243.28,-0.0035137668053835114,-0.0044550477366271934,0.005673976339238835
96,11,137.2340458261395,370.4601124395631,137.23,370.46,-0.004045826139503106,-0.00011243956311091097,0.0040473882697906775
96,13,1400.227588129645,128.8214363889278,1400.23,128.82,0.002411870354990242,-0.0014363889278001807,0.0028071928614164915
96,14,1391.2009422726858,283.99857758593936,1391.2,284.0,-0.0009422726857337693,0.0014224140606415858,0.0017062061933397195
96,15,1385.693291848937,478.1876912687874,1385.69,478.19,-0.003291848936896713,0.002308731212622206,0.004020759783359859
96,16,1367.9538247821317,962.4826930091406,1367.95,962.48,-0.0038247821316872432,-0.0026930091405574785,0.00467774054282622
96,30,1068.4882997618363,347.8786616849098,1068.49,347.88,0.0017002381637212238,0.0013383150902086527,0.002163769186871445
96,31,1704.8712809102296,389.22033377522564,1704.87,389.22,-0.0012809102297524078,-0.00033377522561295336,0.0013236830881738061
97,0,283.18392777796026,85.57303868013305,283.18,85.57,-0.003927777960257117,-0.0030386801330593016,0.004965985970190699
97,1,123.664248691287,146.50160476332107,123.66,146.5,-0.004248691287003226,-0.0016047633210689582,0.004541656412467306
97,2,-24.47485334782647,208.0638461114077,-24.47,208.06,0.004853347826472287,-0.0038461114077108505,0.0061925405194675
97,6,98.24235199598236,213.33131791109088,98.24,213.33,-0.0023519959823659065,-0.0013179110908652092,0.0026960665319110525
97,8,107.97789192019111,290.0697992453755,107.98,290.07,0.0021080798088917163,0.00020075462447266545,0.002117617269457372
97,9,495.11725642908357,157.27068587556707,495.12,157.27,0.0027435709164365107,-0.0006858755670577921,0.002828004007600259
97,10,350.12013532510406,242.21334128580247,350.12,242.21,-0.00013532510405411813,-0.0033412858024632897,0.003344025074297441
97,11,132.42553436960463,369.0950843296723,132.43,369.1,0.004465630395372955,0.004915670327704902,0.006641209949908016
97,13,1397.1706910972339,128.86607729169583,1397.17,128.87,-0.0006910972338118881,0.003922708304173739,0.0039831213672465535
97,14,1388.6507067045143,283.49893318945453,1388.65,283.5,-0.0007067045141866402,0.0010668105454669785,0.0012796546449301575
97,15,1383.7699688867028,477.64076845159053,1383.77,477.64,3.111329715466127e-05,-0.0007684515905452827,0.0007690811948496784
97,16,1366.7153685865987,962.1120197568555,1366.72,962.11,0.00463141340128459,-0.0020197568554749523,0.0050526634410810066
97,30,1064.6162248213773,347.15899626368235,1064.62,347.16,0.003775178622618114,0.0010037363176707004,0.0039063359082500745
97,31,1709.6534606826722,389.1652503314192,1709.65,389.17,-0.0034606826720846584,0.004749668580814159,0.005876706236016924
98,0,278.8879458334702,85.9297790100998,278.89,85.93,0.002054166529774193,0.00022098990021390819,0.002066019522666982
98,1,120.49818651846525,146.6262035724908,120.5,146.63,0.0018134815347536914,0.0037964275092008393,0.004207324222057232
98,2,-26.606140010869854,207.7978845835558,-26.61,207.8,-0.0038599891301451805,0.0021154164442123147,0.004401647738890837
98,6,95.18176399698677,213.24848843331816,95.18,213.25,-0.0017639969867673244,0.001511566681841714,0.0023230409387219523
98,8,104.23341894014334,289.5523494340316,104.23,289.55,-0.0034189401433337707,-0.0023494340316005946,0.0041483722075703585
98,9,489.58794232181265,157.2030144066753,489.59,157.2,0.002057678187327383,-0.003014406675305281,0.0036497516527467925
98,10,344.84010149382806,241.66000596435185,344.84,241.66,-0.00010149382808322116,-5.964351856846406e-06,0.00010166892658063584
98,11,128.31915077720348,368.57131324725424,128.32,368.57,0.000849222796517779,-0.0013132472542451978,0.0015639046354902937
98,13,1393.8780183229255,128.8995579687719,1393.88,128.9,0.0019816770745819667,0.0004420312281183669,0.0020303781998818773
98,14,1385.9880300283858,283.1241998920909,1385.99,283.12,0.0019699716142440593,-0.00419989209092364,0.004638952655107648
98,15,1381.577476665027,477.4805763386929,1381.58,477.48,0.0025233349729205656,-0.0005763386928947511,0.002588317151063923
98,16,1365.286526439949,961.5840148176417,1365.29,961.58,0.003473560050906599,-0.004014817641632362,0.005308896318710387
98,30,1060.962168616033,346.61924719776175,1060.96,346.62,-0.002168616033031867,0.0007528022382530253,0.0022955623948482944
98,31,1712.2400955120042,389.1239377485644,1712.24,389.12,-9.55120042362978e-05,-0.00393774856439677,0.0039389067391044
99,0,277.16595937510266,85.94733425757485,277.17,85.95,0.004040624897356793,0.002665742425151052,0.00484074707440802
99,1,118.37363988884894,146.9696526793681,118.37,146.97,-0.0036398888489372894,0.0003473206319029032,0.003656422083671886
99,2,-29.45460500815239,208.09841343766686,-29.45,208.1,0.004605008152392287,0.0015865623331308143,0.004870654999125776
99,6,93.13632299774008,213.68636632498863,93.14,213.69,0.003677002259919959,0.0036336750113719063,0.005169520258952963
99,8,102.4250642051075,289.9142620755237,102.43,289.91,0.004935794892503509,-0.004262075523683961,0.006521300406395157
99,9,488.6909567413595,157.40226080500648,488.69,157.4,-0.0009567413595163998,-0.0022608050064718554,0.0024549120771012343
99,10,343.88007612037103,242.2450044732639,343.88,242.25,-7.612037103399416e-05,0.004995526736109923,0.004996106652391982
99,11,126.7393630829026,369.1784849354407,126.74,369.18,0.0006369170973954397,0.0015150645593280387,0.0016434974925099508
99,13,1391.6585137421941,128.92466847657892,1391.66,128.92,0.001486257805936475,-0.004668476578927994,0.004899350552237136
99,14,1383.7410225212893,283.3431499190682,1383.74,283.34,-0.0010225212893146818,-0.003149919068221152,0.00331172763424847
99,15,1378.9331074987704,477.61043225401966,1378.93,477.61,-0.0031074987703050283,-0.00043225401964264165,0.0031374180698377583
99,16,1362.9648948299618,961.4380111132313,1362.96,961.44,-0.00489482996181323,0.0019888867687996026,0.00528346769973761
99,30,1058.9716264620247,346.9644353983213,1058.97,346.96,-0.0016264620246602135,-0.004435398321334105,0.004724207551172492
99,31,1708.180071634003,389.0929533114233,1708.18,389.09,-7.163400300669309e-05,-0.0029533114233117885,0.0029541800543383717
100,0,272.374469531327,86.46050069318113,272.37,86.46,-0.004469531327004006,-0.00050069318113799,0.00449748862641233
100,1,114.5302299166367,147.22723950952607,114.53,147.23,-0.00022991663669813533,0.0027604904739177982,0.002770048612645903
100,6,89.10224224830506,213.51477474374147,89.1,213.51,-0.0022422483050661413,-0.00477474374147846,0.005275021825391787
100,8,98.06879815383063,289.68569655664277,98.07,289.69,0.0012018461693656945,0.004303443357230208,0.004468115815834208
100,9,483.01821755601964,157.30169560375487,483.02,157.3,0.0017824439803462155,-0.0016956037548538916,0.0024601176062430583
100,10,338.41005709027826,241.93375335494792,338.41,241.93,-5.7090278232863056e-05,-0.003753354947917842,0.003753789107678807
100,11,122.05452231217694,368.8838637015805,122.05,368.88,-0.00452231217694532,-0.0038637015804852126,0.005948066688327549
100,13,1389.2438853066456,128.69350135743417,1389.24,128.69,-0.0038853066455430962,-0.003501357434174679,0.00523021143088419
100,14,1381.8057668909669,282.7573624393011,1381.81,282.76,0.004233109033066285,0.002637560698872221,0.004987578423048874
100,15,1377.1998306240778,476.95782419051477,1377.2,476.96,0.00016937592226895504,0.0021758094852089016,0.0021823920635324636
100,16,1361.7236711224714,960.8285083349234,1361.72,960.83,-0.003671122471359922,0.0014916650766281236,0.003962600774813907
100,30,1055.4787198465185,346.473326548741,1055.48,346.47,0.0012801534815025661,-0.0033265487409721572,0.003564368031259761
100,31,1710.8850537255023,388.81971498356745,1710.89,388.82,0.004946274497797276,0.0002850164325423066,0.004954479364613283
101,0,268.0308521484952,86.84537551988585,268.03,86.85,-0.0008521484952552782,0.004624480114145513,0.004702337013028004
101,1,111.14767243747752,147.42042963214456,111.15,147.42,0.00232756252248123,-0.00042963214457358845,0.0023668821423362186
101,6,85.8266816862288,213.3860810578061,85.83,213.39,0.003318313771202952,0.003918942193877228,0.005135106055682436
101,8,94.55159861537297,289.26427241748206,94.55,289.26,-0.0015986153729699026,-0.004272417482070523,0.004561701683779588
101,9,478.0136631670147,157.22627170281615,478.01,157.23,-0.003663167014735791,0.003728297183840823,0.0052267573569933145
101,10,333.8075428177087,241.70031501621094,333.81,241.7,0.002457182291323079,-0.00031501621094776056,0.002477292882553781
101,11,118.29089173413271,368.41289777618533,118.29,368.41,-0.0008917341327077111,-0.002897776185307066,0.0030318800410914586
101,13,1385.4329139799843,128.52012601807564,1385.43,128.52,-0.0029139799842141656,-0.00012601807563328293,0.0029167036023201097
101,14,1378.8543251682252,282.3180218294758,1378.85,282.32,-0.004325168225250309,0.0019781705241825875,0.0047560738849874605
101,15,1375.1498729680584,476.7183681428861,1375.15,476.72,0.00012703194170171628,0.001631857113920887,0.0016367940476635157
101,16,1361.0427533418535,960.8713812511926,1361.04,960.87,-0.002753341853576785,-0.001381251192583477,0.003080380856269387
101,30,1052.109039884889,346.10499491155576,1052.11,346.1,0.0009601151109563943,-0.004994911555741055,0.005086350604899582
101,31,1711.4137902941268,388.6147862376756,1711.41,388.61,-0.003790294126702065,-0.0047862376756029335,0.0061052764601017976
102,0,263.7731391113714,87.38403163991438,263.77,87.38,-0.0031391113714107632,-0.004031639914387597,0.005109612568620403
102,1,107.86075432810814,147.81532222410843,107.86,147.82,-0.000754328108143909,0.004677775891565261,0.004738206220337517
102,6,82.3700112646716,213.78956079335458,82.37,213.79,-1.1264671599064968e-05,0.00043920664541019505,0.00043935107852230383
102,8,91.16369896152972,289.44820431311155,91.16,289.45,-0.0036989615297216005,0.0017956868884425603,0.004111788880728787
102,9,473.26024737526103,157.41970377711212,473.26,157.42,-0.00024737526103990604,0.0002962228878686801,0.0003859307179686819
102,10,329.3556571132815,241.77523626215822,329.36,241.78,0.004342886718518457,0.004763737841784632,0.006446228608662194
102,11,114.71816880059953,368.559673332139,114.72,368.56,0.0018311994004704957,0.00032666786097479417,0.00186010836664893
102,13,1382.074685484988,128.14009451355673,1382.07,128.14,-0.0046854849881583505,-9.451355674627848e-05,0.004686438134304783
102,14,1375.890743876169,281.73851637210686,1375.89,281.74,-0.0007438761688263185,0.0014836278931511515,0.0016596696899937185
102,15,1372.6124047260437,476.5387761071646,1372.61,476.54,-0.0024047260437782825,0.0012238928354122436,0.0026982625925211527
102,16,1359.5320650063902,960.6535359383945,1359.53,960.65,-0.0020650063902394322,-0.003535938394520599,0.004094766381806733
102,30,1049.0817799136667,345.8287461836668,1049.08,345.83,-0.001779913666723587,0.0012538163331896612,0.002177188108171311
102,31,1710.5603427205951,387.9610896782567,1710.56,387.96,-0.00034272059519935283,-0.0010896782567328955,0.001142302985013276
103,0,257.07985433352854,87.78802372993579,257.08,87.79,0.00014566647143965383,0.0019762700642189657,0.0019816311684139696
103,1,100.6455657460811,148.11149166808133,100.65,148.11,0.004434253918901732,-0.0014916680813144012,0.004678427244502959
103,6,74.77750844850371,214.09217059501594,74.78,214.09,0.002491551496291322,-0.00217059501594008,0.0033044381643322425
103,8,82.6227742211473,289.83615323483366,82.62,289.84,-0.0027742211472912004,0.0038467651663154356,0.004742774000398451
103,9,467.19518553144576,157.5647778328341,467.2,157.56,0.004814468554229734,-0.0047778328340939424,0.006782830828659454
103,10,322.7667428349611,241.83142719661868,322.77,241.83,0.003257165038860421,-0.0014271966186640839,0.0035561234903614927
103,11,107.28862660044965,369.16975499910427,107.29,369.17,0.0013733995503599772,0.0002450008957453065,0.0013950812749961882
103,13,1378.8060141137412,127.85507088516755,1378.81,127.86,0.003985886258760729,0.0049291148324499545,0.006339042695806343
103,14,1373.4180579071267,280.80388727908013,1373.42,280.8,0.0019420928733779874,-0.003887279080117878,0.004345418665163078
103,15,1370.7093035445328,476.1540820803734,1370.71,476.15,0.0006964554672777012,-0.004082080373450481,0.0041410663352825705
103,16,1358.1490487547926,962.9901519537959,1358.15,962.99,0.0009512452074886824,-0.00015195379592114477,0.0009633054556396072
103,30,1046.06133493525,344.8715596377501,1046.06,344.87,-0.0013349352500426903,-0.0015596377501196912,0.0020529301092353223
103,31,1712.1702570404464,387.47081725869253,1712.17,387.47,-0.0002570404462858278,-0.0008172586925070391,0.0008567272386851795
104,0,251.3098907501464,87.84101779745184,251.31,87.84,0.00010924985360816208,-0.0010177974518370547,0.0010236440707000684
104,1,94.73417430956083,148.083618751061,94.73,148.08,-0.0041743095608239855,-0.003618751060997738,0.005524510797442502
104,6,68.33313133637779,214.31912794626197,68.33,214.32,-0.003131336377791172,0.00087205373802135,0.0032504992282533073
104,8,75.71708066586046,290.1271149261253,75.72,290.13,0.0029193341395341577,0.002885073874722366,0.004104407762498162
104,9,461.8963891485843,157.67358337462557,461.9,157.67,0.0036108514156580895,-0.0035833746255775623,0.005087123121489508
104,10,317.0750571262208,241.873570397464,317.08,241.87,0.004942873779157253,-0.0035703974639886837,0.006097519105959171
104,11,101.21646995033723,369.6273162493282,101.22,369.63,0.003530049662771262,0.0026837506717924953,0.00443438477017705
104,13,1375.854510585306,127.39130316387566,1375.85,127.39,-0.004510585305979475,-0.0013031638756615394,0.004695062927091304
104,14,1371.063543430345,280.1029154593101,1371.06,280.1,-0.003543430344961962,-0.0029154593100884085,0.004588660109267021
104,15,1368.5319776583997,475.86556156028007,1368.53,475.87,-0.0019776583997099806,0.00443843971993374,0.004859102786876291
104,16,1356.1117865660945,964.9926139653469,1356.11,964.99,-0.0017865660945517448,-0.0026139653468817414,0.003166170122545606
104,30,1043.0460012014375,344.1536697283126,1043.05,344.15,0.003998798562406591,-0.0036697283126159164,0.005427457584460691
104,31,1712.6276927803347,387.1031129440194,1712.63,387.1,0.0023072196654538857,-0.0031129440193922164,0.003874749418030398
105,0,248.98241806260978,87.88076334808888,248.98,87.88,-0.0024180626097916047,-0.0007633480888813438,0.002535690653386368
105,1,93.05063073217062,148.31271406329574,93.05,148.31,-0.0006307321706202629,-0.002714063295741198,0.0027863888178689135
105,6,66.74984850228334,214.4893459596965,66.75,214.49,0.00015149771665790013,0.0006540403035160125,0.0006713570412052555
105,8,74.53781049939535,290.345336194594,74.54,290.35,0.0021895006046577237,0.004663805406039501,0.005152183397667421
105,9,458.9222918614382,157.75518753096918,458.92,157.76,-0.002291861438209253,0.004812469030810007,0.005330336483230303
105,10,314.5562928446656,241.905177798098,314.56,241.91,0.0037071553343821506,0.004822201901987455,0.006082485664329137
105,11,99.41235246275292,369.72048718699614,99.41,369.72,-0.0023524627529241116,-0.00048718699611072225,0.0024023805221227296
105,13,1373.8908829389793,127.04347737290675,1373.89,127.04,-0.0008829389792026632,-0.0034773729067438808,0.0035877156483690048
105,14,1369.0476575727587,280.07718659448255,1369.05,280.08,0.002342427241273981,0.002813405517429146,0.003660903711676011
105,15,1366.6489832437996,475.64917117021,1366.65,475.65,0.0010167562004426145,0.0008288297899525787,0.0013117743677368214
105,16,1354.5838399245708,963.2444604740101,1354.58,963.24,-0.003839924570911535,-0.004460474010102189,0.005885647721796407
105,30,1040.5345009010782,344.3652522962344,1040.53,344.37,-0.004500901078245079,0.004747703765588085,0.006542079299574944
105,31,1710.970769585251,386.8273347080146,1710.97,386.83,-0.0007695852509641554,0.0026652919854086576,0.002774174260205221
106,0,246.48681354695734,87.91057251106666,246.49,87.91,0.0031864530426730653,-0.0005725110666645605,0.003237476164331381
106,1,91.28797304912797,148.2345355474718,91.29,148.23,0.002026950872036082,-0.004535547471817836,0.004967868829464098
106,6,65.06238637671251,214.36700946977237,65.06,214.37,-0.002386376712507854,0.0029905302276347356,0.0038259724066434216
106,8,72.90335787454651,290.2590021459455,72.9,290.26,-0.003357874546509265,0.0009978540545034775,0.0035030035946575664
106,9,456.19171889607867,157.8163906482269,456.19,157.82,-0.0017188960786711505,0.0036093517730932945,0.003997752362416007
106,10,311.9172196334992,241.9288833485735,311.92,241.93,0.0027803665008150347,0.0011166514265141814,0.00299622233607431
106,11,97.5592643470647,369.5403653902471,97.56,369.54,0.0007356529353046426,-0.00036539024705462,0.0008213983649027876
106,13,1372.1681622042345,126.78260802968006,1372.17,126.78,0.0018377957655957289,-0.0026080296800614633,0.003190503422365049
106,14,1367.285743179569,280.0578899458619,1367.29,280.06,0.0042568204310100555,0.0021100541380860705,0.004751089206436644
106,15,1364.9867374328496,475.4868783776575,1364.99,475.49,0.0032625671503865306,0.0031216223425190037,0.00451540368738999
106,16,1352.937879943428,961.9333453555075,1352.94,961.93,0.002120056572039175,-0.0033453555075766417,0.003960560988132851
106,30,1038.4008756758087,344.52393922217584,1038.4,344.52,-0.0008756758086292393,-0.0039392221758589585,0.004035378479473451
106,31,1709.4780771889382,386.6205010310109,1709.48,386.62,0.0019228110618314531,-0.0005010310109128113,0.0019870164703388125
107,0,244.615110160218,87.93292938329999,163.1,63.8,-81.515110160218,-24.132929383299995,85.01241947534383
107,1,89.96597978684598,148.17590166060387,4.9,133.9,-85.06597978684597,-14.275901660603864,86.25556379341172
107,6,63.79678978253438,214.02525710232928,3.8,215.8,-59.996789782534385,1.774742897670734,60.023033050342065
107,8,71.9275184059099,289.9442516094591,49.5,298.9,-22.427518405909893,8.955748390540862,24.14951368210346
107,9,453.643789172059,157.6122929861702,444.7,161.2,-8.943789172058985,3.5877070138297995,9.636545354603125
107,10,309.6879147251244,241.44666251143013,316.0,250.4,6.312085274875585,8.953337488569872,10.954664426696596
107,11,96.16944826029852,368.9052740426853,129.3,385.9,33.13055173970149,16.9947259573147,37.2351201010721
107,13,1370.126121653176,126.83695602226004,1370.13,126.84,0.003878346824194523,0.003043977739963566,0.0049302509642140365
107,14,1365.2143073846767,280.04341745939644,1365.21,280.04,-0.00430738467662195,-0.003417459396416689,0.005498417179384836
107,15,1363.2400530746372,475.36515878324315,1363.24,475.37,-5.3074637207828346e-05,0.004841216756858557,0.004841507678812751
107,16,1351.453409957571,960.9500090166307,1351.45,960.95,-0.003409957570966071,-9.016630656333291e-06,0.003409969491860187
107,30,1036.3006567568566,344.3929544166319,1036.3,344.39,-0.0006567568566424598,-0.002954416631894219,0.0030265338596420933
107,31,1707.8585578917036,386.4653757732582,1707.86,386.47,0.001442108296259903,0.004624226741839266,0.004843877506510981
108,0,242.4613326201635,87.69969703747499,242.46,87.7,-0.0013326201634811241,0.0003029625250121626,0.0013666245979339767
108,1,88.22448484013448,148.13192624545292,88.22,148.13,-0.004484840134480805,-0.0019262454529211936,0.004881005283417483
108,6,62.34759233690079,213.76894282674695,62.35,213.77,0.002407663099212698,0.001057173253059318,0.00262953548869273
108,8,70.44563880443242,289.70818870709434,70.45,289.71,0.004361195567582854,0.0018112929056428584,0.004722373213622202
108,9,451.23284187904426,157.45921973962766,451.23,157.46,-0.0028418790442401587,0.0007802603723519042,0.0029470464452997836
108,10,307.51593604384334,241.33499688357261,307.52,241.33,0.004063956156642234,-0.004996883572601973,0.006440852822511145
108,11,94.3770861952239,368.42895553201396,94.38,368.43,0.0029138047760994823,0.001044467986048403,0.0030953467733196164
108,13,1368.344591239882,126.62771701669503,1368.34,126.63,-0.00459123988207466,0.002282983304965569,0.005127523420278493
108,14,1363.6607305385076,279.7825630945473,1363.66,279.78,-0.0007305385074687365,-0.0025630945473267275,0.0026651716960508663
108,15,1361.680039805978,475.27386908743233,1361.68,475.27,-3.980597784902784e-05,-0.0038690874323492608,0.0038692921930290444
108,16,1350.0900574681782,959.962506762473,1350.09,959.96,-5.746817828367057e-05,-0.0025067624729899762,0.0025074211228882284
108,30,1034.4754925676425,344.2947158124739,1034.48,344.29,0.004507432357513608,-0.004715812473875758,0.006523483252551729
108,31,1706.3939184187777,386.34903182994367,1706.39,386.35,-0.003918418777629995,0.0009681700563533013,0.004036255563626082
109,0,240.59599946512262,87.77477277810624,240.6,87.77,0.004000534877377504,-0.004772778106243436,0.006227655269565788
109,1,86.91836363010086,148.0989446840897,86.92,148.1,0.0016363698991455067,0.0010553159102926202,0.0019471512826039527
109,6,61.01069425267559,213.8267071200602,61.01,213.83,-0.0006942526755935319,0.0032928799398064257,0.003365270431265272
109,8,69.08422910332432,289.5311415303207,69.08,289.53,-0.004229103324320249,-0.0011415303207513716,0.004380457327833626
109,9,449.42463140928317,157.59441480472074,449.42,157.59,-0.004631409283149424,-0.00441480472073863,0.00639847268262503
109,10,305.6369520328825,241.25124766267948,305.64,241.25,0.003047967117481676,-0.00124766267947507,0.00329344283554527
109,11,93.03281464641792,368.32171664901045,93.03,368.32,-0.002814646417917288,-0.001716649010461424,0.003296834585327691
109,13,1367.0084434299115,126.47078776252127,1367.01,126.47,0.0015565700884963007,-0.0007877625212699968,0.0017445573164327516
109,14,1362.4955479038806,279.5869223209105,1362.5,279.59,0.0044520961193939,0.003077679089471985,0.005412325603111414
109,15,1360.5100298544835,474.95540181557425,1360.51,474.96,-2.9854483500457718e-05,0.004598184425731233,0.004598281342330235
109,16,1348.8175431011337,959.2218800718548,1348.82,959.22,0.0024568988662849733,-0.0018800718547709039,0.003093706873356636
109,30,1033.1066194257319,344.2210368593554,1033.11,344.22,0.003380574268021519,-0.0010368593553948813,0.0035360090079748266
109,31,1705.0454388140834,386.01177387245775,1705.05,386.01,0.004561185916600152,-0.001773872457761172,0.004893980022660006
110,0,238.94699959884196,87.83107958357968,238.95,87.83,0.003000401158033128,-0.001079583579681298,0.0031887156998773067
110,1,85.43877272257564,148.32420851306728,85.44,148.32,0.0012272774243626827,-0.004208513067283093,0.0043838102278546285
110,6,59.508020689506694,213.87003034004516,59.51,213.87,0.0019793104933043537,-3.0340045157117856e-05,0.0019795430147498336
110,8,67.56317182749324,289.6483561477405,67.56,289.65,-0.0031718274932330814,0.0016438522594626193,0.0035724977113736
110,9,447.5684735569624,157.69581110354056,447.57,157.7,0.001526443037619174,0.0041888964594249956,0.004458349682884835
110,10,303.72771402466185,241.4384357470096,303.73,241.44,0.0022859753381681003,0.0015642529903914237,0.002769940552550049
110,11,91.52461098481344,368.49128748675787,91.52,368.49,-0.004610984813439245,-0.0012874867578602789,0.004787358676914957
110,13,1365.7563325724336,126.35309082189096,1365.76,126.35,0.003667427566369952,-0.0030908218909644347,0.004796165647289009
110,14,1361.1216609279104,279.44019174068285,1361.12,279.44,-0.0016609279105068708,-0.0001917406828511048,0.001671958735543712
110,15,1359.3825223908625,474.7165513616807,1359.38,474.72,-0.002522390862395696,0.0034486383193552683,0.0042726527966150995
110,16,1347.6131573258504,958.6664100538911,1347.61,958.67,-0.0031573258504522528,0.0035899461088320095,0.00478083879567719
110,30,1031.829964569299,344.41577764451654,1031.83,344.42,3.543070101841295e-05,0.004222355483477713,0.004222504134210998
110,31,1703.5340791105625,385.7588304043433,1703.53,385.76,-0.004079110562543065,0.0011695956566768473,0.004243476991992267
111,0,237.46024969913145,87.87330968768475,237.46,87.87,-0.00024969913144445854,-0.0033096876847480416,0.003319093585124856
111,1,84.07907954193172,148.49315638480044,84.08,148.49,0.0009204580682791175,-0.003156384800433898,0.003287857670865675
111,6,58.131015517130024,213.90252275503389,58.13,213.9,-0.0010155171300212373,-0.0025227550338797755,0.002719479362365583
111,8,66.17237887061992,289.7362671108054,66.17,289.74,-0.0023788706199212584,0.0037328891946231124,0.004426453113459866
111,9,445.6763551677218,157.77185832765542,445.68,157.77,0.0036448322782121068,-0.001858327655412495,0.004091232578474091
111,10,302.04578551849636,241.5788268102572,302.05,241.58,0.004214481503652223,0.001173189742814884,0.004374726107686373
111,11,90.14345823861008,368.61846561506843,90.14,368.62,-0.003458238610079434,0.0015343849315740954,0.003783351873998211
111,13,1364.3172494293253,126.26481811641821,1364.32,126.26,0.0027505706746069336,-0.0048181164182068414,0.005547962225484413
111,14,1359.5912456959327,279.33014380551214,1359.59,279.33,-0.0012456959327664663,-0.00014380551215253945,0.0012539690515464767
111,15,1358.0368917931469,474.78741352126053,1358.04,474.79,0.0031082068530849938,0.0025864787394880295,0.004043614980606846
111,16,1346.4598679943879,958.2498075404184,1346.46,958.25,0.00013200561215853668,0.00019245958162628085,0.00023337988816758196
111,30,1030.3724734269742,344.3118332333874,1030.37,344.31,-0.0024734269743476034,-0.0018332333874013784,0.0030787311753567364
111,31,1701.9005593329218,385.56912280325747,1701.9,385.57,-0.0005593329217390419,0.0008771967425218463,0.00104034967315421
112,0,237.34518727434858,87.40498226576356,155.8,67.3,-81.54518727434856,-20.104982265763567,83.98706971620838
112,1,82.30930965644879,148.36986728860035,56.35,214.18,-25.959309656448788,65.81013271139966,70.74503039317625
112,2,-40.340953756114295,208.32381007825015,-40.34,208.32,0.0009537561142920481,-0.0038100782501544472,0.003927638857869883
112,6,56.348261637847514,214.1768920662754,56.35,214.18,0.0017383621524871273,0.003107933724606937,0.0035610609387861964
112,8,65.12928415296494,290.05220033310405,47.1,300.8,-18.02928415296494,10.747799666895958,20.989766190886492
112,9,446.75726637579135,157.82889374574157,441.4,161.8,-5.357266375791369,3.9711062542584443,6.668582150936984
112,10,303.03433913887227,241.9341201076929,313.7,250.6,10.66566086112772,8.665879892307089,13.74240866487691
112,11,89.10759367895756,368.9638492113013,121.2,385.0,32.092406321042446,16.036150788698706,35.87590661701481
112,13,1364.987937071994,126.69861358731366,1374.1,116.7,9.112062928005798,-9.998613587313656,13.52782186726122
112,14,1359.4434342719496,279.9976078541341,1361.1,281.7,1.656565728050282,1.702392145865872,2.3753629258823943
112,15,1356.7776688448603,475.3405601409454,1351.0,476.2,-5.777668844860273,0.8594398590545893,5.841240805873424
112,16,1343.3449009957908,959.1873556553138,1330.9,941.7,-12.444900995790704,-17.487355655313763,21.463531130978115
112,30,1029.5293550702306,344.98387492504054,1046.2,349.1,16.670644929769423,4.116125074959484,17.171280907583952
112,31,1698.6754194996913,386.1768421024431,1687.0,379.5,-11.675419499691316,-6.676842102443118,13.449745014487421
113,0,234.75889045576145,87.80373669932267,234.76,87.8,0.001109544238545368,-0.003736699322672621,0.003897949492406391
113,1,80.23198224233658,148.77740046645027,80.23,148.78,-0.0019822423365809527,0.0025995335497270844,0.003269076223811646
113,6,54.261196228385636,214.63266904970655,54.26,214.63,-0.0011962283856377098,-0.0026690497065544605,0.0029248570369616107
113,8,63.09696311472371,290.539150249828,63.1,290.54,0.003036885276294754,0.0008497501719944012,0.003153529377725912
113,9,443.8179497818435,158.12167030930618,443.82,158.12,0.0020502181565120736,-0.0016703093061778418,0.0026444900581390107
113,10,300.2757543541542,242.20059008076967,300.28,242.2,0.0042456458457991175,-0.0005900807696832544,0.004286455874344362
113,11,87.08069525921817,369.47288690847597,87.08,369.47,-0.0006952592181761474,-0.002886908475943528,0.0029694487584286566
113,13,1362.7409528039957,126.02396019048524,1362.74,126.02,-0.0009528039956876455,-0.003960190485244652,0.0040731982683906535
113,14,1357.5825757039622,279.4982058906006,1357.58,279.5,-0.002575703962293119,0.0017941093993840695,0.0031389615222762353
113,15,1355.3332516336452,475.00542010570905,1355.33,475.01,-0.003251633645277252,0.004579894290941411,0.0056168098667568195
113,16,1343.008675746843,958.8905167414854,1343.01,958.89,0.0013242531570085703,-0.0005167414853985974,0.001421502088137444
113,30,1027.897016302673,344.7379061937804,1027.9,344.74,0.0029836973271812894,0.002093806219590988,0.0036450616216226954
113,31,1697.0065646247685,385.38263157683235,1697.01,385.38,0.003435375231447324,-0.002631576832357041,0.004327470347147404
114,0,231.06916784182107,88.102802524492,231.07,88.1,0.0008321581789232368,-0.002802524492011571,0.00292346211931565
114,1,76.92398668175244,149.08305034983772,76.92,149.08,-0.0039866817524369935,-0.0030503498377072447,0.00501978739864695
114,6,50.945897171289225,215.2245017872799,50.95,215.22,0.004102828710777828,-0.004501787279906466,0.006090918825884197
114,8,59.82272233604278,291.154362687371,59.82,291.15,-0.002722336042779716,-0.004362687371042284,0.005142388027684157
114,9,440.3634623363826,158.34125273197964,440.36,158.34,-0.0034623363825971865,-0.0012527319796333813,0.003681998185639469
114,10,296.7068157656156,242.65044256057726,296.71,242.65,0.00318423438437776,-0.0004425605772553354,0.003214841905785444
114,11,84.06052144441364,370.10466518135695,84.06,370.1,-0.0005214444136356633,-0.004665181356926951,0.004694232777518668
114,13,1361.0557146029969,125.51797014286393,1361.06,125.52,0.004285397003059188,0.002029857136065516,0.0047418295484617295
114,14,1355.9369317779717,279.12365441795043,1355.94,279.12,0.003068222028332457,-0.0036544179504289787,0.00477166186685122
114,15,1353.999938725234,474.75406507928176,1354.0,474.75,6.127476603978721e-05,-0.004065079281758699,0.004065541066566301
114,16,1342.0065068101321,958.417887556114,1342.01,958.42,0.003493189867867841,0.002112443885948778,0.004082253620765976
114,30,1026.1727622270046,344.8034296453353,1026.17,344.8,-0.0027622270044957986,-0.0034296453353022116,0.004403676322156983
114,31,1695.7549234685764,384.53697368262425,1695.75,384.54,-0.004923468576407686,0.0030263173757703044,0.005779198878889979
115,0,226.3018758813658,88.577101893369,226.3,88.58,-0.001875881365776877,0.0028981066309938797,0.0034522388305387587
115,1,72.44299001131432,149.56228776237828,72.44,149.56,-0.0029900113143241924,-0.002287762378273328,0.003764840548978073
115,6,46.70942287846692,215.66837634045993,46.71,215.67,0.0005771215330838686,0.0016236595400584974,0.0017231771719623163
115,8,55.86704175203209,291.86577201552825,55.87,291.87,0.0029582479679106655,0.004227984471754098,0.0051601437705786225
115,9,435.772596752287,158.7559395489847,435.77,158.76,-0.0025967522869905224,0.004060451015277522,0.004819790958896326
115,10,292.2801118242117,242.98783192043294,292.28,242.99,-0.00011182421172861723,0.0021680795670704356,0.0021709614606153314
115,11,80.29539108331022,370.8284988860177,80.3,370.83,0.0046089166897758105,0.0015011139822718178,0.004847211181810214
115,13,1358.0417859522477,125.13847760714795,1358.04,125.14,-0.0017859522477010614,0.0015223928520526897,0.0023467648853367474
115,14,1353.4526988334787,278.5927408134628,1353.45,278.59,-0.0026988334786892665,-0.002740813462821734,0.0038465257809715604
115,15,1352.2499540439255,474.31554880946135,1352.25,474.32,4.595607447299699e-05,0.004451190538645733,0.004451427767819024
115,16,1341.754880107599,957.8134156670856,1341.75,957.81,-0.004880107599092298,-0.003415667085619134,0.00595669638461625
115,30,1024.1295716702534,344.6025722340015,1024.13,344.6,0.0004283297466827207,-0.0025722340014908696,0.0026076529926965003
115,31,1693.5661926014322,383.9027302619682,1693.57,383.9,0.0038073985676874145,-0.0027302619682245677,0.004685148265355288
116,0,221.72640691102436,88.93282642002676,221.73,88.93,0.003593088975634373,-0.0028264200267500428,0.004571535688851065
116,1,68.33224250848573,149.92171582178372,68.33,149.92,-0.002242508485736039,-0.0017158217837334178,0.002823630411745183
116,6,42.78206715885019,216.00128225534496,42.78,216.0,-0.0020671588501883775,-0.0012822553449609586,0.0024325551343377773
116,8,51.90028131402406,292.39932901164616,51.9,292.4,-0.00028131402406472716,0.0006709883538178474,0.0007275733303899165
116,9,431.57944756421523,159.06695466173852,431.58,159.07,0.0005524357847548345,0.0030453382614723523,0.0030950396480602864
116,10,287.9600838681588,243.24087394032472,287.96,243.24,-8.386815881067378e-05,-0.0008739403247091104,0.0008779553287126617
116,11,76.47154331248267,371.37137416451327,76.47,371.37,-0.0015433124826671474,-0.0013741645132654412,0.0020664320769563857
116,13,1355.5313394641857,124.85385820536096,1355.53,124.85,-0.001339464185775796,-0.003858205360970146,0.0040841049095725725
116,14,1351.3395241251092,278.1945556100971,1351.34,278.19,0.0004758748907534027,-0.004555610097099816,0.004580397391978927
116,15,1350.687465532944,473.98666160709604,1350.69,473.99,0.002534467055966161,0.003338392903970089,0.004191466382908925
116,16,1341.3161600806993,957.6100617503141,1341.32,957.61,0.0038399193006171117,-6.175031410293741e-05,0.003840415776519988
116,30,1022.0971787526901,344.45192917550116,1022.1,344.45,0.0028212473099529234,-0.0019291755011749956,0.003417770398702991
116,31,1691.674644451074,383.42704769647617,1691.67,383.43,-0.004644451074000244,0.0029523035238412376,0.005503364595923789
117,0,217.54480518326827,88.94961981502007,217.54,88.95,-0.004805183268274504,0.00038018497993164146,0.004820199877668028
117,1,64.49918188136431,149.9412868663378,64.5,149.94,0.0008181186356921444,-0.0012868663378071687,0.0015249075622633687
117,6,38.83655036913764,216.00096169150873,38.84,216.0,0.003449630862363051,-0.0009616915087349298,0.003581173501038523
117,8,47.92521098551805,292.5494967587346,47.93,292.55,0.00478901448195046,0.0005032412653918072,0.004815382796779959
117,9,427.43458567316145,159.0502159963039,427.43,159.05,-0.0045856731614435375,-0.00021599630389346203,0.004590757317358347
117,10,283.7200629011191,243.18065545524354,283.72,243.18,-6.290111906537277e-05,-0.0006554552435318328,0.0006584664965304237
117,11,72.603657484362,371.52853062338494,72.6,371.53,-0.003657484362008745,0.0014693766150344345,0.003941606207518525
117,13,1352.8985045981394,124.39039365402073,1352.9,124.39,0.0014954018606658792,-0.0003936540207263306,0.0015463473778284684
117,14,1348.7546430938319,277.89591670757284,1348.75,277.9,-0.004643093831873557,0.004083292427139895,0.00618317049555649
117,15,1348.5155991497081,473.73999620532203,1348.52,473.74,0.00440085029185866,3.794677979840344e-06,0.004400851927858222
117,16,1338.9871200605244,957.4575463127355,1338.99,957.46,0.002879939475633364,0.0024536872645057883,0.0037834683261934775
117,30,1019.5728840645176,344.3389468816259,1019.57,344.34,-0.0028840645175023383,0.0010531183741022687,0.0030703235091742043
117,31,1689.0059833383057,383.0702857723571,1689.01,383.07,0.004016661694322465,-0.0002857723571310089,0.004026814747010052
118,0,213.4086038874512,88.96221486126505,139.3,63.9,-74.10860388745118,-25.062214861265055,78.23170574581229
118,1,60.62438641102323,149.95596514975335,60.62,149.96,-0.00438641102323345,0.004034850246654287,0.0059599176317857005
118,6,34.877412776853234,216.25072126863154,34.88,216.25,0.0025872231467687357,-0.0007212686315369865,0.0026858801257716542
118,8,43.94390823913854,292.91212256905095,23.5,296.6,-20.443908239138537,3.6878774309490723,20.773873592472352
118,9,423.32593925487106,159.03766199722793,423.33,159.04,0.0040607451289247365,0.002338002772063419,0.004685713175628894
118,10,279.54004717583933,243.38549159143264,296.9,247.2,17.359952824160644,3.814508408567349,17.774094532665064
118,11,68.70274311327151,372.1463979675387,100.5,386.6,31.79725688672849,14.453602032461333,34.92809982282708
118,13,1350.4238784486047,123.54279524051555,1354.0,114.9,3.5761215513953175,-8.64279524051554,9.353424769560727
118,14,1346.065982320374,277.42193753067966,1343.2,277.4,-2.8659823203738597,-0.021937530679679185,2.866066279057038
118,15,1345.636699362281,473.5549971539915,1333.1,473.5,-12.53669936228107,-0.05499715399150773,12.536819995005342
118,16,1335.7403400453932,957.0931597345516,1313.6,942.6,-22.14034004539326,-14.493159734551568,26.462168021854733
118,30,1016.9296630483882,344.2542101612194,1026.6,354.8,9.670336951611716,10.545789838780593,14.30835770035943
118,31,1686.0044875037293,382.3027143292678,1673.2,372.7,-12.804487503729206,-9.602714329267826,16.00521860902509
119,0,209.5564529155884,88.97166114594879,209.56,88.97,0.0035470844115934597,-0.0016611459487876346,0.003916786142508025
119,1,56.96828980826742,150.216973862315,56.97,150.22,0.0017101917325774707,0.0030261376849978205,0.0034759552716829224
119,6,31.408059582639925,216.68804095147365,31.41,216.69,0.0019404173600747754,0.0019590485263449864,0.0027573702435208123
119,8,40.457931179353906,293.4340919267882,40.46,293.43,0.0020688206460945935,-0.004091926788191813,0.004585180880361103
119,9,419.49445444115327,159.27824649792095,419.49,159.28,-0.004454441153256994,0.0017535020790546696,0.004787151086928273
119,10,275.6550353818795,243.7891186935745,275.66,243.79,0.004964618120538944,0.0008813064254979963,0.005042235030064316
119,11,65.27705733495364,372.60979847565403,65.28,372.61,0.002942665046361981,0.00020152434598230684,0.002949557532428238
119,13,1347.5679088364536,122.90709643038666,1347.57,122.91,0.0020911635463107814,0.0029035696133377087,0.003578223229050582
119,14,1343.2994867402804,277.0664531480097,1343.3,277.07,0.0005132597195824928,0.003546851990279265,0.0035837961131590457
119,15,1342.9775245217106,473.41624786549363,1342.98,473.42,0.00247547828939787,0.0037521345063851186,0.004495164748403122
119,16,1333.0552550340449,956.5698698009137,1333.06,956.57,0.004744965955069347,0.00013019908635669708,0.004746751912292792
119,30,1014.4472472862911,344.1906576209146,1014.45,344.19,0.0027527137089009557,-0.0006576209145805478,0.0028301763249778296
119,31,1682.753365627797,381.72703574695083,1682.75,381.73,-0.0033656277969384973,0.0029642530491855723,0.0044848909247752105
120,0,205.91733968669132,88.97874585946158,205.92,88.98,0.002660313308666673,0.0012541405384212112,0.0029411112509356843
120,1,53.726217356200564,150.16273039673626,53.73,150.16,0.0037826437994326056,-0.0027303967362684034,0.004665132415142263
120,6,28.056044686979945,217.01603071360523,28.06,217.02,0.003955313020053808,0.003969286394777782,0.0056035466956540275
120,8,37.093448384515426,293.82556894509116,37.09,293.83,-0.003448384515422731,0.004431054908820897,0.005614766546455252
120,9,415.62084083086495,159.20868487344072,415.62,159.21,-0.0008408308649450191,0.0013151265592910022,0.0015609466391894309
120,10,271.9912765364096,243.84183902018088,271.99,243.84,-0.0012765364095912446,-0.0018390201808813345,0.0022386470089544985
120,11,61.95779300121523,372.9573488567405,61.96,372.96,0.0022069987847714856,0.0026511432594702455,0.0034495513067959046
120,13,1344.67593162734,122.43032232278999,1344.68,122.43,0.004068372659958186,-0.0003223227899837866,0.004081120934404932
120,14,1340.2246150552103,276.5498398610073,1340.22,276.55,-0.0046150552102517395,0.00016013899272593335,0.004617832726578888
120,15,1339.733143391283,473.0621858991202,1339.73,473.06,-0.00314339128294705,-0.0021858991202066136,0.0038287156751876405
120,16,1329.2914412755335,955.9274023506853,1329.29,955.93,-0.0014412755335797556,0.002597649314679984,0.002970699770382897
120,30,1011.3354354647183,344.1429932156859,1011.34,344.14,0.004564535281701865,-0.002993215685933137,0.005458417580253209
120,31,1679.0650242208476,381.2952768102131,1679.07,381.3,0.004975779152346149,0.0047231897868869055,0.006860532044665001
121,0,198.6880047650185,88.98405939459619,198.69,88.98,0.00199523498150711,-0.004059394596183097,0.004523234143723958
121,8,28.32008628838657,294.1191767088184,28.32,294.12,-8.628838656932203e-05,0.0008232911816321575,0.0008278007341202417
121,9,408.96563062314874,159.40651365508054,408.97,159.41,0.004369376851286688,0.003486344919451767,0.005589817078039953
121,10,264.7434574023072,244.13137926513565,264.74,244.13,-0.003457402307162738,-0.0013792651356538954,0.003722365246453467
121,11,54.46834475091142,373.7180116425554,54.47,373.72,0.0016552490885786142,0.0019883574446453167,0.0025871634801296933
121,13,1340.756948720505,121.82274174209249,1340.76,121.82,0.003051279494911796,-0.0027417420924962244,0.004102128259554394
121,14,1336.9184612914078,275.66237989575546,1336.92,275.66,0.001538708592306648,-0.0023798957554390654,0.0028339950491832523
121,15,1336.5498575434622,472.5466394243401,1336.55,472.55,0.00014245653778743872,0.003360575659883125,0.0033635937077710924
121,16,1325.9685809566502,958.195551763014,1325.97,958.2,0.001419043349869753,0.004448236986036136,0.004669100160924953
121,30,1007.5015765985388,343.35724491176444,1007.5,343.36,-0.001576598538804319,0.0027550882355740214,0.003174298999520727
121,31,1677.2987681656357,380.72145760765983,1677.3,380.72,0.0012318343642618856,-0.0014576076598018517,0.0019084119028368888
122,0,192.76600357376387,88.48804454594713,192.77,88.49,0.00399642623614227,0.0019554540528616826,0.00444918230844494
122,8,21.74006471628993,294.08938253161375,21.74,294.09,-6.471628993054424e-05,0.0006174683862241181,0.0006208505505905515
122,9,403.4742229673616,159.30488524131042,403.47,159.3,-0.004222967361556584,-0.0048852413104043535,0.00645747907450372
122,10,259.05759305173035,244.09853444885175,259.06,244.1,0.0024069482696518207,0.0014655511482430938,0.0028180206068970726
122,11,48.60125856318356,374.0385087319165,48.6,374.04,-0.0012585631835619893,0.0014912680834981984,0.0019513743320742126
122,13,1336.5677115403787,121.11705630656937,1336.57,121.12,0.0022884596212406905,0.002943693430637495,0.003728589338024158
122,14,1333.4388459685558,274.9967849218166,1333.44,275.0,0.001154031444229986,0.0032150781834161535,0.0034159210031483546
122,15,1333.4123931575966,472.1599795682551,1333.41,472.16,-0.0023931575965434604,2.0431744928828266e-05,0.0023932448136566612
122,16,1323.4764357174877,959.6466638222605,1323.48,959.65,0.0035642825123431976,0.0033361777394702585,0.004882027420768181
122,30,1004.126182448904,342.76793368382334,1004.13,342.77,0.0038175510959490566,0.0020663161766378835,0.004340893791837949
122,31,1674.9740761242267,380.29109320574486,1674.97,380.29,-0.0040761242266853515,-0.001093205744837178,0.004220176241807475
123,0,187.8245026803229,88.36603340946036,187.82,88.37,-0.004502680322900687,0.003966590539647541,0.0060006641798602935
123,8,16.805048537217445,294.0670368987103,16.81,294.07,0.004951462782553762,0.0029631012897084474,0.0057703511972918
123,9,398.3556672255212,158.9786639309828,398.36,158.98,0.0043327744788257405,0.001336069017185082,0.004534094739090217
123,10,254.29319478879776,244.0739008366388,254.29,244.07,-0.003194788797770798,-0.0039008366388202376,0.005042142594683747
123,11,44.20094392238767,374.0288815489374,44.2,374.03,-0.0009439223876697156,0.0011184510625525945,0.001463530749000213
123,13,1332.175783655284,120.58779222992703,1332.18,120.59,0.004216344716041931,0.002207770072971016,0.0047593919212018205
123,14,1329.5791344764168,274.24758869136247,1329.58,274.25,0.000865523583115646,0.0024113086375336934,0.0025619407523153116
123,15,1329.8092948681974,471.61998467619134,1329.81,471.62,0.0007051318025332876,1.532380866819949e-05,0.00070529829012691
123,16,1320.8573267881156,959.7349978666954,1320.86,959.73,0.002673211884257398,-0.004997866695362063,0.005667868495540833
123,30,1000.5946368366781,342.07595026286754,1000.59,342.08,-0.004636836678059808,0.004049737132447717,0.006156348367411202
123,31,1671.48055709317,379.46831990430866,1671.48,379.47,-0.0005570931700731308,0.0016800956913698428,0.0017700492457278245
124,0,181.86837701024217,88.02452505709527,181.87,88.02,0.001622989757834148,-0.004525057095278839,0.004807310835547033
124,8,10.603786402913084,293.8002776740327,10.6,293.8,-0.003786402913084075,-0.00027767403270217983,0.003796570806484275
124,9,392.51675041914086,158.73399794823712,392.52,158.73,0.0032495808591193054,-0.003997948237127957,0.005152025414020112
124,10,248.21989609159832,243.8054256274791,248.22,243.81,0.00010390840168383875,0.0045743725208922115,0.004575552525743121
124,11,38.650707941790756,373.77166116170304,38.65,373.77,-0.0007079417907576158,-0.0016611617030548587,0.0018057241712945028
124,13,1328.131837741463,119.94084417244528,1328.13,119.94,-0.0018377414628503175,-0.0008441724452836752,0.0020223552609903743
124,14,1325.9343508573127,273.4356915185218,1325.93,273.44,-0.004350857312601875,0.004308481478176418,0.006123150496469155
124,15,1326.1069711511482,470.9649885071435,1326.11,470.96,0.0030288488517271617,-0.0049885071435369355,0.00583601995264992
124,16,1317.1429950910867,959.3012484000216,1317.14,959.3,-0.0029950910866318736,-0.0012484000216090863,0.0032448533450951623
124,30,996.6959776275086,341.30696269715065,996.7,341.31,0.0040223724914767445,0.0030373028493499987,0.005040306444935511
124,31,1668.1104178198775,378.8512399282315,1668.11,378.85,-0.0004178198776116915,-0.001239928231484555,0.0013084324473811649
125,0,176.40128275768163,87.51839379282146,176.4,87.52,-0.0012827576816221153,0.0016062071785398757,0.002055570181276614
125,9,386.88756281435565,158.30049846117782,386.89,158.3,0.002437185644339479,-0.0004984611778127146,0.002487636912967984
125,10,242.66492206869873,243.60406922060935,242.66,243.6,-0.0049220686987325735,-0.004069220609352442,0.006386338281254887
125,11,33.73803095634307,373.3287458712773,33.74,373.33,0.0019690436569348435,0.0012541287226781606,0.002334517461053075
125,13,1324.5988783060973,119.20563312933396,1324.6,119.21,0.0011216939026326145,0.004366870666032696,0.004508631347211705
125,14,1322.4507631429844,272.8267686388914,1322.45,272.83,-0.0007631429843968363,0.003231361108589681,0.0033202532777997585
125,15,1322.8302283633611,470.47374138035764,1322.83,470.47,-0.000228363361202355,-0.003741380357610069,0.003748343208012053
125,16,1313.607246318315,958.7259363000162,1313.61,958.73,0.0027536816849078605,0.0040636999838170595,0.004908810485267461
125,30,993.2719832206315,340.730222022863,993.27,340.73,-0.0019832206314731593,-0.00022202286299943808,0.001995609737597826
125,31,1664.8328133649081,378.13842994617363,1664.83,378.14,-0.002813364908206495,0.0015700538263558883,0.0032218148805265804
126,0,171.3009620682612,86.88879534461609,171.3,86.89,-0.0009620682612023757,0.001204655383915565,0.0015416776359569208
126,9,381.91567211076676,157.97537384588338,381.92,157.98,0.0043278892332523355,0.004626154116607495,0.006334976489767421
126,10,237.49869155152405,243.20305191545702,237.5,243.2,0.0013084484759531279,-0.0030519154570356477,0.003320576060131309
126,11,29.0535232172573,372.996559403458,29.05,373.0,-0.003523217257299649,0.0034405965420205575,0.004924506514067971
126,13,1320.949158729573,118.40422484700048,1320.95,118.4,0.0008412704271449911,-0.004224847000472209,0.004307791558210278
126,14,1318.8380723572384,272.1200764791686,1318.84,272.12,0.0019276427615295688,-7.64791685696764e-05,0.0019291593193156574
126,15,1319.1226712725208,469.8553060352682,1319.12,469.86,-0.002671272520956336,0.004693964731814049,0.005400833434270173
126,16,1309.4554347387361,957.7944522250122,1309.46,957.79,0.004565261263905995,-0.0044522250121872275,0.006376826637667526
126,30,989.4539874154736,340.04766651714726,989.45,340.05,-0.003987415473602596,0.0023334828527481477,0.004620024283831747
126,31,1661.124610023681,377.35382245963024,1661.12,377.35,-0.004610023681152597,-0.0038224596302143254,0.005988615529937282
127,0,166.7257215511959,86.66659650846206,166.73,86.67,0.004278448804086565,0.0034034915379379527,0.00546707223456989
127,9,377.4367540830751,157.98153038441254,377.44,157.98,0.003245916924925041,-0.0015303844125469368,0.0035886004421893315
127,10,233.12401866364303,243.15228893659275,233.12,243.15,-0.004018663643023501,-0.002288936592748314,0.004624812234175694
127,11,25.290142412942977,372.9974195525935,25.29,373.0,-0.00014241294297789864,0.0025804474065012073,0.002584374249996783
127,13,1316.4618690471798,117.80316863525036,1316.46,117.8,-0.0018690471797526698,-0.0031686352503612625,0.003678802347228428
127,14,1314.6285542679288,271.34005735937643,1314.63,271.34,0.0014457320712608634,-5.735937645567901e-05,0.0014468694896014674
127,15,1315.0920034543906,469.1414795264511,1315.09,469.14,-0.0020034543906604085,-0.001479526451134916,0.002490547733946159
127,16,1305.841576054052,956.5958391687591,1305.84,956.6,-0.001576054052065956,0.004160831240938023,0.004449321632631132
127,30,985.5904905616053,339.53574988786045,985.59,339.54,-0.000490561605261064,0.004250112139573048,0.004278329567424943
127,31,1656.8434575177607,376.5153668447227,1656.84,376.52,-0.0034575177608076046,0.004633155277304013,0.005781051538423616
128,0,162.29429116339693,86.49994738134654,162.29,86.5,-0.004291163396942466,5.261865345573824e-05,0.004291485992281729
128,9,372.8275655623063,157.7361477883094,372.83,157.74,0.0024344376936937806,0.0038522116905994608,0.004556975070555933
128,10,228.59301399773227,242.86421670244457,228.59,242.86,-0.003013997732267626,-0.004216702444551856,0.005183122788050076
128,11,21.717606809707235,372.4980646644451,21.72,372.5,0.0023931902927643023,0.0019353355548901163,0.0030778049787800266
128,13,1312.0964017853848,117.35237647643777,1312.1,117.35,0.0035982146150672634,-0.0023764764377744996,0.004312167514763432
128,14,1310.7214157009466,270.7550430195323,1310.72,270.76,-0.001415700946608922,0.004956980467682115,0.005155178418562388
128,15,1311.319002590793,468.60610964483834,1311.32,468.61,0.0009974092070024199,0.0038903551616726872,0.004016178333959601
128,16,1302.881182040539,955.1968793765693,1302.88,955.2,-0.0011820405388789368,0.003120623430731939,0.0033369912244395226
128,30,981.942867921204,338.90181241589534,981.94,338.9,-0.0028679212039151025,-0.0018124158953582992,0.0033926130651185786
128,31,1652.8825931383205,375.886525133542,1652.88,375.89,-0.0025931383204351732,0.003474866457963799,0.004335788653704333
129,0,157.4707183725477,86.37496053600991,157.47,86.37,-0.000718372547709123,-0.004960536009903649,0.005012282576117683
129,9,367.8706741717297,157.55211084123206,367.87,157.55,-0.00067417172971318,-0.0021108412320529624,0.002215887683994685
129,10,223.69476049829922,242.64816252683343,223.69,242.65,-0.004760498299219762,0.0018374731665744548,0.005102808216536792
129,11,17.288205107280426,372.37354849833383,17.29,372.37,0.0017948927195732267,-0.0035484983338278653,0.00397661669009676
129,13,1307.8223013390386,117.01428235732833,1307.82,117.01,-0.002301339038695005,-0.0042823573283214955,0.004861557945602466
129,14,1306.54106177571,270.3162822646492,1306.54,270.32,-0.001061775710013535,0.003717735350790008,0.0038663838139647295
129,15,1306.9892519430946,467.95458223362874,1306.99,467.95,0.0007480569054223452,-0.004582233628752874,0.004642892865684475
129,16,1298.1608865304042,954.147659532427,1298.16,954.15,-0.0008865304041592026,0.0023404675729352675,0.0025027434182233266
129,30,977.7071509409029,338.4263593119215,977.71,338.43,0.002849059097115969,0.0036406880785193607,0.004622958730502821
129,31,1648.4119448537404,375.41489385015655,1648.41,375.41,-0.0019448537402695365,-0.00489385015652033,0.00526613951823482
130,0,152.85303877941078,86.28122040200743,152.85,86.28,-0.003038779410786674,-0.001220402007433563,0.003274684926396565
130,9,363.4030056287973,157.41408313092404,363.4,157.41,-0.003005628797325244,-0.0040831309240445535,0.005070085069325733
130,10,219.2710703737244,242.48612189512508,219.27,242.49,-0.0010703737243886735,0.0038781048749285674,0.004023107919358664
130,11,13.21615383046032,372.2801613737504,13.22,372.28,0.003846169539681199,-0.00016137375041580526,0.0038495534306325387
130,13,1302.866726004279,116.76071176799624,1302.87,116.76,0.0032739957209741988,-0.00071176799623629,0.003350471856533582
130,14,1301.9057963317825,269.98721169848693,1301.91,269.99,0.004203668217542145,0.002788301513078295,0.00504434850213669
130,15,1302.241938957321,467.46593667522154,1302.24,467.47,-0.0019389573210446542,0.0040633247784853666,0.004502239859035258
130,16,1293.1206648978032,952.8607446493203,1293.12,952.86,-0.0006648978032899322,-0.0007446493202678539,0.0009982943949532895
130,30,973.2803632056772,338.0697694839411,973.28,338.07,-0.0003632056772175929,0.00023051605887758342,0.0004301813772858418
130,31,1643.0589586403053,375.0611703876174,1643.06,375.06,0.001041359694681887,-0.00117038761737831,0.0015666005197945104
131,0,148.63977908455809,86.46091530150558,68.3,60.1,-80.33977908455809,-26.360915301505578,84.55399434023651
131,9,359.302254221598,157.56056234819303,359.3,157.56,-0.002254221597979722,-0.0005623481930285834,0.0023233059426172793
131,10,215.2033027802933,242.86459142134382,226.0,242.9,10.796697219706687,0.03540857865618818,10.796755282095846
131,11,9.41211537284524,372.4601210303128,37.0,383.2,27.58788462715476,10.739878969687197,29.60466818737767
131,13,1298.4000445032093,116.57053382599719,1296.0,111.8,-2.400044503209301,-4.770533825997191,5.340244058314992
131,14,1297.4293472488368,269.74040877386517,1287.8,273.3,-9.629347248836893,3.5595912261348417,10.266207582932404
131,15,1297.681454217991,467.0994525064161,1278.5,463.5,-19.181454217990904,-3.599452506416128,19.516255897656865
131,16,1288.3404986733524,951.8955584869902,1264.4,932.7,-23.940498673352295,-19.195558486990194,30.685777525691673
131,30,969.2102724042579,338.0523271129558,972.8,350.0,3.5897275957420334,11.947672887044178,12.475296855283343
131,31,1638.0442189802288,374.545877790713,1610.5,367.4,-27.544218980228834,-7.14587779071303,28.456063828832757
132,0,144.97983431341856,86.59568647612919,144.98,86.6,0.00016568658142546155,0.00431352387080608,0.004316704788062107
132,9,355.47669066619846,157.92042176114478,355.48,157.92,0.0033093338015532936,-0.00042176114479275384,0.0033361014183264973
132,10,211.90247708521997,243.14844356600787,211.9,243.15,-0.002477085219965147,0.001556433992135453,0.0029254808081483775
132,11,7.309086529633929,372.5950907727346,7.31,372.6,0.000913470366070257,0.0049092272654434055,0.004993489807084968
132,13,1292.550033377407,116.42790036949789,1292.55,116.43,-3.3377407135049e-05,0.0020996305021157013,0.0020998957823477075
132,14,1292.0720104366276,269.5553065803989,1292.07,269.56,-0.0020104366276427754,0.004693419601096593,0.0051058831739205866
132,15,1292.5110906634932,466.8245893798121,1292.51,466.82,-0.001090663493187094,-0.004589379812102834,0.004717197676068719
132,16,1283.7553740050143,950.6716688652427,1283.76,950.67,0.004625994985644866,-0.0016688652427774286,0.004917818704035562
132,30,964.6577043031934,338.03924533471684,964.66,338.04,0.002295696806527303,0.0007546652831820211,0.002416556127454907
132,31,1631.7831642351716,374.1594083430348,1631.78,374.16,-0.003164235171652763,0.0005916569652413273,0.0032190747406736255
133,0,140.98487573506392,87.1967648570969,140.98,87.2,-0.004875735063933462,0.0032351429031081125,0.005851405131863716
133,9,351.60751799964885,158.69031632085859,351.61,158.69,0.00248200035116497,-0.00031632085858745995,0.0025020760637439747
133,10,208.42685781391498,243.8613326745059,208.43,243.86,0.0031421860850286976,-0.0013326745058748202,0.0034131151066960326
133,13,1286.9125250330553,116.32092527712342,1286.91,116.32,-0.002525033055235326,-0.0009252771234287138,0.0026892247368287318
133,14,1286.5540078274707,269.4164799352992,1286.55,269.42,-0.004007827470786651,0.003520064700808234,0.005334185648575449
133,15,1286.88331799762,466.3684420348591,1286.88,466.37,-0.0033179976198880468,0.001557965140932538,0.003665564565785697
133,16,1278.0665305037608,949.503751648932,1278.07,949.5,0.003469496239176806,-0.003751648932052376,0.0051100170120100125
133,30,959.4932782273951,338.27943400103766,959.49,338.28,-0.0032782273950715535,0.0005659989623154615,0.003326729577098175
133,31,1625.3373731763786,373.6195562572761,1625.34,373.62,0.002626823621312724,0.0004437427239167846,0.0026640401540734293
134,0,138.48865680129794,87.64757364282266,138.49,87.65,0.001343198702073778,0.0024263571773417425,0.0027733358803596923
134,9,348.95563849973666,159.26773724064395,348.96,159.27,0.0043615002633146105,0.0022627593560571313,0.004913528716749043
134,10,206.32014336043625,244.39599950587942,206.32,244.4,-0.0001433604362546248,0.004000494120589337,0.00400306200595906
134,13,1281.4343937747915,116.24069395784257,1281.43,116.24,-0.004393774791424221,-0.0006939578425715354,0.004448239472535342
134,14,1281.415505870603,269.3123599514744,1281.42,269.31,0.004494129397016877,-0.002359951474375066,0.005076078210443208
134,15,1281.662488498215,466.0263315261443,1281.66,466.03,-0.002488498214916035,0.003668473855668708,0.004432868574113734
134,16,1273.0498978778205,948.8778137366991,1273.05,948.88,0.00010212217944172153,0.002186263300927749,0.002188647107351348
134,30,955.1199586705463,338.2095755007782,955.12,338.21,4.132945366563945e-05,0.00042449922176501786,0.0004265064044295303
134,31,1618.753029882284,373.21466719295705,1618.75,373.21,-0.0030298822839540662,-0.004667192957072075,0.005564429598185414
135,9,345.21672887480247,159.70080293048295,345.22,159.7,0.003271125197557012,-0.0008029304829619832,0.003368227637580626
135,10,202.99010752032717,245.04699962940956,202.99,245.05,-0.00010752032716254689,0.003000370590456214,0.0030022965044824786
135,13,1275.5757953310936,116.18052046838193,1265.6,110.2,-9.97579533109365,-5.9805204683819255,11.631127097603441
135,14,1275.8116294029523,268.9842699636058,1261.8,273.0,-14.011629402952394,4.015730036394189,14.575727983564956
135,15,1275.9968663736613,465.7697486446082,1258.0,465.8,-17.996866373661305,0.030251355391783363,17.99689179875025
135,16,1267.5374234083654,948.1583603025243,1235.6,930.1,-31.937423408365476,-18.058360302524306,36.68928168799434
135,30,949.8399690029098,338.4071816255837,948.5,349.5,-1.339969002909811,11.09281837441631,11.17345678009036
135,31,1611.814772411713,372.6610003947178,1585.9,368.7,-25.914772411712875,-3.9610003947178143,26.21573865596446
136,9,341.4125466561019,160.5256021978622,341.41,160.53,-0.002546656101856115,0.004397802137788176,0.005081940667132512
136,10,199.74258064024536,245.78524972205716,199.74,245.79,-0.0025806402453554256,0.004750277942832781,0.00540600079634768
136,13,1268.9318464983203,116.13539035128645,1268.93,116.14,-0.0018464983202193253,0.004609648713554293,0.0049657242481782595
136,14,1269.3587220522143,268.73820247270436,1269.36,268.74,0.0012779477856383892,0.001797527295650525,0.002205505593152453
136,15,1269.9976497802459,465.3273114834562,1270.0,465.33,0.0023502197541347414,0.002688516543798869,0.0035709458269491266
136,16,1261.903067556274,947.3687702268933,1261.9,947.37,-0.003067556273890659,0.0012297731067292261,0.0033048817509133965
136,30,944.1299767521823,338.55538621918777,944.13,338.56,2.3247817694027617e-05,0.004613780812235291,0.004613839382160813
136,31,1604.1110793087846,371.99575029603835,1604.11,372.0,-0.0010793087847105198,0.0042497039616478105,0.0043846198483333074
137,9,337.80940999207644,161.14420164839666,337.81,161.14,0.0005900079235630074,-0.004201648396673363,0.00424287150396226
137,10,196.55693548018402,246.58893729154286,196.56,246.59,0.0030645198159788833,0.0010627084571410705,0.003243552214379538
137,13,1263.44888487374,115.85154276346483,1263.45,115.85,0.0011151262599469192,-0.001542763464840391,0.001903582329207101
137,14,1264.0190415391608,268.55365185452825,1264.02,268.55,0.0009584608392287919,-0.003651854528243348,0.0037755381968385122
137,15,1264.4982373351845,464.9954836125921,1264.5,465.0,0.0017626648154873692,0.0045163874078753,0.004848168981148624
137,30,938.5974825641367,338.6665396643908,938.6,338.67,0.0025174358632966687,0.003460335609190679,0.0042791828488679086
137,31,1597.3333094815885,371.2468127220288,1597.33,371.25,-0.003309481588530616,0.003187277971221647,0.004594715361222924
138,9,333.85705749405736,161.8581512362975,333.86,161.86,0.002942505942655771,0.0018487637025259573,0.0034750925815497367
138,10,192.917701610138,247.44170296865715,192.92,247.44,0.002298389861977057,-0.0017029686571561342,0.002860541592932199
138,13,1257.086663655305,115.63865707259862,1257.09,115.64,0.003336344694844229,0.001342927401381644,0.0035964774332945403
138,14,1257.7642811543706,268.4152388908962,1257.76,268.42,-0.004281154370573859,0.004761109103810668,0.006402846448500267
138,15,1258.3736780013883,464.7466127094441,1258.37,464.75,-0.0036780013883799256,0.0033872905559064748,0.005000143150256586
138,30,933.1981119231025,338.74990474829315,933.2,338.75,0.0018880768975577666,9.525170685265039e-05,0.0018904780503221149
138,31,1589.2499821111915,370.43510954152157,1589.25,370.44,1.7888808542920742e-05,0.004890458478428172,0.0048904911960559825
139,9,329.39279312054305,162.6436134272231,329.39,162.64,-0.0027931205430604678,-0.0036134272231151954,0.004567097400408316
139,10,188.6882762076035,248.33127722649286,188.69,248.33,0.0017237923964898982,-0.0012772264928457844,0.002145406194692168
139,13,1251.5649977414787,115.72899280444896,1251.56,115.73,-0.00499774147874632,0.0010071955510397856,0.0050982215297509185
139,14,1251.823210865778,268.31142916817214,1251.82,268.31,-0.0032108657781009242,-0.0014291681721374516,0.003514566930537866
139,15,1252.0302585010413,464.5599595320831,1252.03,464.56,-0.0002585010413440614,4.04679169037081e-05,0.0002616494614450592
139,30,927.1485839423269,339.06242856121986,927.15,339.06,0.0014160576730546381,-0.0024285612198582385,0.0028112504214346063
139,31,1581.9374865833936,369.8263321561412,1581.94,369.83,0.0025134166064617602,0.0036678438588069184,0.004446385229624776
140,9,325.0445948404073,163.23271007041734,325.04,163.23,-0.004594840407264655,-0.0027100704173506074,0.0053345140392758285
140,10,184.76620715570263,248.99845791986965,184.77,249.0,0.003792844297379361,0.0015420801303491771,0.004094347199808643
140,13,1245.673748306109,115.79674460333672,1245.67,115.8,-0.0037483061089460534,0.0032553966632775655,0.004964615405209251
140,14,1246.1174081493336,268.2335718761291,1246.12,268.23,0.002591850666249229,-0.0035718761290581824,0.004413160880533615
140,15,1246.272693875781,464.4199696490623,1246.27,464.42,-0.0026938757810057723,3.035093772041364e-05,0.002694046752175984
140,30,921.6114379567452,339.2968214209149,921.61,339.3,-0.0014379567452351694,0.0031785790851017737,0.0034887081565263883
140,31,1574.7031149375453,369.36974911710587,1574.7,369.37,-0.0031149375452059758,0.00025088289413588427,0.003125024501840558
141,9,319.5334461303055,163.674532552813,319.53,163.67,-0.003446130305519546,-0.004532552813003576,0.005693843085762627
141,10,179.32465536677697,249.49884343990223,179.32,249.5,-0.004655366776972869,0.0011565600977689883,0.004796881391893505
141,13,1239.7553112295818,115.84755845250254,1239.76,115.85,0.004688770418169952,0.0024415474974546214,0.005286371365751043
141,14,1240.0880561120002,268.1751789070968,1240.09,268.18,0.0019438879996869218,0.004821092903227964,0.005198234059455371
141,15,1239.9545204068359,464.0649772367967,1239.95,464.06,-0.004520406835808899,-0.004977236796719353,0.006723612428735385
141,30,915.4585784675589,339.47261606568617,915.46,339.47,0.001421532441099771,-0.0026160656861407006,0.0029773401141458275
141,31,1567.277336203159,369.0273118378294,1567.28,369.03,0.0026637968410341273,0.002688162170557007,0.003784445727648522
142,0,118.8998694507301,88.48926017408775,118.9,88.49,0.00013054926991173943,0.0007398259122481932,0.0007512559432765636
142,9,309.1500845977291,163.00589941460976,309.15,163.01,-8.459772914193309e-05,0.004100585390233391,0.004101457950335649
142,10,168.74349152508273,249.12413257992668,168.74,249.12,-0.0034915250827225464,-0.004132579926675817,0.005410079874978242
142,13,1233.5664834221864,116.1356688393769,1233.57,116.14,0.0035165778135706205,0.004331160623095798,0.005579002765902945
142,14,1232.8160420840002,268.3813841803226,1232.82,268.38,0.003957915999762918,-0.0013841803225886906,0.004192976773918624
142,15,1232.2158903051268,464.54873292759754,1232.22,464.55,0.0041096948732501914,0.0012670724024701485,0.004300588846230291
142,30,906.3439338506691,339.6044620492646,906.34,339.6,-0.003933850669113781,-0.004462049264589041,0.005948534670530764
142,31,1561.2080021523693,369.27048387837203,1561.21,369.27,0.001997847630718752,-0.0004838783720515494,0.0020556102340929783
143,9,304.61256344829684,164.00442456095732,304.61,164.0,-0.0025634482968257544,-0.0044245609573181355,0.005113512182005909
143,10,164.05761864381205,250.093099434945,164.06,250.09,0.0023813561879535428,-0.003099434944999757,0.003908625624460633
143,13,1227.9248625666398,116.10175162953269,1227.92,116.1,-0.00486256663975837,-0.0017516295326913678,0.005168438869319012
143,14,1227.362031563,268.28603813524194,1227.36,268.29,-0.0020315630001732643,0.003961864758082356,0.004452372467012161
143,15,1226.661917728845,463.91154969569817,1226.66,463.91,-0.0019177288450009655,-0.0015496956981451149,0.0024656116238771695
143,30,901.5079503880019,339.70334653694846,901.51,339.7,0.002049611998131695,-0.0033465369484702023,0.003924311263185128
143,31,1553.656001614277,368.452862908779,1553.66,368.45,0.003998385722979947,-0.0028629087790363883,0.004917655444092591
144,0,103.67490208804757,89.36694513056581,103.67,89.37,-0.004902088047572306,0.0030548694341945293,0.005776044882627495
144,9,294.9594225862226,163.753318420718,294.96,163.75,0.0005774137773641996,-0.0033184207179886016,0.003368281866451497
144,10,154.54321398285904,250.06982457620876,154.54,250.07,-0.0032139828590516117,0.00017542379123369756,0.003218766739732529
144,13,1221.44364692498,116.32631372214951,1221.44,116.33,-0.003646924979875621,0.0036862778504911375,0.0051854321131283125
144,14,1220.5215236722502,268.2145286014314,1220.52,268.21,-0.0015236722501867916,-0.0045286014314456224,0.004778054839668609
144,15,1219.7464382966339,463.93366227177364,1219.75,463.93,0.0035617033661310415,-0.003662271773634984,0.005108616780721835
144,16,1243.1773006672056,946.5265776701699,1243.18,946.53,0.0026993327944637713,0.0034223298300730676,0.004358754294643774
144,30,893.1309627910014,339.77750990271136,893.13,339.78,-0.0009627910013705332,0.002490097288614379,0.002669747369899399
144,31,1548.2420012107077,368.58964718158427,1548.24,368.59,-0.002001210707703649,0.0003528184157062242,0.002032074095865894
145,9,286.21956693966695,163.8149888155385,286.22,163.81,0.00043306033307999314,-0.004988815538496283,0.005007576432689701
145,10,145.9074104871443,250.30236843215658,145.91,250.3,0.0025895128557067437,-0.002368432156572453,0.0035092802267925167
145,13,1214.332735193735,116.49473529161213,1214.33,116.49,-0.0027351937351340894,-0.004735291612135484,0.005468479808930215
145,14,1213.3911427541875,268.16089645107354,1213.39,268.16,-0.00114275418741272,-0.0008964510735154363,0.0014524158013655333
145,15,1212.5598287224755,463.9502467038302,1212.56,463.95,0.00017127752448686806,-0.000246703830214301,0.00030033110101479053
145,30,885.098222093251,339.83313242703355,885.1,339.83,0.001777906748998248,-0.00313242703356309,0.003601812256174713
145,31,1541.4315009080308,368.4422353861882,1541.43,368.44,-0.0015009080307208933,-0.0022353861882038473,0.0026925222983468482
146,9,278.4146752047502,164.11124161165387,278.41,164.11,-0.004675204750185458,-0.0012416116538531696,0.00483726564860156
146,10,138.18055786535822,250.72677632411745,138.18,250.73,-0.0005578653582176685,0.003223675882537691,0.0032715898204931635
146,13,1208.2495513953013,116.3710514687091,1208.25,116.37,0.00044860469870400266,-0.0010514687090932284,0.0011431678012879338
146,14,1207.0433570656405,268.12067233830516,1207.04,268.12,-0.0033570656405572663,-0.0006723383051507881,0.003423730204263064
146,15,1206.4198715418565,463.9626850278727,1206.42,463.96,0.0001284581435356813,-0.0026850278727010846,0.002688098988471657
146,30,878.5736665699383,339.8748493202752,878.57,339.87,-0.0036665699382183448,-0.004849320275184255,0.006079444238017121
146,31,1535.323625681023,368.08167653964114,1535.32,368.08,-0.0036256810230952397,-0.0016765396411528855,0.003994539779447689
147,9,271.81100640356266,164.5834312087404,271.81,164.58,-0.0010064035626555778,-0.003431208740380498,0.003575757479330689
147,10,131.88541839901868,251.04508224308807,131.89,251.05,0.004581600981310885,0.004917756911936522,0.00672126480633283
147,13,1200.9371635464759,116.52828860153183,1200.94,116.53,0.0028364535241962585,0.0017113984681742522,0.0033127561503670253
147,14,1200.0325177992304,268.09050425372885,1200.03,268.09,-0.0025177992304179497,-0.0005042537288773019,0.0025677976532000888
147,15,1199.8149036563923,463.9720137709045,1199.81,463.97,-0.0049036563923436916,-0.002013770904454759,0.005301048883928697
147,30,872.1802499274537,339.9061369902064,872.18,339.91,-0.00024992745375129743,0.0038630097936334096,0.003871086203876923
147,31,1527.7427192607672,367.81125740473084,1527.74,367.81,-0.002719260767207743,-0.0012574047308362424,0.0029959048344706486
148,9,264.358254802672,165.1875734065553,264.36,165.19,0.0017451973280344646,0.002426593444710079,0.0029889913783228885
148,10,124.664063799264,251.53381168231607,124.66,251.53,-0.00406379926400291,-0.0038116823160692093,0.005571659226545116
148,13,1193.702872659857,116.64621645114887,1193.7,116.65,-0.0028726598568482586,0.003783548851131968,0.004750517504656676
148,14,1193.0243883494227,268.06787819029665,1193.02,268.07,-0.004388349422697502,0.00212180970333975,0.004874390943787358
148,15,1193.1111777422943,463.72901032817833,1193.11,463.73,-0.0011777422944305727,0.0009896718216850786,0.001538352114025931
148,30,865.6351874455903,339.92960274265477,865.64,339.93,0.0048125544096819795,0.00039725734524154177,0.004828922586302024
148,31,1520.3070394455754,367.3584430535481,1520.31,367.36,0.0029605544245896454,0.0015569464518989662,0.0033449909947618852
149,9,258.26869110200397,165.64068005491646,258.27,165.64,0.0013088979960116376,-0.0006800549164722725,0.0014750215772595975
149,10,118.748047849448,251.90035876173704,118.75,251.9,0.0019521505520003757,-0.0003587617370328644,0.0019848430067978197
149,13,1187.2771544948928,116.98466233836166,1187.28,116.98,0.0028455051071887283,-0.004662338361654861,0.005462078204639299
149,14,1186.7682912620671,268.0509086427225,1186.77,268.05,0.0017087379328586394,-0.0009086427224929139,0.001935307965242057
149,15,1187.0833833067209,463.2967577461337,1187.08,463.3,-0.0033833067209343426,0.003242253866289957,0.004686040386231393
149,30,859.9763905841927,339.94720205699105,859.98,339.95,0.003609415807318328,0.0027979430089430934,0.0045668772209698115
149,31,1513.2302795841815,367.0188322901611,1513.23,367.02,-0.00027958418149864883,0.0011677098389100138,0.0012007137803954444
150,9,252.701518326503,166.48051004118736,252.7,166.48,-0.001518326503003209,-0.0005100411873684152,0.0016017045241036613
150,10,113.561035887086,252.67526907130278,113.56,252.68,-0.00103588708600455,0.00473092869722791,0.004843010261521811
150,13,1180.4578658711696,117.23849675377124,1180.46,117.24,0.0021341288304483896,0.0015032462287507542,0.002610412819690475
150,14,1180.0762184465502,268.03818148204186,1180.08,268.04,0.0037815534496985492,0.0018185179581564626,0.004196087946774299
150,15,1180.5625374800406,462.9725683096003,1180.56,462.97,-0.002537480040700757,-0.0025683096002921957,0.0036104042931377886
150,30,854.2322929381445,340.2104015427433,854.23,340.21,-0.002292938144478285,-0.00040154274330461703,0.00232783201909075
150,31,1505.1727096881361,366.5141242176208,1505.17,366.51,-0.0027096881360648695,-0.004124217620812942,0.004934732087819426
151,9,251.77613874487724,167.86038253089052,221.3,167.9,-30.476138744877233,0.03961746910948705,30.476164495238994
151,10,112.4207769153145,254.0064518034771,94.8,250.8,-17.620776915314508,-3.20645180347708,17.910139928747125
151,13,1174.0933994033771,116.67887256532843,1161.3,110.3,-12.79339940337718,-6.378872565328436,14.295491719385918
151,14,1173.8071638349127,267.7786361115314,1153.0,267.8,-20.80716383491267,0.021363888468613368,20.807174802664303
151,15,1173.6719031100306,462.97942623220024,1154.4,463.0,-19.271903110030507,0.02057376779976039,19.271914091815713
151,30,849.9242197036084,340.65780115705746,849.9,351.9,-0.024219703608423515,11.242198842942514,11.242224931849607
151,31,1495.8795322661022,365.6355931632156,1467.0,360.8,-28.87953226610216,-4.835593163215606,29.281570059492598
152,9,250.33210405865793,169.14528689816788,250.33,169.15,-0.0021040586579204046,0.004713101832123812,0.005161433106796856
152,10,111.06558268648588,255.2548388526078,111.07,255.25,0.004417313514110788,-0.004838852607804256,0.006551881656593001
152,13,1167.820049552533,116.25915442399632,1167.82,116.26,-4.9552533027963364e-05,0.0008455760036838456,0.0008470267006036057
152,14,1167.6053728761844,267.58397708364856,1167.61,267.58,0.00462712381545316,-0.003977083648578628,0.006101431729629145
152,15,1167.5039273325228,462.9845696741502,1167.5,462.98,-0.003927332522835059,-0.004569674150161518,0.006025434638561137
152,30,845.4431647777063,340.9933508677931,845.44,340.99,-0.0031647777062744353,-0.0033508677930740305,0.004609135808022204
152,31,1487.4096491995765,364.7266948724117,1487.41,364.73,0.00035080042357549246,0.0033051275883053677,0.003323692120542756
153,9,247.74907804399345,170.3589651736259,247.75,170.36,0.0009219560065503174,0.0010348263741093433,0.0013859540044916711
153,10,108.54918701486442,256.4411291394558,108.55,256.44,0.0008129851355818118,-0.001129139455827044,0.0013913665014590403
153,13,1161.6150371643998,116.19436581799724,1161.62,116.19,0.00496283560005395,-0.004365817997239674,0.006609849013266845
153,14,1161.4540296571383,267.43798281273644,1161.45,267.44,-0.004029657138289622,0.002017187263561482,0.0045063489776584285
153,15,1161.3779454993921,462.98842725561263,1161.38,462.99,0.0020545006079828454,0.001572744387374314,0.002587372732371447
153,30,840.5823735832797,341.4950131508448,840.58,341.5,-0.002373583279677405,0.004986849155216078,0.005522912463767958
153,31,1479.3072368996823,364.04502115430876,1479.31,364.05,0.0027631003176793456,0.004978845691255174,0.00569417489921849
154,9,244.5618085329951,171.26922388021944,244.56,171.27,-0.0018085329950849882,0.0007761197805677966,0.0019680329032055544
154,10,105.16189026114832,257.33084685459187,105.16,257.33,-0.0018902611483184728,-0.0008468545918844939,0.002071291845355966
154,13,1155.7112778732999,116.14577436349794,1155.71,116.15,-0.0012778732998413034,0.004225636502070529,0.00441463067742684
154,14,1155.3405222428537,267.3284871095523,1155.34,267.33,-0.0005222428537763335,0.0015128904476569005,0.0016004921446017614
154,15,1154.7834591245442,463.2413204417095,1154.78,463.24,-0.0034591245441788487,-0.0013204417094812015,0.003702581386043819
154,30,835.1867801874598,342.12125986313356,835.19,342.12,0.003219812540237399,-0.0012598631335549726,0.003457520485776038
154,31,1471.4804276747618,363.78376586573154,1471.48,363.78,-0.0004276747617950605,-0.0037658657315660093,0.003790072612768739
155,9,240.67135639974632,172.20191791016458,240.67,172.2,-0.001356399746327952,-0.001917910164593195,0.002349084858256174
155,10,100.87141769586124,258.2481351409439,100.87,258.25,-0.0014176958612353019,0.0018648590561269884,0.002342554343912334
155,13,1150.783458404975,116.35933077262345,1150.78,116.36,-0.003458404974935547,0.000669227376548065,0.003522560184323378
155,14,1150.2553916821403,267.49636533216426,1150.26,267.5,0.004608317859720046,0.0036346678357404016,0.0058691910662697425
155,15,1149.087594343408,463.18099033128215,1149.09,463.18,0.0024056565919181594,-0.0009903312821393229,0.002601526414746352
155,30,830.6400851405949,342.59094489735014,830.64,342.59,-8.51405949333639e-05,-0.0009448973501662294,0.0009487254203702825
155,31,1464.6103207560714,363.58782439929865,1464.61,363.59,-0.0003207560714599822,0.0021756007013209455,0.00219911865731857
156,9,236.75351729980974,173.65143843262342,236.75,173.65,-0.0035172998097436903,-0.0014384326234164746,0.0038000639946890106
156,13,1145.0875938037311,116.76949807946758,1145.09,116.77,0.002406196268793792,0.0005019205324146014,0.0024579879382976076
156,14,1144.6915437616053,267.8722739991232,1144.69,267.87,-0.0015437616052622616,-0.0022739991231901513,0.002748503575793834
156,15,1143.315695757556,463.3857427484616,1143.32,463.39,0.004304242443822659,0.0042572515383767495,0.006053981638245664
156,30,825.4800638554461,343.4432086730126,825.48,343.44,-6.38554461147578e-05,-0.0032086730125797658,0.0032093083397604885
156,31,1457.7077405670534,363.190868299474,1457.71,363.19,0.0022594329466301133,-0.0008682994740070171,0.002420533250521153
157,9,233.0651379748573,174.98857882446757,233.07,174.99,0.004862025142699622,0.0014211755324424757,0.005065474151770635
157,13,1139.3156953527982,117.3271235596007,1139.32,117.33,0.004304647201706757,0.0028764403993051246,0.005177248004675499
157,14,1139.018657821204,268.4042054993424,1139.02,268.4,0.0013421787959941867,-0.004205499342447183,0.0044144839607523885
157,15,1137.4867718181672,463.5393070613462,1137.49,463.54,0.003228181832810151,0.0006929386537990467,0.003301714997333104
157,30,820.3600478915846,344.08240650475943,820.36,344.08,-4.789158458606835e-05,-0.002406504759449035,0.0024069812548345748
157,31,1451.03080542529,363.3931512246055,1451.03,363.39,-0.0008054252900819847,-0.0031512246055172,0.0032525261585913006
158,9,230.04885348114297,176.24143411835067,230.05,176.24,0.001146518857041201,-0.001434118350658764,0.0018360830409453912
158,13,1133.7367715145988,118.24534266970052,1133.74,118.25,0.0032284854012232245,0.0046573302994801224,0.005666907755060699
158,14,1134.013993365903,268.8031541245068,1134.01,268.8,-0.003993365902942969,-0.0031541245068069657,0.005088759440102057
158,15,1132.8650788636255,463.65448029600964,1132.87,463.65,0.004921136374377966,-0.004480296009660378,0.0066551210018604935
158,30,816.2700359186884,344.56180487856955,816.27,344.56,-3.591868846797297e-05,-0.0018048785695441438,0.0018052359410838724
158,31,1445.0231040689675,363.54486341845416,1445.02,363.54,-0.003104068967559215,-0.004863418454135626,0.0057695825858887825
159,9,226.78664011085723,177.181075588763,226.79,177.18,0.0033598891427573108,-0.0010755887630011784,0.0035278529219218966
159,13,1129.052578635949,118.9340070022754,1129.05,118.93,-0.0025786359490211908,-0.00400700227538664,0.004765021573145092
159,14,1129.2604950244272,269.3523655933801,1129.26,269.35,-0.0004950244272095006,-0.0023655933800910134,0.002416832891092084
159,15,1128.148809147719,463.9908602220072,1128.15,463.99,0.001190852281069965,-0.0008602220071907141,0.0014690510736474617
159,30,812.2025269390164,345.17135365892716,812.2,345.17,-0.0025269390163202843,-0.001353658927143897,0.002866672859472823
159,31,1439.7673280517256,363.90864756384065,1439.77,363.91,0.002671948274382885,0.001352436159379522,0.0029947272240013626
160,9,223.33998008314293,177.88580669157227,223.34,177.89,1.991685707025681e-05,0.004193308427716147,0.004193355726759993
160,13,1124.7894339769618,119.45050525170655,1124.79,119.45,0.0005660230381181464,-0.0005052517065422535,0.0007587235113296253
160,14,1124.6953712683203,269.7642741950351,1124.7,269.76,0.004628731679758857,-0.00427419503512283,0.006300309529020928
160,15,1123.6116068607894,464.2431451665054,1123.61,464.24,-0.0016068607894794695,-0.0031451665054191835,0.0035318655047407036
160,30,808.1518952042622,345.62851524419534,808.15,345.63,-0.001895204262268635,0.0014847558046540144,0.0024075504138387194
160,31,1434.5754960387942,364.1814856728805,1434.58,364.18,0.0045039612057280465,-0.0014856728805057173,0.004742667018732539
161,9,220.2549850623572,178.6643550186792,220.25,178.66,-0.004985062357206971,-0.0043550186792060686,0.006619443662535069
161,13,1121.3420754827214,120.08787893877991,1121.34,120.09,-0.00207548272146596,0.002121061220094589,0.002967579691683594
161,14,1121.02152845124,270.32320564627634,1121.02,270.32,-0.001528451240119466,-0.0032056462763421223,0.003551384412091832
161,15,1119.458705145592,464.43235887487907,1119.46,464.43,0.0012948544081154978,-0.0023588748790643876,0.002690899223920726
161,30,804.6139214031966,346.2213864331465,804.61,346.22,-0.003921403196613937,-0.0013864331464787938,0.004159278771622443
161,31,1430.4316220290957,364.38611425466036,1430.43,364.39,-0.0016220290956425742,0.0038857453396303754,0.004210700088057833
162,9,217.9412387967679,179.4982662640094,217.94,179.5,-0.001238796767893291,0.0017337359905980065,0.002130835028160959
162,13,1117.256556612041,120.56590920408493,1117.26,120.57,0.0034433879588959826,0.0040907959150615625,0.0053471049974873515
162,14,1117.0161463384302,270.74240423470724,1117.02,270.74,0.003853661569792166,-0.00240423470722817,0.0045421417879601194
162,15,1115.594028859194,464.5742691561593,1115.59,464.57,-0.004028859194022516,-0.004269156159296017,0.00587004265041702
162,30,801.2104410523975,346.66603982485987,801.21,346.67,-0.00044105239749114844,0.003960175140150568,0.0039846598798390885
162,31,1426.0737165218218,364.5395856909953,1426.07,364.54,-0.003716521821843344,0.0004143090047250553,0.003739543609002846
163,9,215.9559290975759,180.12369969800704,178.8,175.3,-37.15592909757589,-4.823699698007033,37.46773473110751
163,13,1113.1924174590308,120.92443190306369,1104.8,119.7,-8.392417459030867,-1.2244319030636888,8.481267846960517
163,14,1113.0121097538226,271.0568031760304,1098.6,277.1,-14.412109753822733,6.043196823969595,15.62783207644197
163,15,1111.6955216443955,464.68070186711947,1098.5,463.5,-13.195521644395512,-1.180701867119467,13.248239444044248
163,30,797.4078307892981,347.2495298686449,799.8,355.6,2.392169210701809,8.35047013135511,8.686358555072635
163,31,1421.8052873913664,364.65468926824644,1401.4,365.8,-20.4052873913663,1.1453107317535682,20.437404194185778
164,9,214.46694682318193,180.59277477350528,214.47,180.59,0.003053176818070824,-0.0027747735052798816,0.004125682572376149
164,13,1109.894313094273,121.44332392729777,1109.89,121.44,-0.004313094272902163,-0.003323927297770979,0.00544529842045489
164,14,1109.7590823153669,271.29260238202284,1109.76,271.29,0.0009176846331229171,-0.0026023820228147088,0.0027594451033747924
164,15,1108.2716412332966,464.7605264003396,1108.27,464.76,-0.0016412332965956011,-0.0005264003395950567,0.001723584651643155
164,30,794.0558730919736,347.4371474014837,794.06,347.44,0.004126908026364617,0.00285259851631281,0.005016840455241003
164,31,1418.1039655435247,364.74101695118486,1418.1,364.74,-0.003965543524827808,-0.0010169511848516777,0.004093864330882863
165,9,212.60021011738644,181.19458108012896,212.6,181.19,-0.0002101173864446082,-0.0045810801289576375,0.004585896255260997
165,13,1106.4207348207046,121.83249294547332,1106.42,121.83,-0.0007348207045652089,-0.0024929454733211287,0.002598987995510948
165,14,1106.0693117365252,271.46945178651714,1106.07,271.47,0.0006882634747853444,0.0005482134828866947,0.0008799117191754846
165,15,1104.7037309249724,464.8203948002547,1104.7,464.82,-0.0037309249723875837,-0.00039480025469629254,0.0037517553745804845
165,30,790.7919048189801,347.82786055111274,790.79,347.83,-0.001904818980165146,0.002139448887248818,0.0028645378140893154
165,31,1414.0779741576434,364.8057627133886,1414.08,364.81,0.0020258423564882833,0.004237286611385116,0.0046966621211628114
166,9,207.95015758803981,181.89593581009672,207.95,181.9,-0.00015758803982635072,0.0040641899032891615,0.004067243975998228
166,13,1102.8155511155285,122.374369709105,1102.82,122.37,0.004448884471457859,-0.0043697091049921255,0.006235938638459327
166,14,1102.5519838023938,271.85208883988787,1102.55,271.85,-0.0019838023938518745,-0.002088839887846916,0.0028807505992211034
166,15,1100.7777981937293,465.115296100191,1100.78,465.12,0.0022018062707047648,0.004703899808987444,0.005193710067640177
166,30,787.5939286142351,348.37089541333455,787.59,348.37,-0.003928614235064742,-0.0008954133345469018,0.004029364074843291
166,31,1409.8084806182326,364.8543220350415,1409.81,364.85,0.0015193817673662124,-0.004322035041468553,0.004581321627509571
167,9,204.46261819102986,182.67195185757254,160.6,180.1,-43.86261819102987,-2.571951857572543,43.93795865683492
167,13,1099.1116633366464,123.03077728182875,1094.0,123.0,-5.111663336646416,-0.030777281828747505,5.111755990683821
167,14,1099.1639878517954,272.1390666299159,1090.1,279.9,-9.063987851795446,7.7609333700841034,11.932642731280461
167,15,1097.583348645297,465.33647207514326,1089.8,465.3,-7.78334864529711,-0.03647207514325146,7.783434097267967
167,30,784.6954464606763,348.77817156000094,787.3,351.4,2.6045535393236605,2.6218284399990353,3.6956303262083967
167,31,1406.1063604636745,364.8907415262811,1393.2,367.5,-12.906360463674446,2.60925847371891,13.167473949128315
168,9,200.8469636432724,183.2539638931794,200.85,183.25,0.003036356727591283,-0.003963893179388833,0.0049931864890863185
168,13,1096.0837475024848,123.52308296137156,1096.08,123.52,-0.003747502484884535,-0.003082961371561055,0.004852672015781963
168,14,1095.6229908888465,272.60429997243693,1095.62,272.6,-0.0029908888466252392,-0.004299972436911048,0.005237860159555808
168,15,1093.9375114839727,465.25235405635743,1093.94,465.25,0.0024885160273697693,-0.00235405635743291,0.0034255354840442855
168,30,781.2715848455073,349.08362867000073,781.27,349.08,-0.0015848455072955403,-0.0036286700007508443,0.003959669336743157
168,31,1402.3297703477558,364.9180561447108,1402.33,364.92,0.00022965224411564122,0.0019438552891983818,0.0019573741437374395
169,9,199.6352227324543,184.19047291988454,199.64,184.19,0.0047772675456769775,-0.00047291988454389866,0.004800618545580928
169,13,1091.8128106268637,124.39231222102867,1091.81,124.39,-0.0028106268637202447,-0.002312221028674344,0.0036395040118826273
169,14,1091.717243166635,272.95322497932773,1091.72,272.95,0.0027568333650833665,-0.0032249793277401295,0.004242713974237252
169,15,1090.2031336129794,465.18926554226806,1090.2,465.19,-0.0031336129793544387,0.0007344577319372547,0.0032185335891335696
169,30,777.7036886341305,349.56272150250055,777.7,349.56,-0.003688634130412538,-0.0027215025005489224,0.004583950000658635
169,31,1398.247327760817,364.9385421085331,1398.25,364.94,0.002672239183084457,0.0014578914668845755,0.0030440613957058663
170,9,198.22641704934074,184.8928546899134,198.23,184.89,0.0035829506592506277,-0.002854689913419861,0.004581134131239294
170,13,1088.6096079701479,125.04423416577151,1088.61,125.04,0.00039202985203701246,-0.004234165771507037,0.004252275530288453
170,14,1088.5379323749762,273.21491873449577,1088.54,273.21,0.0020676250237556815,-0.0049187344957886125,0.005335637007792185
170,15,1086.9023502097345,465.39194915670106,1086.9,465.39,-0.0023502097344589856,-0.001949156701073207,0.0030533092934199057
170,30,774.7777664755979,349.9220411268754,774.78,349.92,0.002233524402072362,-0.00204112687538327,0.003025694990587216
170,31,1394.9354958206127,365.20390658139985,1394.94,365.2,0.004504179387367913,-0.003906581399860443,0.005962299068926815
171,9,195.91981278700555,185.66964101743505,195.92,185.67,0.0001872129944331391,0.00035898256493283043,0.0004048668759115475
171,13,1084.957205977611,125.78317562432863,1084.96,125.78,0.0027940223890254856,-0.0031756243286338304,0.004229793255820756
171,14,1085.153449281232,273.6611890508718,1085.15,273.66,-0.0034492812319513177,-0.0011890508718011006,0.003648476804479173
171,15,1083.676762657301,465.2939618675258,1083.68,465.29,0.00323734269909437,-0.003961867525788421,0.005116325052542741
171,30,771.5833248566985,350.44153084515654,771.58,350.44,-0.003324856698441181,-0.0015308451565374526,0.003660349567795864
171,31,1391.4516218654594,365.1529299360499,1391.45,365.15,-0.0016218654593558313,-0.002929936049895332,0.0033488763525588343
172,9,192.68985959025417,186.25223076307628,192.69,186.25,0.00014040974582485433,-0.0022307630762838926,0.002235177576666824
172,13,1080.9679044832083,126.33738171824648,1080.97,126.34,0.002095516791769114,0.002618281753527185,0.0033535935897839072
172,14,1081.3650869609241,273.99589178815387,1081.37,274.0,0.004913039075745473,0.004108211846130416,0.006404323346965566
172,15,1080.5075719929757,465.2204714006443,1080.51,465.22,0.002428007024263934,-0.00047140064430095663,0.0024733452402206937
172,30,768.4374936425238,350.5811481338674,768.44,350.58,0.002506357476249832,-0.0011481338673888786,0.0027568168557593324
172,31,1387.8387163990947,365.3646974520374,1387.84,365.36,0.0012836009052534791,-0.004697452037362382,0.004869670104564327
173,9,189.51739469269063,186.6891730723072,189.52,186.69,0.002605307309380578,0.0008269276927990177,0.0027333926877471837
173,13,1077.9759283624062,126.75303628868485,1077.98,126.75,0.004071637593824562,-0.0030362886848536164,0.005079102447599927
173,14,1078.273815220693,273.9969188411154,1078.27,274.0,-0.0038152206930135435,0.0030811588845836013,0.004904023756921168
173,15,1077.6306789947319,465.16535355048325,1077.63,465.17,-0.0006789947317429323,0.004646449516769735,0.004695798862560487
173,30,765.8281202318929,350.68586110040053,765.83,350.69,0.001879768107187374,0.0041388995994680045,0.004545769245273589
173,31,1384.879037299321,365.273523089028,1384.88,365.27,0.0009627006791106396,-0.0035230890280217864,0.0036522525784681956
174,9,185.13804601951796,187.0168798042304,185.14,187.02,0.001953980482028328,0.0031201957696112004,0.0036815297587887686
174,13,1074.7319462718046,126.81477721651365,1074.73,126.81,-0.001946271804627031,-0.004777216513645044,0.005158466008003646
174,14,1075.2053614155197,274.24768913083653,1075.21,274.25,0.004638584480289865,0.0023108691634661227,0.0051823336704080155
174,15,1074.4730092460488,465.3740151628624,1074.47,465.37,-0.0030092460488049255,-0.004015162862401667,0.005017678207483776
174,30,762.8710901739196,351.0143958253004,762.87,351.01,-0.001090173919578774,-0.004395825300434808,0.004528990974474615
174,31,1381.6592779744908,365.455142316771,1381.66,365.46,0.0007220255092761363,0.004857683228976839,0.004911049499763601
175,9,182.60353451463845,187.2626598531728,182.6,187.26,-0.0035345146384599957,-0.002659853172815474,0.004423529431395764
175,13,1071.7989597038536,126.86108291238523,1071.8,126.86,0.0010402961463569227,-0.0010829123852289513,0.001501637541554992
175,14,1072.15402106164,274.4357668481274,1072.15,274.44,-0.004021061639832624,0.004233151872597318,0.005838536759138167
175,15,1071.3547569345367,465.5305113721468,1071.35,465.53,-0.004756934536771951,-0.0005113721468319454,0.004784341925457386
175,30,759.6533176304397,351.5107968689753,759.65,351.51,-0.0033176304397102285,-0.0007968689753283797,0.0034119894340886793
175,31,1378.4944584808682,365.3413567375783,1378.49,365.34,-0.004458480868152037,-0.0013567375783054558,0.004660342102041855
176,9,178.95265088597884,187.4469948898796,178.95,187.45,-0.002650885978852102,0.003005110120398058,0.00400722888148325
176,13,1069.59921977789,127.14581218428893,1069.6,127.15,0.0007802221098245354,0.004187815711077292,0.004259876403207592
176,14,1069.6155157962298,274.5768251360955,1069.62,274.58,0.0044842037700618675,0.0031748639044621996,0.005494346572914201
176,15,1068.7660677009026,465.3978835291101,1068.77,465.4,0.003932299097414216,0.0021164708898595563,0.004465694259479433
176,30,756.9899882228298,351.6330976517315,756.99,351.63,1.1777170243476576e-05,-0.0030976517314798002,0.0030976741196063135
176,31,1376.1208438606511,365.5060175531837,1376.12,365.51,-0.0008438606512299884,0.0039824468162805715,0.004070870108858493
177,9,175.71448816448412,188.0852461674097,175.71,188.09,-0.004488164484115487,0.00475383259029627,0.006537778271939067
177,13,1065.9494148334174,127.35935913821669,1065.95,127.36,0.0005851665825957753,0.0006408617833102426,0.0008678270304008758
177,14,1066.4616368471725,274.68261885207164,1066.46,274.68,-0.0016368471724490519,-0.002618852071634592,0.0030883093820178137
177,15,1066.074550775677,465.2984126468326,1066.07,465.3,-0.00455077567698936,0.0015873531673946673,0.004819673157000986
177,30,753.9924911671224,351.9748232387986,753.99,351.97,-0.0024911671223435405,-0.004823238798564944,0.005428586016581813
177,31,1373.3406328954884,365.1295131648878,1373.34,365.13,-0.0006328954884793347,0.00048683511221270237,0.0007984767534628984
178,9,166.5358661233631,188.8139346255573,166.54,188.81,0.004133876636899458,-0.003934625557292293,0.005707032006673948
178,10,75.90356327189593,262.43610135570793,75.9,262.44,-0.0035632718959277554,0.003898644292064546,0.0052816980148770384
178,13,1061.962061125063,128.26951935366253,1061.96,128.27,-0.002061125062937208,0.0004806463374791292,0.0021164256251519943
178,14,1063.3462276353794,274.7619641390537,1063.35,274.76,0.003772364620544977,-0.001964139053711733,0.004253066782059161
178,15,1063.5559130817578,464.97380948512443,1063.56,464.97,0.004086918242137472,-0.0038094851244068195,0.005587045518965536
178,30,750.9943683753418,351.98111742909896,750.99,351.98,-0.004368375341755382,-0.0011174290989401925,0.004509029930884772
178,31,1367.0054746716164,364.5971348736658,1367.01,364.6,0.004525328383579108,0.0028651263341998856,0.005356075605343186
179,9,159.6518995925223,189.36045096916797,126.1,177.8,-33.55189959252232,-11.56045096916796,35.4876597266886
179,10,57.17767245392195,265.57707601678095,5.6,272.0,-51.57767245392195,6.42292398321905,51.97605456610062
179,13,1058.2215458437972,128.9521395152469,1052.6,124.5,-5.621545843797321,-4.452139515246898,7.171005782813023
179,14,1060.5096707265345,274.82147310429025,1053.8,277.0,-6.7096707265345685,2.1785268957097514,7.054478059633164
179,15,1061.1669348113182,464.4803571138433,1051.2,460.1,-9.966934811318197,-4.380357113843274,10.88702521251163
179,30,748.2457762815063,351.9858380718242,752.7,354.2,4.454223718493722,2.21416192817577,4.9741956112094226
179,31,1361.5041060037124,363.9478511552494,1351.5,365.1,-10.004106003712423,1.1521488447506272,10.070232564046131
180,9,157.48892469439173,189.020338226876,157.49,189.02,0.0010753056082819512,-0.0003382268759821727,0.001127244237438931
180,13,1055.666159382848,128.46410463643517,1055.67,128.46,0.0038406171520364296,-0.004104636435158682,0.005621243667850433
180,14,1058.1322530449008,274.61610482821766,1058.13,274.62,-0.0022530449007263087,0.0038951717823465515,0.00449984161262123
180,15,1058.8752011084887,464.3602678353825,1058.88,464.36,0.004798891511427428,-0.0002678353824876467,0.004806359904393607
180,30,745.6843322111297,351.98937855386816,745.68,351.99,-0.004332211129735697,0.0006214461318450049,0.004376556702179347
180,31,1361.1280795027842,363.7108883664371,1361.13,363.71,0.0019204972159059253,-0.0008883664370955557,0.0021160114562214123
181,9,153.6166935207938,188.765253670157,153.62,188.77,0.0033064792062020842,0.004746329843015928,0.005784500991420986
181,13,1053.499619537136,127.84807847732637,1053.5,127.85,0.00038046286408643937,0.0019215226736264412,0.0019588265304026705
181,14,1055.8491897836757,274.21207862116324,1055.85,274.21,0.0008102163242256211,-0.0020786211632639606,0.002230945188123298
181,15,1056.6564008313665,464.2702008765369,1056.66,464.27,0.0035991686336274142,-0.00020087653689415674,0.0036047699283535445
181,30,743.2632491583472,351.7420339154011,743.26,351.74,-0.0032491583472165075,-0.0020339154011139726,0.003833254729883643
181,31,1360.3460596270882,363.7831662748278,1360.35,363.78,0.00394037291175664,-0.003166274827833604,0.00505488229032865
182,9,150.46252014059536,188.57394025261775,150.46,188.57,-0.0025201405953509948,-0.003940252617752549,0.004677253394038202
182,13,1051.124714652852,127.63605885799478,1051.12,127.64,-0.00471465285204431,0.003941142005217557,0.006144961498706059
182,14,1053.6368923377568,273.9090589658724,1053.64,273.91,0.0031076622433374723,0.0009410341276065992,0.003247015529372412
182,15,1054.742300623525,463.95265065740267,1054.74,463.95,-0.0023006235248885787,-0.0026506574026825547,0.0035098223985932076
182,30,741.1974368687604,351.5565254365508,741.2,351.56,0.0025631312396399153,0.003474563449174184,0.004317665215594564
182,31,1359.5095447203162,363.58737470612084,1359.51,363.59,0.0004552796838197537,0.0026252938791344604,0.002664478850041763
183,9,147.5968901054465,188.43045518946332,147.6,188.43,0.003109894553489312,-0.0004551894633095799,0.0031430306363970668
183,13,1048.843535989639,127.22704414349609,1048.84,127.23,-0.003535989638976389,0.0029558565039167206,0.00460872112398821
183,14,1051.4776692533176,273.6817942244043,1051.48,273.68,0.002330746682446261,-0.0017942244043069877,0.0029413638521517556
183,15,1052.8067254676437,463.964487993052,1052.81,463.96,0.003274532356272175,-0.004487993052009642,0.005555595718477023
183,30,739.1480776515702,351.4173940774131,739.15,351.42,0.0019223484297299365,0.002605922586894849,0.003238248911707359
183,31,1358.382158540237,363.4405310295906,1358.38,363.44,-0.0021585402369055373,-0.0005310295906042484,0.0022229008930758766
184,9,144.44766757908488,188.32284139209747,144.45,188.32,0.0023324209151098785,-0.002841392097479911,0.003676097982489489
184,13,1046.382651992229,126.92028310762207,1046.38,126.92,-0.0026519922289480746,-0.00028310762206729123,0.002667060686987376
184,14,1049.1082519399881,273.51134566830325,1049.11,273.51,0.0017480600117778522,-0.0013456683032586625,0.002206022889086111
184,15,1050.8550441007328,463.973365994789,1050.86,463.97,0.004955899267088171,-0.003365994788964599,0.005990897968156519
184,30,737.3610582386777,351.31304555805986,737.36,351.31,-0.0010582386777286956,-0.0030455580598527376,0.0032241732265768457
184,31,1356.7866189051779,363.33039827219295,1356.79,363.33,0.003381094822088926,-0.00039827219296739713,0.0034044710214139883
185,9,137.58575068431367,188.74213104407312,137.59,188.74,0.0042493156863372405,-0.0021310440731099334,0.004753738806843379
185,10,37.38325434044146,267.6828070125857,37.38,267.68,-0.0032543404414582255,-0.0028070125857198036,0.004297679765326855
185,13,1044.0369889941717,127.69021233071655,1044.04,127.69,0.0030110058282843966,-0.00021233071655046842,0.0030184831341509
185,14,1047.0811889549911,273.63350925122745,1047.08,273.63,-0.0011889549912211805,-0.003509251227455934,0.003705193402313938
185,15,1048.8912830755496,463.73002449609174,1048.89,463.73,-0.0012830755495087942,-2.449609172572309e-05,0.001283309364205346
185,30,735.2707936790083,351.4847841685449,735.27,351.48,-0.0007936790083249434,-0.004784168544858858,0.004849556168751176
185,31,1351.3399641788833,362.9977987041447,1351.34,363.0,3.5821116625811555e-05,0.0022012958552863893,0.002201587289865509
186,9,131.93931301323525,189.30659828305483,131.94,189.31,0.0006869867647480987,0.0034017169451772133,0.0034703932039532428
186,10,21.787440755331097,269.5121052594393,21.79,269.51,0.0025592446689017834,-0.0021052594393040636,0.0033138875331068583
186,13,1041.2777417456286,128.2676592480374,1041.28,128.27,0.0022582543713269843,0.0023407519626061912,0.003252511730349665
186,14,1045.0608917162433,273.7251319384206,1045.06,273.73,-0.000891716243359042,0.00486806157942965,0.004949058637740056
186,15,1047.1684623066621,463.5475183720688,1047.17,463.55,0.001537693337922974,0.002481627931217645,0.002919413980663288
186,30,733.4530952592562,351.6135881264087,733.45,351.61,-0.0030952592561561687,-0.003588126408658354,0.0047387003479152316
186,31,1346.7549731341624,362.4983490281085,1346.75,362.5,-0.004973134162355564,0.0016509718914790028,0.005240016372421152
187,13,1039.9583063092214,127.70074443602806,1039.96,127.7,0.0016936907786657684,-0.0007444360280572937,0.0018500739049041196
187,14,1043.2956687871824,273.5438489538154,1043.3,273.54,0.0043312128175330145,-0.0038489538154067304,0.005794294602787841
187,15,1045.1263467299966,463.6606387790516,1045.13,463.66,0.0036532700034968,-0.0006387790515987035,0.0037086952416194633
187,30,731.5898214444421,351.71019109480653,731.59,351.71,0.00017855555790902145,-0.0001910948065528828,0.00026153262196461385
187,31,1346.8162298506218,362.6237617710814,1346.82,362.62,0.0037701493781696627,-0.0037617710813719896,0.00532587532733913
188,13,1038.968729731916,127.27555832702105,1038.97,127.28,0.0012702680839993263,0.004441672978956035,0.0046197445662304205
188,14,1041.7217515903867,273.40788671536154,1041.72,273.41,-0.0017515903866751614,0.0021132846384830373,0.0027448207311118193
188,15,1043.3447600474974,463.9954790842887,1043.34,464.0,-0.0047600474974842655,0.004520915711282214,0.006564810054131389
188,30,729.9423660833315,351.7826433211049,729.94,351.78,-0.002366083331480695,-0.0026433211049265992,0.0035476043741179994
188,31,1346.8621723879664,362.96782132831106,1346.86,362.97,-0.0021723879665387358,0.0021786716889664604,0.0030766669961934897
189,13,1037.226547298937,126.95666874526579,1035.3,124.1,-1.9265472989370664,-2.856668745265793,3.445597308917591
189,14,1039.79131369279,273.3059150365211,1035.0,280.1,-4.791313692790027,6.794084963478895,8.313619993341481
189,15,1041.508570035623,463.99660931321654,1033.8,462.1,-7.708570035623097,-1.8966093132165156,7.938461997206128
189,30,727.9567745624986,351.8369824908287,734.7,352.8,6.743225437501451,0.9630175091713227,6.811643856216881
189,31,1346.396629290975,362.9758659962333,1332.9,363.0,-13.496629290974852,0.02413400376667596,13.496650868572475
190,13,1035.4199104742029,126.71750155894934,1035.42,126.72,8.952579719334608e-05,0.0024984410506618815,0.0025000445100028823
190,14,1037.8434852695925,273.22943627739085,1034.6,274.8,-3.243485269592611,1.5705637226091653,3.6037296098403684
190,15,1039.6314275267173,463.9974569849124,1030.0,465.6,-9.631427526717289,1.6025430150876332,9.763838400834668
190,30,725.967580921874,351.87773686812153,733.7,352.8,7.7324190781260995,0.9222631318784806,7.7872250567317485
190,31,1345.297471968231,362.981899497175,1331.8,363.9,-13.497471968231139,0.9181005028249842,13.528660616131697
191,9,124.45448475992643,189.9799487122911,124.45,189.98,-0.004484759926427273,5.128770888518375e-05,0.004485053179926705
191,10,6.840580566498325,271.13407894457947,6.84,271.13,-0.0005805664983249414,-0.004078944579475774,0.004120054167291018
191,13,1032.5649328556522,127.538126169212,1032.56,127.54,-0.00493285565221413,0.0018738307879999638,0.005276770480856397
191,14,1035.8826139521943,273.4220772080431,1035.88,273.42,-0.0026139521942241117,-0.002077208043090195,0.0033387930945129925
191,15,1037.9735706450379,463.7480927386843,1037.97,463.75,-0.0035706450378256704,0.0019072613156936313,0.0040481047062162915
191,30,724.4756856914055,351.90830265109116,724.48,351.91,0.004314308594530303,0.0016973489088627502,0.004636189380003325
191,31,1339.7231039761732,362.23642462288126,1339.72,362.24,-0.003103976173179035,0.0035753771187501115,0.004734763946063733
192,9,116.34086356994482,190.48496153421831,99.7,179.4,-16.640863569944813,-11.084961534218309,19.9948671555631
192,10,-7.119564575126256,272.1005592084346,-7.12,272.1,-0.0004354248737437061,-0.0005592084345948933,0.0007087375353378665
192,13,1030.1736996417392,128.153594626909,1028.7,122.4,-1.473699641739131,-5.753594626909006,5.939330077109558
192,14,1033.9119604641457,273.56655790603236,1028.9,277.2,-5.011960464145659,3.6334420939676306,6.190448218374422
192,15,1036.2301779837785,463.5610695540132,1024.7,460.0,-11.530177983778458,-3.5610695540132156,12.067568964216834
192,30,722.3567642685541,351.9312269883184,730.3,351.2,7.943235731445839,-0.7312269883183831,7.976821847939383
192,31,1335.7923279821298,361.92731846716094,1325.0,360.5,-10.792327982129791,-1.4273184671609442,10.886302461375964
193,9,108.50564767745861,190.86372115066374,108.51,190.86,0.004352322541393505,-0.003721150663722028,0.0057262268350494906
193,13,1027.3802747313043,128.61519597018176,1027.38,128.62,-0.00027473130421640235,0.004804029818245681,0.0048118790284160376
193,14,1031.4339703481094,273.67491842952427,1031.43,273.67,-0.0039703481093056325,-0.004918429524252588,0.006320966151950692
193,15,1034.422633487834,463.17080216550994,1034.42,463.17,-0.0026334878339184797,-0.0008021655099241798,0.002752948905575359
193,30,720.0175732014156,351.94842024123875,720.02,351.95,0.00242679858433803,0.0015797587612382813,0.0028956845671885907
193,31,1332.3442459865973,361.4454888503707,1332.34,361.45,-0.004245986597425144,0.004511149629308875,0.006195068455112304
194,9,101.87923575809396,191.3977908629978,101.88,191.4,0.0007642419060402972,0.002209137002211037,0.0023375953425445717
194,13,1025.2852060484784,128.96139697763633,1025.29,128.96,0.004793951521605777,-0.0013969776363182973,0.0049933473450061334
194,14,1029.575477761082,273.7561888221432,1029.58,273.76,0.004522238917843424,0.003811177856789527,0.005914027518209606
194,15,1032.8169751158755,462.87810162413246,1032.82,462.88,0.003024884124442906,0.0018983758675403806,0.0035712399668415477
194,30,718.0131799010617,351.9613151809291,718.01,351.96,-0.0031799010616850865,-0.0013151809291116479,0.003441143943284692
194,31,1329.508184489948,361.08411663777804,1329.51,361.08,0.0018155100519834377,-0.004116637778054155,0.004499198077941841
195,9,96.15942681857047,191.54834314724835,96.16,191.55,0.0005731814295302229,0.001656852751665383,0.0017531965069151436
195,13,1023.4639045363588,129.22104773322724,1023.46,129.22,-0.0039045363587320026,-0.001047733227238723,0.004042666087141039
195,14,1027.6816083208116,273.8171416166074,1027.68,273.82,-0.001608320811556041,0.002858383392606356,0.0032797944222179693
195,15,1030.8627313369066,462.65857621809937,1030.86,462.66,-0.002731336906663273,0.0014237819006552854,0.0030801552230909526
195,30,716.0098849257963,351.97098638569685,716.01,351.97,0.000115074203677068,-0.000986385696819525,0.000993075432805611
195,31,1326.881138367461,360.8130874783335,1326.88,360.81,-0.0011383674609533045,-0.003087478333497984,0.00329065387665989
196,13,1021.8479284022691,128.41578579992043,1021.85,128.42,0.0020715977309464506,0.004214200079559305,0.0046958491744752764
196,14,1025.7612062406088,273.36285621245554,1025.76,273.36,-0.0012062406087807176,-0.0028562124555264745,0.003100478349767379
196,15,1028.8970485026798,462.4939321635745,1028.9,462.49,0.002951497320282215,-0.003932163574518199,0.004916629618793838
196,30,713.7574136943472,351.7282397892726,713.76,351.73,0.0025863056528123707,0.0017602107274115042,0.003128469072032479
196,31,1328.1608537755958,360.8598156087501,1328.16,360.86,-0.0008537755957149784,0.00018439124988844924,0.0008734603029754076
197,9,90.11957011392785,192.16125736043625,90.12,192.16,0.0004298860721547726,-0.0012573604362557944,0.001328818009245066
197,13,1019.3859463017018,129.31183934994033,1019.39,129.31,0.004053698298207564,-0.0018393499403259739,0.00445148043867072
197,14,1023.8209046804566,273.5221421593417,1023.82,273.52,-0.0009046804565286948,-0.0021421593417016993,0.0023253587623557844
197,15,1027.1727863770097,462.3704491226809,1027.17,462.37,-0.0027863770096701046,-0.0004491226808909232,0.0028223408763841345
197,30,712.5680602707604,351.7961798419544,712.57,351.8,0.0019397292396661214,0.003820158045584776,0.004284408595881327
197,31,1324.870640331697,360.6448617065626,1324.87,360.64,-0.0006403316970136075,-0.004861706562621748,0.004903694054816195
198,9,85.58967758544588,192.3709430203272,85.59,192.37,0.00032241455411963216,-0.0009430203271847404,0.0009966135069282255
198,13,1017.2894597262764,129.73387951245525,1017.29,129.73,0.0005402737235726818,-0.0038795124552564175,0.003916951951054897
198,14,1021.8656785103424,273.64160661950626,1021.87,273.64,0.004321489657627353,-0.0016066195062762745,0.004610477101008918
198,15,1025.1295897827572,462.2778368420107,1025.13,462.28,0.00041021724291567807,0.0021631579892869013,0.0022017108513610706
198,30,710.6760452030703,351.8471348814658,710.68,351.85,0.0039547969296336305,0.002865118534202793,0.004883576862267241
198,31,1321.6529802487726,360.48364627992197,1321.65,360.48,-0.0029802487724737148,-0.0036462799219521003,0.004709271707500227
199,9,81.94225818908441,192.77820726524538,81.94,192.78,-0.0022581890844151076,0.0017927347546162764,0.0028832821300352526
199,13,1014.9670947947072,130.05040963434143,1014.97,130.05,0.0029052052927909244,-0.0004096343414232706,0.0029339424137044133
199,14,1019.6492588827568,273.7312049646297,1019.65,273.73,0.0007411172431375235,-0.0012049646296645733,0.0014146358283383203
199,15,1022.8471923370679,462.20837763150803,1022.85,462.21,0.0028076629321276414,0.001622368491950965,0.003242691885473986
199,30,708.2570339023027,352.1353511610994,708.26,352.14,0.0029660976972536446,0.004648838900607188,0.005514475376085383
199,31,1318.7397351865793,360.3627347099415,1318.74,360.36,0.0002648134206992836,-0.002734709941478286,0.0027475015217107027
200,9,78.7066936418133,193.33365544893405,78.71,193.33,0.0033063581866912273,-0.0036554489340403507,0.004928925985250422
200,13,1012.9753210960305,130.53780722575607,1012.98,130.54,0.004678903969534076,0.002192774243923168,0.005167243098687593
200,14,1017.7369441620676,273.79840372347223,1017.74,273.8,0.0030558379323792906,0.001596276527777718,0.0034476432852170516
200,15,1020.8853942528009,461.906283223631,1020.89,461.91,0.004605747199093457,0.0037167763690035827,0.005918389463286502
200,30,706.442775426727,352.35151337082453,706.44,352.35,-0.0027754267269983757,-0.0015133708245116395,0.003161215710675239
200,31,1316.0548013899345,360.27205103245615,1316.05,360.27,-0.004801389934527833,-0.002051032456165558,0.0052211186004178945
201,9,75.78002023135997,194.00024158670055,75.78,194.0,-2.0231359968647666e-05,-0.000241586700553853,0.00024243234481124428
201,13,1010.4814908220228,131.15335541931705,1010.48,131.15,-0.001490822022788052,-0.003355419317045971,0.0036717011175795766
201,14,1015.3027081215507,273.84880279260415,1015.3,273.85,-0.002708121550767828,0.001197207395875921,0.002960950503212296
201,15,1018.6640456896007,461.6797124177233,1018.66,461.68,-0.004045689600729929,0.00028758227671232817,0.004055897916779136
201,30,704.5820815700453,352.5136350281184,704.58,352.51,-0.00208157004522036,-0.0036350281184240885,0.004188837938485143
201,31,1313.291101042451,359.9540382743421,1313.29,359.95,-0.001101042450954992,-0.004038274342121895,0.004185684429223613
202,9,72.08501517351998,194.50018119002542,72.09,194.5,0.004984826480026072,-0.00018119002541538975,0.004988118368811946
202,13,1007.8611181165171,131.6150165644878,1007.86,131.62,-0.001118116517091039,0.004983435512201595,0.005107329444050361
202,14,1012.9770310911631,273.8866020944531,1012.98,273.89,0.0029689088369195815,0.0033979055468762454,0.004512225812992024
202,15,1016.4980342672005,461.50978431329247,1016.5,461.51,0.0019657327994764273,0.00021568670752003527,0.0019775303271349002
202,30,702.9365611775339,352.6352262710888,702.94,352.64,0.003438822466137026,0.0047737289111751124,0.00588336533550296
202,31,1310.4683257818383,359.9655287057566,1310.47,359.97,0.0016742181617246388,0.00447129424344439,0.004774461086291056
203,9,69.81376138013998,195.12513589251907,69.81,195.13,-0.0037613801399771774,0.004864107480926805,0.006148782167504622
203,13,1005.1458385873879,131.96126242336584,1005.15,131.96,0.00416141261212033,-0.0012624233658300454,0.004348685742026872
203,14,1010.4827733183723,273.91495157083983,1010.48,273.91,-0.0027733183723057664,-0.004951570839807573,0.005675328058870375
203,15,1014.3735257004004,461.3823382349693,1014.37,461.38,-0.0035257004003597103,-0.002338234969329278,0.004230591694419459
203,30,701.4524208831505,352.7264197033166,701.45,352.73,-0.002420883150421105,0.003580296683423967,0.00432194395721757
203,31,1307.8512443363788,359.7241465293174,1307.85,359.72,-0.0012443363789316209,-0.004146529317381464,0.004329212215153775
204,9,67.86032103510499,195.5938519193893,67.86,195.59,-0.00032103510498870946,-0.0038519193892909698,0.0038652744430675073
204,13,1002.6093789405409,132.22094681752438,1002.61,132.22,0.0006210594591493646,-0.0009468175243796395,0.001132333111885054
204,14,1008.1120799887792,274.1862136781299,1008.11,274.19,-0.002079988779200903,0.0037863218701090773,0.004320021600139051
204,15,1012.2801442753002,461.286753676227,1012.28,461.29,-0.00014427530027205648,0.003246323772998494,0.0032495281813524515
204,30,699.3393156623629,353.04481477748743,699.34,353.04,0.000684337637153476,-0.004814777487410993,0.00486316771815496
204,31,1305.3884332522841,359.5431098969881,1305.39,359.54,0.0015667477159695409,-0.00310989698806452,0.003482263298756794
205,9,65.14524077632873,195.94538893954197,73.4,185.6,8.254759223671272,-10.345388939541976,13.235109449913265
205,13,1000.2070342054056,132.6657101131433,1000.2,127.5,-0.007034205405602734,-5.165710113143291,5.165714902419273
205,14,1005.8340599915844,274.3896602585974,1001.7,277.5,-4.134059991584309,3.1103397414025835,5.173457772222205
205,15,1010.2101082064752,461.2150652571703,997.8,458.1,-12.410108206475229,-3.115065257170272,12.795093483552714
205,30,697.5044867467722,353.0336110831156,703.7,352.0,6.195513253227887,-1.033611083115602,6.281141324796139
205,31,1302.7913249392132,359.4073324227411,1294.5,359.4,-8.291324939213155,-0.007332422741114897,8.291328181421918
206,9,62.60893058224655,195.95904170465647,62.61,195.96,0.0010694177534489313,0.0009582953435369745,0.0014359611056140788
206,13,998.6552756540542,132.99928258485747,998.66,133.0,0.004724345945760433,0.0007174151425317632,0.00477850699507251
206,14,1004.1255449936882,274.5422451939481,1004.13,274.54,0.004455006311786747,-0.0022451939480561123,0.004988785132920393
206,15,1008.1575811548564,461.1612989428777,1008.16,461.16,0.002418845143552062,-0.0012989428776677414,0.0027455535740409705
206,30,695.8783650600791,353.0252083123367,695.88,353.03,0.0016349399209047988,0.004791687663271205,0.005062933853736749
206,31,1300.5934937044099,359.5554993170558,1300.59,359.56,-0.0034937044099478953,0.004500682944183154,0.005697553638900691
207,9,59.45669793668491,196.21928127849236,59.46,196.22,0.003302063315089754,0.00071872150763852,0.0033793760877421915
207,13,995.9914567405407,133.4994619386431,995.99,133.5,-0.0014567405406751277,0.0005380613569059278,0.0015529336839163197
207,14,1001.8441587452662,274.6566838954611,1001.84,274.66,-0.0041587452661815405,0.0033161045389533683,0.005318995347079606
207,15,1006.1181858661423,460.87097420715827,1006.12,460.87,0.0018141338576924682,-0.0009742071582650169,0.002059165180562491
207,30,694.6587737950593,353.01890623425254,694.66,353.02,0.0012262049406217557,0.0010937657474414664,0.0016431378720854171
207,31,1297.9451202783075,359.66662448779186,1297.95,359.67,0.004879721692532257,0.0033755122081515765,0.005933444738425581
208,9,57.09252345251368,196.41446095886926,57.09,196.41,-0.002523452513678137,-0.004460958869259457,0.005125228445836646
208,13,993.4935925554055,133.87459645398232,993.49,133.87,-0.0035925554054756503,-0.004596453982316007,0.005833853233752199
208,14,999.1331190589497,274.7425129215958,999.13,274.74,-0.003119058949664577,-0.0025129215957804263,0.0040054093021840275
208,15,1003.5886393996068,460.9032306553687,1003.59,460.9,0.0013606003932409294,-0.0032306553687249107,0.0035054767923291775
208,30,692.7440803462945,353.01417967568943,692.74,353.01,-0.004080346294472292,-0.0041796756894427745,0.005841139850383031
208,31,1295.2088402087306,359.74996836584387,1295.21,359.75,0.0011597912694014667,3.163415613016696e-05,0.0011602226115767324
209,9,54.31939258938526,196.81084571915193,54.32,196.81,0.0006074106147408997,-0.0008457191519255502,0.0010412437461197977
209,13,991.3701944165541,134.15594734048673,991.37,134.16,-0.00019441655410901149,0.004052659513263279,0.004057320165694961
209,14,996.8498392942122,274.80688469119684,996.85,274.81,0.00016070578783455858,0.003115308803160133,0.003119451119875185
209,15,1001.191479549705,460.92742299152656,1001.19,460.93,-0.001479549704981764,0.0025770084734517695,0.002971538322444091
209,30,691.0580602597208,353.0106347567671,691.06,353.01,0.0019397402791128115,-0.0006347567671127763,0.0020409577417987153
209,31,1292.906630156548,359.8124762743829,1292.91,359.81,0.003369843451991983,-0.002476274382900101,0.004181839273614006
210,9,52.23954444203895,196.85813428936393,52.24,196.86,0.00045555796105389845,0.0018657106360819853,0.00192052316660566
210,13,988.7776458124156,134.36696050536506,988.78,134.37,0.002354187584387546,0.0030394946349474594,0.003844571083795806
210,14,994.1373794706592,274.8551635183976,994.14,274.86,0.00262052934078838,0.0048364816024104584,0.0055007934260784255
210,15,998.1436096622788,460.9455672436449,998.14,460.95,-0.0036096622787908927,0.0044327563550723426,0.005716554090565408
210,30,688.5435451947906,353.2579760675753,688.54,353.26,-0.0035451947906040004,0.002023932424663144,0.0040822430798433075
210,31,1289.929972617411,359.8593572057872,1289.93,359.86,2.7382588996260893e-05,0.0006427942128084396,0.0006433771881254104
211,9,49.92965833152921,197.64360071702293,49.93,197.64,0.0003416684707886475,-0.0036007170229481744,0.0036168909885811898
211,13,984.8332343593117,134.77522037902378,984.83,134.78,-0.003234359311704793,0.004779620976222532,0.005771122666653164
211,14,990.6030346029944,275.1413726387982,990.6,275.14,-0.0030346029943757458,-0.0013726387982160304,0.003330608443489296
211,15,995.1077072467091,460.9591754327337,995.11,460.96,0.0022927532909307047,0.0008245672663065307,0.002436519819278678
211,30,686.1576588960929,353.6934820506815,686.16,353.69,0.002341103907042452,-0.0034820506814980945,0.004195884227679641
211,31,1286.4474794630582,359.64451790434043,1286.45,359.64,0.0025205369418017654,-0.004517904340445966,0.00517344818321474
212,9,48.19724374864691,197.9827005377672,48.2,197.98,0.0027562513530909882,-0.00270053776719692,0.00385873369818038
212,13,982.1249257694838,135.08141528426785,982.12,135.08,-0.004925769483747899,-0.0014152842678356592,0.005125059469489614
212,14,987.9522759522458,275.35602947909865,987.95,275.36,-0.0022759522457818093,0.003970520901361851,0.004576570206304126
212,15,992.3307804350318,460.96938157455025,992.33,460.97,-0.0007804350317428543,0.0006184254497725306,0.0009957554296602287
212,30,683.6182441720697,354.0201115380111,683.62,354.02,0.0017558279303102609,-0.00011153801114005546,0.001759367059139932
212,31,1283.8356095972936,359.48338842825535,1283.84,359.48,0.00439040270634905,-0.0033884282553344747,0.005545906775764094
213,9,47.147932811485184,198.2370254033254,47.15,198.24,0.0020671885148146885,0.002974596674619079,0.0036223602433270823
213,13,978.5936943271129,135.31106146320087,978.59,135.31,-0.0036943271128393462,-0.001061463200869639,0.0038437946021425647
213,14,984.7142069641843,275.267022109324,984.71,275.27,-0.00420696418427724,0.002977890675992967,0.005154258484588963
213,15,989.2480853262739,460.9770361809127,989.25,460.98,0.0019146737261053204,0.0029638190873129133,0.003528483960535797
213,30,680.7136831290522,354.2650836535083,680.71,354.27,-0.0036831290522059135,0.004916346491654622,0.0061429555135299446
213,31,1280.62670719797,359.36254132119154,1280.63,359.36,0.003292802030046005,-0.0025413211915292777,0.004159430082065436
214,9,46.610949608613886,198.42776905249406,46.61,198.43,-0.0009496086138867099,0.0022309475059500983,0.0024246408587402803
214,13,975.6952707453347,135.23329609740065,975.7,135.23,0.004729254665335247,-0.0032960974006641663,0.0057645561636834
214,14,981.5356552231383,275.450266581993,981.54,275.45,0.004344776861671562,-0.0002665819930030011,0.004352947499879827
214,15,985.9360639947054,461.2327771356845,985.94,461.23,0.003936005294690403,-0.002777135684482346,0.004817117425375482
214,17,1877.0,200.0,1877.0,200.0,0.0,0.0,0.0
214,30,677.5352623467892,354.69881274013125,677.54,354.7,0.0047376532107819,0.00118725986874324,0.004884152325794136
214,31,1276.9700303984775,359.27190599089363,1276.97,359.27,-3.039847752006608e-05,-0.0019059908936469583,0.0019062332895269322
215,9,45.458212206460416,198.82082678937053,45.46,198.82,0.0017877935395844702,-0.0008267893705351526,0.0019697173409933422
215,13,972.021453059001,135.4249720730505,972.02,135.42,-0.0014530590010508604,-0.004972073050510062,0.005180047382036515
215,14,978.1517414173537,275.58769993649474,978.15,275.59,-0.001741417353741781,0.0023000635052312646,0.0028849309399030265
215,15,982.952047996029,461.1745828517634,982.95,461.17,-0.00204799602897765,-0.004582851763359486,0.005019643216368607
215,17,1877.5,200.0,1877.5,200.0,0.0,0.0,0.0
215,30,674.9014467600919,355.02410955509845,674.9,355.02,-0.0014467600918806056,-0.004109555098466444,0.004356782972651946
215,31,1273.4775227988582,359.2039294931702,1273.48,359.2,0.0024772011418008333,-0.003929493170232945,0.004645152534830984
216,9,44.09365915484531,198.86562009202788,44.09,198.87,-0.0036591548453088762,0.00437990797212251,0.005707276760961374
216,13,969.0160897942508,135.56872905478787,969.02,135.57,0.003910205749207307,0.001270945212127117,0.004111570348828136
216,14,975.1138060630153,275.69077495237104,975.11,275.69,-0.003806063015304062,-0.0007749523710458561,0.0038841558740420087
216,15,979.7140359970217,461.13093713882256,979.71,461.13,-0.00403599702167412,-0.0009371388225645205,0.004143368331649986
216,17,1877.625,200.0,1877.62,200.0,-0.005000000000109139,0.0,0.005000000000109139
216,30,671.6760850700689,355.01808216632384,671.68,355.02,0.003914929931056577,0.0019178336761456194,0.004359445191127063
216,31,1270.6081420991436,359.4029471198777,1270.61,359.4,0.0018579008562937815,-0.0029471198777173413,0.003483864401128988
217,9,43.820244366133984,199.3992150690209,43.82,199.4,-0.0002443661339839309,0.000784930979108367,0.0008220896845249137
217,13,964.7620673456881,135.6765467910909,964.76,135.68,-0.0020673456881468155,0.003453208909093064,0.004024744707945951
217,14,971.0853545472614,275.76808121427825,971.09,275.77,0.004645452738600397,0.001918785721727545,0.005026128708307759
217,15,975.5355269977663,461.09820285411695,975.54,461.1,0.004473002233680745,0.0017971458830743359,0.004820527181498303
217,17,1876.71875,199.75,1876.72,199.75,0.0012500000000272848,0.0,0.0012500000000272848
217,30,667.7570638025517,355.51356162474286,667.76,355.51,0.002936197448320854,-0.003561624742872027,0.004615888458852112
217,31,1266.4561065743578,359.05221033990824,1266.46,359.05,0.0038934256422180624,-0.0022103399082311626,0.004477093447919138
218,9,43.11518327460049,199.79941130176567,43.12,199.8,0.004816725399507504,0.0005886982343383806,0.0048525672777792435
218,13,960.5715505092661,135.75741009331819,960.57,135.76,-0.0015505092660532682,0.002589906681805587,0.0030185585309180723
218,14,967.3140159104461,275.8260609107087,967.31,275.83,-0.004015910446128146,0.003939089291293385,0.005625296539392691
218,15,971.9016452483247,461.0736521405877,971.9,461.07,-0.0016452483247348937,-0.0036521405876897006,0.004005617670508938
218,17,1876.5390625,199.5625,1876.54,199.56,0.0009374999999636202,-0.0024999999999977263,0.002670001170396826
218,30,664.3177978519137,355.88517121855716,664.32,355.89,0.0022021480863259058,0.004828781442824948,0.005307220215581734
218,31,1262.8420799307683,358.7891577549312,1262.84,358.79,-0.0020799307683319057,0.0008422450688385652,0.0022439894734683206
219,9,42.836387455950366,200.09955847632426,42.84,200.1,0.0036125440496377337,0.0004415236757324692,0.0036394254583388993
219,13,956.9286628819495,135.81805756998864,956.93,135.82,0.0013371180504009317,0.0019424300113541904,0.0023581600941660914
219,14,963.7355119328346,275.8695456830315,963.74,275.87,0.004488067165425491,0.0004543169685007342,0.004511003301842962
219,15,968.1762339362435,461.05523910544076,968.18,461.06,0.0037660637564158606,0.004760894559240114,0.00607036681112363
219,17,1875.404296875,199.171875,1875.4,199.17,-0.0042968749999090505,-0.0018750000000125056,0.004688150996383361
219,30,660.2383483889353,356.16387841391787,660.24,356.16,0.0016516110647444293,-0.0038784139178460464,0.004215437536878959
219,31,1259.6315599480763,358.3418683161984,1259.63,358.34,-0.0015599480761920859,-0.001868316198397224,0.0024339357874867706
220,9,44.627290591962776,200.07466885724318,44.63,200.07,0.002709408037226524,-0.004668857243188995,0.005398066308361359
220,13,952.9464971614622,135.86354317749147,952.95,135.86,0.00350283853788369,-0.003543177491451388,0.0049823673648588885
220,14,959.551633949626,275.90215926227364,959.55,275.9,-0.0016339496260115993,-0.002159262273664808,0.0027078044513619446
220,15,963.8821754521827,461.2914293290806,963.88,461.29,-0.0021754521826551354,-0.001429329080565367,0.002602993242321007
220,17,1873.05322265625,198.87890625,1873.05,198.88,-0.0032226562500454747,0.0010937499999954525,0.003403204720325713
220,30,655.6787612917014,356.6229088104384,655.68,356.62,0.0012387082985014786,-0.002908810438384535,0.003161578152636948
220,31,1255.223669961057,358.2564012371488,1255.22,358.26,-0.0036699610570849472,0.0035987628511975345,0.005140010527195394
221,9,45.97046794397208,200.0560016429324,14.2,190.8,-31.770467943972083,-9.256001642932375,33.09133118798524
221,13,948.9598728710966,135.8976573831186,940.9,126.9,-8.059872871096672,-8.997657383118593,12.079709809520617
221,14,955.6637254622194,275.9266194467052,948.5,275.9,-7.163725462219418,-0.02661944670524008,7.1637749192024245
221,15,960.161631589137,461.21857199681045,945.8,460.3,-14.361631589137005,-0.9185719968104422,14.390977604576495
221,17,1870.7899169921875,198.6591796875,1865.0,193.8,-5.7899169921875,-4.859179687499989,7.558754263225788
221,30,652.2590709687761,356.9671816078288,652.26,356.97,0.0009290312239045306,0.0028183921712070514,0.002967563553777871
221,31,1251.167752470793,357.9423009278616,1234.2,359.7,-16.967752470792902,1.7576990721383936,17.05855005380864
222,9,47.97785095797906,200.04200123219928,47.98,200.04,0.002149042020938907,-0.0020012321992908255,0.0029365476197806798
222,13,945.7199046533225,135.67324303733895,945.72,135.67,9.534667753996473e-05,-0.003243037338961585,0.003244438652651172
222,14,952.2477940966646,275.9449645850289,952.25,275.94,0.002205903335379844,-0.00496458502891528,0.005432597356179607
222,15,956.3712236918527,461.41392899760785,956.37,461.41,-0.001223691852715092,-0.0039289976078293876,0.00411514810823746
222,17,1868.0924377441406,198.494384765625,1868.09,198.49,-0.0024377441407068545,-0.004384765624990905,0.005016848221907105
222,30,648.4443032265821,357.2253862058716,648.44,357.23,-0.004303226582010211,0.0046137941284314365,0.0063091089129660525
222,31,1247.3758143530947,357.7067256958962,1247.38,357.71,0.004185646905398244,0.0032743041037974763,0.005314198658388195
223,13,941.5399284899919,135.75493227800422,941.54,135.75,7.151000806970842e-05,-0.004932278004218915,0.004932796366378391
223,14,947.9358455724985,276.2087234387717,947.94,276.21,0.004154427501589453,0.0012765612282805705,0.004346133504105917
223,15,951.7784177688895,461.5604467482059,951.78,461.56,0.0015822311104329856,-0.00044674820588852526,0.00164409222560251
223,17,1864.3193283081055,198.12078857421875,1864.32,198.12,0.0006716918944675854,-0.0007885742187454525,0.0010358664487101871
223,30,643.5832274199365,357.9190396544037,643.58,357.92,-0.0032274199364792366,0.0009603455962974294,0.0033672693849336596
223,31,1242.781860764821,357.2800442719221,1242.78,357.28,-0.0018607648210036132,-4.427192214961906e-05,0.001861291412480977
224,13,937.404946367494,135.81619920850318,937.4,135.82,-0.004946367493971593,0.0038007914968147816,0.006237993859220956
224,14,943.9518841793738,276.15654257907875,943.95,276.16,-0.0018841793737465196,0.0034574209212792084,0.003937498106583798
224,15,947.8338133266672,461.42033506115445,947.83,461.42,-0.00381332666711387,-0.0003350611544306048,0.00382801857980472
224,17,1860.739496231079,197.84059143066406,1860.74,197.84,0.0005037689209075324,-0.0005914306640590894,0.0007768998365694996
224,30,639.9374205649524,358.1892797408028,639.94,358.19,0.0025794350476644468,0.0007202591971804395,0.0026781072562992504
224,31,1238.5863955736158,356.9600332039416,1238.59,356.96,0.0036044263840722124,-3.320394159800344e-05,0.0036045793180249936
225,13,932.8037097756205,135.8621494063774,932.8,135.86,-0.00370977562056396,-0.0021494063773843664,0.004287468125837357
225,14,939.4639131345303,276.1174069343091,939.46,276.12,-0.003913134530307616,0.0025930656909167737,0.0046943169396298215
225,15,943.6253599950004,461.31525129586583,943.63,461.32,0.004640004999600933,0.004748704134158288,0.006639264820000304
225,17,1857.0546221733093,197.38044357299805,1857.05,197.38,-0.004622173309371647,-0.0004435729980514225,0.004643408565533295
225,30,635.7030654237143,358.39195980560214,635.7,358.39,-0.0030654237142471175,-0.001959805602155029,0.0036383595954917413
225,31,1234.1897966802119,356.4700249029562,1234.19,356.47,0.00020331978817011986,-2.490295617008087e-05,0.00020483918933532076
226,13,928.6027823317154,135.89661205478305,928.6,135.9,-0.0027823317153661264,0.0033879452169571778,0.004384009873099652
226,14,935.0979348508978,276.0880552007318,935.1,276.09,0.002065149102236319,0.0019447992681875803,0.0028367384454705056
226,15,939.2190199962503,461.48643847189936,939.22,461.49,0.0009800037497598169,0.0035615281006471378,0.0036938989917487605
226,17,1851.040966629982,197.28533267974854,1851.04,197.29,-0.0009666299820310087,0.004667320251456886,0.004766366734927227
226,30,631.2772990677857,358.7939698542016,631.28,358.79,0.0027009322142248493,-0.003969854201557155,0.004801539045708005
226,31,1229.142347510159,356.3525186772172,1229.14,356.35,-0.0023475101588701364,-0.0025186772171537086,0.0034430420953290193
227,13,924.9520867487865,135.92245904108728,924.95,135.92,-0.002086748786496173,-0.00245904108729178,0.0032251207057926363
227,14,931.3234511381734,276.06604140054884,931.32,276.07,-0.0034511381733182134,0.003958599451152622,0.00525174869029355
227,15,935.4142649971877,461.6148288539245,935.41,461.61,-0.004264997187760855,-0.004828853924493615,0.006442672677988956
227,17,1845.5307249724865,196.9639995098114,1845.53,196.96,-0.0007249724865232565,-0.003999509811393409,0.004064684961672658
227,30,627.4579743008393,359.0954773906512,627.46,359.1,0.002025699160753902,0.004522609348839524,0.004955547639977818
227,31,1224.8567606326192,356.0143890079129,1224.86,356.01,0.0032393673807291634,-0.0043890079128914294,0.00545498776229202
228,13,920.21406506159,135.94184428081547,920.21,135.94,-0.0040650615899266995,-0.0018442808154759405,0.004463865752487409
228,14,926.74258835363,276.29953105041164,926.74,276.3,-0.0025883536300170817,0.0004689495883667405,0.0026304920129990774
228,15,930.8106987478908,461.71112164044337,930.81,461.71,-0.0006987478908513367,-0.0011216404433866956,0.001321486246318854
228,17,1839.1480437293649,196.72299963235855,1839.15,196.72,0.0019562706352189707,-0.0029996323585521623,0.0035811714682060735
228,30,622.8434807256294,359.3216080429884,622.84,359.32,-0.0034807256294016042,-0.0016080429883800207,0.0038342213237698396
228,31,1219.6425704744643,355.76079175593463,1219.64,355.76,-0.002570474464164363,-0.0007917559346424241,0.0026896498714447143
229,13,915.6605487961924,135.7063832106116,915.66,135.71,-0.0005487961924472984,0.003616789388416919,0.003658188450723921
229,14,922.0569412652226,276.22464828780875,922.06,276.22,0.0030587347773689544,-0.004648287808720397,0.005564390172425455
229,15,926.1080240609181,461.53334123033255,926.11,461.53,0.001975939081944489,-0.0033412303325803805,0.0038817721971943215
229,17,1832.3610327970237,196.2922497242689,1832.36,196.29,-0.0010327970237540285,-0.002249724268921227,0.0024754654064333696
229,30,618.8826105442221,359.4912060322413,618.88,359.49,-0.002610544222079625,-0.0012060322412708047,0.002875665992847221
229,31,1214.4819278558482,355.320593816951,1214.48,355.32,-0.0019278558481801156,-0.0005938169509818181,0.0020172374036378604
230,13,911.7454115971443,135.52978740795868,911.75,135.53,0.0045884028556884005,0.00021259204132206833,0.004593325172696024
230,14,918.0427059489169,276.16848621585655,918.04,276.17,-0.0027059489169687367,0.0015137841434693655,0.0031005970351310665
230,15,922.0810180456886,461.6500059227494,922.08,461.65,-0.001018045688510938,-5.922749437559105e-06,0.0010180629169440412
230,17,1826.0207745977677,196.21918729320168,1826.02,196.22,-0.000774597767758678,0.0008127067983139113,0.0011227172581920952
230,30,615.1619579081665,359.61840452418096,615.16,359.62,-0.0019579081665597187,0.0015954758190446228,0.0025256578307120995
230,31,1209.6114458918862,355.2404453627132,1209.61,355.24,-0.001445891886305617,-0.00044536271320794185,0.0015129280528830029
231,13,907.3090586978583,135.647340555969,907.31,135.65,0.0009413021416548872,0.002659444030996383,0.0028211154311524314
231,14,913.5320294616877,276.3763646618924,913.53,276.38,-0.002029461687698131,0.0036353381075855395,0.0041634598470860935
231,15,917.3107635342665,461.98750444206206,917.31,461.99,-0.000763534266525312,0.0024955579379479786,0.002609749796017525
231,17,1818.2655809483258,195.91439046990126,1818.27,195.91,0.004419051674176444,-0.0043904699012671244,0.006229305230358694
231,18,1937.0,281.0,1937.0,281.0,0.0,0.0,0.0
231,30,610.6214684311249,360.2138033931357,610.62,360.21,-0.0014684311248629456,-0.003803393135740407,0.004077019660666785
231,31,1204.2085844189146,355.1803340220349,1204.21,355.18,0.0014155810854390438,-0.0003340220349059564,0.0014544554064169508
232,13,902.4817940233937,135.98550541697676,902.48,135.99,-0.0017940233936997174,0.0044945830232450135,0.004839400426704132
232,14,908.6490220962658,276.5322734964193,908.65,276.53,0.0009779037342241281,-0.0022734964193205087,0.0024748902363686087
232,15,912.4830726506998,461.99062833154653,912.48,461.99,-0.0030726506997780234,-0.0006283315465225314,0.003136237053413178
232,17,1810.4491857112444,195.93579285242595,1810.45,195.94,0.0008142887556914502,0.004207147574049941,0.0042852254185141575
232,18,1934.75,281.25,1934.75,281.25,0.0,0.0,0.0
232,30,606.2161013233437,360.4103525448518,606.22,360.41,0.003898676656376665,-0.0003525448517507357,0.003914583955348548
232,31,1198.6564383141858,355.1352505165262,1198.66,355.14,0.0035616858142475394,0.004749483473801774,0.005936598277408395
233,13,898.6113455175453,136.23912906273256,898.61,136.24,-0.0013455175452463664,0.0008709372674502447,0.00160279418154656
233,14,904.4867665721993,276.64920512231447,904.49,276.65,0.0032334278007510875,0.0007948776855073447,0.0033296975654836173
233,15,908.1123044880248,461.9929712486599,908.11,461.99,-0.0023044880248335176,-0.002971248659889625,0.0037601839922398717
233,17,1803.0868892834333,195.95184463931946,1803.09,195.95,0.003110716566652627,-0.0018446393194722077,0.00361652482045817
233,18,1931.5625,281.4375,1931.56,281.44,-0.0025000000000545697,0.0024999999999977263,0.0035355339059697163
233,30,601.9120759925078,360.80776440863883,601.91,360.81,-0.002075992507798219,0.0022355913611704636,0.0030508381842658167
233,31,1193.9923287356394,355.10143788739464,1193.99,355.1,-0.0023287356393666414,-0.0014378873946157,0.0027368832342011024
234,13,893.7085091381589,136.42934679704942,893.71,136.43,0.0014908618411482166,0.0006532029505876835,0.0016276802892608566
234,14,899.3650749291494,276.98690384173585,899.37,276.99,0.004925070850617885,0.0030961582641566565,0.005817432327093418
234,15,903.0842283660186,462.24472843649494,903.08,462.24,-0.004228366018537599,-0.004728436494929156,0.006343279189291721
234,17,1795.065166962575,195.7138834794896,1795.07,195.71,0.004833037424987197,-0.003883479489587671,0.006199972878761244
234,18,1926.921875,281.328125,1926.92,281.33,-0.0018749999999272404,0.0018749999999840838,0.00265165042938685
234,30,596.9340569943809,361.3558233064791,596.93,361.36,-0.004056994380903234,0.004176693520889785,0.005822711754339478
234,31,1188.4942465517295,354.82607841554596,1188.49,354.83,-0.004246551729465864,0.003921584454019467,0.005780313678429284
235,13,888.2813818536192,136.57201009778706,888.28,136.57,-0.0013818536192502506,-0.002010097787064069,0.002439264753690112
235,14,894.0238061968621,277.24017788130186,894.02,277.24,-0.00380619686211503,-0.00017788130185181217,0.0038103512056925667
235,15,897.8131712745139,462.43354632737123,897.81,462.43,-0.0031712745139884646,-0.0035463273712252885,0.004757459392046814
235,17,1786.5488752219312,195.2854126096172,1786.55,195.29,0.0011247780687426712,0.00458739038279532,0.004723269654390641
235,18,1921.19140625,280.99609375,1921.19,281.0,-0.0014062499999454303,0.00390625,0.0041516657048522735
235,30,591.9505427457857,361.76686747985934,591.95,361.77,-0.0005427457856512774,0.003132520140638917,0.003179191000765868
235,31,1182.620684913797,354.6195588116595,1182.62,354.62,-0.0006849137971585151,0.0004411883405168737,0.000814711029350977
236,13,883.2110363902144,136.6790075733403,883.21,136.68,-0.0010363902143808446,0.00099242665970678,0.0014349269498344262
236,14,889.0178546476466,277.4301334109764,889.02,277.43,0.00214535235340918,-0.00013341097638885913,0.0021494965012531044
236,15,893.1098784558855,462.3251597455284,893.11,462.33,0.00012154411456322123,0.0048402544715600015,0.0048417802842799
236,17,1778.9116564164483,195.2140594572129,1778.91,195.21,-0.0016564164482133492,-0.004059457212889583,0.004384393722419668
236,18,1915.6435546875,280.7470703125,1915.64,280.75,-0.0035546874998999556,0.0029296875,0.004606394693206527
236,30,587.4629070593393,362.07515060989454,587.46,362.08,-0.0029070593392361843,0.004849390105448492,0.005653987831315351
236,31,1176.9655136853478,354.4646691087446,1176.97,354.46,0.004486314652240253,-0.004669108744622008,0.006475152170259112
237,13,877.6582772926608,136.75925568000523,877.66,136.76,0.0017227073391268277,0.0007443199947658741,0.0018766280480930965
237,14,883.763390985735,277.5726000582323,883.76,277.57,-0.003390985734995411,-0.0026000582323035815,0.004273065300965104
237,15,887.8324088419141,462.2438698091463,887.83,462.24,-0.0024088419140753103,-0.003869809146294756,0.004558282812173083
237,17,1770.683742312336,194.91054459290967,1770.68,194.91,-0.0037423123360440513,-0.0005445929096765667,0.0037817301672352925
237,18,1909.232666015625,280.560302734375,1909.23,280.56,-0.00266601562498181,-0.00030273437499772626,0.0026831487872371923
237,30,582.5971802945045,362.3063629574209,582.6,362.31,0.0028197054955398926,0.00363704257910058,0.004602044958903429
237,31,1170.9741352640108,354.09850183155845,1170.97,354.1,-0.004135264010756146,0.001498168441571579,0.0043982857021771585
238,13,871.9937079694956,136.8194417600039,856.2,130.2,-15.793707969495586,-6.619441760003923,17.12478381293592
238,14,878.0725432393012,277.67945004367425,859.8,283.5,-18.272543239301285,5.820549956325749,19.177190571776116
238,15,882.3743066314356,462.1829023568597,862.4,459.7,-19.97430663143564,-2.482902356859711,20.12803342406588
238,17,1763.012806734252,194.43290844468225,1759.9,192.4,-3.11280673425199,-2.032908444682249,3.7178330394552335
238,18,1902.9244995117188,280.17022705078125,1883.2,279.1,-19.724499511718705,-1.0702270507812273,19.753512774390668
238,30,576.9478852208783,362.7297722180657,571.1,361.9,-5.847885220878311,-0.8297722180657274,5.9064611647280545
238,31,1164.9806014480082,353.82387637366884,1152.5,358.0,-12.480601448008201,4.176123626331162,13.160753057725296
239,13,866.9952809771218,136.86458132000294,853.6,131.5,-13.395280977121729,-5.364581320002941,14.429562889947976
239,14,873.054407429476,277.7595875327557,858.7,284.0,-14.354407429475941,6.240412467244312,15.652212636325011
239,15,877.2807299735767,462.38717676764475,859.3,464.4,-17.980729973576786,2.012823232355231,18.093040312434823
239,17,1756.009605050689,194.0746813335117,1753.7,191.0,-2.309605050689015,-3.0746813335117054,3.8455091721140815
239,18,1896.943374633789,279.87767028808594,1876.0,278.3,-20.943374633789062,-1.5776702880859261,21.002713743446304
239,30,571.7109139156587,363.0473291635493,567.2,368.4,-4.510913915658648,5.35267083645067,6.999959245443673
239,31,1159.7354510860062,353.61790728025164,1148.1,359.9,-11.635451086006242,6.282092719748334,13.22302578513552
240,13,860.9964607328413,136.8984359900022,861.0,136.9,0.0035392671586578217,0.0015640099977929367,0.003869436560217789
240,14,867.290805572107,277.8196906495668,867.29,277.82,-0.0008055721070832078,0.000309350433212785,0.000862927639051744
240,15,871.9605474801825,462.2903825757336,871.96,462.29,-0.0005474801824902897,-0.00038257573356759167,0.0006679062375321718
240,17,1748.7572037880168,194.05601100013376,1748.76,194.06,0.0027962119831954624,0.003988999866237464,0.004871439354832245
240,18,1890.7075309753418,279.65825271606445,1890.71,279.66,0.002469024658239505,0.001747283935571886,0.003024745264398687
240,30,566.783185436744,363.03549687266195,566.78,363.04,-0.003185436744047365,0.00450312733806868,0.0055159009303275735
240,31,1154.0515883145047,353.46343046018876,1154.05,353.46,-0.0015883145047155267,-0.003430460188781126,0.0037803174566036074
241,13,855.4973455496311,136.92382699250166,855.5,136.92,0.002654450368936523,-0.0038269925016720663,0.004657464800618622
241,14,861.7181041790802,278.11476798717507,861.72,278.11,0.0018958209197990072,-0.004767987175057442,0.005131066035577773
241,15,866.4704106101369,462.4677869318002,866.47,462.47,-0.000410610136896139,0.0022130681998078217,0.002250837964297408
241,17,1740.0679028410127,193.7920082501003,1740.07,193.79,0.0020971589872260665,-0.0020082501003173547,0.002903643277526998
241,18,1882.5306482315063,279.24368953704834,1882.53,279.24,-0.0006482315063749411,-0.003689537048330749,0.003746049614842588
241,30,561.337389077558,363.27662265449646,561.34,363.28,0.0026109224420451937,0.0033773455035088773,0.004268884942048318
241,31,1148.2886912358786,353.3475728451416,1148.29,353.35,0.0013087641214042378,0.002427154858423819,0.0027575250193326182
242,13,850.3730091622233,137.19287024437625,850.37,137.19,-0.0030091622232930604,-0.0028702443762540497,0.004158528593807193
242,14,856.7885781343102,278.3360759903813,856.79,278.34,0.0014218656897355686,0.003924009618685886,0.0041736738644971485
242,15,861.3528079576026,462.60084019885016,861.35,462.6,-0.002807957602612987,-0.00084019885014186,0.002930965712159011
242,17,1732.5509271307596,193.34400618757525,1732.55,193.34,-0.0009271307596918632,-0.004006187575242848,0.0041120688629444156
242,18,1875.3979861736298,278.68276715278625,1875.4,278.68,0.0020138263703302073,-0.0027671527862480616,0.0034223721586463603
242,30,556.2530418081685,363.7074669908724,556.25,363.71,-0.0030418081685184006,0.0025330091276032363,0.003958374941132607
242,31,1143.2165184269088,353.26067963385617,1143.22,353.26,0.003481573091221435,-0.000679633856179862,0.0035472881709811914
243,13,844.5297568716675,137.39465268328217,844.53,137.39,0.00024312833249950927,-0.0046526832821882635,0.004659031348941338
243,14,851.3414336007327,278.502056992786,851.34,278.5,-0.0014336007326392064,-0.0020569927859810377,0.002507275489889713
243,15,856.264605968202,462.7006301491376,856.26,462.7,-0.004605968201985888,-0.0006301491376348167,0.004648874166222078
243,17,1725.1631953480696,192.75800464068143,1725.16,192.76,-0.00319534806953925,0.0019953593185562113,0.003767188354151849
243,18,1868.2984896302223,278.0120753645897,1868.3,278.01,0.0015103697776339686,-0.002075364589700257,0.0025667791189293637
243,30,551.1897813561263,364.28060024315425,551.19,364.28,0.00021864387372261262,-0.0006002431542810882,0.0006388246925234966
243,31,1137.9123888201816,352.9455097253921,1137.91,352.95,-0.002388820181522533,0.004490274607860556,0.005086160429405134
244,13,839.1473176537506,137.54598951246163,839.15,137.55,0.0026823462493439365,0.004010487538380403,0.0048248307428213465
244,14,846.0060752005495,278.62654274458947,846.01,278.63,0.003924799450487626,0.003457255410523885,0.005230359997184195
244,15,850.6984544761515,463.0254726118532,850.7,463.03,0.0015455238485628797,0.004527388146755129,0.004783919668833858
244,17,1717.622396511052,192.31850348051108,1717.62,192.32,-0.002396511052211281,0.001496519488910053,0.0028253912656583382
244,18,1860.9738672226667,277.50905652344227,1860.97,277.51,-0.0038672226667131326,0.0009434765577225335,0.003980648084032523
244,30,545.6423360170947,364.71045018236566,545.64,364.71,-0.00233601709476261,-0.00045018236568239445,0.0023789997960055697
244,31,1132.1842916151363,352.7091322940441,1132.18,352.71,-0.004291615136253313,0.0008677059558976907,0.004378455675648534
245,13,833.610488240313,137.65949213434624,833.61,137.66,-0.0004882403129613522,0.0005078656537591542,0.000704489975421093
245,14,840.5045564004122,278.7199070584421,840.5,278.72,-0.004556400412184303,9.29415579093984e-05,0.00455734822559566
245,15,845.0238408571136,463.2691044588899,845.02,463.27,-0.0038408571135732927,0.0008955411100828314,0.003943878452327728
245,17,1709.716797383289,191.73887761038333,1709.72,191.74,0.0032026167109506787,0.0011223896166825398,0.0033935987165393203
245,18,1852.730400417,276.8817923925817,1852.73,276.88,-0.0004004170000371232,-0.0017923925817058262,0.0018365742405012672
245,30,539.4817520128211,365.2828376367743,539.48,365.28,-0.001752012821043536,-0.0028376367743021547,0.0033349259943772167
245,31,1126.6382187113522,352.53184922053305,1126.64,352.53,0.0017812886478623113,-0.0018492205330744582,0.0025676070234651027
246,13,828.4578661802348,137.74461910075968,828.46,137.74,0.002133819765276712,-0.0046191007596689815,0.005088150805416455
246,14,835.3784173003091,278.7899302938316,835.38,278.79,0.0015826996908572255,6.970616840362709e-05,0.0015842339667337876
246,15,839.7678806428352,463.45182834416744,839.77,463.45,0.002119357164815483,-0.0018283441674498135,0.002799020754961005
246,17,1702.2875980374668,191.3041582077875,1702.29,191.3,0.002401962533213009,-0.0041582077874977585,0.0048020949610525256
246,18,1845.04780031275,276.4113442944363,1845.05,276.41,0.0021996872499130404,-0.001344294436250948,0.0025779355167973557
246,30,534.1113140096159,365.7121282275807,534.11,365.71,-0.0013140096158394954,-0.002128227580726616,0.002501194495812775
246,31,1121.4786640335142,352.39888691539977,1121.48,352.4,0.00133596648583989,0.0011130846002060935,0.001738897288083268
247,13,822.0933996351761,138.05846432556976,822.09,138.06,-0.0033996351760379184,0.0015356744302437164,0.0037303907685199322
247,14,829.2838129752319,279.0924477203737,829.28,279.09,-0.003812975231880955,-0.002447720373709217,0.0045310170102096075
247,15,833.8259104821263,463.58887125812555,833.83,463.59,0.004089517873694604,0.001128741874424577,0.00424243027737017
247,17,1694.2156985281001,190.97811865584063,1694.22,190.98,0.004301471899907483,0.0018813441593579228,0.00469490323133969
247,18,1837.0358502345625,275.8085082208272,1837.04,275.81,0.004149765437432507,0.0014917791727953045,0.004409757168608635
247,30,527.8334855072119,366.03409617068553,527.83,366.03,-0.003485507211848926,-0.004096170685556899,0.005378417500442537
247,31,1115.3589980251356,352.2991651865498,1115.36,352.3,0.0010019748642662307,0.0008348134501829918,0.0013041729659933003
248,13,815.3200497263821,138.29384824417733,815.32,138.29,-4.972638203071256e-05,-0.0038482441773339815,0.003848565442012745
248,14,822.7128597314239,279.31933579028026,822.71,279.32,-0.0028597314238822946,0.0006642097197300245,0.0029358539419602763
248,15,827.6194328615948,463.9416534435942,827.62,463.94,0.0005671384052448047,-0.0016534435941935044,0.0017480050600279034
248,17,1685.9117738960751,190.73358899188048,1685.91,190.73,-0.0017738960750648403,-0.0035889918804912213,0.004003444767117733
248,18,1828.776887675922,275.6063811656204,1828.78,275.61,0.00311232407807438,0.0036188343796084155,0.004773104171710205
248,30,521.375114130409,366.5255721280141,521.38,366.53,0.004885869591021219,0.004427871985853926,0.006593767662238021
248,31,1109.0192485188518,352.2243738899124,1109.02,352.22,0.000751481148199673,-0.004373889912358209,0.004437976665275336
249,13,809.2400372947866,138.720386183133,809.24,138.72,-3.729478657987784e-05,-0.00038618313300275986,0.0003879797846819676
249,14,817.0346447985679,279.7395018427102,817.03,279.74,-0.004644798567937869,0.0004981572898259401,0.004671436012847056
249,15,821.9645746461961,464.2062400826957,821.96,464.21,-0.004574646196033427,0.0037599173043076917,0.005921517200356301
249,17,1678.6838304220564,190.80019174391037,1678.68,190.8,-0.0038304220563532,-0.0001917439103635843,0.0038352182280749804
249,18,1821.5826657569414,275.4547858742153,1821.58,275.45,-0.002665756941496511,-0.004785874215315289,0.005478216139945244
249,30,515.7813355978067,366.8941790960106,515.78,366.89,-0.0013355978067011165,-0.004179096010602734,0.004387330049939316
249,31,1103.5144363891388,352.4182804174343,1103.51,352.42,-0.004436389138845698,0.001719582565726796,0.0047579946187043575
250,13,802.9300279710899,139.29028963734976,802.93,139.29,-2.7971089934908377e-05,-0.00028963734976628075,0.00029098483852562073
250,14,810.7759835989259,280.05462638203267,810.78,280.05,0.004016401074068199,-0.004626382032654419,0.0061265723124634556
250,15,815.973430984647,464.4046800620217,815.97,464.4,-0.0034309846470250704,-0.004680062021748199,0.005802985109022044
250,17,1671.5128728165423,190.6001438079328,1671.51,190.6,-0.0028728165423217433,-0.00014380793280110993,0.0028764136711144288
250,18,1814.186999317706,275.0910894056615,1814.19,275.09,0.003000682293986756,-0.0010894056615029513,0.0031923187379646637
250,30,509.086001698355,367.4206343220079,509.09,367.42,0.003998301644969615,-0.0006343220078974809,0.0040483058745442915
250,31,1097.8858272918542,352.5637103130757,1097.89,352.56,0.004172708145915749,-0.0037103130757145664,0.00558371886745833
251,13,796.4475209783175,139.7177172280123,796.45,139.72,0.0024790216825749667,0.002282771987694332,0.0033699549626780992
251,14,804.0819876991944,280.5409697865245,804.08,280.54,-0.00198769919438746,-0.0009697865244788773,0.0022116586514264306
251,15,809.2300732384853,464.8035100465163,809.23,464.8,-7.323848524265486e-05,-0.0035100465162827277,0.0035108105078726693
251,17,1664.3846546124068,190.7001078559496,1664.38,190.7,-0.004654612406739034,-0.00010785594960793787,0.004655861849629429
251,18,1806.8902494882796,274.8183170542461,1806.89,274.82,-0.00024948827945081575,0.0016829457538847237,0.0017013379476464837
251,30,502.06450127376627,367.8154757415059,502.06,367.82,-0.004501273766265967,0.004524258494086553,0.006382035759864444
251,31,1091.6643704688906,352.9227827348068,1091.66,352.92,-0.004370468890556367,-0.002782734806771714,0.005181178565552418
252,13,790.085640733738,140.0382879210092,790.09,140.04,0.004359266261985795,0.0017120789907778544,0.004683419350597437
252,14,797.8114907743958,280.90572733989336,797.81,280.91,-0.0014907743958474384,0.004272660106664716,0.004525266034875567
252,15,802.922554928864,465.1026325348872,802.92,465.1,-0.0025549288640149825,-0.002632534887197835,0.0036685012515318303
252,17,1658.0384909593051,190.7750808919622,1658.04,190.78,0.0015090406948274904,0.0049191080377966045,0.005145369540291601
252,18,1800.6676871162097,274.6137377906846,1800.67,274.61,0.0023128837904096144,-0.003737790684567699,0.004395510280909443
252,30,495.2983759553247,368.36160680612943,495.3,368.36,0.0016240446753386095,-0.0016068061294163272,0.0022845890319761167
252,31,1085.998277851668,353.1920870511051,1086.0,353.19,0.0017221483319644904,-0.0020870511050929963,0.002705841309566763
253,13,783.0642305503036,140.2787159407569,783.06,140.28,-0.004230550303645941,0.0012840592430904962,0.0044211270069344204
253,14,790.8586180807969,281.17929550492,790.86,281.18,0.0013819192031405692,0.0007044950800150218,0.0015511331347676245
253,15,796.191916196648,465.32697440116544,796.19,465.33,-0.0019161966479259718,0.003025598834540233,0.0035813486148508285
253,17,1651.278868219479,190.83131066897164,1651.28,190.83,0.0011317805210637744,-0.0013106689716266828,0.0017316986750137377
253,18,1794.0007653371572,274.46030334301344,1794.0,274.46,-0.0007653371571905154,-0.00030334301345646963,0.0008232605589904763
253,30,488.2237819664935,368.5212051045971,488.22,368.52,-0.0037819664934772845,-0.001205104597090667,0.003969325842975596
253,31,1079.998708388751,353.3940652883288,1080.0,353.39,0.0012916112489165243,-0.004065288328831684,0.0042655396862369965
254,13,774.2981729127278,140.95903695556768,774.3,140.96,0.0018270872722041531,0.0009630444323249776,0.002065357712088284
254,14,782.8939635605976,281.63447162869,782.89,281.63,-0.003963560597640026,-0.004471628689998397,0.005975389171625672
254,15,788.643937147486,465.7452308008741,788.64,465.75,-0.0039371474859990485,0.004769199125917112,0.006184366631204619
254,17,1643.7091511646092,190.62348300172874,1643.71,190.62,0.0008488353907978308,-0.0034830017287390547,0.003584943871676396
254,18,1786.7505740028678,273.84522750726006,1786.75,273.85,-0.0005740028677791997,0.004772492739959944,0.004806887375962653
254,24,1837.0,120.0,1837.0,120.0,0.0,0.0,0.0
254,30,480.1678364748701,369.3909038284478,480.17,369.39,0.0021635251299017,-0.0009038284478037895,0.002344727457675108
254,31,1073.2490312915634,353.5455489662466,1073.25,353.55,0.0009687084366305498,0.004451033753412048,0.004555227492586133
255,13,766.9736296845458,141.46927771667578,766.97,141.47,-0.0036296845457854943,0.0007222833242224169,0.0037008516725699553
255,14,775.9204726704482,281.9758537215175,775.92,281.98,-0.0004726704482891364,0.004146278482494381,0.004173133427903038
255,15,781.7329528606144,466.05892310065553,781.73,466.06,-0.0029528606144140213,0.0010768993444685293,0.0031431032446094256
255,17,1637.2818633734569,190.71761225129654,1637.28,190.72,-0.0018633734568993532,0.0023877487034553724,0.0030287793763709263
255,18,1780.5629305021507,273.63392063044506,1780.56,273.63,-0.0029305021507752826,-0.0039206304450658536,0.0048948121457800435
255,24,1836.25,120.25,1836.25,120.25,0.0,0.0,0.0
255,30,473.3758773561526,369.79317787133584,473.38,369.79,0.004122643847381369,-0.0031778713358221466,0.005205291396203625
255,31,1067.1867734686725,353.65916172468496,1067.19,353.66,0.003226531327527482,0.0008382753150613098,0.0033336481385049313
256,13,759.4802222634094,142.10195828750682,759.48,142.1,-0.00022226340934139444,-0.001958287506823808,0.0019708604675405784
256,14,768.6903545028362,282.48189029113814,768.69,282.48,-0.00035450283610316546,-0.0018902911381246668,0.0019232453945552126
256,15,774.5497146454609,466.5441923254916,774.55,466.54,0.0002853545390735235,-0.004192325491601423,0.0042020257305853065
256,17,1630.2113975300927,190.78820918847242,1630.21,190.79,-0.0013975300926176715,0.001790811527570213,0.0022715845322264184
256,18,1773.6721978766132,273.4754404728338,1773.67,273.48,-0.002197876613081462,0.004559527166236421,0.00506161531390705
256,24,1833.4375,120.4375,1833.44,120.44,0.0025000000000545697,0.0024999999999977263,0.0035355339059697163
256,30,465.78190801711446,370.34488340350185,465.78,370.34,-0.0019080171144878477,-0.004883403501878547,0.0052429151310447696
256,31,1060.6400801015043,353.9943712935137,1060.64,353.99,-8.010150418158446e-05,-0.004371293513713681,0.004372027359704814
257,13,751.360166697557,142.8264687156301,751.36,142.83,-0.00016669755700604583,0.0035312843698989127,0.0035352167368641126
257,14,760.7677658771271,283.1114177183536,760.77,283.11,0.0022341228728919305,-0.0014177183535935,0.002645983813498253
257,15,766.6622859840957,467.1581442441187,766.66,467.16,-0.0022859840956925837,0.0018557558813085961,0.002944410497327247
257,16,1124.6329755004042,941.6449332526274,1124.63,941.64,-0.0029755004040907806,-0.004933252627438378,0.005761126985310431
257,17,1622.6585481475695,190.59115689135433,1622.66,190.59,0.001451852430591316,-0.001156891354327172,0.001856414039467185
257,18,1766.00414840746,272.85658035462535,1766.0,272.86,-0.004148407459979353,0.003419645374663105,0.005376175122005152
257,24,1829.078125,120.078125,1829.08,120.08,0.0018749999999272404,0.0018749999999982947,0.0026516504293968984
257,30,457.0864310128359,371.2586625526264,457.09,371.26,0.003568987164101145,0.001337447373600753,0.003811356038822703
257,31,1053.7300600761282,354.2457784701353,1053.73,354.25,-6.0076128193031764e-05,0.004221529864707918,0.004221957311461062
258,13,744.2701250231678,143.6198515367226,744.27,143.62,-0.0001250231678113778,0.0001484632774122474,0.00019409311484330883
258,14,753.8258244078453,283.8335632887652,753.83,283.83,0.004175592154751939,-0.003563288765235484,0.005489316593828357
258,15,759.7467144880718,467.618608183089,759.75,467.62,0.003285511928197593,0.001391816910995658,0.0035681567992539454
258,16,1034.474731625303,938.2336999394706,1034.47,938.23,-0.004731625303065812,-0.0036999394706072053,0.006006482339503694
258,17,1615.9939111106771,190.69336766851575,1615.99,190.69,-0.003911110677108809,-0.0033676685157502106,0.005161199275417464
258,18,1759.253111305595,272.642435265969,1759.25,272.64,-0.0031113055949845148,-0.0024352659690407563,0.003951043260374399
258,24,1824.55859375,120.05859375,1824.56,120.06,0.0014062499999454303,0.0014062500000022737,0.001988737822050186
258,30,449.3148232596269,372.1939969144698,449.31,372.19,-0.004823259626903109,-0.003996914469780677,0.006264116753961061
258,31,1047.5475450570962,354.68433385260147,1047.55,354.68,0.002454942903796109,-0.00433385260146224,0.004980865691032022
259,13,736.4525937673759,144.21488865254196,736.45,144.21,-0.0025937673758562596,-0.004888652541950478,0.005534126207087721
259,14,746.119368305884,284.37517246657393,746.12,284.38,0.0006316941160093847,0.004827533426066566,0.004868687342188947
259,15,752.0600358660538,468.21395613731676,752.06,468.21,-3.5866053849531454e-05,-0.003956137316777131,0.003956299892957471
259,16,964.1060487189773,936.175274954603,964.11,936.18,0.003951281022750663,0.004725045396980931,0.00615943793899088
259,17,1608.495433333008,191.0200257513868,1608.5,191.02,0.004566666992104729,-2.5751386800720866e-05,0.004566739597426266
259,18,1751.4398334791963,272.4818264494768,1751.44,272.48,0.0001665208037593402,-0.0018264494767663564,0.0018340247733508819
259,19,1948.0,399.0,1948.0,399.0,0.0,0.0,0.0
259,24,1818.6689453125,120.0439453125,1818.67,120.04,0.0010546875000727596,-0.003945312499993747,0.004083853137101853
259,30,441.2361174447202,372.8954976858523,441.24,372.9,0.003882555279801636,0.004502314147657671,0.005945171838131677
259,31,1040.6606587928222,355.0132503894511,1040.66,355.01,-0.0006587928221506445,-0.003250389451125102,0.003316479996397167
260,13,728.5894453255319,144.66116648940647,728.59,144.66,0.000554674468162375,-0.0011664894064722375,0.0012916506110567077
260,14,738.089526229413,285.03137934993043,738.09,285.03,0.000473770587063882,-0.001379349930459739,0.0014584460222531865
260,15,744.0450268995403,468.6604671029876,744.05,468.66,0.004973100459665147,-0.0004671029875567001,0.004994988827105231
260,16,909.079536539233,934.8814562159522,909.08,934.88,0.0004634607670368496,-0.0014562159522029106,0.001528188725921185
260,17,1600.121574999756,191.0150193135401,1600.12,191.02,-0.0015749997560305928,0.004980686459902017,0.005223778502515944
260,18,1742.829875109397,272.3613698371076,1742.83,272.36,0.00012489060281950515,-0.0013698371075747673,0.0013755185800131615
260,19,1945.25,398.75,1945.25,398.75,0.0,0.0,0.0
260,24,1811.501708984375,120.032958984375,1811.5,120.03,-0.001708984375,-0.002958984374998863,0.003417047867016433
260,30,433.1770880835402,373.67162326438927,433.18,373.67,0.0029119164598228053,-0.0016232643892521992,0.003333803345490147
260,31,1033.4954940946168,355.25993779208835,1033.5,355.26,0.004505905383211939,6.220791163968897e-05,0.004506334779699451
261,13,721.1920839941489,145.24587486705485,721.19,145.25,-0.0020839941488475233,0.00412513294514838,0.004621661327659055
261,14,730.8171446720597,285.77353451244784,730.82,285.77,0.0028553279403240595,-0.0035345124478567413,0.00454375130160636
261,15,737.0337701746553,469.24535032724066,737.03,469.25,-0.0037701746553011617,0.004649672759342138,0.005986123428433762
261,16,867.0596524044247,933.9110921619641,867.06,933.91,0.00034759557524921547,-0.001092161964152183,0.0011461415444322693
261,17,1592.591181249817,191.2612644851551,1592.59,191.26,-0.0011812498171366315,-0.0012644851551044667,0.0017303970174398975
261,18,1735.1224063320478,272.2710273778307,1735.12,272.27,-0.002406332047939941,-0.001027377830723708,0.0026164745616965935
261,19,1941.9375,398.5625,1941.94,398.56,0.0025000000000545697,-0.0024999999999977263,0.0035355339059697163
261,24,1804.8762817382812,120.02471923828125,1804.88,120.02,0.0037182617188591394,-0.004719238281253979,0.006008051278508392
261,30,425.63281606265514,374.2537174482919,425.63,374.25,-0.0028160626551425594,-0.003717448291922665,0.004663649931202738
261,31,1026.8716205709625,355.6949533440663,1026.87,355.69,-0.0016205709625864984,-0.004953344066279897,0.005211704873045748
262,13,713.8940629956116,145.93440615029112,695.6,138.2,-18.294062995611625,-7.734406150291136,19.86186746972872
262,14,723.3628585040448,286.58015088433586,701.2,288.5,-22.16285850404472,1.9198491156641353,22.245856191597206
262,15,729.5253276309915,469.9340127454305,711.2,467.0,-18.32532763099141,-2.9340127454304934,18.558719340879257
262,17,1584.6933859373628,191.4459483638663,1578.9,189.5,-5.7933859373627,-1.9459483638663073,6.111467553220409
262,18,1726.8418047490359,272.20327053337303,1692.2,273.2,-34.64180474903583,0.9967294666269595,34.65614095510295
262,19,1937.203125,398.421875,1878.5,403.2,-58.703125,4.778124999999989,58.897261084716405
262,24,1797.657211303711,120.26853942871094,1850.6,101.0,52.94278869628897,-19.268539428710938,56.34017648761576
262,30,417.72461204699135,375.19028808621897,407.1,381.0,-10.62461204699133,5.80971191378103,12.109299470663137
262,31,1019.9037154282219,356.0212150080497,991.0,362.8,-28.903715428221858,6.778784991950317,29.687989011092032
263,13,706.9205472467088,146.70080461271834,706.92,146.7,-0.0005472467088338817,-0.0008046127183547469,0.000973077893525349
263,14,716.0221438780336,287.4351131632519,716.02,287.44,-0.0021438780336211494,0.004886836748084988,0.005336420750416627
263,15,721.8939957232436,470.4505095590729,721.89,470.45,-0.00399572324363362,-0.0005095590728956267,0.004028083252427167
263,16,805.0335544774889,933.3249893411048,805.03,933.32,-0.0035544774889331165,-0.00498934110476057,0.006125996643729549
263,17,1576.520039453022,191.33446127289972,1576.52,191.33,-3.9453022054658504e-05,-0.004461272899703772,0.0044614473466108
263,18,1718.381353561777,271.90245290002974,1718.38,271.9,-0.0013535617767956865,-0.0024529000297661696,0.002801579561538307
263,19,1931.15234375,397.81640625,1931.15,397.82,-0.0023437499999090505,0.003593749999993179,0.004290478192990223
263,21,1938.0,321.0,1938.0,321.0,0.0,0.0,0.0
263,24,1789.9929084777832,120.2014045715332,1789.99,120.2,-0.00290847778319403,-0.0014045715332002828,0.0032298706177198264
263,30,409.54345903524353,376.1427160646642,409.54,376.14,-0.003459035243508879,-0.0027160646642414576,0.004397946347578332
263,31,1012.9277865711664,356.26591125603727,1012.93,356.27,0.0022134288335564634,0.004088743962711305,0.0046494187156920245
264,13,700.1904104350316,147.27560345953876,700.19,147.28,-0.00041043503154014616,0.004396540461243603,0.004415656796272495
264,14,709.2666079085252,288.0763348724389,709.27,288.08,0.0033920914747795905,0.003665127561077952,0.0049939407898217615
264,15,714.9204967924327,470.83788216930463,714.92,470.84,-0.0004967924327274886,0.002117830695340217,0.0021753182698953555
264,16,782.5251658581167,933.4937420058286,782.53,933.49,0.004834141883293341,-0.003742005828598849,0.006113226265162991
264,17,1569.1400295897665,191.5008459546748,1569.14,191.5,-2.958976642730704e-05,-0.0008459546747872082,0.000846472011392907
264,18,1710.7860151713326,271.9268396750223,1710.79,271.93,0.003984828667398688,0.0031603249777276687,0.0050859132388757665
264,19,1925.3642578125,397.6123046875,1925.36,397.61,-0.004257812500100044,-0.0023046874999863576,0.004841544356773111
264,21,1937.0,321.25,1937.0,321.25,0.0,0.0,0.0
264,24,1782.9946813583374,120.1510534286499,1782.99,120.15,-0.004681358337393249,-0.0010534286498966594,0.004798419302593759
264,30,401.90759427643263,377.10703704849817,401.91,377.11,0.002405723567392215,0.002962951501842781,0.003816619903131397
264,31,1006.4458399283748,356.44943344202795,1006.45,356.45,0.004160071625278761,0.0005665579720357528,0.00419847399219368
265,13,692.8928078262737,147.70670259465408,692.89,147.71,-0.002807826273738101,0.0032974053459327024,0.0043309087266853764
265,14,701.9499559313939,288.80725115432915,701.95,288.81,4.406860614381003e-05,0.0027488456708510967,0.002749198894988188
265,15,707.4403725943246,471.3784116269785,707.44,471.38,-0.00037259432451719476,0.001588373021490952,0.0016314887024011908
265,16,763.8938743935876,933.6203065043715,763.89,933.62,-0.003874393587580016,-0.0003065043714514104,0.0038864985013762673
265,17,1561.105022192325,191.6256344660061,1561.11,191.63,0.004977807675004442,0.004365533993905046,0.006620910534154171
265,18,1702.3395113784995,271.69512975626674,1702.34,271.7,0.0004886215003807592,0.004870243733250845,0.004894693554442758
265,19,1918.273193359375,397.459228515625,1918.27,397.46,-0.00319335937501819,0.0007714843749795364,0.0032852294042964685
265,21,1933.25,321.1875,1933.25,321.19,0.0,0.0024999999999977263,0.0024999999999977263
265,24,1774.996011018753,119.86329007148743,1775.0,119.86,0.003988981246948242,-0.0032900714874273262,0.005170738997559925
265,30,393.6806957073245,378.33027778637364,393.68,378.33,-0.0006957073244961975,-0.0002777863736582731,0.0007491154455408533
265,31,999.584379946281,356.837075081521,999.58,356.84,-0.004379946281005687,0.0029249184789819083,0.005266790059721897
266,13,685.6696058697053,148.03002694599056,685.67,148.03,0.0003941302946941505,-2.694599055530489e-05,0.0003950503456557208
266,14,694.4624669485454,289.35543836574686,694.46,289.36,-0.002466948545361447,0.00456163425315026,0.005185975528767436
266,15,700.0802794457434,472.0338087202339,700.08,472.03,-0.00027944574333105265,-0.0038087202339056603,0.0038189579394945204
266,16,748.1704057951906,933.7152298782786,748.17,933.72,-0.00040579519065886416,0.004770121721435316,0.004787351143802895
266,17,1552.8287666442436,191.46922584950457,1552.83,191.47,0.0012333557563124486,0.0007741504954310585,0.0014561852255826544
266,18,1693.7546335338748,271.2713473172,1693.75,271.27,-0.0046335338747667265,-0.0013473172000431077,0.004825442964759065
266,19,1910.7048950195312,397.09442138671875,1910.7,397.09,-0.004895019531204525,-0.004421386718775011,0.006596201689444754
266,21,1928.1875,320.890625,1928.19,320.89,0.0025000000000545697,-0.0006250000000136424,0.002576941016067287
266,22,1919.0,246.0,1919.0,246.0,0.0,0.0,0.0
266,24,1766.4970082640648,119.39746755361557,1766.5,119.4,0.0029917359352111816,0.002532446384435616,0.003919664347374013
266,25,1891.0,180.0,1891.0,180.0,0.0,0.0,0.0
266,30,385.7605217804934,379.2477083397802,385.76,379.25,-0.000521780493386359,0.002291660219782443,0.0023503109254334473
266,31,992.6882849597108,357.1278063111407,992.69,357.13,0.0017150402892411876,0.0021936888592790638,0.0027845347914949056
267,13,679.252204402279,148.0225202094929,679.25,148.02,-0.0022044022789486917,-0.002520209492899994,0.003348260040011443
267,14,687.846850211409,289.7665787743101,687.85,289.77,0.0031497885910312107,0.0034212256898626947,0.004650371317343041
267,15,693.5602095843076,472.5253565401754,693.56,472.53,-0.00020958430764039804,0.004643459824592355,0.004648187251457537
267,16,734.877804346393,934.286422408709,734.88,934.29,0.002195653607032,0.003577591290991222,0.0041976248292872565
267,17,1545.6215749831827,191.60191938712842,1545.62,191.6,-0.0015749831827633898,-0.0019193871284244324,0.0024828650738106745
267,18,1686.315975150406,271.2035104879,1686.32,271.2,0.0040248495938612905,-0.003510487900030057,0.0053406871795175235
267,19,1904.2786712646484,397.07081604003906,1904.28,397.07,0.0013287353515352152,-0.0008160400390693212,0.001559313624574502
267,21,1923.890625,321.16796875,1923.89,321.17,-0.0006249999998999556,0.002031250000015916,0.0021252297669757036
267,22,1918.5,246.25,1918.5,246.25,0.0,0.0,0.0
267,24,1759.3727561980486,119.29810066521168,1759.37,119.3,-0.002756198048700753,0.0018993347883196066,0.0033472526528158767
267,25,1890.75,180.25,1890.75,180.25,0.0,0.0,0.0
267,30,379.07039133537,379.93578125483515,379.07,379.94,-0.00039133537001134755,0.0042187451648487695,0.004236856634081072
267,31,986.2662137197831,357.3458547333555,986.27,357.35,0.0037862802169001952,0.0041452666445138675,0.005614192144468254
268,13,671.9391533017092,148.2668901571197,671.94,148.27,0.0008466982908430509,0.003109842880320457,0.003223045258136531
268,14,680.6351376585567,290.3249340807326,680.64,290.32,0.004862341443299556,-0.004934080732596158,0.006927302287832187
268,15,686.6701571882306,473.14401740513154,686.67,473.14,-0.0001571882306734551,-0.004017405131548912,0.0040204790922050305
268,16,723.6583532597947,934.7148168065318,723.66,934.71,0.0016467402052739999,-0.0048168065317213404,0.0050905184871188934
268,17,1537.966181237387,191.4514395403463,1537.97,191.45,0.003818762613036597,-0.0014395403463254297,0.004081081266456824
268,18,1678.7369813628045,271.152632865925,1678.74,271.15,0.0030186371955096547,-0.002632865925022543,0.004005515384723819
268,19,1897.7090034484863,396.8031120300293,1897.71,396.8,0.0009965515137082548,-0.0031120300292855063,0.003267697327270224
268,21,1918.91796875,321.1259765625,1918.92,321.13,0.0020312500000727596,0.0040234374999954525,0.004507108372245474
268,22,1916.125,246.4375,1916.12,246.44,-0.005000000000109139,0.0024999999999977263,0.005590169943846074
268,24,1752.0295671485364,118.97357549890876,1752.03,118.97,0.00043285146352900483,-0.0035754989087593003,0.0036016042031320086
268,25,1888.5625,180.1875,1888.56,180.19,-0.0025000000000545697,0.0024999999999977263,0.0035355339059697163
268,30,371.0527935015275,380.7018359411264,371.05,380.7,-0.002793501527492026,-0.0018359411263872971,0.00334280280657722
268,31,979.6996602898373,357.75939105001663,979.7,357.76,0.0003397101627342636,0.0006089499833592527,0.0006972969789825379
269,13,664.9543649762819,146.20016761783978,664.95,146.2,-0.004364976281863164,-0.00016761783979291067,0.0043681934116342434
269,14,672.9763532439175,289.4937005605494,672.98,289.49,0.0036467560825030887,-0.0037005605494186966,0.0051954767158738455
269,15,679.502617891173,473.60801305384865,679.5,473.61,-0.0026178911730312393,0.00198694615136219,0.003286534527773578
269,17,1531.4746359280402,191.08857965525974,1531.47,191.09,-0.004635928040215731,0.0014203447402678648,0.004848629494534002
269,18,1672.3027360221033,271.36447464944376,1672.3,271.36,-0.0027360221033632115,-0.0044746494437504225,0.005244835993102932
269,19,1892.2817525863647,398.102334022522,1892.28,398.1,-0.0017525863647733786,-0.002334022521949919,0.0029187703059608897
269,21,1915.1884765625,322.094482421875,1915.19,322.09,0.0015234375000545697,-0.004482421875025011,0.004734233589745573
269,22,1914.34375,247.078125,1914.34,247.08,-0.0037500000000818545,0.0018750000000125056,0.004192627457890911
269,24,1745.5221753614023,118.23018162418157,1745.52,118.23,-0.0021753614023509726,-0.00018162418156464355,0.0021829302724016213
269,25,1886.921875,180.140625,1886.92,180.14,-0.0018749999999272404,-0.0006250000000136424,0.0019764235375405253
269,30,361.2895951261456,381.2763769558448,361.29,381.28,0.00040487385439291756,0.003623044155176558,0.003645596218498422
269,31,972.774745217378,357.5695432875125,972.77,357.57,-0.004745217378058442,0.00045671248750522864,0.004767145294751466
270,13,658.9657737322115,144.90012571337985,640.9,141.0,-18.065773732211483,-3.9001257133798504,18.48196854027268
270,14,666.4822649329382,288.8702754204121,648.4,291.4,-18.082264932938187,2.529724579587878,18.258362784037814
270,15,673.6269634183798,473.9560097903865,662.5,474.0,-11.126963418379773,0.04399020961352562,11.127050375211912
270,17,1525.3559769460303,191.0664347414448,1518.6,193.0,-6.755976946030387,1.9335652585552054,7.027225562367109
270,18,1665.9770520165775,271.5233559870828,1632.3,273.4,-33.67705201657759,1.8766440129171542,33.729299211197535
270,19,1886.4613144397736,399.0767505168915,1814.2,403.9,-72.26131443977351,4.823249483108498,72.4221050518426
270,21,1910.641357421875,322.82086181640625,1888.5,325.7,-22.141357421875,2.8791381835937386,22.327766237656792
270,22,1911.2578125,247.55859375,1911.26,247.56,0.002187499999990905,0.0014062500000022737,0.0026005182776643976
270,24,1738.8916315210517,117.67263621813618,1783.2,102.3,44.308368478948296,-15.37263621813618,46.89935459642714
270,25,1883.94140625,180.35546875,1883.94,180.36,-0.0014062499999454303,0.004531250000013642,0.00474444576583716
270,30,353.2171963446092,381.9572827168836,349.4,382.0,-3.817196344609215,0.04271728311641709,3.8174353563059586
270,31,966.5810589130335,357.67715746563437,936.9,365.4,-29.681058913033553,7.722842534365611,30.669325962752673
271,13,652.9743302991586,143.9250942850349,652.97,143.93,-0.004330299158596063,0.004905714965104835,0.00654351053501034
271,14,659.8616986997037,288.6527065653091,659.86,288.65,-0.00169869970363834,-0.0027065653090971864,0.003195477500397919
271,15,667.2202225637848,474.4670073427899,667.22,474.47,-0.00022256378474594385,0.0029926572101430793,0.0030009218276559283
271,17,1518.5169827095228,191.0498260560836,1518.52,191.05,0.0030172904771461617,0.0001739439164225587,0.00302230016866911
271,18,1658.7327890124332,271.6425169903121,1658.73,271.64,-0.0027890124331406696,-0.002516990312130929,0.003756837843662432
271,19,1879.5959858298302,400.0575628876686,1879.6,400.06,0.004014170169739373,0.0024371123313926546,0.004696070556055516
271,21,1904.7310180664062,323.3656463623047,1904.73,323.37,-0.00101806640623181,0.0043536376953170475,0.004471087159694305
271,22,1906.193359375,248.1689453125,1906.19,248.17,-0.0033593749999454303,0.0010546874999874944,0.0035210461673894924
271,24,1731.4187236407888,117.50447716360213,1731.42,117.5,0.0012763592112605693,-0.00447716360213235,0.004655543658524579
271,25,1879.2060546875,180.5166015625,1879.21,180.52,0.00394531250003638,0.003398437500010232,0.0052071938858101975
271,30,346.1628972584569,382.4679620376627,346.16,382.47,-0.0028972584568691673,0.0020379623373401046,0.0035422305196467167
271,31,959.9357941847752,357.7578680992258,959.94,357.76,0.004205815224850085,0.0021319007742022222,0.004715281817306872
272,13,646.2307477243689,143.44382071377618,646.23,143.44,-0.000747724368920899,-0.0038207137761787635,0.003893192198101751
272,14,652.8962740247778,288.7395299239818,652.9,288.74,0.003725975222209854,0.0004700760181890473,0.0037555109931137524
272,15,660.9151669228386,475.1002555070924,660.92,475.1,0.004833077161379151,-0.0002555070923904168,0.0048398263111506966
272,17,1511.137737032142,191.0373695420627,1511.14,191.04,0.002262967858086995,0.0026304579373004344,0.003469918224777307
272,18,1651.0495917593248,271.7318877427341,1651.05,271.73,0.00040824067514222406,-0.0018877427340839859,0.0019313811324871797
272,19,1872.1969893723726,400.54317216575146,1872.2,400.54,0.0030106276274182164,-0.0031721657514367507,0.004373387047308084
272,21,1898.0482635498047,323.7742347717285,1898.05,323.77,0.0017364501952670253,-0.004234771728533815,0.004576958692563454
272,22,1900.14501953125,248.626708984375,1900.15,248.63,0.0049804687500909495,0.0032910156249954525,0.005969577272688303
272,24,1723.3140427305916,117.3783578727016,1723.31,117.38,-0.004042730591663712,0.0016421272983961899,0.004363513802076441
272,25,1873.404541015625,180.637451171875,1873.4,180.64,-0.0045410156249090505,0.0025488281249863576,0.00520743196944421
272,30,338.62217294384266,383.350971528247,338.62,383.35,-0.0021729438426518755,-0.0009715282469642261,0.002380242020881087
272,31,952.9518456385814,357.81840107441934,952.95,357.82,-0.001845638581357889,0.0015989255806516667,0.002441914164228348
273,13,639.9230607932767,143.08286553533213,639.92,143.08,-0.003060793276745244,-0.0028655353321198618,0.004192821033933618
273,14,646.6722055185833,288.8046474429864,646.67,288.8,-0.0022055185833096402,-0.004647442986367878,0.0051442238027582105
273,15,655.1863751921289,475.8251916303193,655.19,475.83,0.0036248078711196285,0.004808369680688429,0.006021598715349153
273,17,1504.3533027741064,191.028027156547,1504.35,191.03,-0.0033027741064870497,0.0019728434529895367,0.0038471324500834393
273,18,1644.0371938194935,271.79891580705055,1644.04,271.8,0.002806180506468081,0.0010841929494631586,0.0030083422987663955
273,19,1865.3977420292795,400.6573791243136,1865.4,400.66,0.0022579707206205057,0.0026208756864321003,0.003459396065632037
273,21,1891.5361976623535,323.8306760787964,1891.54,323.83,0.003802337646447995,-0.0006760787964026349,0.0038619754163563644
273,22,1894.3587646484375,248.72003173828125,1894.36,248.72,0.0012353515623999556,-3.173828125113687e-05,0.0012357592003383133
273,24,1715.9855320479437,117.2837684045262,1715.99,117.28,0.004467952056302238,-0.00376840452619831,0.005844952373671432
273,25,1867.5534057617188,180.72808837890625,1867.55,180.73,-0.0034057617187954747,0.0019116210937397682,0.003905573977182296
273,30,331.716629707882,384.2632286461852,331.72,384.26,0.003370292118006546,-0.003228646185220896,0.004667228851260509
273,31,946.4638842289361,358.1138008058145,946.46,358.11,-0.0038842289360445648,-0.003800805814478281,0.005434460347355365
274,13,633.6922955949575,143.3121491514991,633.69,143.31,-0.002295594957445246,-0.0021491514991112126,0.00314461577538179
274,14,640.5041541389375,289.3534855822398,640.5,289.35,-0.004154138937451535,-0.0034855822397616976,0.005422744126527928
274,15,649.3897813940966,476.6188937227395,649.39,476.62,0.00021860590334199514,0.0011062772605328064,0.0011276692414657504
274,17,1497.2649770805797,191.27102036741024,1497.26,191.27,-0.004977080579692483,-0.0010203674102342575,0.005080598463628102
274,18,1636.5278953646202,271.84918685528794,1636.53,271.85,0.002104635379737374,0.0008131447120831581,0.002256256723963628
274,19,1857.7983065219596,400.9930343432352,1857.8,400.99,0.0016934780403516925,-0.003034343235185588,0.003474925429713557
274,21,1884.1521482467651,324.1230070590973,1884.15,324.12,-0.0021482467650457693,-0.0030070590972854916,0.0036955877175487324
274,22,1887.2690734863281,249.04002380371094,1887.27,249.04,0.0009265136718568101,-2.380371094545808e-05,0.0009268194003107422
274,24,1707.9891490359578,117.46282630339465,1707.99,117.46,0.0008509640422289522,-0.002826303394655838,0.0029516318672574583
274,25,1860.665054321289,181.0460662841797,1860.67,181.05,0.00494567871101026,0.003933715820323869,0.006319324178075247
274,30,325.2874722809115,385.4474214846389,325.29,385.45,0.0025277190885049095,0.0025785153611082023,0.0036108316573696775
274,31,940.0979131717021,358.5853506043609,940.1,358.59,0.0020868282979336072,0.004649395639091836,0.005096246869399348
275,13,626.7692216962181,143.73411186362432,626.77,143.73,0.00077830378188537,-0.004111863624331136,0.0041848750569156365
275,14,633.6281156042031,290.01511418667985,633.63,290.02,0.0018843957968783798,0.004885813320129273,0.005236613344371106
275,15,643.0423360455725,477.46417029205463,643.04,477.46,-0.0023360455725196516,-0.004170292054652691,0.00478000467970357
275,17,1489.9487328104346,191.70326527555767,1489.95,191.7,0.0012671895653966203,-0.003265275557680525,0.0035025410578943877
275,18,1628.8959215234652,272.136890141466,1628.9,272.14,0.004078476534914444,0.0031098585340032514,0.00512885863983017
275,19,1850.0987298914697,401.2447757574264,1850.1,401.24,0.001270108530206926,-0.004775757426386917,0.0049417643280709155
275,21,1876.6141111850739,324.34225529432297,1876.61,324.34,-0.0041111850739525835,-0.0022552943229925404,0.004689157194594023
275,22,1879.951805114746,249.2800178527832,1879.95,249.28,-0.0018051147460482753,-1.785278320198813e-05,0.0018052030268833992
275,24,1699.7418617769683,117.84711972754599,1699.74,117.85,-0.0018617769683260121,0.0028802724540071267,0.0034296038968226975
275,25,1853.4987907409668,181.28454971313477,1853.5,181.28,0.001209259033203125,-0.004549713134764488,0.004707674268471839
275,30,318.21560421068364,386.58556611347916,318.22,386.59,0.004395789316390619,0.004433886520814667,0.006243581775996523
275,31,933.3234348787765,358.93901295327066,933.32,358.94,-0.0034348787764884037,0.0009870467293353613,0.0035738849247089794
276,13,620.5769162721635,144.05058389771824,608.1,144.9,-12.476916272163521,0.849416102281765,12.505796551095592
276,14,627.4710867031523,290.51133564000986,614.6,295.3,-12.871086703152287,4.78866435999015,13.733032413589632
276,15,637.5317520341794,478.098127719041,629.5,479.7,-8.031752034179362,1.6018722809590145,8.189935014580346
276,17,1483.7115496078259,192.02744895666825,1482.7,194.9,-1.0115496078258275,2.872551043331754,3.0454526930554895
276,18,1622.1719411425988,272.3526676060995,1590.4,276.2,-31.771941142598735,3.8473323939005013,32.004034285038415
276,19,1843.3240474186023,401.4335818180698,1773.0,401.4,-70.32404741860228,-0.03358181806981975,70.32405543675881
276,21,1869.9605833888054,324.5066914707422,1843.0,324.5,-26.96058338880539,-0.006691470742225647,26.960584219198772
276,22,1873.4638538360596,249.4600133895874,1880.2,245.6,6.736146163940475,-3.860013389587408,7.76372130551864
276,24,1692.8063963327263,117.88533979565949,1736.1,106.3,43.2936036672736,-11.585339795659493,44.816918866426526
276,25,1847.124093055725,181.46341228485107,1883.7,170.9,36.57590694427495,-10.563412284851069,38.07075843604909
276,30,311.66170315801276,387.68917458510936,311.66,387.69,-0.0017031580127309098,0.0008254148906416958,0.0018926322828332356
276,31,927.2425761590824,359.45425971495297,909.8,374.4,-17.442576159082478,14.945740285047009,22.96995027712227
277,13,614.6826872041227,144.53793792328867,614.68,144.54,-0.0026872041227079535,0.0020620767113257443,0.003387215133482168
277,14,621.6033150273643,291.1335017300074,621.6,291.13,-0.0033150273642377215,-0.003501730007428705,0.00482198293968068
277,15,631.8988140256345,478.8235957892807,631.9,478.82,0.0011859743655122656,-0.0035957892807232383,0.0037863221927110697
277,17,1476.7836622058694,192.5205867175012,1476.78,192.52,-0.0036622058694320003,-0.0005867175011928794,0.0037089067467797315
277,18,1614.8789558569492,272.76450070457463,1614.88,272.76,0.0010441430508763005,-0.004500704574638803,0.0046202355328346534
277,19,1835.4930355639517,401.82518636355235,1835.49,401.83,-0.00303556395169835,0.004813636447636327,0.005690847419748958
277,21,1862.470437541604,324.88001860305667,1862.47,324.88,-0.0004375416040147684,-1.8603056673782703e-05,0.0004379369006619839
277,22,1866.0978903770447,250.09501004219055,1866.1,250.1,0.002109622955231316,0.004989957809442558,0.005417581374862373
277,24,1685.3547972495448,118.41400484674462,1685.35,118.41,-0.004797249544935767,-0.004004846744621204,0.00624919199931395
277,25,1839.8430697917938,182.0975592136383,1839.84,182.1,-0.0030697917939050967,0.0024407863616886516,0.003921869416659917
277,30,306.2462773685096,388.766880938832,306.25,388.77,0.0037226314904046376,0.003119061167978998,0.004856596316654985
277,31,921.1819321193118,360.0906947862147,921.18,360.09,-0.0019321193118457813,-0.0006947862147512751,0.0020532444860307847
278,13,609.0120154030919,145.1534534424665,595.9,147.5,-13.11201540309196,2.346546557533486,13.320331402693894
278,14,615.9524862705232,291.85012629750554,603.0,298.3,-12.952486270523195,6.449873702494472,14.469546342792563
278,15,626.4241105192259,479.61769684196054,614.8,479.6,-11.624110519225951,-0.017696841960514575,11.624123990279646
278,17,1470.087746654402,193.14044003812592,1464.7,195.1,-5.387746654402008,1.9595599618740778,5.733034907987214
278,18,1607.6592168927118,273.323375528431,1574.9,276.0,-32.75921689271172,2.6766244715690277,32.86838313616189
278,19,1827.8697766729638,402.36888977266426,1756.3,400.9,-71.56977667296383,-1.4688897726642836,71.58484874735822
278,21,1855.102828156203,325.4100139522925,1823.7,325.4,-31.402828156202986,-0.010013952292524664,31.40282975286233
278,22,1858.8234177827835,250.8212575316429,1864.2,248.1,5.376582217216537,-2.7212575316429195,6.026016834693744
278,24,1677.7660979371585,119.06050363505847,1724.6,107.7,46.83390206284139,-11.360503635058464,48.19206807425881
278,25,1832.6323023438454,182.82316941022873,1864.7,173.5,32.06769765615468,-9.32316941022873,33.39548952805413
278,30,301.18470802638217,389.825160704124,301.18,389.83,-0.004708026382161279,0.004839295875967764,0.006751614398814941
278,31,914.8864490894839,360.56802108966104,897.9,368.3,-16.986449089483926,7.731978910338967,18.663412081919958
279,13,604.509011552319,145.86509008184987,604.51,145.87,0.0009884476810384513,0.004909918150133308,0.005008425407167284
279,14,611.4643647028925,292.38759472312915,611.46,292.39,-0.004364702892416972,0.0024052768708315853,0.004983571827959387
279,15,622.0680828894194,480.21327263147043,622.07,480.21,0.0019171105806208288,-0.00327263147045187,0.0037928129033370866
279,17,1464.3158099908014,193.85533002859444,1464.32,193.86,0.00419000919850987,0.004669971405576234,0.006274138188826972
279,18,1601.4944126695339,273.74253164632324,1601.49,273.74,-0.004412669533849112,-0.0025316463232343267,0.0050873259695940485
279,19,1821.1523325047228,402.7766673294982,1821.15,402.78,-0.0023325047227444884,0.003332670501777102,0.004067833693139455
279,21,1848.5771211171523,326.0575104642194,1848.58,326.06,0.0028788828476535855,0.002489535780625829,0.0038060156139367416
279,22,1852.3675633370876,251.36594314873219,1852.37,251.37,0.002436662912259635,0.004056851267819184,0.004732374494604979
279,24,1671.324573452869,119.79537772629385,1671.32,119.8,-0.004573452868953609,0.004622273706146984,0.006502452257347052
279,25,1826.474226757884,183.61737705767155,1826.47,183.62,-0.004226757883998289,0.0026229423284576114,0.004974465666617504
279,30,296.8885310197866,390.618870528093,296.89,390.62,0.0014689802133602825,0.0011294719070065184,0.0018530001769997116
279,31,909.6648368171129,360.9260158172458,909.66,360.93,-0.004836817112959579,0.003984182754209087,0.006266459287600594
280,13,600.3817586642392,146.3988175613874,600.38,146.4,-0.0017586642392188878,0.0011824386126022546,0.002119212348699416
280,14,607.0982735271693,292.7906960423469,607.1,292.79,0.0017264728306827237,-0.0006960423468740373,0.0018615003045198608
280,15,617.5510621670646,480.90995447360285,617.55,480.91,-0.0010621670646742132,4.552639717303464e-05,0.00106314228874511
280,17,1458.486857493101,194.64149752144584,1458.49,194.64,0.0031425068989392457,-0.0014975214458559094,0.0034810803051178135
280,18,1595.1208095021505,274.30689873474245,1595.12,274.31,-0.0008095021505596378,0.0031012652575554966,0.0032051739312370306
280,19,1814.1142493785421,403.58250049712365,1814.11,403.58,-0.004249378542226623,-0.002500497123662626,0.004930487182883769
280,21,1841.6828408378642,326.79313284816453,1841.68,326.79,-0.0028408378641415766,-0.00313284816451187,0.004229077605368087
280,22,1845.7756725028157,252.27445736154914,1845.78,252.27,0.004327497184249296,-0.004457361549128791,0.006212511880015796
280,24,1664.9934300896516,120.59653329472039,1664.99,120.6,-0.00343008965160152,0.0034667052796066855,0.004876839192927803
280,25,1819.855670068413,184.46303279325366,1819.86,184.46,0.004329931586880775,-0.003032793253652244,0.005286411114023051
280,26,1941.0,252.0,1941.0,252.0,0.0,0.0,0.0
280,30,292.41639826484,391.4641528960698,292.42,391.46,0.003601735160032149,-0.004152896069797407,0.005497184909528745
280,31,904.2486276128348,361.44451186293435,904.25,361.44,0.0013723871652473463,-0.0045118629343505745,0.004715967946212339
281,13,596.0363189981795,147.29911317104055,596.04,147.3,0.0036810018204960215,0.0008868289594659018,0.0037863227551071764
281,14,602.5737051453771,293.59302203176014,602.57,293.59,-0.0037051453770118314,-0.003022031760167465,0.0047812946180143525
281,15,612.9132966252985,481.68246585520217,612.91,481.68,-0.003296625298503386,-0.002465855202160583,0.004116816760162511
281,17,1452.615143119826,195.48112314108437,1452.62,195.48,0.004856880173974787,-0.0011231410843777212,0.00498505074395101
281,18,1588.340607126613,274.98017405105685,1588.34,274.98,-0.0006071266129765718,-0.00017405105683110378,0.0006315825318740443
281,19,1806.8356870339067,404.18687537284274,1806.84,404.19,0.004312966093266368,0.003124627157262694,0.00532587752333537
281,21,1834.5121306283982,327.5948496361234,1834.51,327.59,-0.002130628398163026,-0.004849636123424261,0.005297031989773163
281,22,1838.5817543771118,253.20584302116185,1838.58,253.21,-0.001754377111865324,0.004156978838153691,0.0045120186293381515
281,24,1658.2450725672388,121.44739997104028,1658.25,121.45,0.004927432761178352,0.002600028959719225,0.005571332354770477
281,25,1812.8917525513098,185.34727459494025,1812.89,185.35,-0.0017525513096643408,0.002725405059749164,0.0032402575256779424
281,26,1939.0,252.25,1939.0,252.25,0.0,0.0,0.0
281,30,288.06229869863,392.34811467205236,288.06,392.35,-0.0022986986299997625,0.001885327947661608,0.0029729575950216166
281,31,898.6864707096261,362.08338389720075,898.69,362.08,0.0035292903739900794,-0.003383897200762931,0.004889442791287187
282,13,592.2772392486346,147.97433487828042,576.2,153.3,-16.077239248634555,5.325665121719595,16.936361204418617
282,14,598.6802788590328,294.19476652382014,590.6,302.2,-8.080278859032774,8.005233476179853,11.374298635427266
282,15,608.9349724689739,482.2618493914016,597.3,482.3,-11.634972468973956,0.03815060859841424,11.635035015964428
282,17,1447.4613573398694,196.11084235581328,1445.0,197.8,-2.461357339869437,1.6891576441867358,2.9852191714250456
282,18,1582.5054553449597,275.48513053829265,1555.9,279.7,-26.605455344959637,4.2148694617073375,26.93724890726361
282,19,1800.37676527543,404.64015652963207,1728.8,402.1,-71.57676527543003,-2.5401565296320427,71.62182434488135
282,21,1828.1340979712986,328.19613722709255,1797.3,328.2,-30.83409797129866,0.0038627729074391937,30.834098213255057
282,22,1832.4363157828338,253.9043822658714,1839.1,250.6,6.663684217166065,-3.3043822658713964,7.437985581131056
282,24,1652.4338044254291,122.08554997828021,1699.0,111.3,46.566195574570884,-10.785549978280216,47.79893993200231
282,25,1806.9188144134823,186.01045594620518,1841.9,173.5,34.98118558651777,-12.510455946205184,37.1509737829352
282,26,1936.75,252.4375,1936.75,252.44,0.0,0.0024999999999977263,0.0024999999999977263
282,30,284.7967240239725,393.01108600403927,284.8,393.01,0.0032759760275098415,-0.001086004039279942,0.003451293048431488
282,31,894.0148530322195,362.56253792290056,885.1,375.1,-8.914853032219526,12.537462077099462,15.383840870237213
283,13,590.957929436476,148.73075115871032,590.96,148.73,0.002070563524057434,-0.0007511587103294914,0.00220260589195185
283,14,596.7602091442745,294.6460748928651,596.76,294.65,-0.0002091442745495442,0.003925107134875816,0.003930675177094884
283,15,605.9512293517305,481.9463870435512,605.95,481.95,-0.0012293517304442503,0.003612956448762361,0.0038163804812675326
283,16,695.493764944846,933.2861126048988,695.49,933.29,-0.003764944846011531,0.0038873951011737518,0.005411714180011586
283,17,1443.3460180049021,197.33313176685996,1443.35,197.33,0.003981995097774416,-0.0031317668599513127,0.005065989402257843
283,18,1576.8790915087197,276.6138479037195,1576.88,276.61,0.0009084912803700718,-0.0038479037194747434,0.003953696933359462
283,19,1791.7825739565724,405.23011739722403,1791.78,405.23,-0.0025739565724052227,-0.00011739722401671315,0.0025766324039014324
283,21,1820.100573478474,328.8971029203194,1820.1,328.9,-0.0005734784740525356,0.0028970796805651844,0.0029532944715597352
283,22,1825.0772368371254,254.92828669940354,1825.08,254.93,0.002763162874543923,0.001713300596463796,0.003251225615841053
283,24,1647.0753533190718,123.06416248371016,1647.08,123.06,0.004646680928090063,-0.004162483710160814,0.006238422419556891
283,25,1800.6891108101117,187.0078419596539,1800.69,187.01,0.000889189888312103,0.0021580403461030073,0.002334051583167107
283,26,1932.0625,253.078125,1932.06,253.08,-0.0025000000000545697,0.0018750000000125056,0.003125000000051159
283,30,282.0975430179794,393.50831450302945,282.1,393.51,0.002456982020646592,0.0016854969705377698,0.002979540348354526
283,31,889.7611397741647,363.17190344217545,889.76,363.17,-0.0011397741646987924,-0.0019034421754327013,0.0022185980396932665
284,13,588.718447077357,149.54806336903275,588.72,149.55,0.001552922642986232,0.0019366309672648185,0.002482359409607805
284,14,594.0701568582059,294.98455616964884,594.07,294.98,-0.00015685820585531474,-0.004556169648822106,0.004558868978770053
284,15,602.4634220137979,481.70979028266345,602.46,481.71,-0.003422013797830914,0.000209717336531412,0.0034284340147926117
284,16,673.6203237086345,931.9645844536741,673.62,931.96,-0.0003237086344825002,-0.0045844536740560216,0.004595868010463778
284,17,1438.2595135036765,198.24984882514497,1438.26,198.25,0.0004864963234467723,0.00015117485503424177,0.0005094433329840038
284,18,1570.65931863154,277.7103859277896,1570.66,277.71,0.000681368460163867,-0.000385927789636753,0.000783072945082378
284,19,1783.0869304674293,405.922588047918,1783.09,405.92,0.003069532570634692,-0.0025880479179818394,0.004014974748109551
284,21,1811.5754301088555,329.67282719023956,1811.58,329.67,0.004569891144456051,-0.0028271902395431425,0.005373724008799284
284,22,1817.307927627844,255.94621502455266,1817.31,255.95,0.002072372155907942,0.0037849754473313624,0.004315178500303757
284,24,1640.8065149893039,124.04812186278262,1640.81,124.05,0.0034850106960675475,0.0018781372173748423,0.003958875971660862
284,25,1793.7668331075838,188.00588146974042,1793.77,188.01,0.00316689241617496,0.004118530259574982,0.005195334356387589
284,26,1926.296875,253.80859375,1926.3,253.81,0.0031249999999545253,0.0014062500000022737,0.003426830031125293
284,30,279.5731572634845,393.8812358772721,279.57,393.88,-0.0031572634845247194,-0.0012358772721086098,0.0033905317197200488
284,31,884.5708548306235,363.8789275816316,884.57,363.88,-0.0008548306234388292,0.0010724183683805677,0.0013714286534883455
285,13,586.7888353080177,150.41104752677455,586.79,150.41,0.001164691982239674,-0.0010475267745562178,0.00156646728561612
285,14,591.8026176436545,295.48841712723663,591.8,295.49,-0.002617643654502899,0.001582872763378873,0.003059010377067388
285,15,599.5975665103484,481.53234271199756,599.6,481.53,0.0024334896515938453,-0.0023427119975849564,0.003377894519969922
285,16,656.7152427814758,930.9734383402556,656.72,930.97,0.0047572185242188425,-0.003438340255570438,0.005869694353222072
285,17,1433.4446351277575,199.18738661885874,1433.44,199.19,-0.004635127757410373,0.0026133811412591967,0.005321106117810971
285,18,1564.7444889736548,278.53278944584224,1564.74,278.53,-0.004488973654815709,-0.0027894458422679236,0.005285063157671374
285,19,1775.315197850572,406.4419410359385,1775.32,406.44,0.0048021494278600585,-0.0019410359385005904,0.005179600336130921
285,21,1803.9315725816416,330.25462039267967,1803.93,330.25,-0.0015725816415397276,-0.004620392679669294,0.004880680437567018
285,22,1810.230945720883,256.9596612684145,1810.23,256.96,-0.0009457208830099262,0.00033873158548658466,0.0010045531720955989
285,24,1634.854886241978,125.03609139708696,1634.85,125.04,-0.004886241978056205,0.003908602913043069,0.006257198846126546
285,25,1787.0751248306879,189.0044111023053,1787.08,189.0,0.004875169312072103,-0.0044111023053119425,0.00657457978651852
285,26,1920.47265625,254.6064453125,1920.47,254.61,-0.002656249999972715,0.0035546875000136424,0.004437506877189972
285,30,278.1798679476134,394.1609269079541,278.18,394.16,0.00013205238661839758,-0.0009269079540672465,0.0009362671563847273
285,31,880.1781411229676,364.4091956862237,880.18,364.41,0.0018588770323049175,0.0008043137763138475,0.0020254245164900565
286,13,583.8416264810132,151.3082856450809,563.1,152.3,-20.741626481013213,0.991714354919111,20.76532124576023
286,14,588.6019632327409,295.8663128454275,577.2,305.2,-11.401963232740854,9.333687154572488,14.735076567843336
286,15,595.9481748827614,481.3992570339982,582.3,484.3,-13.648174882761396,2.9007429660018147,13.953027893086434
286,16,643.0364320861069,929.9800787551917,609.3,917.1,-33.7364320861069,-12.880078755191676,36.111539411114045
286,17,1428.333476345818,200.14053996414407,1422.1,201.7,-6.23347634581819,1.5594600358559205,6.4255850284084355
286,18,1558.8083667302412,279.14959208438165,1531.7,283.0,-27.108366730241187,3.850407915618348,27.38045266057345
286,19,1767.736398387929,406.8314557769539,1704.3,400.6,-63.4363983879291,-6.231455776953851,63.74172637709294
286,21,1796.4486794362313,330.69096529450974,1774.0,327.6,-22.44867943623126,-3.090965294509715,22.66047825802747
286,22,1803.1732092906623,257.71974595131087,1812.5,253.1,9.326790709337729,-4.619745951310875,10.408221634383167
286,24,1628.8911646814836,125.77706854781522,1670.7,116.5,41.80883531851646,-9.277068547815219,42.82572488039977
286,25,1780.556343623016,189.75330832672898,1811.5,177.4,30.94365637698411,-12.353308326728978,33.31837475916406
286,26,1914.3544921875,255.204833984375,1914.35,255.2,-0.0044921875000909495,-0.004833984375011369,0.006599026706555098
286,30,274.63490096071007,394.6206951809656,274.63,394.62,-0.004900960710074287,-0.0006951809655788566,0.0049500194400219286
286,31,875.3836058422257,364.8068967646678,868.1,377.2,-7.283605842225711,12.393103235332205,14.374975543162016
287,13,579.88121986076,152.23121423381068,579.88,152.23,-0.001219860759988478,-0.0012142338106855277,0.001721169375968433
287,14,584.4514724245557,296.6497346340706,584.45,296.65,-0.0014724245556863025,0.00026536592935144654,0.0014961460986977716
287,15,591.4611311620711,481.7994427754986,591.46,481.8,-0.0011311620710330317,0.0005572245013922839,0.0012609626385803891
287,16,631.0273240645802,929.7350590663938,631.03,929.74,0.0026759354198020446,0.004940933606235376,0.0056190261853970086
287,17,1423.0001072593636,201.10540497310805,1423.0,201.11,-0.00010725936363087385,0.004595026891962561,0.004596278571730136
287,18,1552.6062750476808,279.8621940632862,1552.61,279.86,0.003724952319089425,-0.002194063286196979,0.004323098828771692
287,19,1760.3022987909467,407.3735918327154,1760.3,407.37,-0.0022987909467246936,-0.0035918327154149665,0.004264469729317898
287,21,1789.0865095771735,331.26822397088233,1789.09,331.27,0.0034904228264167614,0.0017760291176500687,0.003916290455764492
287,22,1796.1299069679967,258.53980946348315,1796.13,258.54,9.303200340582407e-05,0.0001905365168681783,0.00021203565246901015
287,24,1622.6683735111128,126.5828014108614,1622.67,126.58,0.0016264888872683514,-0.0028014108614087263,0.0032393469889510484
287,25,1773.917257717262,190.56498124504674,1773.92,190.56,0.0027422827381542447,-0.004981245046735694,0.005686204079314039
287,26,1908.265869140625,255.90362548828125,1908.27,255.9,0.00413085937498181,-0.0036254882812443157,0.005496195452612195
287,30,269.7261757205325,395.4655213857242,269.73,395.47,0.003824279467494307,0.004478614275853943,0.00588923588230097
287,31,870.2877043816693,365.35517257350085,870.29,365.36,0.002295618330663274,0.004827426499161902,0.0053454569612791545
288,13,575.9109148955699,152.923410675358,575.91,152.92,-0.0009148955699629369,-0.003410675358026083,0.003531251945384831
288,14,580.5886043184169,297.23730097555296,580.59,297.24,0.001395681583176156,0.0026990244470539437,0.0030385292572907615
288,15,587.0958483715533,482.09958208162396,587.1,482.1,0.004151628446720679,0.00041791837605842375,0.00417261003793401
288,16,620.7704930484351,929.5512942997954,620.77,929.55,-0.0004930484351461928,-0.0012942997954041857,0.0013850302234187622
288,17,1418.2500804445226,201.82905372983103,1418.25,201.83,-8.044452260946855e-05,0.0009462701689813002,0.0009496833966758416
288,18,1546.9547062857605,280.6466455474647,1546.95,280.65,-0.004706285760448736,0.003354452535290875,0.005779401134245824
288,19,1753.4767240932101,408.03019387453656,1753.48,408.03,0.003275906789895089,-0.00019387453659192033,0.003281638711378734
288,21,1782.3148821828802,331.9511679781617,1782.31,331.95,-0.004882182880237451,-0.001167978161731753,0.00501994847208275
288,22,1789.5974302259974,259.15485709761236,1789.6,259.15,0.002569774002495251,-0.004857097612386951,0.005495010067338865
288,24,1617.0012801333346,127.43710105814606,1617.0,127.44,-0.0012801333346033061,0.0028989418539424605,0.0031690069780456356
288,25,1767.9379432879464,191.42373593378505,1767.94,191.42,0.002056712053672527,-0.0037359337850659813,0.004264653059525393
288,26,1902.4494018554688,256.42771911621094,1902.45,256.43,0.0005981445312954747,0.002280883789069321,0.002358009274697177
288,30,264.7946317903994,396.09914103929316,264.79,396.1,-0.00463179039940087,0.000858960706864309,0.004710763823406869
288,31,865.465778286252,366.01637943012565,865.47,366.02,0.004221713748052025,0.003620569874328794,0.005561599876419437
289,13,571.6831861716774,153.9425580065185,571.68,153.94,-0.0031861716774983506,-0.0025580065185124568,0.004085962225381541
289,14,576.4414532388126,297.92797573166473,576.44,297.93,-0.0014532388125871876,0.002024268335276247,0.0024918999457465957
289,15,582.571886278665,482.57468656121796,582.57,482.57,-0.0018862786649833652,-0.004686561217965846,0.005051920748756154
289,16,612.3278697863263,929.4134707248465,612.33,929.41,0.002130213673694925,-0.0034707248465792873,0.0040723139928374435
289,17,1412.937560333392,202.87179029737328,1412.94,202.87,0.0024396666080974683,-0.001790297373275962,0.003026076311566616
289,18,1540.9660297143205,281.4849841605985,1540.97,281.48,0.00397028567954294,-0.004984160598496601,0.006372207250928813
289,19,1746.3575430699075,408.52264540590244,1746.36,408.52,0.0024569300924213167,-0.0026454059024558774,0.0036103570277458454
289,21,1775.2361616371602,332.4633759836213,1775.24,332.46,0.0038383628398150904,-0.003375983621310752,0.005111779993449622
289,22,1782.698072669498,259.86614282320926,1782.7,259.87,0.001927330501985125,0.003857176790745598,0.004311892352430513
289,24,1610.750960100001,128.32782579360955,1610.75,128.33,-0.0009601000010661664,0.002174206390463951,0.002376755233586651
289,25,1761.2034574659597,192.31780195033878,1761.2,192.32,-0.0034574659596273705,0.002198049661217283,0.004097010272767134
289,26,1895.8370513916016,257.0707893371582,1895.84,257.07,0.0029486083983556455,-0.0007893371582099462,0.0030524325768449658
289,30,260.0959738427996,396.8243557794699,260.1,396.82,0.004026157200428315,-0.004355779469904064,0.005931505423836221
289,31,860.349333714689,366.76228457259424,860.35,366.76,0.0006662853110128708,-0.002284572594248857,0.0023797495780153994
290,13,567.7623896287581,154.95691850488888,547.1,157.5,-20.662389628758092,2.5430814951111245,20.81829985040533
290,14,572.3310899291095,298.69598179874856,556.9,307.7,-15.431089929109476,9.004018201251426,17.865913919213057
290,15,578.1789147089987,482.93101492091347,573.0,485.5,-5.178914708998718,2.5689850790865307,5.78107618870851
290,16,604.7459023397448,929.0601030436349,593.1,917.5,-11.645902339744794,-11.560103043634854,16.40923592634127
290,17,1407.203170250044,203.90384272302995,1398.5,207.2,-8.703170250043968,3.2961572769700354,9.306439985073395
290,18,1534.4745222857405,282.3637381204489,1507.1,284.4,-27.374522285740568,2.036261879551091,27.450151781267436
290,19,1738.7681573024306,409.1419840544268,1674.6,404.5,-64.1681573024307,-4.641984054426814,64.3358409251876
290,21,1767.4271212278702,333.09753198771597,1740.7,329.8,-26.727121227870157,-3.2975319877159563,26.929773974901416
290,22,1775.0235545021235,260.89960711740696,1783.7,255.6,8.676445497876557,-5.299607117406964,10.166933759816326
290,24,1603.8132200750008,129.49586934520715,1639.9,120.1,36.08677992499929,-9.39586934520716,37.289918826775896
290,25,1753.9025930994699,193.48835146275408,1779.3,180.8,25.397406900530086,-12.68835146275407,28.3905361011987
290,26,1888.3777885437012,258.05309200286865,1920.0,242.7,31.622211456298828,-15.353092002868664,35.152264385604326
290,30,256.5719803820997,397.3682668346024,256.57,397.37,-0.001980382099702638,0.0017331653975816153,0.002631686827150386
290,31,854.7620002860167,367.3217134294457,852.2,376.3,-2.562000286016655,8.978286570554303,9.336673669382751
291,13,564.0717922215686,156.21768887866665,564.07,156.22,-0.001792221568507557,0.0023111213333493197,0.002924609370169976
291,14,568.7483174468321,299.5219863490614,568.75,299.52,0.0016825531679387495,-0.001986349061439796,0.0026031841573011085
291,15,574.6341860317491,483.4482611906851,574.63,483.45,-0.004186031749100039,0.0017388093148724693,0.004532804831223245
291,16,599.3094267548086,928.7950772827262,599.31,928.8,0.000573245191390015,0.004922717273757371,0.004955981780313663
291,17,1401.9023776875329,204.92788204227247,1401.9,204.93,-0.0023776875327712332,0.0021179577275347583,0.003184202088297781
291,18,1528.6058917143055,283.27280359033665,1528.61,283.27,0.0041082856944285595,-0.002803590336668549,0.004973744074930637
291,19,1732.0761179768228,409.6064880408201,1732.08,409.61,0.003882023177084193,0.0035119591798888905,0.005234879294561117
291,21,1760.5703409209027,333.823148990787,1760.57,333.82,-0.00034092090277226816,-0.0031489907869968192,0.0031673916774750017
291,22,1768.0176658765927,261.6747053380552,1768.02,261.67,0.0023341234073086525,-0.004705338055202901,0.005252460213489177
291,24,1597.6099150562507,130.87190200890535,1597.61,130.87,8.494374924339354e-05,-0.0019020089053469746,0.001903904755116369
291,25,1747.1769448246023,194.61626359706557,1747.18,194.62,0.003055175397776111,0.0037364029344360006,0.004826469061295056
291,26,1881.5333414077759,258.7898190021515,1881.53,258.79,-0.003341407775906191,0.00018099784853120582,0.003346306343725763
291,30,253.42898528657477,398.02620012595185,253.43,398.03,0.0010147134252349588,0.0037998740481270943,0.003933025059287298
291,31,849.8215002145125,367.9912850720843,849.82,367.99,-0.0015002145124753952,-0.0012850720842720875,0.001975361699845675
292,13,560.8038441661764,157.413266659,560.8,157.41,-0.003844166176463659,-0.003266658999990568,0.005044667938971465
292,14,565.311238085124,300.14148976179604,565.31,300.14,-0.0012380851241005075,-0.0014897617960514253,0.0019370712386211659
292,15,571.2256395238119,483.83619589301384,571.23,483.84,0.004360476188139728,0.0038041069861378674,0.005786620995824464
292,16,593.9820700661064,928.0963079620446,593.98,928.1,-0.0020700661063983716,0.0036920379553748717,0.004232767173940468
292,17,1396.9267832656496,205.94591153170435,1396.93,205.95,0.0032167343504170276,0.004088468295634584,0.0052022065400714355
292,18,1522.704418785729,283.9546026927525,1522.7,283.95,-0.004418785729058072,-0.004602692752484927,0.006380473955209328
292,19,1725.307088482617,409.7048660306151,1725.31,409.7,0.0029115173829268315,-0.0048660306151191435,0.0056705544189578055
292,21,1753.927755690677,334.3673617430902,1753.93,334.37,0.002244309323032212,0.0026382569097904707,0.003463715325991221
292,22,1761.5132494074446,262.5060290035414,1761.51,262.51,-0.00324940744462765,0.003970996458576792,0.005131029293936161
292,24,1591.707436292188,131.903926506679,1591.71,131.9,0.002563707811987115,-0.003926506678993746,0.004689355227046279
292,25,1740.8827086184517,195.46219769779918,1740.88,195.46,-0.002708618451606526,-0.0021976977991755575,0.0034880495313117936
292,26,1875.150006055832,259.3423642516136,1875.15,259.34,-6.055831818230217e-06,-0.0023642516136419545,0.0023642593693813706
292,30,251.3217389649311,398.7696500944639,251.32,398.77,-0.0017389649310928235,0.00034990553609759445,0.0017738187381360062
292,31,845.1161251608844,368.4934638040632,845.12,368.49,0.0038748391156104844,-0.003463804063187581,0.005197337468360106
293,13,557.8528831246323,158.55994999425,557.85,158.56,-0.0028831246322624793,5.000575001190555e-05,0.0028835582567711213
293,14,562.2334285638431,300.856117321347,562.23,300.86,-0.003428563843044685,0.0038826786529853052,0.005179791844097707
293,15,567.6692296428589,484.1271469197604,567.67,484.13,0.0007703571410502263,0.0028530802396176114,0.0029552524390419788
293,16,588.4865525495798,927.8222309715335,588.49,927.82,0.0034474504202535172,-0.002230971533435877,0.004106354634357264
293,17,1391.6950874492372,206.95943364877826,1391.7,206.96,0.004912550762810497,0.0005663512217495281,0.004945089352435119
293,18,1516.5283140892968,284.4659520195644,1516.53,284.47,0.0016859107031450549,0.004047980435643694,0.004385024573059217
293,19,1718.2303163619627,410.02864952296136,1718.23,410.03,-0.0003163619626320724,0.0013504770386134624,0.0013870375349004092
293,21,1746.9458167680077,334.77552130731766,1746.95,334.78,0.004183231992328729,0.0044786926823121576,0.006128467838231596
293,22,1754.3849370555836,263.37952175265605,1754.38,263.38,-0.004937055583468464,0.00047824734394907864,0.004960165154130604
293,24,1585.530577219141,133.17794488000925,1585.53,133.18,-0.0005772191409505467,0.002055119990757248,0.0021346428537555783
293,25,1733.9120314638387,196.3466482733494,1733.91,196.35,-0.002031463838648051,0.003351726650606679,0.003919300558533594
293,26,1868.112504541874,260.0067731887102,1868.11,260.01,-0.002504541874031929,0.0032268112897781975,0.004084732683863094
293,30,248.7413042236983,399.5772375708479,248.74,399.58,-0.0013042236982983013,0.002762429152085133,0.003054834574161535
293,31,840.5870938706632,369.1200978530474,840.59,369.12,0.0029061293367931285,-9.785304740717038e-05,0.0029077762880002547
294,13,554.8896623434742,159.66996249568749,554.89,159.67,0.0003376565257440234,3.750431250182373e-05,0.00033973298755604934
294,14,559.1750714228823,301.64208799101027,559.18,301.64,0.0049285771176528215,-0.0020879910102848953,0.005352623549595239
294,15,564.2519222321441,484.59536018982027,564.25,484.6,-0.0019222321441247914,0.004639810179753567,0.005022232065531363
294,16,584.1149144121848,927.6166732286501,584.11,927.62,-0.004914412184803041,0.0033267713498617013,0.005934547559536552
294,17,1387.0213155869278,207.7195752365837,1387.02,207.72,-0.0013155869278307364,0.00042476341630504066,0.0013824590136818683
294,18,1511.3962355669726,284.8494640146733,1511.4,284.85,0.0037644330275270477,0.0005359853267350445,0.0038023987546299937
294,19,1712.172737271472,410.271487142221,1712.17,410.27,-0.002737271471914937,-0.0014871422210376295,0.003115164056121619
294,21,1740.9593625760058,335.08164098048826,1740.96,335.08,0.0006374239942488202,-0.0016409804882755452,0.0017604335577763696
294,22,1748.2887027916877,263.78464131449203,1748.29,263.78,0.0012972083122804179,-0.004641314492062065,0.004819185576388894
294,24,1580.1479329143558,134.13345866000694,1580.15,134.13,0.0020670856442848162,-0.0034586600069417273,0.004029289280310676
294,25,1727.934023597879,197.00998620501204,1727.93,197.01,-0.004023597879040608,1.3794987950177529e-05,0.004023621527170842
294,26,1862.0843784064054,260.50507989153266,1862.08,260.51,-0.004378406405521673,0.004920108467331374,0.006586190855283432
294,30,245.80597816777373,400.4329281781359,245.81,400.43,0.0040218322262717265,-0.002928178135903181,0.004974873028717339
294,31,836.6903204029975,369.5900733897856,836.69,369.59,-0.00032040299743130163,-7.338978559801035e-05,0.00032870068663312007
295,13,551.6672467576057,160.7524718717656,551.67,160.75,0.002753242394305744,-0.0024718717656071476,0.0037000667166158263
295,14,555.6313035671617,302.48156599325773,555.63,302.48,-0.001303567161698993,-0.0015659932577136715,0.002037553000111812
295,15,560.688941674108,484.9465201423652,560.69,484.95,0.0010583258920178196,0.003479857634772543,0.0036372328564445895
295,16,579.8361858091387,926.9625049214876,579.84,926.96,0.0038141908613624764,-0.002504921487570755,0.004563187875355859
295,17,1382.7659866901959,208.53968142743776,1382.77,208.54,0.0040133098041224,0.0003185725622358859,0.004025933936526345
295,18,1506.5471766752294,285.387098011005,1506.55,285.39,0.0028233247705884423,0.002901988995006377,0.004048790299256854
295,19,1706.629552953604,410.45361535666575,1706.63,410.45,0.00044704639617521025,-0.0036153566657617375,0.0036428909263112818
295,21,1735.4695219320042,335.56123073536617,1735.47,335.56,0.000478067995800302,-0.0012307353661640263,0.0013203251683337018
295,22,1742.9665270937658,264.588480985869,1742.97,264.59,0.003472906234264883,0.0015190141309631144,0.0037905780089666427
295,24,1575.1109496857669,135.1000939950052,1575.11,135.1,-0.0009496857669546444,-9.399500521567461e-05,0.0009543260014071321
295,25,1722.7005176984094,198.00748965375902,1722.7,198.01,-0.0005176984093395731,0.002510346240967465,0.002563171842185421
295,26,1856.563283804804,261.1288099186495,1856.56,261.13,-0.003283804804141255,0.0011900813505008045,0.00349280225785987
295,30,242.3544836258303,401.32469613360195,242.35,401.32,-0.004483625830317806,-0.004696133601953534,0.006492809206629292
295,31,832.5177403022481,370.19255504233917,832.52,370.19,0.00225969775192425,-0.0025550423391678123,0.0034109346644272793
296,13,548.2504350682043,161.8143539038242,548.25,161.81,-0.0004350682042968401,-0.004353903824210192,0.004375587143785645
296,14,552.2234776753712,303.11117449494327,552.22,303.11,-0.003477675371186706,-0.001174494943256832,0.00367064903785345
296,15,557.2667062555811,485.2098901067739,557.27,485.21,0.003293744418897404,0.0001098932260674701,0.003295577160097047
296,16,575.8771393568541,926.4718786911158,575.88,926.47,0.002860643145936592,-0.0018786911157349095,0.0034223909064768276
296,17,1378.574490017647,209.40476107057833,1378.57,209.4,-0.004490017646958222,-0.0047610705783256435,0.00654431444246029
296,18,1501.9103825064221,286.0403235082537,1501.91,286.04,-0.0003825064220563945,-0.0003235082537003109,0.0005009678164579132
296,19,1701.722164715203,410.5902115174993,1701.72,410.59,-0.0021647152029800054,-0.00021151749933778774,0.002175024496997419
296,21,1730.3521414490033,335.9209230515246,1730.35,335.92,-0.0021414490033748734,-0.0009230515245803872,0.0023319150823058322
296,22,1737.9748953203243,265.1913607394018,1737.97,265.19,-0.0048953203242945165,-0.0013607394017753904,0.005080922435640503
296,24,1570.583212264325,136.07507049625391,1570.58,136.08,-0.003212264325156866,0.004929503746097907,0.005883761490532124
296,25,1717.775388273807,198.75561724031928,1717.78,198.76,0.004611726192933929,0.004382759680709114,0.006362122357943325
296,26,1851.422462853603,261.8466074389871,1851.42,261.85,-0.0024628536029922543,0.0033925610129017514,0.0041922688482530415
296,30,239.26586271937273,401.99352210020146,239.27,401.99,0.004137280627276141,-0.0035221002014509395,0.005433440973995687
296,31,828.388305226686,370.6444162817544,828.39,370.64,0.0016947733139431875,-0.004416281754402007,0.004730306662354783
297,13,545.6878263011532,162.61076542786816,545.69,162.61,0.0021736988468319396,-0.0007654278681457072,0.002304527391473702
297,14,549.6676082565284,303.58338087120745,549.67,303.58,0.0023917434715485797,-0.003380871207468772,0.004141343617135217
297,15,554.4500296916858,485.40741758008045,554.45,485.41,-2.9691685767829767e-05,0.0025824199195767505,0.002582590605812413
297,16,572.9078545176405,926.3539090183368,572.91,926.35,0.0021454823594240224,-0.003909018336798908,0.004459093956403002
297,17,1374.9308675132352,210.05357080293373,1374.93,210.05,-0.0008675132351072534,-0.0035708029337229164,0.0036746717954901005
297,18,1497.9327868798166,286.5302426311903,1497.93,286.53,-0.002786879816540022,-0.00024263119030365488,0.002797421849908647
297,19,1697.2916235364023,410.9426586381245,1697.29,410.94,-0.001623536402348691,-0.002658638124501067,0.003115160850871409
297,21,1726.0141060867525,336.19069228864345,1726.01,336.19,-0.004106086752472038,-0.0006922886434495013,0.004164037942271362
297,22,1733.4811714902432,265.64352055455134,1733.48,265.64,-0.001171490243223161,-0.003520554551357691,0.003710349544052745
297,24,1566.6874091982438,137.05630287219043,1566.69,137.06,0.00259080175624149,0.0036971278095734306,0.004514532952639201
297,25,1713.5815412053553,199.56671293023948,1713.58,199.57,-0.001541205355351849,0.0032870697605176247,0.003630446468118572
297,26,1847.0668471402023,262.38495557924034,1847.07,262.38,0.003152859797637575,-0.004955579240345287,0.0058735245390566316
297,30,236.94939703952954,402.4951415751511,236.95,402.5,0.0006029604704451685,0.004858424848919185,0.004895697431573449
297,31,824.7912289200145,370.9833122113158,824.79,370.98,-0.0012289200145687573,-0.0033122113158015054,0.0035328442086697246
298,13,542.765869725865,163.70807407090112,542.77,163.71,0.004130274135036416,0.0019259290988884459,0.004557232419407208
298,14,546.7507061923964,304.1875356534056,546.75,304.19,-0.0007061923963647132,0.0024643465944222953,0.0025635350276764506
298,15,551.5875222687644,485.80556318506035,551.59,485.81,0.002477731235671854,0.0044368149396518675,0.005081779106271934
298,16,570.1808908882304,926.2654317637526,570.18,926.27,-0.0008908882304012877,0.004568236247337154,0.004654295247462561
298,17,1371.1981506349264,210.7901781022003,1371.2,210.79,0.0018493650736672862,-0.000178102200294461,0.001857921303352253
298,18,1493.6995901598625,287.1476819733927,1493.7,287.15,0.00040984013753586623,0.002318026607269985,0.002353978821133915
298,19,1692.4687176523016,411.20699397859335,1692.47,411.21,0.0012823476984067383,0.003006021406633863,0.0032681157134884452
298,20,1897.0,557.0,1897.0,557.0,0.0,0.0,0.0
298,21,1721.2605795650643,336.64301921648257,1721.26,336.64,-0.0005795650642994588,-0.003019216482584852,0.003074339576635685
298,22,1728.6108786176824,266.2326404159135,1728.61,266.23,-0.0008786176824742142,-0.0026404159135040572,0.0027827621580440226
298,24,1562.515556898683,138.04222715414284,1562.52,138.04,0.004443101317065157,-0.0022271541428438013,0.004970046769366706
298,25,1708.9361559040165,200.42503469767962,1708.94,200.43,0.0038440959835952526,0.004965302320385945,0.0062794347726465955
298,26,1842.0501353551517,263.03871668443026,1842.05,263.04,-0.00013535515176954505,0.001283315569764909,0.0012904339846391173
298,30,234.46204777964715,403.1213561813633,234.46,403.12,-0.0020477796471425336,-0.001356181363291853,0.0024561411550217036
298,31,821.0934216900109,371.48748415848684,821.09,371.49,-0.0034216900108958725,0.002515841513172745,0.004247048510444391
299,13,539.3244022943987,164.78105555317583,539.32,164.78,-0.004402294398687445,-0.0010555531758313919,0.004527072837907801
299,14,543.3130296442973,304.8906517400542,543.31,304.89,-0.003029644297384948,-0.0006517400541952156,0.003098952995274294
299,15,548.4406417015732,486.1041723887953,548.44,486.1,-0.0006417015731585707,-0.004172388795268489,0.004221446336017576
299,16,567.6356681661728,925.9490738228145,567.64,925.95,0.0043318338272229084,0.000926177185533561,0.004429739099052622
299,17,1366.6486129761947,211.5926335766502,1366.65,211.59,0.0013870238053641515,-0.0026335766501972557,0.0029765014713772696
299,18,1489.024692619897,287.6107614800445,1489.02,287.61,-0.004692619897014083,-0.0007614800445026049,0.004754001825412792
299,19,1687.101538239226,411.155245483945,1687.1,411.16,-0.0015382392261926725,0.004754516055015756,0.0049971594765827135
299,20,1895.25,556.5,1895.25,556.5,0.0,0.0,0.0
299,21,1715.6954346737982,336.7322644123619,1715.7,336.73,0.004565326201827702,-0.0022644123619102174,0.005096054029724014
299,22,1722.9581589632617,266.67448031193516,1722.96,266.67,0.0018410367383694393,-0.00448031193513998,0.004843821973213274
299,24,1557.3866676740122,138.7816703656071,1557.39,138.78,0.0033323259879125544,-0.0016703656071115347,0.003727535077117111
299,25,1703.4521169280124,201.06877602325972,1703.45,201.07,-0.0021169280123558565,0.0012239767402775215,0.0024453022860655297
299,26,1836.2876015163638,263.5290375133227,1836.29,263.53,0.0023984836361705675,0.0009624866772810492,0.0025843963235002293
299,30,231.59653583473536,403.84101713602246,231.6,403.84,0.003464165264631447,-0.0010171360224831005,0.0036104025632762624
299,31,817.0700662675082,371.8656131188651,817.07,371.87,-6.626750814575644e-05,0.004386881134905707,0.004387381619420338
300,13,536.4933017207991,165.83579166488187,536.49,165.84,-0.0033017207990724273,0.0042083351181361195,0.005348966694751913
300,14,540.484772233223,305.66798880504064,540.48,305.67,-0.004772233222979594,0.0020111949593797362,0.005178717514901219
300,15,545.8304812761799,486.3281292915965,545.83,486.33,-0.0004812761798120846,0.0018707084034872423,0.0019316254016067144
300,16,565.7267511246296,925.4618053671109,565.73,925.46,0.003248875370445603,-0.0018053671108191338,0.0037167918394114406
300,17,1362.7364597321462,212.19447518248765,1362.74,212.19,0.0035402678538503096,-0.0044751824876527735,0.005706203183799184
300,18,1484.7685194649227,287.9580711100334,1484.77,287.96,0.0014805350772348902,0.0019288899665639292,0.0024315839730582856
300,19,1682.0761536794196,411.11643411295876,1682.08,411.12,0.003846320580350948,0.0035658870412476062,0.005244972106481488
300,20,1892.6875,556.125,1892.69,556.12,0.0025000000000545697,-0.0049999999999954525,0.005590169943769811
300,21,1710.7715760053486,337.04919830927145,1710.77,337.05,-0.0015760053486246761,0.0008016907285650632,0.001768191415871248
300,22,1717.9686192224463,267.25586023395135,1717.97,267.26,0.0013807775537770794,0.004139766048638194,0.004363967184852803
300,24,1553.040000755509,139.83625277420532,1553.04,139.84,-7.555090633104555e-07,0.003747225794683118,0.00374722587084532
300,25,1698.5890876960093,201.8015820174448,1698.59,201.8,0.0009123039906171471,-0.0015820174447753743,0.0018262195286628537
300,26,1830.9657011372728,263.896778134992,1830.97,263.9,0.004298862727182495,0.003221865007958513,0.005372209496721664
300,30,229.44740187605152,404.38076285201686,229.45,404.38,0.002598123948473585,-0.0007628520168623254,0.0027078019224571967
300,31,813.5525497006312,372.39920983914885,813.55,372.4,-0.0025497006312207304,0.0007901608511247105,0.002669330904833179
301,13,533.1199762905993,166.8768437486614,533.12,166.88,2.370940069340577e-05,0.003156251338594984,0.003156340388498026
301,14,537.3635791749173,306.25099160378045,537.36,306.25,-0.003579174917263117,-0.0009916037804487132,0.0037139966539787863
301,15,543.1228609571349,486.4960969686974,543.12,486.5,-0.0028609571348852114,0.003903031302627369,0.004839290141843088
301,16,563.7950633434722,924.8463540253331,563.8,924.85,0.004936656527775085,0.0036459746669379456,0.006137076579706141
301,17,1358.8023447991095,212.89585638686574,1358.8,212.9,-0.002344799109550877,0.004143613134260704,0.004761051634940373
301,18,1480.576389598692,288.21855333252506,1480.58,288.22,0.003610401307923894,0.0014466674749655795,0.0038894529676269194
301,19,1677.0571152595646,410.83732558471905,1677.06,410.84,0.0028847404353200545,0.002674415280921494,0.00393372907989314
301,20,1889.265625,555.59375,1889.27,555.59,0.00437499999998181,-0.0037499999999681677,0.005762215285773528
301,21,1705.5786820040114,337.03689873195356,1705.58,337.04,0.0013179959885292192,0.003101268046464156,0.0033697146647451797
301,22,1712.7264644168347,267.6918951754635,1712.73,267.69,0.003535583165330536,-0.0018951754635168072,0.004011488296939782
301,24,1548.5300005666318,140.62718958065398,1548.53,140.63,-5.666317974828416e-07,0.0028104193460194438,0.0028104194031410954
301,25,1693.441815772007,202.35118651308358,1693.44,202.35,-0.0018157720069211791,-0.0011865130835815307,0.002169064609141166
301,26,1825.4742758529546,264.172583601244,1825.47,264.17,-0.004275852954606307,-0.002583601243998146,0.004995789615006246
301,30,225.83555140703862,405.03557213901263,225.84,405.04,0.004448592961381337,0.004427860987391341,0.00627661789977005
301,31,809.6644122754734,372.79940737936164,809.66,372.8,-0.004412275473441696,0.0005926206383719546,0.004451895559709316
302,13,530.5899822179495,167.90763281149606,530.59,167.91,1.7782050576897745e-05,0.0023671885039391327,0.002367255291366841
302,14,535.0226843811879,306.93824370283534,535.02,306.94,-0.002684381187918916,0.0017562971646611913,0.0032078781293325203
302,15,540.5921457178512,486.622072726523,540.59,486.62,-0.002145717851135487,-0.002072726523010715,0.002983337114017385
302,16,561.3462975076042,923.8847655189998,561.35,923.88,0.0037024923958597356,-0.004765518999761298,0.006034784277709112
302,17,1354.8517585993322,213.67189229014932,1354.85,213.67,-0.001758599332333688,-0.0018922901493283462,0.00258329898016656
302,18,1476.182292199019,288.6639149993938,1476.18,288.66,-0.0022921990189388453,-0.003914999393771268,0.00453667241440834
302,19,1671.7928364446734,410.8779941885393,1671.79,410.88,-0.002836444673448568,0.002005811460719542,0.003474003166591622
302,20,1885.19921875,555.1953125,1885.2,555.2,0.0007812500000454747,0.004687500000045475,0.004752158226847816
302,21,1700.1840115030086,337.2776740489652,1700.18,337.28,-0.004011503008541695,0.002325951034777063,0.004637046970186905
302,22,1707.544848312626,268.01892138159764,1707.54,268.02,-0.004848312626108964,0.00107861840234591,0.004966845374920266
302,24,1543.8975004249737,141.47039218549048,1543.9,141.47,0.002499575026376988,-0.00039218549048314344,0.0025301550884151394
302,25,1688.3313618290053,203.01338988481268,1688.33,203.01,-0.001361829005418258,-0.0033898848126909797,0.0036532037013163447
302,26,1820.105706889716,264.629437700933,1820.11,264.63,0.0042931102839247615,0.000562299066984906,0.004329777840798838
302,30,224.37666355527898,405.7766791042595,224.38,405.78,0.0033364447210146864,0.003320895740500873,0.0047074634247823545
302,31,806.4983092066051,373.09955553452124,806.5,373.1,0.0016907933949141807,0.0004444654787789659,0.0017482367877697906
303,13,528.4424866634621,168.93072460862203,528.44,168.93,-0.0024866634620366312,-0.0007246086220220604,0.002590087417161188
303,14,532.7670132858909,307.4536827771265,532.77,307.45,0.0029867141090562654,-0.0036827771265279807,0.0047416567287092235
303,15,538.1941092883884,486.71655454489223,538.19,486.72,-0.004109288388349341,0.0034454551077942597,0.00536259377152962
303,16,559.0097231307032,922.9135741392498,559.01,922.91,0.000276869296840232,-0.003574139249849395,0.00358484699601626
303,17,1351.3888189494992,214.25391921761198,1351.39,214.25,0.0011810505009179906,-0.003919217611979775,0.004093305140808719
303,18,1472.1367191492643,288.9979362495453,1472.14,289.0,0.0032808507357913186,0.0020637504546812124,0.0038759576222837304
303,19,1667.094627333505,410.90849564140444,1667.09,410.91,-0.004627333505140996,0.0015043585955822891,0.004865728121453435
303,20,1881.1494140625,554.896484375,1881.15,554.9,0.0005859375000909495,0.0035156249999772626,0.003564118670089137
303,21,1695.3880086272566,337.45825553672387,1695.39,337.46,0.001991372743532338,0.0017444632761112189,0.0026473982559079012
303,22,1702.9086362344697,268.5141910361982,1702.91,268.51,0.0013637655304137297,-0.004191036198221809,0.0044073394283569945
303,24,1539.9231253187304,142.35279413911786,1539.92,142.35,-0.0031253187303263985,-0.0027941391178671893,0.0041922345564298575
303,25,1683.9985213717541,203.7600424136095,1684.0,203.76,0.0014786282458771893,-4.2413609520508544e-05,0.0014792364259233247
303,26,1815.329280167287,265.22207827569974,1815.33,265.22,0.0007198327130026883,-0.0020782756997164142,0.002199406515117331
303,30,222.53249766645922,406.3325093281946,222.53,406.33,-0.002497666459220227,-0.0025093281946055868,0.0035404894760126373
303,31,803.3737319049538,373.32466665089095,803.37,373.32,-0.0037319049538382387,-0.004666650890953861,0.005975344770180449
304,13,526.0818649975965,170.1980434564665,526.08,170.2,-0.0018649975964990517,0.001956543533481181,0.0027030128807229653
304,14,530.5752599644181,308.0902620828449,530.58,308.09,0.004740035581903612,-0.000262082844926681,0.004747275506573973
304,15,535.6455819662913,486.7874159086692,535.65,486.79,0.004418033708702751,0.0025840913308456948,0.005118256525164175
304,16,556.7572923480274,921.6851806044374,556.76,921.69,0.0027076519726279002,0.004819395562662976,0.005527924818075164
304,17,1347.7916142121244,214.940439413209,1347.79,214.94,-0.0016142121244229202,-0.00043941320899421044,0.0016729509110767556
304,18,1468.1025393619482,289.498452187159,1468.1,289.5,-0.0025393619482656504,0.0015478128410109093,0.0029739004178179506
304,19,1662.3209705001289,410.68137173105333,1662.32,410.68,-0.000970500128914864,-0.0013717310533252203,0.0016803322834726725
304,20,1876.362060546875,554.17236328125,1876.36,554.17,-0.0020605468751000444,-0.0023632812500409273,0.003135434848833502
304,21,1690.5410064704424,337.59369165254293,1690.54,337.59,-0.0010064704424621596,-0.003691652542954671,0.0038263927202332047
304,22,1698.1814771758523,269.1356432771487,1698.18,269.14,-0.001477175852187429,0.0043567228512984,0.004600335042288912
304,24,1535.942343989048,143.5145956043384,1535.94,143.51,-0.0023439890478584857,-0.0045956043384194345,0.005158862654866871
304,25,1679.4988910288157,204.57003181020713,1679.5,204.57,0.0011089711842942052,-3.181020713327598e-05,0.0011094273193286497
304,26,1810.2469601254652,265.6665587067748,1810.25,265.67,0.003039874534806586,0.003441293225193931,0.004591659422162232
304,30,220.89937324984442,406.7493819961459,220.9,406.75,0.0006267501555896615,0.0006180038540719579,0.0008801957289032131
304,31,800.2802989287154,373.7434999881682,800.28,373.74,-0.0002989287154377962,-0.0034999881681869738,0.003512730498396098
305,13,523.3113987481975,171.39853259234988,523.31,171.4,-0.0013987481975163973,0.0014674076501250966,0.002027259660650561
305,14,527.9314449733135,308.8176965621337,527.93,308.82,-0.001444973313596165,0.0023034378663169264,0.002719149477499859
305,15,533.2341864747184,486.8405619315019,533.23,486.84,-0.00418647471838085,-0.0005619315019202986,0.004224019126435441
305,16,554.5679692610205,920.513885453328,554.57,920.51,0.0020307389795561903,-0.0038854533280527903,0.00438413598871721
305,17,1344.0937106590932,215.95532955990674,1344.09,215.96,-0.003710659093258073,0.0046704400932640056,0.005965065093621922
305,18,1463.826904521461,289.8738391403692,1463.83,289.87,0.003095478538853058,-0.0038391403692230597,0.0049316311864430855
305,19,1657.2407278750966,410.76102879829,1657.24,410.76,-0.0007278750965724612,-0.001028798290008126,0.001260249212550444
305,20,1871.0215454101562,553.6292724609375,1871.02,553.63,-0.00154541015626819,0.0007275390624954525,0.0017081000083583025
305,21,1685.4057548528317,337.9452687394072,1685.41,337.95,0.0042451471683762065,0.0047312605927913864,0.006356579369289211
305,22,1693.136107881889,269.60173245786154,1693.14,269.6,0.003892118111025411,-0.0017324578615216524,0.0042602809334737765
305,24,1531.706757991786,144.6359467032538,1531.71,144.64,0.0032420082141015882,0.004053296746178603,0.005190359503241006
305,25,1674.6241682716118,205.42752385765533,1674.62,205.43,-0.0041682716118884855,0.002476142344676191,0.004848274862420027
305,26,1804.685220094099,266.2499190300811,1804.69,266.25,0.004779905901159509,8.096991888351113e-05,0.0047805916528922965
305,30,218.4245299373833,407.31203649710943,218.42,407.31,-0.004529937383324523,-0.002036497109429547,0.004966654122601646
305,31,796.7102241965365,374.05762499112615,796.71,374.06,-0.0002241965364646603,0.002375008873855222,0.002385567277997793
306,13,520.4835490611481,172.54889944426242,507.6,175.1,-12.883549061148074,2.5511005557375768,13.13369523235917
306,14,525.1985837299851,309.61327242160024,521.3,316.1,-3.8985837299851482,6.48672757839978,7.568129873097923
306,15,530.9256398560387,487.1304214486264,530.93,487.13,0.004360143961207541,-0.00042144862641180225,0.004380465078865369
306,16,552.9259769457653,919.6354140899961,556.8,910.6,3.8740230542346126,-9.035414089996038,9.830908523755076
306,17,1340.5702829943198,216.46649716993005,1332.5,218.3,-8.070282994319768,1.8335028300699605,8.27594104838123
306,18,1460.1201783910958,290.1553793552769,1432.4,291.1,-27.720178391095715,0.944620644723102,27.736268642277874
306,19,1652.6805459063225,410.5707715987175,1597.2,404.3,-55.480545906322504,-6.270771598717488,55.83380293788737
306,20,1866.5161590576172,552.7219543457031,1806.5,552.7,-60.01615905761719,-0.021954345703079525,60.016163073146394
306,21,1680.5543161396238,337.95895155455537,1660.0,335.3,-20.55431613962378,-2.658951554555358,20.72558648958024
306,22,1688.3520809114168,269.95129934339616,1698.2,262.8,9.84791908858324,-7.151299343396147,12.170562545508744
306,24,1527.5300684938395,145.47696002744036,1564.2,132.1,36.66993150616054,-13.376960027440362,39.03366414061384
306,25,1669.9681262037088,205.82064289324148,1692.4,195.1,22.431873796291256,-10.72064289324149,24.86204227446224
306,26,1799.513915070574,266.4374392725608,1828.2,253.0,28.686084929425988,-13.437439272560823,31.677377460610604
306,30,215.06839745303748,407.9840273728321,227.9,419.6,12.831602546962529,11.615972627167935,17.308403854727043
306,31,793.2826681474023,374.2932187433446,799.7,384.6,6.4173318525977265,10.306781256655427,12.141329745085956
307,13,517.6126617958611,173.41167458319683,517.61,173.41,-0.0026617958610586356,-0.0016745831968307812,0.0031447394310271373
307,14,522.3989377974888,310.2099543162002,522.4,310.21,0.0010622025112070332,4.568379978309167e-05,0.0010631844545407674
307,15,528.194229892029,487.34781608646983,528.19,487.35,-0.004229892029002258,0.0021839135301888746,0.004760405957936662
307,16,550.944482709324,919.226560567497,550.94,919.23,-0.0044827093239518945,0.0034394325030007167,0.005650166265318484
307,17,1336.4277122457397,217.09987287744752,1336.43,217.1,0.0022877542603509937,0.0001271225524703823,0.002291283417454224
307,18,1455.590133793322,290.3665345164577,1455.59,290.37,-0.00013379332199292548,0.0034654835422998076,0.0034680652870095635
307,19,1647.510409429742,410.1780786990381,1647.51,410.18,-0.0004094297419214854,0.001921300961896577,0.0019644414218180713
307,20,1861.637119293213,552.0414657592773,1861.64,552.04,0.0028807067872094194,-0.0014657592773801298,0.003232169836673243
307,21,1675.165737104718,337.9692136659165,1675.17,337.97,0.004262895282181489,0.0007863340835001509,0.0043348122771025765
307,22,1682.7640606835625,270.2134745075471,1682.76,270.21,-0.004060683562556733,-0.003474507547139183,0.005344282336324081
307,23,1931.0,408.0,1931.0,408.0,0.0,0.0,0.0
307,24,1522.6475513703797,146.10772002058027,1522.65,146.11,0.0024486296204031532,0.002279979419739675,0.0033457574885744717
307,25,1664.4760946527817,206.3654821699311,1664.48,206.37,0.003905347218278621,0.004517830068891726,0.005971810900112191
307,26,1793.6354363029304,266.5780794544206,1793.64,266.58,0.004563697069670525,0.001920545579366717,0.004951345904513678
307,30,211.0512980897781,408.73802052962407,211.05,408.74,-0.0012980897780892064,0.0019794703759430377,0.0023671375205542573
307,31,789.9620011105517,374.46991405750845,789.96,374.47,-0.0020011105516459793,8.594249158022649e-05,0.002002955204633367
308,13,514.9594963468958,174.30875593739762,514.96,174.31,0.000503653104260593,0.0012440626023817458,0.0013421468653154816
308,14,520.0492033481166,310.9074657371501,520.05,310.91,0.0007966518833200098,0.0025342628499060993,0.0026565282636575697
308,15,525.6456724190218,487.5108620648524,525.65,487.51,0.00432758097815622,-0.0008620648524129138,0.004412608404590786
308,16,548.958362031993,918.6699204256228,548.96,918.67,0.00163796800700311,7.957437719596783e-05,0.0016398997754350313
308,17,1332.0707841843048,217.82490465808564,1332.07,217.82,-0.0007841843048481678,-0.004904658085649771,0.004966952381601809
308,18,1450.9426003449914,290.7749008873433,1450.94,290.77,-0.0026003449913787335,-0.004900887343296745,0.005548016837201803
308,19,1641.6328070723064,410.1335590242786,1641.63,410.13,-0.00280707230626831,-0.0035590242786156523,0.004532803630027905
308,20,1855.9778394699097,551.781099319458,1855.98,551.78,0.002160530090350221,-0.0010993194580350973,0.0024241273774542695
308,21,1669.1243028285385,338.2269102494374,1669.12,338.23,-0.004302828538584436,0.0030897505625944177,0.005297253247817136
308,22,1676.8230455126718,270.91010588066035,1676.82,270.91,-0.003045512671860706,-0.00010588066032823917,0.003047352645936417
308,23,1928.75,408.5,1928.75,408.5,0.0,0.0,0.0
308,24,1517.4856635277847,147.0807900154352,1517.49,147.08,0.004336472215300091,-0.0007900154352000754,0.004407847055187378
308,25,1658.6070709895862,207.27411162744835,1658.61,207.27,0.0029290104137089656,-0.004111627448338595,0.0050482256563615414
308,26,1787.2265772271978,267.18355959081543,1787.23,267.18,0.00342277280219605,-0.0035595908154277822,0.004938224420652713
308,30,208.03847356733357,409.30351539721806,208.04,409.3,0.001526432666423716,-0.003515397218052385,0.003832494525216685
308,31,786.7215008329138,374.8524355431313,786.72,374.85,-0.0015008329137344845,-0.0024355431312983455,0.002860833755981513
309,13,512.9696222601718,175.23156695304823,512.97,175.23,0.0003777398281954447,-0.0015669530482398386,0.0016118403249680924
309,14,518.0369025110874,311.68059930286256,518.04,311.68,0.003097488912544577,-0.0005993028625539409,0.0031549328811247214
309,15,523.7342543142663,487.8831465486393,523.73,487.88,-0.0042543142662907485,-0.00314654863927899,0.005291498673883747
309,16,547.2187715239947,918.002440319217,547.22,918.0,0.0012284760052807542,-0.002440319217043907,0.00273208915971356
309,17,1328.5530881382285,218.61867849356423,1328.55,218.62,-0.0030881382285770087,0.001321506435772335,0.00335901428674938
309,18,1447.2069502587435,291.33117566550743,1447.21,291.33,0.003049741256518246,-0.0011756655074464106,0.0032685028862016806
309,19,1636.9746053042297,410.35016926820896,1636.97,410.35,-0.004605304229698959,-0.00016926820893559125,0.004608413910950207
309,20,1850.9833796024323,551.5858244895935,1850.98,551.59,-0.0033796024322327867,0.004175510406525973,0.005371833928460602
309,21,1664.3432271214037,338.67018268707807,1664.34,338.67,-0.00322712140382464,-0.00018268707805191298,0.003232288217889961
309,22,1672.1172841345037,271.43257941049524,1672.12,271.43,0.0027158654961567663,-0.002579410495229695,0.003745568567803283
309,23,1926.5625,408.875,1926.56,408.88,-0.0025000000000545697,0.0049999999999954525,0.005590169943769811
309,24,1513.3642476458385,148.0605925115764,1513.36,148.06,-0.004247645838631797,-0.0005925115764000566,0.004288771984917606
309,25,1653.9553032421895,207.95558372058628,1653.96,207.96,0.004696757810506824,0.004416279413732127,0.00644694173936069
309,26,1782.1699329203984,267.88766969311155,1782.17,267.89,6.707960164931137e-05,0.0023303068884388267,0.002331272156412219
309,30,205.77885517550018,409.97763654791356,205.78,409.98,0.001144824499817787,0.0023634520864561637,0.002626124311672439
309,31,784.0411256246853,375.3893266573485,784.04,375.39,-0.0011256246853008633,0.0006733426515097563,0.001311648298325758
310,13,510.72721669512885,176.42367521478616,510.73,176.42,0.0027833048711727315,-0.0036752147861705,0.004610204955355035
310,14,515.7776768833155,312.26044947714695,515.78,312.26,0.002323116684465276,-0.00044947714695808827,0.0023661996609074475
310,15,521.3006907356997,487.9123599114795,521.3,487.91,-0.0006907356997771785,-0.0023599114794592424,0.0024589221211397034
310,16,544.9140786429961,916.5018302394128,544.91,916.5,-0.00407864299609173,-0.001830239412811352,0.004470470332948891
310,17,1325.6648161036715,219.4640088701732,1325.66,219.46,-0.004816103671373639,-0.004008870173180412,0.00626625044494985
310,18,1443.9052126940576,291.74838174913054,1443.91,291.75,0.0047873059425000974,0.0016182508694555509,0.005053418057472624
310,19,1632.9809539781722,410.51262695115673,1632.98,410.51,-0.0009539781722196494,-0.0026269511567420523,0.0027948071012110923
310,20,1845.9875347018242,551.1893683671951,1845.99,551.19,0.0024652981758208625,0.0006316328049251752,0.0025449273262636235
310,21,1660.2574203410527,339.00263701530855,1660.26,339.0,0.002579658947297503,-0.002637015308550872,0.0036889686935380342
310,22,1668.337963100878,272.0744345578714,1668.34,272.07,0.002036899122003888,-0.004434557871434208,0.00487998581435636
310,23,1924.171875,408.90625,1924.17,408.91,-0.0018749999999272404,0.003750000000025011,0.004192627457801937
310,24,1510.2731857343788,149.2954443836823,1510.27,149.3,-0.0031857343788033177,0.0045556163177025155,0.00555900562748472
310,25,1650.466477431642,208.71668779043972,1650.47,208.72,0.003522568357993805,0.003312209560277779,0.004835206304588739
310,26,1778.1274496902988,268.41575226983366,1778.13,268.42,0.002550309701291553,0.004247730166355268,0.004954522291671152
310,30,203.08414138162513,410.48322741093517,203.08,410.48,-0.004141381625117901,-0.0032274109351533298,0.005250449800656271
310,31,781.030844218514,375.7919949930114,781.03,375.79,-0.0008442185139756475,-0.0019949930113511982,0.0021662645301715514
311,13,508.29541252134663,177.56775641108962,508.3,177.57,0.004587478653377275,0.002243588910374683,0.005106726113073662
311,14,513.3332576624866,312.9453371078602,513.33,312.95,-0.003257662486589652,0.004662892139776886,0.0056881392373716155
311,15,518.7255180517748,488.1842699336096,518.73,488.18,0.004481948225247834,-0.004269933609577947,0.006190330598926487
311,16,542.435558982247,915.3763726795596,542.44,915.38,0.004441017753038068,0.0036273204403869386,0.005734116519573716
311,17,1322.7486120777535,220.3480066526299,1322.75,220.35,0.0013879222465220664,0.001993347370103038,0.0024289425477535607
311,18,1440.6789095205431,292.3112863118479,1440.68,292.31,0.0010904794569341902,-0.0012863118478776414,0.0016863403025445009
311,19,1628.985715483629,410.63447021336754,1628.99,410.63,0.004284516370944402,-0.004470213367540055,0.006191921194930084
311,20,1840.9906510263681,550.6420262753963,1840.99,550.64,-0.0006510263681320794,-0.0020262753963606883,0.0021282921119761523
311,21,1656.4430652557894,339.2519777614814,1656.44,339.25,-0.003065255789351795,-0.001977761481384732,0.0036479218099356005
311,22,1664.5034723256585,272.55582591840357,1664.5,272.56,-0.00347232565854938,0.0041740815964317335,0.005429549028482059
311,23,1921.37890625,408.9296875,1921.38,408.93,0.0010937500001091394,0.0003125000000068212,0.0011375171703068949
311,24,1507.204889300784,150.22158328776175,1507.2,150.22,-0.004889300784043371,-0.0015832877617469876,0.005139266707745854
311,25,1646.8498580737314,209.5375158428298,1646.85,209.54,0.00014192626849762746,0.002484157170187018,0.0024882081729391604
311,26,1774.345587267724,268.8118142023752,1774.35,268.81,0.004412732275795861,-0.0018142023752147907,0.004771114795945022
311,30,200.81310603621884,411.1124205582014,200.81,411.11,-0.003106036218838426,-0.002420558201379208,0.003937837350500939
311,31,778.0231331638854,376.3439962447585,778.02,376.34,-0.0031331638854226185,-0.003996244758525336,0.005078059482022417
312,13,506.22155939101,178.67581730831722,506.22,178.68,-0.0015593910099482855,0.004182691682785844,0.004463923166358646
312,14,511.249943246865,313.70900283089514,511.25,313.71,5.675313502706558e-05,0.0009971691048349385,0.0009987828302352383
312,15,516.794138538831,488.3882024502072,516.79,488.39,-0.0041385388310573035,0.0017975497927977813,0.004512060384542355
312,16,540.5766692366852,914.2822795096697,540.58,914.28,0.0033307633148069726,-0.0022795096697336703,0.004036105622214716
312,17,1319.811459058315,221.0110049894724,1319.81,221.01,-0.001459058315049333,-0.0010049894724204478,0.0017716814065713194
312,18,1437.2591821404073,292.7334647338859,1437.26,292.73,0.0008178595926437993,-0.0034647338858917465,0.0035599543836018466
312,19,1624.9892866127218,410.7258526600257,1624.99,410.73,0.0007133872782105755,0.004147339974338138,0.004208247886170176
312,20,1836.242988269776,550.2315197065473,1836.24,550.23,-0.002988269776096786,-0.0015197065472420945,0.003352501192313587
312,21,1652.332298941842,339.43898332111104,1652.33,339.44,-0.002298941842127533,0.0010166788889591771,0.002513716284058327
312,22,1660.627604244244,272.9168694388027,1660.63,272.92,0.0023957557561971043,0.003130561197338011,0.003942088159038298
312,23,1918.0341796875,408.947265625,1918.03,408.95,-0.004179687500027285,0.0027343749999886313,0.004994656568618823
312,24,1503.903666975588,151.1661874658213,1503.9,151.17,-0.003666975587975685,0.0038125341786781064,0.005289813496371905
312,25,1643.1373935552986,210.15313688212234,1643.14,210.15,0.002606444701541477,-0.0031368821223338728,0.004078429039668522
312,26,1770.259190450793,269.3588606517814,1770.26,269.36,0.0008095492069060128,0.0011393482186008441,0.0013976710205306079
312,30,198.85982952716412,411.83431541865104,198.86,411.83,0.000170472835890223,-0.004315418651060554,0.004318784449552645
312,31,775.2673498729141,376.7579971835689,775.27,376.76,0.0026501270858716452,0.0020028164311156615,0.0033218138460812965
313,13,505.16616954325747,180.75686298123793,505.17,180.76,0.0038304567425484493,0.0031370187620609613,0.00495108933165797
313,14,510.18745743514876,316.0317521231714,510.19,316.03,0.0025425648512396037,-0.0017521231713999441,0.0030878101674998845
313,15,516.0956039041232,489.7911518376554,516.1,489.79,0.004396095876813888,-0.0011518376553567578,0.004544489954047408
313,16,539.682501927514,915.7117096322522,539.68,915.71,-0.00250192751400391,-0.001709632252186566,0.0030302613291672215
313,17,1314.3585942937361,222.0082537421043,1314.36,222.01,0.00140570626376757,0.0017462578956894959,0.002241746359036474
313,18,1431.9443866053055,293.5500985504144,1431.94,293.55,-0.004386605305398916,-9.855041440687273e-05,0.0043877121931062985
313,19,1621.2419649595413,410.54438949501923,1621.24,410.54,-0.0019649595412829512,-0.004389495019211154,0.00480923408897492
313,20,1833.682241202332,549.1736397799104,1833.68,549.17,-0.002241202332015746,-0.0036397799104861406,0.004274457356181169
313,21,1647.7492242063815,339.5792374908333,1647.75,339.58,0.0007757936184589198,0.0007625091666909611,0.0010877848903755412
313,22,1655.4707031831829,272.937652079102,1655.47,272.94,-0.000703183182849898,0.0023479208979892974,0.0024509588188824758
313,23,1915.025634765625,408.21044921875,1915.03,408.21,0.004365234374972715,-0.00044921875002046363,0.004388287665344351
313,24,1497.427750231691,151.874640599366,1497.43,151.87,0.0022497683089568454,-0.004640599365984599,0.0051571910881373405
313,25,1637.103045166474,210.36485266159175,1637.1,210.36,-0.0030451664740667184,-0.004852661591741025,0.005728993225579733
313,26,1764.6943928380947,269.26914548883605,1764.69,269.27,-0.004392838094645413,0.0008545111639364222,0.004475177745638705
313,30,202.14487214537309,412.8757365639883,202.14,412.88,-0.0048721453730991016,0.004263436011683552,0.00647415532423583
313,31,774.9505124046856,378.56849788767664,774.95,378.57,-0.0005124046855371489,0.001502112323350957,0.0015871042794105353
314,13,504.1246271574431,182.56764723592846,504.12,182.57,-0.0046271574431102636,0.00235276407153151,0.005190961835692904
314,14,509.1405930763616,317.77381409237853,509.14,317.77,-0.000593076361610656,-0.0038140923785476843,0.003859927491909254
314,15,515.0717029280925,490.8433638782415,515.07,490.84,-0.0017029280924134582,-0.0033638782415437163,0.0037703634986380537
314,16,538.0118764456355,916.5337822241892,538.01,916.53,-0.0018764456355029324,-0.003782224189194494,0.0042221165356164615
314,17,1309.268945720302,223.00619030657822,1309.27,223.01,0.0010542796978825208,0.0038096934217719536,0.003952881183296527
314,18,1426.9582899539791,294.4125739128108,1426.96,294.41,0.001710046020889422,-0.0025739128107602482,0.0030901916689673905
314,19,1617.181473719656,410.4082921212644,1617.18,410.41,-0.00147371965590537,0.001707878735601298,0.002255814575651317
314,20,1830.511680901749,548.6302298349328,1830.51,548.63,-0.0016809017490686529,-0.00022983493283845746,0.0016965420084321268
314,21,1643.311918154786,339.93442811812497,1643.31,339.93,-0.0019181547861535364,-0.004428118124963021,0.004825717346910171
314,22,1650.603027387387,273.2032390593265,1650.6,273.2,-0.003027387387191993,-0.0032390593265176904,0.004433574146535771
314,23,1911.7692260742188,407.9078369140625,1911.77,407.91,0.0007739257812318101,0.002163085937525011,0.002297368470222773
314,24,1491.5708126737684,152.6559804495245,1491.57,152.66,-0.0008126737684506224,0.0040195504755047295,0.004100880963775715
314,25,1631.5772838748555,210.77363949619382,1631.58,210.77,0.0027161251443885703,-0.0036394961938128745,0.004541284878176906
314,26,1759.520794628571,269.451859116627,1759.52,269.45,-0.0007946285709294898,-0.0018591166270311987,0.0020218182902133675
314,30,205.35865410902983,413.65680242299123,205.36,413.66,0.0013458909701853372,0.003197577008791086,0.0034692825239198634
314,31,774.2128843035142,379.9263734157575,774.21,379.93,-0.0028843035141790097,0.003626584242510944,0.004633715574993146
315,13,503.0934703680823,184.17573542694635,489.6,184.2,-13.493470368082285,0.02426457305364238,13.493492184894915
315,14,508.10544480727117,319.3303605692839,500.4,329.0,-7.705444807271192,9.669639430716074,12.364295628864657
315,15,514.0537771960694,491.88252290868115,514.05,491.88,-0.0037771960694499285,-0.002522908681157787,0.004542276781585345
315,16,536.7589073342266,917.1503366681419,545.1,907.6,8.34109266577343,-9.550336668141881,12.680014090444644
315,17,1305.2017092902265,223.75464272993366,1298.9,223.7,-6.301709290226427,-0.05464272993367558,6.301946191968054
315,18,1422.9687174654844,294.8094304346081,1401.5,297.5,-21.46871746548436,2.690569565391911,21.63665857287133
315,19,1613.8861052897419,410.30621909094833,1559.3,409.4,-54.58610528974191,-0.9062190909483547,54.59362713489175
315,20,1827.8837606763118,547.9726723761996,1756.3,551.6,-71.58376067631184,3.6273276238003973,71.67560462426442
315,21,1639.4839386160895,339.9508210885937,1619.8,338.2,-19.683938616089563,-1.7508210885937388,19.76165008105969
315,22,1646.4522705405402,273.4024292944949,1653.6,268.9,7.147729459459697,-4.5024292944949025,8.447597645339998
315,23,1908.826919555664,407.4308776855469,1908.83,407.43,0.0030804443358647404,-0.0008776855468681788,0.0032030406219001432
315,24,1486.9281095053263,153.24198533714338,1527.2,141.6,40.2718904946737,-11.641985337143382,41.920889620871016
315,25,1627.1829629061417,211.08022962214537,1649.6,202.1,22.417037093858198,-8.980229622145373,24.148873185593395
315,26,1755.1405959714282,269.58889433747026,1784.7,259.7,29.559404028571862,-9.888894337470276,31.16967432845589
315,30,207.51899058177236,414.49260181724344,211.4,416.4,3.8810094182276487,1.9073981827565376,4.324396134948167
315,31,773.1596632276356,380.9447800618181,780.9,390.6,7.740336772364344,9.655219938181915,12.374816580631862
316,13,502.07010277606173,185.63180157020975,502.07,185.63,-0.00010277606173758613,-0.0018015702097500252,0.001804499415218813
316,14,507.0790836054534,320.4977704269629,507.08,320.5,0.00091639454660708,0.002229573037084265,0.0024105548931199114
316,15,512.790332897052,492.6618921815109,512.79,492.66,-0.0003328970520897201,-0.0018921815108683404,0.0019212421287703489
316,16,535.31918050067,917.3627525011065,535.32,917.36,0.0008194993300776332,-0.0027525011064426508,0.0028719055508435003
316,17,1301.15128196767,224.31598204745023,1301.15,224.32,-0.001281967669910955,0.0040179525497592294,0.00421750919368454
316,18,1418.7265380991132,295.35707282595604,1418.73,295.36,0.0034619008868048695,0.0029271740439753557,0.0045335533121143926
316,19,1610.1645789673064,409.97966431821123,1610.16,409.98,-0.004578967306315462,0.00033568178878340404,0.004591255150351231
316,20,1824.6628205072338,547.4795042821497,1824.66,547.48,-0.002820507233764147,0.0004957178502991155,0.0028637383335111217
316,21,1635.3629539620672,339.9631158164453,1635.36,339.96,-0.002953962067294924,-0.003115816445301789,0.004293507192940333
316,22,1642.3392029054053,273.5518219708712,1642.34,273.55,0.0007970945946453867,-0.0018219708711626481,0.0019887025036887927
316,23,1905.370189666748,407.07315826416016,1905.37,407.07,-0.00018966674815601436,-0.003158264160163071,0.0031639541685565906
316,24,1482.4460821289947,153.93148900285752,1482.45,153.93,0.003917871005342022,-0.0014890028575109682,0.004191281751943614
316,25,1622.6372221796064,211.56017221660903,1622.64,211.56,0.002777820393703223,-0.00017221660903032898,0.002783153732746259
316,26,1750.605446978571,269.6916707531027,1750.61,269.69,0.004553021428819193,-0.0016707531027009281,0.004849888664853199
316,30,208.38924293632925,415.3694513629326,208.39,415.37,0.0007570636707328049,0.0005486370674248064,0.0009349588404287755
316,31,771.8697474207268,381.70858504636357,771.87,381.71,0.0002525792732512855,0.0014149536364129744,0.001437320452256367
317,13,498.8025770820463,185.7238511776573,498.8,185.72,-0.002577082046286705,-0.003851177657310245,0.0046338883479707296
317,14,503.80931270409,320.1233278202222,503.81,320.12,0.0006872959099837317,-0.003327820222182254,0.003398052839354549
317,15,509.34274967278907,491.99641913613317,509.34,492.0,-0.002749672789093438,0.0035808638668299864,0.004514785319353456
317,16,532.4893853755025,915.0220643758298,532.49,915.02,0.0006146244975298032,-0.002064375829831988,0.002153929163124515
317,17,1299.3634614757525,224.48698653558768,1299.36,224.49,-0.0034614757526014728,0.003013464412333633,0.004589420676975387
317,18,1416.294903574335,295.26780461946703,1416.29,295.27,-0.0049035743350032135,0.002195380532953095,0.0053725912689661795
317,19,1605.8734342254797,409.9847482386584,1605.87,409.98,-0.0034342254798502836,-0.0047482386584078995,0.00586000639962553
317,20,1818.9971153804254,547.1096282116123,1819.0,547.11,0.002884619574615499,0.00037178838772433664,0.0029084801349676713
317,21,1631.7722154715505,339.972336862334,1631.77,339.97,-0.002215471550471193,-0.00233686233394792,0.003220130394684624
317,22,1639.254402179054,273.9138664781534,1639.25,273.91,-0.004402179054068256,-0.003866478153383923,0.005859081304664788
317,23,1901.027642250061,407.3048686981201,1901.03,407.3,0.002357749938937559,-0.004868698120105819,0.005409547685276653
317,24,1481.084561596746,154.44861675214315,1481.08,154.45,-0.004561596746043506,0.0013832478568360784,0.004766711603081972
317,25,1620.2279166347048,211.92012916245676,1620.23,211.92,0.002083365295220574,-0.00012916245677274674,0.0020873652995029596
317,26,1747.7040852339283,270.018753064827,1747.7,270.02,-0.004085233928208254,0.0012469351729578193,0.00427129764518269
317,30,201.04193220224693,415.77708852219945,201.04,415.78,-0.0019322022469339117,0.0029114778005236985,0.0034942965681233713
317,31,767.4023105655451,381.03143878477266,767.4,381.03,-0.0023105655451445273,-0.0014387847726879954,0.0027219138047572104
318,13,496.1019328115347,185.792888383243,496.1,185.79,-0.001932811534686607,-0.002888383243004,0.0034754162609799567
318,14,501.1069845280675,319.84249586516665,501.11,319.84,0.003015471932485525,-0.002495865166679323,0.0039143855080780166
318,15,506.5070622545918,491.49731435209986,506.51,491.5,0.002937745408189585,0.0026856479001367006,0.003980333243190532
318,16,530.1170390316269,913.2665482818724,530.12,913.27,0.0029609683731450787,0.0034517181276214615,0.004547712803082009
318,17,1297.2725961068145,224.61523990169076,1297.27,224.62,-0.002596106814507948,0.004760098309247951,0.005422020518777092
318,18,1413.7211776807512,295.2008534646003,1413.72,295.2,-0.0011776807511978404,-0.0008534646003113266,0.001454418707156396
318,19,1601.90507566911,409.9885611789938,1601.91,409.99,0.0049243308901623095,0.0014388210062179496,0.00513022812394739
318,20,1813.997836535319,546.8322211587092,1814.0,546.83,0.0021634646809616243,-0.002221158709176052,0.003100665321687752
318,21,1628.329161603663,339.97925264675047,1628.33,339.98,0.0008383963370306446,0.0007473532495509971,0.0011231408182239826
318,22,1636.1908016342904,274.185399858615,1636.19,274.19,-0.0008016342903829354,0.004600141384969447,0.0046694665966495975
318,23,1897.0207316875458,407.4786515235901,1897.02,407.48,-0.0007316875457945571,0.0013484764099302993,0.001534195324203985
318,24,1479.3134211975594,155.08646256410736,1479.31,155.09,-0.0034211975594189425,0.003537435892638996,0.004921183336871812
318,25,1617.6709374760285,212.44009687184257,1617.67,212.44,-0.0009374760284117656,-9.687184257245463e-05,0.0009424677489071337
318,26,1744.528063925446,270.26406479862027,1744.53,270.26,0.0019360745538961055,-0.004064798620277088,0.004502329674918366
318,30,195.5314491516852,416.0828163916496,195.53,416.08,-0.0014491516851933284,-0.0028163916496168895,0.0031673494487868574
318,31,763.5517329241588,380.5235790885795,763.55,380.52,-0.0017329241588868172,-0.003579088579499512,0.003976543876327459
319,13,495.07644960865105,187.59466628743223,495.08,187.59,0.0035503913489378647,-0.00466628743222941,0.005863404909333396
319,14,500.0802383960506,321.381871898875,500.08,321.38,-0.0002383960506335825,-0.0018718988749810705,0.0018870183028028868
319,15,505.63029669094385,492.3729857640749,505.63,492.37,-0.0002966909438555376,-0.002985764074878716,0.0030004687345483614
319,16,529.0877792737201,914.1999112114042,529.09,914.2,0.0022207262799156524,8.878859580363496e-05,0.0022225005343200245
319,17,1292.4544470801109,225.46142992626807,1292.45,225.46,-0.004447080110821844,-0.0014299262680594893,0.004671317870168307
319,18,1409.0408832605635,295.65064009845025,1409.04,295.65,-0.0008832605635689106,-0.0006400984502761276,0.0010908140305303969
319,19,1597.9288067518323,409.4914208842454,1597.93,409.49,0.0011932481677376927,-0.0014208842453626858,0.00185546577131707
319,20,1811.2483774014893,545.8741658690319,1811.25,545.87,0.0016225985107212182,-0.004165869031908187,0.004470714788264441
319,21,1623.4968712027471,339.98443948506286,1623.5,339.98,0.0031287972528843966,-0.0044394850628464155,0.005431242939962582
319,22,1630.8931012257178,274.13904989396127,1630.89,274.14,-0.0031012257177280844,0.0009501060387151483,0.0032435015703867116
319,23,1893.0155487656593,406.60898864269257,1893.02,406.61,0.004451234340649535,0.0010113573074477245,0.0045646829855648914
319,24,1473.4850658981695,155.81484692308052,1473.49,155.81,0.004934101830485815,-0.004846923080521037,0.00691650375710814
319,25,1612.0032031070214,212.83007265388193,1612.0,212.83,-0.003203107021363394,-7.265388191513011e-05,0.003203930894520793
319,26,1739.1460479440846,270.1980485989652,1739.15,270.2,0.003952055915533492,0.0019514010347734256,0.004407574384853654
319,30,198.3985868637639,417.0621122937372,198.4,417.06,0.0014131362360956246,-0.0021122937371842454,0.002541404897672603
319,31,762.4137996931191,381.6426843164346,762.41,381.64,-0.003799693119162839,-0.002684316434624634,0.00465222769445019
320,13,493.3073372064883,189.19599971557417,479.9,187.0,-13.407337206488307,-2.1959997155741746,13.585989316913492
320,14,498.31017879703796,322.7864039241562,495.0,326.1,-3.3101787970379632,3.3135960758438046,4.683716752986581
320,15,504.2227225182079,493.27973932305616,504.22,493.28,-0.0027225182078609578,0.0002606769438102674,0.002734969444284287
320,16,527.5658344552901,914.8999334085531,533.1,900.4,5.534165544709936,-14.499933408553147,15.520150035638519
320,17,1288.340835310083,225.84607244470106,1278.3,227.0,-10.04083531008314,1.1539275552989352,10.106924484089635
320,18,1404.7806624454226,295.73798007383766,1384.7,300.2,-20.080662445422604,4.462019926162327,20.57043086735121
320,19,1594.4466050638744,408.86856566318403,1537.6,406.6,-56.84660506387445,-2.268565663184006,56.89185264566706
320,20,1808.686283051117,544.9056244017739,1735.1,546.0,-73.5862830511171,1.0943755982260654,73.59442038109354
320,21,1619.3726534020602,339.48832961379713,1593.7,338.4,-25.672653402060178,-1.088329613797157,25.695711588718066
320,22,1626.6698259192883,273.85428742047094,1626.7,271.6,0.03017408071173122,-2.2542874204709165,2.2544893544304476
320,23,1889.7616615742445,405.4567414820194,1889.76,405.46,-0.0016615742445083015,0.003258517980555098,0.0036576998782861074
320,24,1468.6137994236271,156.1111351923104,1497.6,147.2,28.986200576372767,-8.911135192310411,30.32504170268107
320,25,1607.002402330266,212.87255449041146,1628.2,205.1,21.197597669734023,-7.772554490411466,22.57766042517091
320,26,1734.6095359580634,269.8985364492239,1750.2,259.9,15.590464041936684,-9.998536449223934,18.521158175702194
320,30,199.79894014782292,418.29658422030286,199.8,418.3,0.0010598521770930347,0.003415779697149901,0.0035764280471932207
320,31,760.8103497698394,382.482013237326,767.5,390.3,6.689650230160623,7.817986762674025,10.289428420628347
321,13,491.7305029048662,190.39699978668062,491.73,190.4,-0.0005029048662095192,0.003000213319381828,0.0030420705557651587
321,14,496.7326340977785,323.83980294311715,496.73,323.84,-0.0026340977784684583,0.00019705688282556366,0.0026414584080771356
321,15,502.66704188865594,493.9598044922921,502.67,493.96,0.0029581113440713125,0.0001955077078719114,0.002964565058783618
321,16,526.1743758414675,915.4249500564149,526.17,915.42,-0.004375841467549435,-0.004950056414941173,0.006606893904114508
321,17,1284.7556264825623,226.13455433352578,1284.76,226.13,0.004373517437670671,-0.004554333525788934,0.006314238563891492
321,18,1401.085496834067,295.80348505537825,1401.09,295.8,0.0045031659328742535,-0.003485055378234847,0.005694217629171094
321,19,1591.0849537979057,408.15142424738804,1591.08,408.15,-0.004953797905727697,-0.0014242473880585749,0.005154473233336632
321,20,1806.0147122883377,543.9292183013305,1806.01,543.93,-0.004712288337714199,0.0007816986694706429,0.004776684434585293
321,21,1615.779490051545,339.11624721034786,1615.78,339.12,0.0005099484549191402,0.003752789652139654,0.0037872783895405533
321,22,1622.7523694394663,273.6407155653532,1622.75,273.64,-0.0023694394662925333,-0.0007155653532322503,0.0024751317458210262
321,23,1886.5712461806834,404.59255611151457,1886.57,404.59,-0.0012461806834380695,-0.00255611151459334,0.0028437075044404326
321,24,1464.4603495677204,156.5833513942328,1464.46,156.58,-0.00034956772037730843,-0.0033513942327942914,0.003369575773704551
321,25,1602.7518017476996,212.9044158678086,1602.75,212.9,-0.0018017476995737525,-0.00441586780860348,0.004769295888910627
321,26,1730.4571519685476,269.67390233691793,1730.46,269.67,0.0028480314524585992,-0.003902336917917637,0.004831098899332983
321,30,200.5992051108672,418.9724381652271,200.6,418.97,0.0007948891328055652,-0.002438165227090394,0.002564468445515588
321,31,759.1077623273795,383.11150992799446,759.11,383.11,0.002237672620481135,-0.001509927994447935,0.0026994557423429765
322,13,490.2978771786497,191.54774984001045,490.3,191.55,0.002122821350326376,0.0022501599895576874,0.003093475466850796
322,14,495.2994755733339,324.8798522073379,495.3,324.88,0.0005244266661179608,0.00014779266211917275,0.0005448541080985543
322,15,501.25028141649193,494.4698533692191,501.25,494.47,-0.00028141649193003104,0.00014663078093235526,0.00031732605919942595
322,16,524.6307818811006,915.0687125423112,524.63,915.07,-0.0007818811005790849,0.0012874576888179945,0.0015062819642880057
322,17,1281.3167198619217,226.85091575014434,1281.32,226.85,0.003280138078253003,-0.0009157501443439742,0.003405569576336874
322,18,1397.3141226255502,296.3526137915337,1397.31,296.35,-0.004122625550280645,-0.002613791533690346,0.004881387877378535
322,19,1586.5637153484292,408.113568185541,1586.56,408.11,-0.003715348429295773,-0.003568185540984814,0.005151287412478909
322,20,1801.7610342162534,543.6969137259979,1801.76,543.7,-0.0010342162534016097,0.003086274002157552,0.003254948613295401
322,21,1611.0846175386587,339.3371854077609,1611.08,339.34,-0.004617538658749254,0.002814592239076319,0.0054077345291085165
322,22,1617.8142770795998,273.9805366740149,1617.81,273.98,-0.0042770795998876565,-0.0005366740148815552,0.004310618157761627
322,23,1881.6784346355125,404.4444170836359,1881.68,404.44,0.001565364487532861,-0.00441708363592852,0.004686255842953576
322,24,1460.0952621757904,157.43751354567462,1460.1,157.44,0.004737824209541941,0.0024864543253784177,0.005350647937653417
322,25,1597.8138513107747,213.42831190085644,1597.81,213.43,-0.003851310774734884,0.001688099143564159,0.004205029536411256
322,26,1725.0928639764106,270.00542675268844,1725.09,270.01,-0.0028639764107083465,0.004573247311554951,0.005396012588359895
322,30,199.6994038331504,419.4793286239203,199.7,419.48,0.000596166849589963,0.0006713760797083523,0.0008978645515636406
322,31,756.8308217455346,383.8336324459958,756.83,383.83,-0.0008217455346084535,-0.0036324459958336774,0.00372423544318791
323,13,488.22340788398725,192.66081238000783,488.22,192.66,-0.003407883987222249,-0.0008123800078294607,0.0035033747369481913
323,14,493.2246066800004,325.6598891555034,493.22,325.66,-0.004606680000392771,0.00011084449664622298,0.004608013360273112
323,15,499.187711062369,494.85239002691435,499.19,494.85,0.0022889376310217813,-0.0023900269143268815,0.0033092996434161835
323,16,522.9730864108254,915.0515344067335,522.97,915.05,-0.0030864108254036182,-0.001534406733526339,0.003446786301333405
323,17,1277.4875398964414,227.38818681260824,1277.49,227.39,0.002460103558632909,0.001813187391746851,0.0030561017713400924
323,18,1393.2355919691627,296.5144603436503,1393.24,296.51,0.004408030837339538,-0.0044603436502939076,0.006270996837955948
323,19,1582.1727865113219,407.83517613915575,1582.17,407.84,-0.0027865113218012993,0.004823860844226147,0.0055708418386259196
323,20,1797.82077566219,543.2726852944984,1797.82,543.27,-0.0007756621901080507,-0.0026852944984057103,0.0027950775259965852
323,21,1606.313463153994,339.2528890558207,1606.31,339.25,-0.0034631539940619405,-0.0028890558206740025,0.004509997685316202
323,22,1612.8607078096998,274.23540250551116,1612.86,274.24,-0.0007078096998611727,0.004597494488848497,0.004651661009382548
323,23,1877.0088259766344,404.08331281272694,1877.01,404.08,0.0011740233655928023,-0.003312812726960601,0.003514691882209589
323,24,1455.3214466318427,158.07813515925596,1455.32,158.08,-0.0014466318427821534,0.0018648407440480241,0.0023601641233636436
323,25,1592.860388483081,213.82123392564233,1592.86,213.82,-0.00038848308099659334,-0.0012339256423388179,0.001293635031622857
323,26,1719.819647982308,270.0040700645163,1719.82,270.0,0.00035201769196646637,-0.0040700645163269655,0.004085259064309295
323,30,198.2745528748628,420.10949646794023,198.27,420.11,-0.004552874862781664,0.0005035320597812643,0.004580634677790483
323,31,754.373116309151,384.37522433449686,754.37,384.38,-0.003116309150982488,0.0047756655031321316,0.005702487503037904
324,13,486.16755591299045,193.74560928500586,486.17,193.75,0.002444087009564555,0.004390714994144673,0.005025130791345541
324,14,491.16845501000034,326.49491686662753,491.17,326.49,0.0015449899996724525,-0.004916866627524996,0.005153888971636556
324,15,497.3907832967767,495.1392925201858,497.39,495.14,-0.0007832967767171795,0.0007074798141957217,0.0010555006053574465
324,16,521.479814808119,914.7886508050501,521.48,914.79,0.0001851918809734343,0.001349194949852972,0.0013618454558015174
324,17,1274.115654922331,227.7911401094562,1274.12,227.79,0.004345077668858721,-0.0011401094562017988,0.004492165348752815
324,18,1389.676693976872,296.63584525773774,1389.68,296.64,0.003306023128061497,0.004154742262244326,0.00530958305227036
324,19,1578.1295898834915,407.6263821043668,1578.13,407.63,0.00041011650864675175,0.00361789563316961,0.0036410663771994506
324,20,1793.8655817466424,542.4545139708738,1793.87,542.45,0.004418253357471258,-0.004513970873745166,0.006316398956670306
324,21,1601.9850973654954,339.18966679186553,1601.99,339.19,0.00490263450456041,0.0003332081344638027,0.004913944723557557
324,22,1608.395530857275,274.4265518791334,1608.4,274.43,0.004469142725156416,0.003448120866607951,0.0056447120571873005
324,23,1872.5066194824758,403.5624846095452,1872.51,403.56,0.003380517524192328,-0.00248460954520624,0.004195376422146335
324,24,1451.2410849738822,158.558601369442,1451.24,158.56,-0.0010849738821434585,0.0013986305580147018,0.0017701230925407316
324,25,1588.3952913623107,214.11592544423175,1588.4,214.12,0.004708637689418538,0.00407455576825555,0.006226818898830873
324,26,1715.114735986731,270.00305254838725,1715.11,270.0,-0.004735986731020603,-0.003052548387245224,0.005634502815056235
324,30,196.4559146561471,420.83212235095516,196.46,420.83,0.004085343852921142,-0.002122350955175989,0.004603738477969507
324,31,752.2798372318632,384.78141825087266,752.28,384.78,0.00016276813676086022,-0.0014182508726889864,0.0014275605080793156
325,13,484.37566693474287,194.80920696375438,484.38,194.81,0.00433306525712851,0.0007930362456249895,0.004405038139381898
325,14,489.37634125750026,327.37118764997064,489.38,327.37,0.003658742499737855,-0.00118764997063181,0.0038466750749354623
325,15,495.54308747258256,495.35446939013934,495.54,495.35,-0.003087472582535611,-0.0044693901393202395,0.005432120687665371
325,16,520.1098611060893,914.3414881037876,520.11,914.34,0.00013889391073007573,-0.0014881037875511538,0.0014945716446400233
325,17,1270.8367411917484,228.59335508209216,1270.84,228.59,0.003258808251530354,-0.003355082092156181,0.004677222152661708
325,18,1386.007520482654,297.2268839433033,1386.01,297.23,0.002479517346046123,0.0031160566967400882,0.003982187289247249
325,19,1573.5971924126186,407.71978657827515,1573.6,407.72,0.00280758738131226,0.0002134217248794812,0.002815687435841266
325,20,1788.8991863099818,542.0908854781553,1788.9,542.09,0.0008136900182762474,-0.0008854781552827262,0.001202565178826204
325,21,1597.2388230241215,339.3922500938992,1597.24,339.39,0.0011769758784794249,-0.002250093899192507,0.0025393295913893796
325,22,1603.5466481429562,274.81991390935,1603.55,274.82,0.0033518570437536255,8.609064997244786e-05,0.003352962457555031
325,23,1867.1299646118568,403.6718634571589,1867.13,403.67,3.538814326020656e-05,-0.0018634571588904691,0.0018637931493874378
325,24,1447.1808137304115,159.4189510270815,1447.18,159.42,-0.0008137304114370636,0.0010489729184826047,0.0013275923192785676
325,25,1583.546468521733,214.83694408317382,1583.55,214.84,0.0035314782669502165,0.003055916826184557,0.004670114174032537
325,26,1709.8360519900482,270.50228941129046,1709.84,270.5,0.003948009951727727,-0.00228941129046234,0.0045637908185890376
325,30,194.8419359921103,421.37409176321637,194.84,421.37,-0.0019359921103045963,-0.004091763216365507,0.004526653473589892
325,31,749.7098779238975,385.33606368815447,749.71,385.34,0.00012207610257064516,0.003936311845507134,0.003938204352226865
326,13,482.53175020105715,195.85690522281578,482.53,195.86,-0.0017502010571774917,0.0030947771842306793,0.003555397243709904
326,14,487.53225594312516,328.028390737478,487.53,328.03,-0.0022559431251920614,0.0016092625219812362,0.002771101811329698
326,15,493.6573156044369,495.5158520426045,493.66,495.52,0.0026843955631079552,0.004147957395502999,0.004940802575912308
326,16,518.332395829567,913.5061160778407,518.33,913.51,-0.0023958295669217478,0.0038839221592752438,0.004563425320200356
326,17,1267.3775558938114,229.69501631156913,1267.38,229.7,0.002444106188704609,0.004983688430854727,0.005550748187181564
326,18,1382.0056403619906,297.9201629574775,1382.01,297.92,0.0043596380094186316,-0.0001629574774710818,0.004362682513389141
326,19,1568.947894309464,408.0398399337064,1568.95,408.04,0.002105690536154725,0.00016006629363118918,0.002111765577048835
326,20,1783.9243897324864,542.0681641086164,1783.92,542.07,-0.004389732486288267,0.0018358913836209467,0.00475817701159049
326,21,1592.4291172680912,340.04418757042436,1592.43,340.04,0.0008827319088595686,-0.004187570424335263,0.0042795983084497865
326,22,1598.9099861072173,275.61493543201254,1598.91,275.61,1.3892782817492844e-05,-0.0049354320125303275,0.0049354515659383764
326,23,1861.5974734588926,404.0038975928692,1861.6,404.0,0.002526541107272351,-0.003897592869179789,0.004644850927706737
326,24,1442.8856102978086,160.81421327031114,1442.89,160.81,0.004389702191474498,-0.0042132703111406045,0.006084499325710774
326,25,1578.9098513912998,215.87770806238035,1578.91,215.88,0.00014860870032862294,0.0022919376196455232,0.0022967504431608914
326,26,1704.6270389925362,271.3767170584679,1704.63,271.38,0.002961007463909482,0.003282941532120276,0.004421003314254343
326,30,194.13145199408274,421.7805688224123,194.13,421.78,-0.001451994082742658,-0.0005688224123332475,0.0015594376400139597
326,31,746.532408442923,386.0020477661159,746.53,386.0,-0.0024084429230697424,-0.0020477661158793126,0.00316131987926375
327,13,480.8988126507929,196.89267891711182,480.9,196.89,0.0011873492071003966,-0.002678917111836654,0.0029302551137559986
327,14,485.8991919573439,328.7712930531085,485.9,328.77,0.0008080426561036802,-0.0012930531084975883,0.0015247685973544859
327,15,491.9929867033277,495.6368890319534,491.99,495.64,-0.002986703327678697,0.0031109680465988276,0.004312600022553207
327,16,516.7492968721753,912.6295870583806,516.75,912.63,0.000703127824749572,0.00041294161940186314,0.000815419842149612
327,17,1264.5331669203586,230.77126223367685,1264.53,230.77,-0.0031669203585806827,-0.0012622336768401965,0.003409196153427127
327,18,1378.7542302714928,298.6901222181081,1378.75,298.69,-0.004230271492815518,-0.0001222181081175222,0.004232036645502903
327,19,1564.960920732098,408.2798799502798,1564.96,408.28,-0.0009207320979385258,0.00012004972018075932,0.0009285254608731835
327,20,1779.4432922993647,542.0511230814623,1779.44,542.05,-0.0032922993646025134,-0.001123081462310438,0.0034785840621073777
327,21,1588.3218379510683,340.53314067781827,1588.32,340.53,-0.0018379510684098932,-0.0031406778182940798,0.0036389450790295704
327,22,1594.932489580413,276.4612015740094,1594.93,276.46,-0.0024895804128846066,-0.001201574009428441,0.002764378905351549
327,23,1856.9481050941695,404.5029231946519,1856.95,404.5,0.00189490583056795,-0.0029231946518848417,0.003483638195841892
327,24,1439.4142077233564,162.11065995273336,1439.41,162.11,-0.004207723356330462,-0.0006599527333435162,0.004259163468764314
327,25,1574.9323885434749,216.90828104678525,1574.93,216.91,-0.0023885434748081025,0.0017189532147483533,0.0029427776140140225
327,26,1700.2202792444023,272.0325377938509,1700.22,272.03,-0.0002792444022361451,-0.0025377938509336673,0.0025531108605027233
327,30,193.09858899556207,422.08542661680923,193.1,422.09,0.0014110044379265219,0.004573383190745517,0.004786101475443452
327,31,743.6493063321923,386.5015358245869,743.65,386.5,0.0006936678076954195,-0.0015358245868810627,0.0016852098353324894
328,13,478.67410948809464,197.91950918783385,478.67,197.92,-0.0041094880946275225,0.0004908121661344467,0.004138694115576908
328,14,483.9243939680079,329.3284697898314,483.92,329.33,-0.004393968007889271,0.0015302101685961134,0.00465279464563281
328,15,490.24474002749577,495.97766677396504,490.24,495.98,-0.004740027495756749,0.0023332260349775424,0.005283162347574322
328,16,515.8119726541314,911.7221902937854,515.81,911.72,-0.001972654131463969,-0.0021902937853610638,0.0029476687718556784
328,17,1261.6498751902689,231.82844667525762,1261.65,231.83,0.00012480973123274453,0.0015533247423888952,0.0015583309097646485
328,18,1375.5656727036196,299.2675916635811,1375.57,299.27,0.004327296380324697,0.0024083364189095846,0.004952330589714045
328,19,1560.9706905490734,408.70990996270984,1560.97,408.71,-0.000690549073397051,9.003729013556949e-05,0.0006963940955985212
328,20,1775.0824692245235,542.0383423110967,1775.08,542.04,-0.002469224523565572,0.0016576889032648978,0.002974054849491718
328,21,1584.2413784633013,340.8998555083637,1584.24,340.9,-0.00137846330130742,0.00014449163626295558,0.0013860154782690188
328,22,1590.6993671853097,277.09590118050704,1590.7,277.1,0.0006328146903342713,0.004098819492980965,0.004147381784734026
328,23,1852.211078820627,404.8771923959889,1852.21,404.88,-0.0010788206270717637,0.0028076040110818212,0.0030077390559086477
328,24,1435.8106557925173,163.08299496455,1435.81,163.08,-0.0006557925173638068,-0.002994964549998258,0.0030659217996512286
328,25,1570.949291407606,217.68121078508892,1570.95,217.68,0.0007085923939484928,-0.001210785088915145,0.0014028911975990553
328,26,1695.6652094333017,272.7744033453882,1695.67,272.77,0.004790566698375187,-0.004403345388197977,0.006506841007689195
328,30,191.82394174667155,422.56406996260694,191.82,422.56,-0.0039417466715576666,-0.004069962606934041,0.005665859373879418
328,31,740.2369797491442,387.12615186844016,740.24,387.13,0.0030202508557977126,0.0038481315598346555,0.004891833166998065
329,13,477.00558211607097,198.93963189087538,477.01,198.94,0.004417883929022537,0.0003681091246221513,0.0044331932890350825
329,14,482.4432954760059,329.99635234237354,482.44,330.0,-0.003295476005916953,0.003647657626459022,0.004915848682113702
329,15,488.93355502062184,496.2332500804738,488.93,496.23,-0.0035550206218317726,-0.0032500804737765066,0.004816761848760273
329,16,514.6089794905986,911.291642720339,514.61,911.29,0.0010205094014281713,-0.0016427203390776413,0.0019339000881179577
329,17,1258.2374063927016,232.62133500644322,1258.24,232.62,0.0025936072984222847,-0.0013350064432131603,0.0029170260577941354
329,18,1371.9242545277148,299.7006937476858,1371.92,299.7,-0.004254527714692813,-0.0006937476858297487,0.004310718261111874
329,19,1556.2280179118052,408.7824324720324,1556.23,408.78,0.001982088194836251,-0.00243247203241026,0.00313776892083648
329,20,1770.0618519183927,541.7787567333226,1770.06,541.78,-0.0018519183927310223,0.0012432666774202517,0.002230541137150141
329,21,1579.681033847476,341.17489163127277,1579.68,341.17,-0.0010338474760374083,-0.004891631272755603,0.004999689701602443
329,22,1586.0245253889823,277.57192588538027,1586.02,277.57,-0.0045253889823015925,-0.0019258853802739395,0.004918148019233412
329,23,1846.9083091154703,404.9078942969917,1846.91,404.91,0.0016908845298075903,0.0021057030083397876,0.0027005695052106818
329,24,1431.857991844388,164.0622462234125,1431.86,164.06,0.002008155611974871,-0.0022462234124986935,0.00301300656832398
329,25,1566.4619685557045,218.51090808881668,1566.46,218.51,-0.0019685557044795132,-0.0009080888166863588,0.002167910713251278
329,26,1690.4989070749762,273.3308025090411,1690.5,273.33,0.0010929250238405075,-0.0008025090411365454,0.0013559151407232944
329,30,191.61795631000365,422.9230524719552,191.62,422.92,0.0020436899963556243,-0.00305247195518632,0.003673452577399502
329,31,737.1777348118582,387.59461390133015,737.18,387.59,0.002265188141791441,-0.004613901330174031,0.005139957470864351
330,13,475.50418658705325,199.70472391815653,475.5,199.7,-0.004186587053254698,-0.00472391815654305,0.006312124357472445
330,14,481.08247160700444,330.49726425678017,481.08,330.5,-0.0024716070044519256,0.0027357432198300558,0.0036868865115842584
330,15,487.45016626546635,496.4249375603554,487.45,496.42,-0.00016626546636189232,-0.004937560355358528,0.004940358941222062
330,16,513.456734617949,910.4687320402543,513.46,910.47,0.003265382051040433,0.0012679597457463387,0.003502919047892792
330,17,1255.4280547945261,233.4660012548324,1255.43,233.47,0.0019452054739304003,0.003998745167592688,0.0044467726781515
330,18,1368.693190895786,300.02552031076436,1368.69,300.03,-0.0031908957860196097,0.00447968923560893,0.005499948323836164
330,19,1552.171013433854,408.8368243540243,1552.17,408.84,-0.0010134338538136944,0.003175645975659336,0.0033334329959933216
330,20,1765.7963889387945,541.3340675499919,1765.8,541.33,0.003611061205447186,-0.00406754999187342,0.005439184310710122
330,21,1575.760775385607,341.3811687234546,1575.76,341.38,-0.0007753856070848997,-0.0011687234546116088,0.0014025467382706759
330,22,1582.0183940417367,277.9289444140352,1582.02,277.93,0.0016059582633261016,0.0010555859648206933,0.0019218126008203355
330,23,1842.1812318366028,404.93092072274374,1842.18,404.93,-0.0012318366027557204,-0.0009207227437286747,0.0015379049992467067
330,24,1428.6434938832908,165.04668466755936,1428.64,165.05,-0.003493883290730082,0.003315332440649854,0.004816497652991039
330,25,1562.5964764167784,219.1331810666125,1562.6,219.13,0.0035235832215221308,-0.0031810666125124953,0.004747085791539268
330,26,1686.1241803062321,273.7481018817808,1686.12,273.75,-0.004180306232228759,0.001898118219173739,0.004591057935723518
330,30,190.96346723250275,423.44228935396643,190.96,423.44,-0.003467232502742945,-0.0022893539664323725,0.004154857736637531
330,31,734.6333011088936,387.9459604259976,734.63,387.95,-0.0033011088936518718,0.004039574002376867,0.005216845603276615
331,13,473.87813994028994,200.5285429386174,473.88,200.53,0.0018600597100544292,0.0014570613826094814,0.002362805535303238
331,14,479.5618537052533,331.1229481925851,479.56,331.12,-0.0018537052533247333,-0.0029481925851087,0.003482536817478551
331,15,485.83762469909976,496.56870317026653,485.84,496.57,0.002375300900212096,0.0012968297334623458,0.002706256034476489
331,16,512.0925509634617,909.8515490301907,512.09,909.85,-0.0025509634616582844,-0.0015490301906311288,0.002984444523559171
331,17,1252.3210410958945,234.0995009411243,1252.32,234.1,-0.0010410958946067694,0.000499058875703895,0.001154530390758903
331,18,1365.0198931718396,300.51914023307324,1365.02,300.52,0.00010682816036933218,0.0008597669267373931,0.0008663783377712981
331,19,1547.8782600753905,408.8776182655182,1547.88,408.88,0.0017399246096374554,0.0023817344817871344,0.0029495756964275184
331,20,1760.8472917040958,541.0005506624939,1760.85,541.0,0.0027082959040853893,-0.0005506624938789173,0.002763710528664434
331,21,1571.3205815392053,341.5358765425909,1571.32,341.54,-0.0005815392053136748,0.004123457409093589,0.004164263302425253
331,22,1577.5137955313025,278.4467083105264,1577.51,278.45,-0.0037955313025577198,0.0032916894735990354,0.005024069810352778
331,23,1837.1359238774521,404.9481905420578,1837.14,404.95,0.004076122547985506,0.001809457942215431,0.0044596987645851545
331,24,1424.9826204124681,166.03501350066952,1424.98,166.04,-0.002620412468104405,0.004986499330470906,0.005633093029214395
331,25,1558.1973573125838,219.8498857999594,1558.2,219.85,0.002642687416255285,0.0001142000405991439,0.0026451537628854166
331,26,1681.343135229674,274.31107641133565,1681.34,274.31,-0.003135229674171569,-0.0010764113356458438,0.0033148644728424165
331,30,190.72260042437705,423.83171701547485,190.72,423.83,-0.0026004243770501034,-0.001717015474866912,0.003116143302495709
331,31,731.9749758316702,388.4594703194982,731.97,388.46,-0.004975831670208208,0.000529680501756502,0.005003944668377941
332,13,471.90860495521747,201.39640720396304,471.91,201.4,0.0013950447825550327,0.003592796036969048,0.003854131978616523
332,14,477.67139027894,331.5922111444388,477.67,331.59,-0.00139027893999355,-0.002211144438831525,0.002611902613108913
332,15,483.87821852432484,496.6765273776999,483.88,496.68,0.0017814756751590721,0.0034726223000802747,0.0039029170142597562
332,16,510.06941322259627,909.138661772643,510.07,909.14,0.0005867774037255913,0.001338227356995958,0.0014612187312429761
332,17,1249.240780821921,234.82462570584323,1249.24,234.82,-0.0007808219208982337,-0.004625705843238848,0.004691144574656512
332,18,1361.5149198788797,300.8893551748049,1361.51,300.89,-0.004919878879718453,0.0006448251950814665,0.004961956038026895
332,19,1543.658695056543,408.9082136991386,1543.66,408.91,0.0013049434571712482,0.0017863008613971942,0.0022121817723330076
332,20,1755.8854687780718,540.7504129968704,1755.89,540.75,0.004531221928345985,-0.000412996870409188,0.004550004239436629
332,21,1567.240436154404,341.9019074069432,1567.24,341.9,-0.0004361544040420995,-0.0019074069432463148,0.001956637910117651
332,22,1573.385346648477,279.0850312328948,1573.39,279.09,0.004653351523074889,0.004968767105197003,0.006807519881938737
332,23,1832.101942908089,404.96114290654333,1832.1,404.96,-0.0019429080891768535,-0.0011429065433503638,0.002254135579290192
332,24,1421.736965309351,166.77626012550215,1421.74,166.78,0.003034690648973992,0.0037398744978531795,0.00481622347848008
332,25,1554.398017984438,220.63741434996956,1554.4,220.64,0.0019820155621346203,0.002585650030425768,0.0032579091099023297
332,26,1677.0073514222556,274.7333073085017,1677.01,274.73,0.0026485777443667757,-0.0033073085016894765,0.0042371279887799575
332,30,188.79195031828277,424.37378776160614,188.79,424.37,-0.0019503182827804721,-0.0037877616061336994,0.0042603848874307486
332,31,728.9812318737527,388.59460273962367,728.98,388.59,-0.00123187375265843,-0.004602739623692287,0.004764737661823133
333,13,469.9314537164131,202.29730540297228,469.93,202.3,-0.0014537164130956626,0.002694597027726786,0.0030617224811432123
333,14,475.503542709205,332.1941583583291,475.5,332.19,-0.0035427092050213105,-0.004158358329107159,0.0054628502180269975
333,15,481.9086638932436,496.7573955332749,481.91,496.76,0.0013361067564119367,0.002604466725074417,0.0029271877607269206
333,16,508.3020599169472,908.3539963294822,508.3,908.35,-0.002059916947189322,-0.003996329482220062,0.004495987895866608
333,17,1246.4305856164406,235.36846927938242,1246.43,235.37,-0.000585616440503145,0.0015307206175805277,0.0016389180041947447
333,18,1358.3861899091598,301.1670163811037,1358.39,301.17,0.003810090840261182,0.002983618896337248,0.004839294776062196
333,19,1539.744021292407,408.93116027435394,1539.74,408.93,-0.004021292407060173,-0.0011602743539356197,0.004185335016397196
333,20,1751.414101583554,540.3128097476529,1751.41,540.31,-0.004101583553847377,-0.002809747652918304,0.004971686788432191
333,21,1563.180327115803,342.1764305552074,1563.18,342.18,-0.0003271158029747312,0.00356944479261756,0.0035844024433788705
333,22,1569.5390099863578,279.56377342467107,1569.54,279.56,0.0009900136421947536,-0.003773424671067005,0.0039011358294667024
333,23,1827.5764571810669,404.9708571799075,1827.58,404.97,0.003542818933055969,-0.0008571799074843511,0.0036450409306638403
333,24,1418.5527239820133,167.5821950941266,1418.55,167.58,-0.002723982013321802,-0.002195094126591357,0.003498359077267022
333,25,1550.5485134883284,221.22806076247718,1550.55,221.23,0.0014865116716009652,0.001939237522805115,0.0024434318324154684
333,26,1673.0055135666917,275.0499804813763,1673.01,275.05,0.0044864333083296515,1.9518623730618856e-05,0.004486475766875608
333,30,186.5939627387121,424.7803408212046,186.59,424.78,-0.003962738712090186,-0.00034082120464518084,0.003977368124002853
333,31,726.2359239053145,388.94595205471774,726.24,388.95,0.00407609468550163,0.004047945282252385,0.005744598236019989
334,13,467.4485902873098,203.22297905222922,467.45,203.22,0.0014097126901901902,-0.0029790522292216792,0.0032957612251669445
334,14,472.87765703190377,332.64561876874683,472.88,332.65,0.0023429680962294697,0.004381231253148599,0.004968368624962844
334,15,479.1814979199327,496.81804664995616,479.18,496.82,-0.0014979199327171955,0.0019533500438342344,0.0024615727733663883
334,16,505.9765449377104,907.5154972471116,505.98,907.52,0.003455062289617672,0.004502752888356554,0.005675582701251158
334,17,1243.3229392123303,236.0263519595368,1243.32,236.03,-0.002939212330375085,0.0036480404631902275,0.004684780501165674
334,18,1355.0396424318699,301.6252622858278,1355.04,301.63,0.0003575681300844735,0.0047377141722222404,0.004751188329810509
334,19,1535.5580159693054,408.94837020576546,1535.56,408.95,0.0019840306945297925,0.0016297942345318006,0.0025676072604176575
334,20,1746.5605761876654,539.9846073107396,1746.56,539.98,-0.000576187665501493,-0.004607310739629611,0.004643199810193657
334,21,1558.8852453368522,342.38232291640554,1558.89,342.38,0.004754663147878091,-0.0023229164055464935,0.005291763626329793
334,22,1565.4042574897683,279.9228300685033,1565.4,279.92,-0.004257489768178857,-0.002830068503271832,0.00511228978632461
334,23,1822.6823428858002,404.97814288493066,1822.68,404.98,-0.002342885800089789,0.0018571150693560412,0.0029896471786971224
334,24,1415.16454298651,168.43664632059495,1415.16,168.44,-0.004542986509932234,0.0033536794050519347,0.005646759423005
334,25,1546.6613851162463,221.9210455718579,1546.66,221.92,-0.0013851162461833155,-0.0010455718579009954,0.0017354444749041954
334,26,1668.7541351750187,275.5374853610322,1668.75,275.54,-0.00413517501874594,0.0025146389677956904,0.004839739825033683
334,30,183.44547205403407,425.33525561590346,183.45,425.34,0.004527945965918434,0.004744384096511567,0.006558313436052663
334,31,723.1769429289859,389.2094640410383,723.18,389.21,0.0030570710140409574,0.0005359589616773519,0.003103697020247252
335,13,465.08644271548235,204.41723428917192,465.09,204.42,0.003557284517626158,0.0027657108280720877,0.004505932702988135
335,14,470.40824277392784,333.23421407656014,470.41,333.23,0.001757226072186313,-0.004214076560117519,0.004565773179134421
335,15,476.63612343994953,496.8635349874671,476.64,496.86,0.003876560050457556,-0.003534987467105566,0.005246318158232201
335,16,503.2324087032828,906.8866229353337,503.23,906.89,-0.002408703282753777,0.0033770646663242587,0.004148061868497696
335,17,1239.9922044092477,237.01976396965262,1239.99,237.02,-0.0022044092477244703,0.00023603034739494433,0.002217009349629483
335,18,1351.2797318239025,302.2189467143708,1351.28,302.22,0.0002681760975065117,0.0010532856292115866,0.0010868896153600283
335,19,1530.918511976979,408.9612776543241,1530.92,408.96,0.0014880230210110312,-0.0012776543240988758,0.0019612784307556515
335,20,1741.1704321407492,539.4884554830547,1741.17,539.49,-0.00043214074912611977,0.0015445169452732443,0.001603832354484557
335,21,1554.163934002639,342.5367421873042,1554.16,342.54,-0.003934002638970924,0.0032578126958355824,0.005107809738486516
335,22,1560.8031931173261,280.44212255137745,1560.8,280.44,-0.003193117326190986,-0.002122551377453874,0.003834217339790796
335,23,1817.26175716435,404.983607163698,1817.26,404.98,-0.0017571643500104983,-0.0036071636980068433,0.004012387879700344
335,24,1411.3734072398825,169.5774847404462,1411.37,169.58,-0.0034072398825628625,0.002515259553803162,0.004235069567353655
335,25,1542.2460388371846,222.6907841788934,1542.25,222.69,0.003961162815357966,-0.0007841788934115357,0.004038037566274835
335,26,1663.815601381264,276.1531140207742,1663.82,276.15,0.00439861873587688,-0.003114020774205528,0.0053893387503283485
335,30,180.58410404052555,425.7514417119276,180.58,425.75,-0.004104040525533037,-0.0014417119276117774,0.004349905966504972
335,31,720.1327071967394,389.65709803077874,720.13,389.66,-0.0027071967393794694,0.002901969221284162,0.003968669745265715
336,13,462.81483203661173,205.31292571687894,462.81,205.31,-0.004832036611730928,-0.0029257168789342813,0.005648751815471189
336,14,468.05618208044586,333.6756605574201,468.06,333.68,0.003817919554137461,0.00433944257991925,0.00577990238899252
336,15,474.2270925799621,497.14765124060034,474.23,497.15,0.0029074200379000104,0.0023487593996378564,0.0037376144790721368
336,16,500.6743065274621,906.4149672015003,500.67,906.41,-0.004306527462063059,-0.00496720150033525,0.006574136409174672
336,17,1236.994153306936,237.76482297723948,1236.99,237.76,-0.004153306935904766,-0.004822977239484771,0.00636483055205893
336,18,1347.7097988679268,302.6642100357781,1347.71,302.66,0.00020113207324357063,-0.004210035778100973,0.004214837525193293
336,19,1526.9388839827343,408.9709582407431,1526.94,408.97,0.0011160172657582734,-0.0009582407430457351,0.0014709588230482236
336,20,1736.627824105562,539.3663416122911,1736.63,539.37,0.002175894438096293,0.003658387708924238,0.00425656166812444
336,21,1550.1229505019792,342.9025566404781,1550.12,342.9,-0.002950501979285036,-0.0025566404781329766,0.00390408407493908
336,22,1556.6023948379946,281.0815919135331,1556.6,281.08,-0.0023948379946432397,-0.0015919135331046164,0.002875663004850964
336,23,1812.4463178732626,404.9877053727735,1812.45,404.99,0.0036821267374307354,0.00229462722649032,0.004338590948574545
336,24,1407.780055429912,170.43311355533467,1407.78,170.43,-5.542991198126401e-05,-0.0031135553346643974,0.0031140486985850716
336,25,1538.1845291278885,223.26808813417006,1538.18,223.27,-0.004529127888417861,0.0019118658299532854,0.0049161194433605246
336,26,1659.361701035948,276.61483551558064,1659.36,276.61,-0.0017010359481446358,-0.004835515580623451,0.005125986171199886
336,30,177.93807803039417,426.3135812839457,177.94,426.31,0.001921969605831464,-0.00358128394572077,0.004064426388264066
336,31,717.0995303975545,389.99282352308404,717.1,389.99,0.00046960244549154595,-0.002823523084032331,0.0028623083451779067
337,13,459.8611240274588,205.9846942876592,459.86,205.98,-0.0011240274587862586,-0.0046942876592197536,0.0048269839812877325
337,14,465.04213656033437,334.25674541806507,465.04,334.26,-0.002136560334349724,0.003254581934925227,0.003893224066690516
337,15,471.1703194349716,497.3607384304503,471.17,497.36,-0.0003194349715727185,-0.000738430450269334,0.0008045608932508681
337,16,497.7557298955966,905.8112254011253,497.76,905.81,0.004270104403417463,-0.0012254011253389763,0.004442454224194914
337,17,1233.495614980202,238.32361723292962,1233.5,238.32,0.004385019798064604,-0.0036172329296277894,0.005684432486766131
337,18,1344.032349150945,302.9981575268336,1344.03,303.0,-0.0023491509450650483,0.0018424731663913008,0.002985501219489283
337,19,1522.4541629870507,409.2282186805573,1522.45,409.23,-0.0041629870506767475,0.0017813194427276358,0.0045280857038203
337,20,1731.7208680791714,539.2747562092184,1731.72,539.27,-0.0008680791713686631,-0.0047562092183852656,0.004834778958423754
337,21,1545.8422128764844,343.1769174803586,1545.84,343.18,-0.002212876484463777,0.00308251964139572,0.003794568443852761
337,22,1552.451796128496,281.56119393514984,1552.45,281.56,-0.0017961284959255863,-0.0011939351498426731,0.002156747253598751
337,23,1807.584738404947,405.24077902958015,1807.58,405.24,-0.004738404947147501,-0.0007790295801441971,0.004802017131361732
337,24,1404.085041572434,171.074835166501,1404.09,171.07,0.004958427565952661,-0.004835166501010235,0.006925665240198287
337,25,1533.8883968459163,223.95106610062754,1533.89,223.95,0.0016031540837957436,-0.0010661006275540785,0.001925272335141751
337,26,1654.771275776961,276.9611266366855,1654.77,276.96,-0.0012757769609379466,-0.0011266366855124943,0.0017020332180079924
337,27,1906.0,396.0,1906.0,396.0,0.0,0.0,0.0
337,30,174.45355852279562,426.7351859629593,174.45,426.74,-0.00355852279562896,0.004814037040716812,0.005986487878247515
337,31,713.5746477981659,390.244617642313,713.57,390.24,-0.00464779816581995,-0.004617642313007764,0.0065516904933825264
338,13,454.3958430205941,206.98852071574441,454.4,206.99,0.004156979405877337,0.0014792842555948482,0.004412341746707648
338,14,460.2816024202508,335.1925590635488,460.28,335.19,-0.0016024202508333474,-0.0025590635488015323,0.0030193636592973526
338,15,467.8777395762287,498.7705538228377,467.88,498.77,0.0022604237713039765,-0.0005538228377304222,0.00232728067956314
338,17,1229.1217112351515,238.49271292469723,1229.12,238.49,-0.001711235151560686,-0.002712924697220842,0.003207535838728497
338,18,1340.2742618632087,302.9986181451252,1340.27,303.0,-0.004261863208739669,0.0013818548748076864,0.004480290270176538
338,19,1519.840622240288,409.17116401041795,1519.84,409.17,-0.0006222402880666777,-0.0011640104179377886,0.0013198875820163653
338,20,1731.5406510593784,538.9560671569138,1731.54,538.96,-0.0006510593784696539,0.00393284308620423,0.003986368404324631
338,21,1543.1316596573633,343.132688110269,1543.13,343.13,-0.001659657363234146,-0.002688110268991295,0.0031591770101711257
338,22,1548.8388470963719,281.6708954513624,1548.84,281.67,0.0011529036280535365,-0.0008954513623962157,0.0014598013282622556
338,23,1804.1885538037104,404.6805842721851,1804.19,404.68,0.0014461962896348268,-0.0005842721851081478,0.0015597620634072973
338,24,1399.5637811793254,171.80612637487576,1399.56,171.81,-0.003781179325414996,0.003873625124242608,0.005413158846192246
338,25,1529.1662976344373,224.21329957547067,1529.17,224.21,0.003702365562730847,-0.003299575470663285,0.004959305298799232
338,26,1650.8284568327208,276.9708449775141,1650.83,276.97,0.001543167279123736,-0.0008449775140775273,0.001759361318960603
338,30,170.3401688920967,428.55138947221946,170.34,428.55,-0.00016889209669557204,-0.0013894722194436326,0.0013996991065696374
338,31,710.9309858486245,390.4334632317348,710.93,390.43,-0.0009858486245093445,-0.0034632317347700337,0.003600815401984004
339,13,449.79688226544556,207.7413905368083,449.8,207.74,0.003117734554450635,-0.0013905368082873792,0.003413775236774904
339,14,456.46120181518813,336.1444192976616,456.46,336.14,-0.0012018151881534322,-0.004419297661627297,0.00457979820172688
339,15,464.90830468217155,499.8279153671283,464.91,499.83,0.0016953178284779824,0.0020846328716856988,0.002686967947197708
339,17,1225.5912834263636,238.86953469352292,1225.59,238.87,-0.0012834263636705145,0.0004653064770820947,0.001365171545476637
339,18,1336.9556963974064,302.9989636088439,1336.96,303.0,0.004303602593608957,0.0010363911561057648,0.004426635507038272
339,19,1517.130466680216,409.1283730078135,1517.13,409.13,-0.00046668021582263464,0.0016269921865159631,0.0016925997751459899
339,20,1730.6554882945338,538.7170503676854,1730.66,538.72,0.004511705466256899,0.002949632314653172,0.0053903447947138425
339,21,1540.3487447430225,343.3495160827017,1540.35,343.35,0.0012552569774015865,0.0004839172983110984,0.0013453051813325032
339,22,1545.629135322279,281.7531715885218,1545.63,281.75,0.0008646777212106826,-0.003171588521809099,0.003287345633368862
339,23,1800.8914153527828,404.26043820413884,1800.89,404.26,-0.0014153527827147627,-0.0004382041388453217,0.001481636381451128
339,24,1395.672835884494,172.35459478115683,1395.67,172.35,-0.0028358844938338734,-0.004594781156839645,0.005399468005425726
339,25,1525.124723225828,224.659974681603,1525.12,224.66,-0.004723225828001887,2.531839700736782e-05,0.004723293685928404
339,26,1647.3713426245406,277.22813373313556,1647.37,277.23,-0.0013426245407117676,0.0018662668644537916,0.0022990416844154158
339,30,167.25512666907252,429.9135421041646,167.26,429.91,0.004873330927466668,-0.0035421041645804507,0.006024604239395424
339,31,708.1982393864683,390.8250974238011,708.2,390.83,0.001760613531700983,0.004902576198901443,0.005209127891887808
340,13,445.59766169908414,208.55604290260624,445.6,208.56,0.002338300915880609,0.003957097393765707,0.004596332337522544
340,14,452.5959013613911,337.1083144732462,452.6,337.11,0.004098638608923011,0.0016855267538176122,0.004431685783580475
340,15,461.93122851162866,500.8709365253462,461.93,500.87,-0.0012285116286534503,-0.0009365253462192413,0.001544772004487336
340,17,1221.9434625697727,239.15215102014218,1221.94,239.15,-0.0034625697726369253,-0.00215102014217905,0.004076306794445053
340,18,1333.2167722980548,303.2492227066329,1333.22,303.25,0.003227701945206718,0.0007772933670935345,0.0033199766302820315
340,19,1513.847850010162,409.0962797558601,1513.85,409.1,0.0021499898380170634,0.0037202441399131203,0.004296821239490252
340,20,1728.4916162209004,538.5377877757641,1728.49,538.54,-0.0016162209003596217,0.002212224235904614,0.0027397273712329515
340,21,1537.2615585572669,343.5121370620263,1537.26,343.51,-0.001558557266889693,-0.002137062026292824,0.002645020767101359
340,22,1541.9718514917092,282.06487869139136,1541.97,282.06,-0.0018514917092034011,-0.00487869139135455,0.0052182038328649
340,23,1797.168561514587,403.9453286531041,1797.17,403.95,0.0014384854130184976,0.004671346895861461,0.004887813632386316
340,24,1391.7546269133704,173.01594608586763,1391.75,173.02,-0.004626913370429975,0.004053914132384762,0.006151629632074136
340,25,1521.0935424193708,224.99498101120224,1521.09,224.99,-0.0035424193708877283,-0.004981011202232821,0.006112217895004191
340,26,1643.5285069684055,277.4211002998517,1643.53,277.42,0.0014930315944639005,-0.0011002998516573825,0.0018546706191733008
340,30,164.4413450018044,431.18515657812344,164.44,431.19,-0.0013450018043954515,0.004843421876557841,0.00502670521595867
340,31,705.1486795398513,391.1188230678508,705.15,391.12,0.0013204601486904721,0.0011769321491783558,0.0017688369874155297
341,13,441.9482462743131,209.41703217695468,441.95,209.42,0.0017537256869104567,0.0029678230453100696,0.003447249253129673
341,14,449.19692602104334,338.0812358549347,449.2,338.08,0.0030739789566496256,-0.0012358549346913605,0.0033131079133535187
341,15,458.9484213837215,501.65320239400967,458.95,501.65,0.0015786162784934277,-0.003202394009690579,0.0035703440657766507
341,17,1217.9575969273296,239.61411326510665,1217.96,239.61,0.0024030726704040717,-0.004113265106639119,0.004763791357389394
341,18,1329.4125792235411,303.68691702997467,1329.41,303.69,-0.0025792235410335707,0.003082970025332088,0.004019589313812779
341,19,1510.1358875076214,409.3222098168951,1510.14,409.32,0.004112492378681054,-0.0022098168951174557,0.004668606245407328
341,20,1725.1187121656753,538.403340831823,1725.12,538.4,0.0012878343245574797,-0.0033408318230385703,0.0035804573056155324
341,21,1533.4461689179502,343.8841027965197,1533.45,343.88,0.003831082049828183,-0.0041027965197031335,0.0056133883666288275
341,22,1537.9788886187819,282.5486590185435,1537.98,282.55,0.0011113812181520188,0.0013409814565079614,0.0017416657195797587
341,23,1792.8764211359403,403.9589964898281,1792.88,403.96,0.003578864059818443,0.001003510171869948,0.0037168939484072717
341,24,1387.8159701850277,173.7619595644007,1387.82,173.76,0.004029814972227541,-0.001959564400721092,0.00448099334422209
341,25,1516.8201568145282,225.49623575840167,1516.82,225.5,-0.0001568145282817568,0.0037642415983327737,0.003767506550345879
341,26,1639.3963802263042,277.8158252248887,1639.4,277.82,0.0036197736958456517,0.0041747751112666265,0.005525532448442174
341,30,161.8310087513533,432.38886743359257,161.83,432.39,-0.0010087513532823777,0.0011325664074206543,0.0015166693640892058
341,31,701.8615096548884,391.5891173008881,701.86,391.59,-0.0015096548884230288,0.0008826991118553451,0.0017487754584879565
342,13,438.9611847057348,210.06277413271602,438.96,210.06,-0.0011847057348290946,-0.0027741327160129003,0.0030165112305758214
342,14,446.3976945157825,338.810926891201,446.4,338.81,0.0023054842174587975,-0.0009268912010043096,0.0024848309349834678
342,15,456.4613160377911,502.23990179550725,456.46,502.24,-0.0013160377911276555,9.820449275821375e-05,0.0013196967795952436
342,17,1214.718197695497,239.96058494883,1214.72,239.96,0.0018023045029167406,-0.000584948829981613,0.001894852673674346
342,18,1326.059434417656,304.015187772481,1326.06,304.02,0.000565582344052018,0.004812227518982581,0.004845350047453396
342,19,1506.8519156307161,409.49165736267133,1506.85,409.49,-0.0019156307162120356,-0.001657362671323881,0.002533079561559973
342,20,1722.0890341242566,538.3025056238673,1722.09,538.3,0.0009658757433044229,-0.002505623867364193,0.0026853429792503165
342,21,1530.0846266884628,344.16307709738976,1530.08,344.16,-0.004626688462849415,-0.0030770973897347176,0.005556507399273045
342,22,1534.4841664640865,282.9114942639076,1534.48,282.91,-0.004166464086438282,-0.0014942639076025444,0.004426313094342018
342,23,1789.1573158519552,403.96924736737105,1789.16,403.97,0.002684148044863832,0.0007526326289735152,0.0027876704613246377
342,24,1384.361977638771,174.32146967330053,1384.36,174.32,-0.001977638770995327,-0.0014696733005337137,0.0024639388626436264
342,25,1513.115117610896,225.87217681880125,1513.12,225.87,0.004882389103840978,-0.0021768188012458722,0.005345677081040588
342,26,1635.7972851697282,278.1118689186666,1635.8,278.11,0.002714830271770552,-0.0018689186665596935,0.003295930883185664
342,30,159.87325656351499,433.2916505751944,159.87,433.29,-0.003256563514980826,-0.001650575194389603,0.0036509730756934576
342,31,699.1461322411664,391.9418379756661,699.15,391.94,0.0038677588336213375,-0.0018379756660920066,0.004282255590714109
343,13,435.7208885293011,210.79708059953703,435.72,210.8,-0.0008885293010507667,0.0029194004629857773,0.003051619796453571
343,14,443.2982708868369,339.35819516840075,443.3,339.36,0.0017291131630940981,0.001804831599258705,0.0024994498259553063
343,15,453.5959870283433,502.92992634663045,453.6,502.93,0.004012971656720765,7.365336955444945e-05,0.004013647510244382
343,17,1211.0386482716228,240.47043871162248,1211.04,240.47,0.001351728377130712,-0.00043871162247910434,0.0014211395051994989
343,18,1322.2945758132419,304.2613908293607,1322.29,304.26,-0.004575813241899596,-0.0013908293607300948,0.004782517447476022
343,19,1502.8889367230372,409.6187430220035,1502.89,409.62,0.001063276962895543,0.0012569779964906047,0.001646375286344491
343,20,1718.3167755931925,538.2268792179004,1718.32,538.23,0.0032244068074760435,0.0031207820995859947,0.004487324389120338
343,21,1526.313470016347,344.3723078230423,1526.31,344.37,-0.0034700163471370615,-0.002307823042315249,0.004167380549462653
343,22,1530.613124848065,283.18362069793073,1530.61,283.18,-0.0031248480649992416,-0.0036206979307280562,0.004782690553956834
343,23,1784.8679868889665,403.9769355255283,1784.87,403.98,0.0020131110334205005,0.0030644744717278627,0.003666554216256882
343,24,1380.771483229078,174.9911022549754,1380.77,174.99,-0.001483229078075965,-0.0011022549753931798,0.0018479541468416083
343,25,1509.086338208172,226.40413261410094,1509.09,226.4,0.0036617918278807338,-0.004132614100939236,0.005521523222627605
343,26,1631.847963877296,278.33390168899996,1631.85,278.33,0.0020361227038847574,-0.00390168899997434,0.004401019508908787
343,30,156.90494242263622,433.9687379313958,156.9,433.97,-0.004942422636219135,0.001262068604205524,0.005101015455449295
343,31,696.1095991808747,392.20637848174954,696.11,392.21,0.0004008191252751203,0.0036215182504406584,0.0036436314865064333
344,13,432.5406663969758,211.59781044965277,425.9,211.6,-6.640666396975803,0.002189550347225122,6.640666757943386
344,14,439.9737031651277,340.2686463763006,437.7,344.7,-2.2737031651276993,4.431353623699408,4.9806245613763735
344,15,450.4469902712575,503.6974447599728,458.2,505.9,7.753009728742484,2.202555240027152,8.059802071970916
344,17,1207.028986203717,240.85282903371686,1194.8,240.8,-12.228986203717113,-0.05282903371684711,12.229100313494323
344,18,1317.9709318599314,304.69604312202057,1294.6,309.2,-23.37093185993149,4.5039568779794195,23.80096812233189
344,19,1498.166702542278,409.71405726650266,1436.9,410.8,-61.266702542277926,1.0859427334973475,61.27632586916745
344,20,1713.7375816948943,538.1701594134254,1616.8,541.5,-96.93758169489433,3.329840586574619,96.99475544165423
344,21,1521.7351025122603,344.77923086728174,1488.3,349.2,-33.4351025122603,4.420769132718249,33.7260919723906
344,22,1525.9598436360486,283.63771552344804,1525.96,283.64,0.0001563639514188253,0.0022844765519494104,0.0022898215654740383
344,23,1779.9009901667248,403.98270164414623,1765.4,404.0,-14.500990166724705,0.017298355853768044,14.501000484399752
344,24,1376.5786124218084,175.74332669123154,1401.1,163.5,24.52138757819148,-12.243326691231545,27.40798236332084
344,25,1504.3147536561291,226.8030994605757,1519.9,219.0,15.58524634387095,-7.803099460575709,17.429522792973412
344,26,1627.135972907972,278.75042626674997,1639.4,272.1,12.264027092028073,-6.650426266749946,13.951147982996817
344,30,153.92870681697718,434.97655344854684,158.4,435.0,4.471293183022823,0.0234465514531621,4.471354657072218
344,31,692.832199385656,392.6547838613121,709.5,404.9,16.667800614343946,12.245216138687852,20.682381284627404
345,13,432.65549979773186,212.44835783723957,432.66,212.45,0.004500202268161502,0.0016421627604188416,0.004790461249824734
345,14,439.23027737384575,340.2014847822254,439.23,340.2,-0.00027737384573356394,-0.0014847822254182574,0.0015104683072527606
345,15,448.0852427034431,502.77308356997963,448.09,502.77,0.004757296556874735,-0.0030835699796512017,0.005669239309595099
345,16,489.8167974216974,904.608419050844,489.82,904.61,0.003202578302591519,0.0015809491560503375,0.0035715414064863152
345,17,1204.2717396527878,241.88962177528765,1204.27,241.89,-0.0017396527878190682,0.00037822471233539545,0.001780293727222519
345,18,1314.2281988949485,305.52203234151546,1314.23,305.52,0.0018011050515269744,-0.0020323415154734903,0.0027155830759071
345,19,1492.3750269067086,410.285542949877,1492.38,410.29,0.004973093291482655,0.004457050122994133,0.006678094989192038
345,20,1704.8031862711707,538.127619560069,1704.8,538.13,-0.0031862711707617564,0.0023804399310165536,0.003977287799343365
345,21,1516.051326884195,345.3344231504613,1516.05,345.33,-0.001326884195123057,-0.004423150461320802,0.004617887143570075
345,22,1521.2198827270365,284.478286642586,1521.22,284.48,0.00011727296350727556,0.0017133574140189012,0.001717366174158358
345,23,1773.4257426250435,404.98702623310965,1773.43,404.99,0.004257374956523563,0.0029737668903635495,0.0051931234376487246
345,24,1373.9339593163563,176.55749501842365,1373.93,176.56,-0.003959316356258569,0.0025049815763509287,0.004685202098820734
345,25,1500.7360652420969,227.85232459543178,1500.74,227.85,0.003934757903152786,-0.002324595431787202,0.00457012731528447
345,26,1622.101979680979,279.8128197000625,1622.1,279.81,-0.001979680979047771,-0.0028197000625027613,0.003445264172930955
345,27,1896.25,396.5,1896.25,396.5,0.0,0.0,0.0
345,30,151.6965301127329,434.48241508641013,151.7,434.48,0.0034698872671015124,-0.0024150864101102343,0.004227618716806465
345,31,689.124149539242,392.9910878959841,689.12,392.99,-0.0041495392420074495,-0.0010878959840852076,0.004289777802304972
346,13,431.2416248482989,213.33626837792968,431.24,213.34,-0.001624848298888537,0.003731622070318963,0.004070028902857147
346,14,437.17270803038434,340.65111358666906,437.17,340.65,-0.002708030384326321,-0.001113586669077904,0.0029280546156078753
346,15,445.0639320275823,502.5798126774847,445.06,502.58,-0.003932027582322917,0.00018732251527353583,0.003936487092939161
346,16,483.11259806627305,903.456314288133,483.11,903.46,-0.0025980662730376025,0.003685711867092323,0.004509370280462747
346,17,1201.2038047395909,242.66721633146574,1201.2,242.67,-0.003804739590805184,0.002783668534249273,0.00471432432724032
346,18,1310.4211491712113,306.14152425613656,1310.42,306.14,-0.0011491712111819652,-0.001524256136576696,0.0019089136288740621
346,19,1486.7812701800315,410.46415721240777,1486.78,410.46,-0.0012701800314971479,-0.004157212407790212,0.0043469267667973184
346,20,1696.602389703378,537.8457146700517,1696.6,537.85,-0.002389703378185004,0.004285329948288563,0.004906601165920018
346,21,1510.5384951631463,345.50081736284596,1510.54,345.5,0.0015048368536554335,-0.0008173628459644533,0.0017124882417356025
346,22,1516.4149120452773,285.1087149819395,1516.41,285.11,-0.004912045277251309,0.0012850180605141759,0.005077347754646563
346,23,1767.3193069687827,405.24026967483223,1767.32,405.24,0.0006930312172244157,-0.00026967483222506416,0.0007436509821032792
346,24,1370.7004694872671,177.16812126381774,1370.7,177.17,-0.0004694872670825134,0.0018787361822489856,0.001936509214138704
346,25,1496.8020489315727,228.38924344657383,1496.8,228.39,-0.00204893157274455,0.0007565534261573248,0.0021841459833124347
346,26,1617.0764847607343,280.3596147750469,1617.08,280.36,0.003515239265652781,0.00038522495310644445,0.0035362841174434736
346,27,1887.4375,396.375,1887.44,396.38,0.0025000000000545697,0.0049999999999954525,0.005590169943769811
346,30,147.27239758454965,434.8618113148076,147.27,434.86,-0.0023975845496408965,-0.0018113148075826757,0.003004874873409042
346,31,685.0931121544315,393.4933159219881,685.09,393.49,-0.003112154431505587,-0.003315921988075843,0.004547619579136399
347,13,426.4312186362242,214.25220128344728,426.43,214.25,-0.0012186362241664028,-0.0022012834472775467,0.0025160928166720452
347,14,432.8795310227882,341.7383351900018,432.88,341.74,0.0004689772117671964,0.0016648099982035092,0.001729604566158202
347,15,441.29794902068676,503.9348595081135,441.3,503.93,0.002050979313253265,-0.004859508113497668,0.005274593372814866
347,17,1196.6528535546931,243.0004122485993,1196.65,243.0,-0.0028535546930470446,-0.0004122485993036662,0.0028831793724703723
347,18,1306.0658618784084,306.1061431921024,1306.07,306.11,0.004138121591495292,0.0038568078975913522,0.005656767404173743
347,19,1482.5859526350237,410.3481179093058,1482.59,410.35,0.004047364976258905,0.0018820906942096371,0.004463566806073116
347,20,1693.4517922775335,537.6342860025388,1693.45,537.63,-0.0017922775334682228,-0.0042860025388336,0.004645651355823314
347,21,1506.4038713723598,345.6256130221345,1506.4,345.63,-0.0038713723597538774,0.0043869778655221126,0.005850905805125156
347,22,1512.061184033958,285.0815362364546,1512.06,285.08,-0.001184033957997599,-0.0015362364546263052,0.001939576979192695
347,23,1762.7394802265871,404.6802022561242,1762.74,404.68,0.0005197734128614684,-0.00020225612416879812,0.0005577382365244853
347,24,1366.0253521154505,177.6260909478633,1366.03,177.63,0.004647884549513037,0.003909052136691571,0.006073180335950427
347,25,1491.8515366986794,228.54193258493038,1491.85,228.54,-0.0015366986795015691,-0.001932584930386838,0.002469074187775687
347,26,1612.5573635705507,280.2697110812852,1612.56,280.27,0.0026364294492395857,0.0002889187147729899,0.002652213088076413
347,30,142.95429818841222,436.39635848610567,142.95,436.4,-0.004298188412235504,0.0036415138943084457,0.0056333868205118865
347,31,682.0698341158236,393.86998694149105,682.07,393.87,0.00016588417645380105,1.3058508955055004e-05,0.0001663973697324722
348,13,425.3234139771681,214.93915096258547,425.32,214.94,-0.0034139771681225284,0.0008490374145253554,0.003517968822449372
348,14,431.15964826709114,342.05375139250134,431.16,342.05,0.00035173290888224074,-0.00375139250132861,0.003767845768899689
348,15,438.4734617655151,503.4511446310851,438.47,503.45,-0.003461765515055504,-0.0011446310851397357,0.0036460939102408853
348,16,476.8344485497048,902.5922357160997,476.83,902.59,-0.004448549704818561,-0.0022357160996762104,0.004978756968821907
348,17,1193.7396401660199,243.75030918644947,1193.74,243.75,0.0003598339801555994,-0.0003091864494706442,0.000474422547747136
348,18,1302.5493964088064,306.5796073940768,1302.55,306.58,0.0006035911935668992,0.0003926059231957879,0.0007200428736401263
348,19,1477.4394644762679,410.5110884319794,1477.44,410.51,0.0005355237321964523,-0.001088431979383131,0.0012130415662661763
348,20,1685.83884420815,537.4757145019041,1685.84,537.48,0.0011557918498965591,0.004285498095896401,0.004438620138085595
348,21,1501.3029035292698,345.96920976660084,1501.3,345.97,-0.002903529269815408,0.0007902333991864907,0.0030091445704493215
348,22,1507.7958880254685,285.56115217734094,1507.8,285.56,0.004111974531497253,-0.0011521773409413072,0.004270345088240602
348,23,1757.0546101699404,405.26015169209313,1757.05,405.26,-0.004610169940406195,-0.00015169209314080945,0.004612664888168909
348,24,1363.019014086588,178.21956821089748,1363.02,178.22,0.0009859134120233648,0.00043178910252095193,0.0010763210882740347
348,25,1488.3886525240096,229.1564494386978,1488.39,229.16,0.0013474759905420797,0.003550561302205324,0.003797654158267354
348,26,1608.168022677913,280.70228331096394,1608.17,280.7,0.0019773220869865327,-0.0022833109639464055,0.003020482013481067
348,27,1878.828125,396.53125,1878.83,396.53,0.0018749999999272404,-0.0012500000000272848,0.0022534695471195885
348,30,139.96572364130918,436.2972688645792,139.97,436.3,0.004276358690816551,0.0027311354207881777,0.005074085566799801
348,31,678.5523755868677,394.1524902061183,678.55,394.15,-0.0023755868677426406,-0.002490206118295646,0.0034415896730709138
349,13,421.2425604828761,215.7043632219391,413.7,213.2,-7.542560482876127,-2.5043632219391156,7.947455805806397
349,14,427.36973620031836,343.040313544376,428.2,348.9,0.8302637996816316,5.859686455624001,5.918214539477692
349,15,435.6050963241363,504.58835847331386,439.8,506.3,4.1949036758637135,1.7116415266861509,4.530665907529642
349,17,1189.054730124515,243.8127318898371,1175.6,246.5,-13.454730124514981,2.687268110162904,13.720465466573263
349,18,1298.1620473066048,306.68470554555756,1270.4,311.2,-27.7620473066047,4.515294454442426,28.12684046714945
349,19,1473.079598357201,410.38331632398456,1414.0,413.1,-59.079598357200894,2.716683676015464,59.142026615966614
349,20,1683.1291331561124,537.3567858764281,1596.8,536.2,-86.32913315611245,-1.1567858764281027,86.33688310942026
349,21,1496.9771776469524,345.9769073249506,1470.1,347.8,-26.877177646952532,1.823092675049395,26.938937342955153
349,22,1503.0969160191014,285.6708641330057,1501.3,282.1,-1.7969160191014453,-3.5708641330056707,3.997496446038411
349,23,1752.5409576274553,404.94511376906985,1739.4,402.6,-13.140957627455236,-2.345113769069826,13.34857018397307
349,24,1358.014260564941,178.6646761581731,1376.8,169.7,18.785739435058986,-8.96467615817312,20.815124903368893
349,25,1483.0414893930072,229.36733707902334,1493.8,216.8,10.758510606992786,-12.567337079023332,16.543382717527
349,26,1603.1260170084347,280.7767124832229,1613.9,272.7,10.77398299156539,-8.076712483222934,13.465214221808337
349,30,136.9742927309819,437.72295164843445,148.6,441.9,11.625707269018108,4.1770483515655314,12.35333163305417
349,31,675.6642816901508,394.6143676545887,694.8,401.3,19.135718309849153,6.685632345411307,20.27001221242617
350,13,417.4319203621571,216.52827241645434,417.43,216.53,-0.0019203621570795804,0.0017275835456587174,0.002583086471950578
350,14,423.77730215023877,344.030235158282,423.78,344.03,0.002697849761204907,-0.00023515828200970645,0.0027080791627334547
350,15,432.4538222431022,505.4412688549854,432.45,505.44,-0.0038222431022063574,-0.00126885498542606,0.004027348421282252
350,17,1184.291047593386,244.10954891737782,1184.29,244.11,-0.0010475933861471276,0.0004510826221917341,0.0011405820596268274
350,18,1293.3715354799535,307.0135291591682,1293.37,307.01,-0.0015354799536453356,-0.003529159168181195,0.003848722271404377
350,19,1468.3096987679007,410.5374872429884,1468.31,410.54,0.0003012320992183959,0.002512757011629674,0.002530748619893649
350,20,1679.0968498670843,537.2675894073211,1679.1,537.27,0.0031501329156071733,0.002410592678870671,0.003966647759685327
350,21,1492.2328832352143,346.23268049371296,1492.23,346.23,-0.0028832352143126627,-0.0026804937129440987,0.003936761593770371
350,22,1497.822687014326,286.0031480997543,1497.82,286.0,-0.0026870143260566692,-0.003148099754298528,0.004138910249262265
350,23,1747.1557182205916,404.7088353268024,1747.16,404.71,0.004281779408529474,0.001164673197592947,0.0044373526522576935
350,24,1353.0106954237058,179.24850711862985,1353.01,179.25,-0.0006954237057925639,0.001492881370154464,0.001646908897277725
350,25,1477.5311170447553,229.7755028092675,1477.53,229.78,-0.0011170447553467966,0.004497190732507761,0.004633844351076272
350,26,1597.844512756326,281.08253436241716,1597.84,281.08,-0.004512756325993905,-0.0025343624171796364,0.005175708890520275
350,27,1870.37109375,395.8984375,1870.37,395.9,-0.0010937500001091394,0.0015624999999772626,0.0019072743150023513
350,30,134.9807195482364,438.79221373632583,134.98,438.79,-0.0007195482364181771,-0.0022137363258138976,0.002327741004656773
350,31,672.7482112676131,394.96077574094153,672.75,394.96,0.001788732386899028,-0.0007757409415489747,0.001949701915764762
351,13,414.0739402716178,217.14620431234076,409.9,218.5,-4.173940271617823,1.3537956876592432,4.3879995618684635
351,14,420.5829766126791,344.7726763687115,420.6,347.5,0.01702338732093267,2.7273236312885274,2.7273767589940188
351,15,429.59036668232665,506.08095164123904,440.7,508.9,11.109633317673342,2.819048358760938,11.461718287507782
351,17,1180.2182856950396,244.58216168803335,1166.8,244.6,-13.418285695039685,0.017838311966642095,13.41829755218897
351,18,1289.2786516099652,307.2601468693761,1263.3,314.4,-25.978651609965254,7.139853130623862,26.94193464097984
351,19,1463.9822740759255,410.6531154322413,1405.8,415.1,-58.182274075925534,4.44688456775873,58.35196482557453
351,20,1675.3226374003132,537.2006920554909,1592.1,540.8,-83.22263740031326,3.5993079445090643,83.30043453394121
351,21,1487.9246624264108,346.42451037028474,1460.2,349.1,-27.72466242641076,2.675489629715287,27.85345851805744
351,22,1493.3670152607444,286.2523610748157,1493.37,286.25,0.0029847392554529506,-0.002361074815723896,0.00380569871488633
351,23,1742.3667886654437,404.7816264951018,1727.1,407.5,-15.266788665443755,2.7183735048981816,15.506914285809874
351,24,1348.7580215677795,179.93638033897238,1371.1,166.5,22.341978432220458,-13.436380338972384,26.071062826040055
351,25,1472.8983377835666,230.33162710695063,1482.7,221.4,9.801662216433442,-8.931627106950629,13.26071434662078
351,26,1593.1333845672443,281.3119007718129,1603.9,274.1,10.76661543275577,-7.21190077181285,12.958839478106421
351,27,1863.0283203125,395.423828125,1863.9,390.9,0.871679687500091,-4.523828125000023,4.607043127879472
351,30,132.7355396611773,439.5941603022444,141.1,443.8,8.364460338822681,4.205839697755607,9.362333273439619
351,31,669.8111584507099,395.47058180570616,686.5,405.2,16.688841549290146,9.729418194293828,19.31784177015561
352,13,410.55545520371334,218.10965323425557,410.56,218.11,0.004544796286666042,0.00034676574443892605,0.004558006117680155
352,14,417.18723245950935,345.5795072765336,417.19,345.58,0.0027675404906517542,0.0004927234663796298,0.0028110597257472334
352,15,426.44277501174497,506.81071373092925,426.44,506.81,-0.002775011744972744,-0.000713730929248868,0.0028653275596523214
352,17,1176.4137142712798,244.936621266025,1176.41,244.94,-0.003714271279704917,0.003378733974983561,0.005021120832339032
352,18,1285.208988707474,307.4451101520321,1285.21,307.45,0.0010112925260727934,0.004889847967888272,0.00499332812083802
352,19,1459.4867055569441,410.73983657418097,1459.49,410.74,0.0032944430558927706,0.00016342581903927567,0.003298494057422077
352,20,1671.2419780502348,536.9005190416182,1671.24,536.9,-0.001978050234811235,-0.0005190416181903856,0.002045015142450167
352,21,1483.6934968198082,346.56838277771357,1483.69,346.57,-0.003496819808106011,0.0016172222864270225,0.003852681753542434
352,22,1489.0252614455583,286.4392708061118,1489.03,286.44,0.004738554441701126,0.0007291938882190152,0.00479433227087792
352,23,1737.5250914990827,404.58621987132636,1737.53,404.59,0.004908500917281344,0.003780128673611216,0.006195381670567964
352,24,1344.8185161758347,180.45228525422928,1344.82,180.45,0.0014838241652341821,-0.002285254229292377,0.0027247240311326234
352,25,1468.673753337675,230.74872033021296,1468.67,230.75,-0.003753337674879731,0.0012796697870385287,0.003965488427108421
352,26,1588.8500384254332,281.48392557885967,1588.85,281.48,-3.8425433331212844e-05,-0.003925578859650614,0.003925766918356527
352,27,1856.271240234375,394.81787109375,1856.27,394.82,-0.00124023437501819,0.002128906249993179,0.0024638228682753918
352,30,129.55165474588298,440.69562022668333,129.55,440.7,-0.0016547458829734296,0.004379773316657065,0.004681943852986571
352,31,666.8583688380324,395.8529363542796,666.86,395.85,0.001631161967566186,-0.0029363542795977082,0.003358997740360384
353,13,407.166591402785,218.83223992569168,407.17,218.83,0.0034085972150137422,-0.0022399256916685317,0.00407870102831725
353,14,413.89042434463204,346.1846304574002,413.89,346.18,-0.00042434463205154316,-0.004630457400196519,0.004649860654018104
353,15,423.3320812588087,507.1080352981969,423.33,507.11,-0.002081258808743769,0.001964701803103708,0.0028621131012055573
353,17,1172.3102857034598,245.45246594951877,1172.31,245.45,-0.0002857034598946484,-0.002465949518779098,0.002482445064077479
353,18,1280.9067415306054,307.83383261402406,1280.91,307.83,0.0032584693947228516,-0.0038326140240769746,0.005030561902401859
353,19,1454.8650291677081,410.8048774306357,1454.87,410.8,0.004970832291746774,-0.004877430635701785,0.006964086679440084
353,20,1666.681483537676,536.6753892812136,1666.68,536.68,-0.0014835376759947394,0.004610718786352663,0.004843512337438736
353,21,1479.270122614856,346.67628708328516,1479.27,346.68,-0.0001226148560817819,0.003712916714846415,0.0037149407713068386
353,22,1484.5189460841686,286.8294531045838,1484.52,286.83,0.0010539158313349617,0.0005468954161642614,0.0011873639609487666
353,23,1732.393818624312,404.43966490349476,1732.39,404.44,-0.0038186243118616403,0.0003350965052391075,0.0038332990103779082
353,24,1340.613887131876,181.08921394067195,1340.61,181.09,-0.0038871318761266593,0.0007860593280497596,0.003965814353901857
353,25,1464.0053150032563,231.0615402476597,1464.01,231.06,0.00468499674366285,-0.0015402476597046189,0.004931689096177604
353,26,1584.137528819075,281.86294418414474,1584.14,281.86,0.0024711809251130035,-0.0029441841447237493,0.003843820422793588
353,27,1849.7034301757812,394.3634033203125,1849.7,394.36,-0.0034301757812045253,-0.0034033203124863576,0.004832048741408174
353,30,126.66374105941225,441.5217151700125,126.66,441.52,-0.0037410594122491148,-0.0017151700125168645,0.004115499203962357
353,31,663.6437766285244,396.13970226570973,663.64,396.14,-0.003776628524406078,0.00029773429025681253,0.0037883464359733995
354,13,404.1249435520888,219.37417994426875,404.12,219.37,-0.004943552088775505,-0.00417994426874202,0.006473842857548051
354,14,410.91781825847403,346.6384728430502,410.92,346.64,0.0021817415259874906,0.0015271569498054305,0.0026631193055432667
354,15,420.24906094410653,507.3310264736477,420.25,507.33,0.0009390558934683213,-0.0010264736476983671,0.0013912131829726094
354,17,1168.7327142775948,245.83934946213907,1168.73,245.84,-0.0027142775948050257,0.000650537860934719,0.002791147142335938
354,18,1277.180056147954,308.12537446051806,1277.18,308.13,-5.614795395558758e-05,0.004625539481935448,0.004625880250468774
354,19,1450.6487718757812,410.85365807297677,1450.65,410.85,0.0012281242188691976,-0.003658072976747917,0.0038587286766740216
354,20,1662.511112653257,536.5065419609102,1662.51,536.51,-0.0011126532569960546,0.0034580390897644975,0.003632634253079052
354,21,1475.202591961142,347.00721531246387,1475.2,347.01,-0.0025919611418885324,0.0027846875361206003,0.003804306406545814
354,22,1480.3892095631265,287.1220898284379,1480.39,287.12,0.0007904368735580647,-0.00208982843787453,0.0022343172001372917
354,23,1728.045363968234,404.57974867762107,1728.05,404.58,0.004636031766040105,0.00025132237891511977,0.0046428389455026855
354,24,1336.960415348907,181.56691045550397,1336.96,181.57,-0.000415348906926738,0.003089544496020835,0.0031173385936368657
354,25,1460.0039862524422,231.5461551857448,1460.0,231.55,-0.003986252442246041,0.0038448142552169884,0.005538303457777688
354,26,1579.8531466143063,282.14720813810857,1579.85,282.15,-0.0031466143063880736,0.002791861891410008,0.004206622684990129
354,27,1844.027572631836,394.2725524902344,1844.03,394.27,0.002427368164035215,-0.00255249023439319,0.0035224029582721357
354,30,123.74780579455918,441.89128637750935,123.75,441.89,0.002194205440815722,-0.0012863775093592267,0.0025434827723203796
354,31,660.4828324713933,396.3547766992823,660.48,396.35,-0.002832471393276137,-0.004776699282274421,0.005553354862333996
355,13,400.0937076640666,220.03063495820157,400.09,220.03,-0.00370766406661005,-0.0006349582015729993,0.003761641230709834
355,14,406.93836369385554,347.2288546322876,406.94,347.23,0.0016363061444621962,0.0011453677124109163,0.001997339479166762
355,15,416.1867957080799,507.7482698552358,416.19,507.75,0.0032042919200989672,0.001730144764223951,0.003641550166396596
355,17,1164.7995357081961,246.1295120966043,1164.8,246.13,0.00046429180383711355,0.00048790339570814467,0.0006735106551895516
355,18,1273.1350421109655,308.34403084538855,1273.14,308.34,0.004957889034585605,-0.004030845388570015,0.006389708774726775
355,19,1446.2365789068358,410.8902435547326,1446.24,410.89,0.003421093164206468,-0.00024355473260584404,0.0034297517907211487
355,20,1658.1333344899426,536.1299064706827,1658.13,536.13,-0.0033344899425173935,9.352931726880342e-05,0.0033358013894622712
355,21,1471.1519439708563,347.0054114843479,1471.15,347.01,-0.001943970856245869,0.004588515652073966,0.004983322042499468
355,22,1476.291907172345,287.34156737132844,1476.29,287.34,-0.001907172344999708,-0.001567371328462741,0.0024685945869702347
355,23,1723.7840229761755,404.43481150821583,1723.78,404.43,-0.004022976175519943,-0.0048115082158233236,0.00627175801667574
355,24,1333.2203115116802,181.925182841628,1333.22,181.93,-0.00031151168013821007,0.004817158372020458,0.004827220142896874
355,25,1456.0029896893316,231.9096163893086,1456.0,231.91,-0.002989689331570844,0.0003836106913865933,0.003014199638685968
355,26,1575.8898599607296,282.36040610358145,1575.89,282.36,0.00014003927049088816,-0.0004061035814402203,0.00042957085112725445
355,27,1839.020679473877,393.9544143676758,1839.02,393.95,-0.0006794738769713149,-0.004414367675792619,0.0044663549709544085
355,31,656.6121243535449,396.5160825244617,656.61,396.52,-0.0021243535449002593,0.003917475538287363,0.0044563990594212
356,13,398.5702807480499,220.7729762186512,398.57,220.77,-0.0002807480499313897,-0.002976218651184581,0.002989430870115455
356,14,404.95377277039165,347.17164097421573,404.95,347.17,-0.003772770391663016,-0.0016409742157179608,0.004114194065046067
356,15,412.6400967810599,506.81120239142683,412.64,506.81,-9.678105993771169e-05,-0.001202391426829763,0.0012062801154277478
356,16,465.3758364122786,900.6941767870748,465.38,900.69,0.004163587721393469,-0.004176787074698041,0.005897542961361373
356,17,1161.849651781147,247.09713407245323,1161.85,247.1,0.00034821885287783516,0.002865927546764624,0.0028870048619293754
356,18,1269.3512815832241,309.0080231340414,1269.35,309.01,-0.0012815832242267788,0.0019768659585679416,0.002355940274872063
356,19,1440.677434180127,411.1676826660495,1440.68,411.17,0.0025658198730980075,0.0023173339505433432,0.0034573788134257856
356,20,1648.8500008674569,535.847429853012,1648.85,535.85,-8.674569471622817e-07,0.0025701469879777505,0.0025701471343665635
356,21,1465.3639579781423,347.50405861326095,1465.36,347.5,-0.003957978142352658,-0.0040586132609519154,0.00566903277264439
356,22,1471.4689303792588,288.2561755284963,1471.47,288.26,0.0010696207411911018,0.0038244715036626076,0.003971230390233426
356,23,1717.0880172321317,405.3261086311619,1717.09,405.33,0.0019827678681849648,0.0038913688380830536,0.004367392798124598
356,24,1330.1652336337602,182.943887131221,1330.17,182.94,0.004766366239891795,-0.003887131221006257,0.006150450086140188
356,25,1452.5022422669986,232.93221229198144,1452.5,232.93,-0.002242266998564446,-0.002212291981436465,0.003149920174223355
356,26,1570.9173949705473,283.2703045776861,1570.92,283.27,0.0026050294527522055,-0.00030457768610858693,0.0026227744883199006
356,27,1831.5155096054077,394.71581077575684,1831.52,394.72,0.004490394592266966,0.004189224243191347,0.006141110921812317
356,30,116.81085434591938,441.668464783132,116.81,441.67,-0.0008543459193788294,0.0015352168680351497,0.0017569285078963548
356,31,651.9590932651587,396.8870618933463,651.96,396.89,0.0009067348413509535,0.0029381066536871003,0.003074839634998897
357,13,396.92771056103743,221.3297321639884,396.93,221.33,0.0022894389625776057,0.00026783601160218495,0.0023050524706564467
357,14,402.71532957779374,347.1287307306618,402.72,347.13,0.004670422206288549,0.0012692693381950448,0.00483982316183921
357,15,409.4800725857949,506.1084017935701,409.48,506.11,-7.258579489644035e-05,0.0015982064298896148,0.0015998538965046954
357,16,456.03187730920894,899.770632590306,456.03,899.77,-0.0018773092089645615,-0.000632590306054226,0.001981025078432105
357,17,1159.1372388358602,247.82285055433994,1159.14,247.82,0.0027611641398834763,-0.002850554339943301,0.003968587589098677
357,18,1266.0134611874182,309.50601735053107,1266.01,309.51,-0.003461187418224654,0.0039826494689236824,0.005276487007128392
357,19,1435.7580756350953,411.6257619995371,1435.76,411.63,0.0019243649046529754,0.0042380004629194445,0.004654441772110322
357,20,1641.3875006505928,535.6355723897591,1641.39,535.64,0.002499349407344198,0.004427610240895774,0.00508433672225561
357,21,1460.5229684836067,347.8780439599457,1460.52,347.88,-0.0029684836067644937,0.001956040054267305,0.0035549947422644076
357,22,1467.3516977844442,288.9421316463722,1467.35,288.94,-0.0016977844443317736,-0.002131646372220075,0.002725140046972624
357,23,1711.5660129240987,405.99458147337145,1711.57,405.99,0.003987075901250137,-0.0045814733714450995,0.006073439922777709
357,24,1327.1239252253201,183.70791534841575,1327.12,183.71,-0.003925225320244863,0.0020846515842549707,0.004444453401986362
357,25,1449.1266817002488,233.6991592189861,1449.13,233.7,0.0033182997512994916,0.0008407810138919558,0.0034231602289106267
357,26,1566.6880462279105,283.95272843326455,1566.69,283.95,0.001953772089564154,-0.0027284332645649556,0.0033558267918866822
357,27,1825.1366322040558,395.2868580818176,1825.14,395.29,0.0033677959443139116,0.0031419181823935105,0.0046058331914423664
357,30,111.10814075943954,441.50134858734896,111.11,441.5,0.0018592405604636042,-0.0013485873489571532,0.0022968376737245275
357,31,647.469319948869,396.9152964200097,647.47,396.92,0.0006800511309847934,0.004703579990291473,0.004752487166297667
358,13,394.9457829207781,221.7472991229913,385.4,220.6,-9.545782920778095,-1.1472991229913134,9.61448214144867
358,14,400.2864971833453,347.09654804799635,402.7,353.1,2.4135028166546704,6.003451952003672,6.470427434568503
358,15,406.3600544393462,505.5813013451776,419.5,511.6,13.139945560653814,6.018698654822401,14.452781837227976
358,16,448.5239079819067,899.3279744427296,453.0,893.4,4.476092018093311,-5.927974442729578,7.428073824895233
358,17,1156.352929126895,248.36713791575494,1141.6,250.7,-14.752929126895197,2.3328620842450505,14.936236585140879
358,18,1262.7600958905637,309.8795130128983,1233.4,315.3,-29.36009589056357,5.420486987101697,29.856270863596254
358,19,1431.3185567263215,411.7193214996528,1381.6,416.1,-49.718556726321594,4.380678500347244,49.911173369014904
358,20,1635.0406254879445,535.4766792923193,1559.2,537.8,-75.84062548794441,2.3233207076806366,75.87620373683293
358,21,1455.892226362705,348.1585329699593,1429.6,352.0,-26.29222636270515,3.8414670300406897,26.571376254357194
358,22,1463.263773338333,289.45659873477916,1460.3,286.8,-2.9637733383331124,-2.656598734779152,3.980134324196156
358,23,1706.424509693074,406.4959361050286,1690.2,405.7,-16.22450969307397,-0.795936105028602,16.24402133290705
358,24,1324.0929439189902,184.2809365113118,1341.9,173.4,17.807056081009932,-10.880936511311802,20.86830193464315
358,25,1445.8450112751866,234.27436941423957,1455.9,225.0,10.054988724813484,-9.274369414239573,13.679061601144603
358,26,1562.5160346709329,284.4645463249484,1567.9,276.7,5.383965329067223,-7.764546324948412,9.44855874178003
358,27,1819.6024741530418,395.7151435613632,1821.9,391.1,2.2975258469582513,-4.6151435613631975,5.155402516722958
358,30,106.08110556957965,441.3760114405117,122.9,445.0,16.818894430420357,3.623988559488282,17.20489764401192
358,31,643.6019899616517,396.9364723150073,672.4,413.7,28.798010038348252,16.76352768499271,33.32178330483415
359,13,392.95933719058354,222.06047434224348,392.96,222.06,0.0006628094164398135,-0.0004743422434785316,0.0008150563701177562
359,14,397.964872887509,347.3224110359973,397.96,347.32,-0.004872887509009161,-0.0024110359972837614,0.005436738659863613
359,15,403.52004082950964,505.43597600888324,403.52,505.44,-4.0829509657669405e-05,0.004023991116753223,0.004024198250157133
359,16,442.14293098643003,898.2459808320472,442.14,898.25,-0.0029309864300444133,0.0040191679528334134,0.004974373577264541
359,17,1153.5146968451713,248.7753534368162,1153.51,248.78,-0.004696845171338282,0.004646563183797525,0.006606883076348963
359,18,1259.5700719179226,310.40963475967374,1259.57,310.41,-7.191792269622965e-05,0.00036524032628904024,0.0003722535205376377
359,19,1426.988917544741,412.0394911247396,1426.99,412.04,0.001082455258938353,0.0005088752604365254,0.0011961034312665598
359,20,1628.7804691159583,535.3575094692395,1628.78,535.36,-0.00046911595836718334,0.0024905307604967675,0.0025343269819372892
359,21,1451.669169772029,348.3688997274695,1451.67,348.37,0.0008302279711642768,0.0011002725304933847,0.0013783606659586115
359,22,1459.44783000375,289.8424490510844,1459.45,289.84,0.0021699962501315895,-0.0024490510843975244,0.0032721147503676964
359,23,1701.5683822698056,406.8719520787714,1701.57,406.87,0.0016177301943116618,-0.0019520787714100152,0.00253528351696162
359,24,1321.3197079392426,184.71070238348386,1321.32,184.71,0.0002920607573742018,-0.0007023834838548737,0.0007606852465968444
359,25,1442.6337584563898,234.70577706067968,1442.63,234.71,-0.0037584563897326007,0.004222939320328578,0.0056532478219780006
359,26,1558.6370260031997,284.8484097437113,1558.64,284.85,0.0029739968003923423,0.0015902562887504246,0.0033724726881998856
359,27,1814.2018556147814,396.0363576710224,1814.2,396.04,-0.001855614781334225,0.0036423289776053025,0.004087770369995036
359,30,101.31082917718473,441.5320085803838,101.31,441.53,-0.0008291771847268592,-0.0020085803838014726,0.0021730002213215787
359,31,640.2014924712388,397.2023542362555,640.2,397.2,-0.0014924712387482941,-0.0023542362554849205,0.002787453810403058
360,13,390.96950289293767,222.29535575668262,390.97,222.3,0.0004971070623582818,0.004644243317386554,0.0046707720370979516
360,14,395.7236546656317,347.491808276998,395.72,347.49,-0.003654665631700027,-0.001808276997962821,0.0040775539948467625
360,15,400.89003062213226,505.32698200666243,400.89,505.33,-3.062213227167376e-05,0.003017993337550706,0.0030181486876039282
360,16,437.10719823982254,897.4344856240353,437.11,897.43,0.0028017601774763534,-0.00448562403539654,0.005288731707982498
360,17,1151.1360226338784,249.08151507761215,1151.14,249.08,0.003977366121716841,-0.0015150776121402032,0.004256160410157178
360,18,1256.927553938442,310.8072260697553,1256.93,310.81,0.002446061557975554,0.0027739302447002956,0.0036983653345591533
360,19,1423.241688158556,412.0296183435547,1423.24,412.03,-0.0016881585559076484,0.0003816564452563398,0.0017307631126442181
360,20,1623.8353518369688,535.2681321019296,1623.84,535.27,0.004648163031106378,0.0018678980703725756,0.005009437370109105
360,21,1448.0018773290217,348.52667479560216,1448.0,348.53,-0.001877329021681362,0.0033252043978109214,0.0038185532002144727
360,22,1456.0858725028124,290.1318367883133,1456.09,290.13,0.0041274971874827315,-0.0018367883133123541,0.0045177454931191845
360,23,1697.4262867023542,407.1539640590786,1697.43,407.15,0.0037132976458451594,-0.003964059078612081,0.005431606004246448
360,24,1318.7397809544318,185.0330267876129,1318.74,185.03,0.0002190455682011816,-0.003026787612895987,0.003034703315734368
360,25,1439.7253188422924,235.02933279550976,1439.73,235.03,0.004681157707636885,0.0006672044902416019,0.004728466909640668
360,26,1555.2277695023997,285.13630730778345,1555.23,285.14,0.0022304976002942567,0.003692692216532123,0.004314057875244068
360,27,1809.651391711086,396.2772682532668,1809.65,396.28,-0.0013917110859438253,0.0027317467331613443,0.003065827777432486
360,30,96.48312188288855,441.64900643528784,96.48,441.65,-0.003121882888549976,0.000993564712132411,0.003276175149013847
360,31,637.1511193534291,397.40176567719163,637.15,397.4,-0.0011193534290896423,-0.001765677191656323,0.002090590357853518
361,13,388.47712716970324,222.72151681751197,388.48,222.72,0.0028728302967806485,-0.001516817511969748,0.0032486750035543546
361,14,393.0427409992238,347.6188562077485,393.04,347.62,-0.0027409992237608094,0.0011437922515256105,0.0029700736454349726
361,15,397.6675229665992,505.2452365049968,397.67,505.25,0.002477033400793971,0.0047634950032033885,0.005369038937667764
361,16,431.8303986798669,896.8258642180265,431.83,896.83,-0.0003986798669188829,0.00413578197355946,0.004154953449691807
361,17,1148.3520169754088,249.31113630820911,1148.35,249.31,-0.002016975408878352,-0.0011363082091122578,0.002315034804515021
361,18,1253.9456654538317,311.10541955231645,1253.95,311.11,0.004334546168365705,0.0045804476835655805,0.0063062501906897975
361,19,1419.681266118917,412.022213757666,1419.68,412.02,-0.0012661189168738929,-0.0022137576660270497,0.0025502509906986507
361,20,1619.1265138777267,534.9510990764472,1619.13,534.95,0.0034861222734434705,-0.0010990764471898729,0.003655272567424512
361,21,1444.7514079967664,348.64500609670165,1444.75,348.65,-0.0014079967663747084,0.004993903298327496,0.005188595671968271
361,22,1453.0644043771094,290.348877591235,1453.06,290.35,-0.004404377109494817,0.0011224087650134607,0.004545144569584224
361,23,1693.8197150267656,407.36547304430894,1693.82,407.37,0.0002849732343292999,0.00452695569106254,0.004535916398383862
361,24,1316.3048357158239,185.27477009070967,1316.3,185.27,-0.00483571582390141,-0.004770090709655506,0.006792489448491787
361,25,1437.0439891317192,235.27199959663233,1437.04,235.27,-0.003989131719208672,-0.001999596632316525,0.004462236946327292
361,26,1552.1708271267998,285.3522304808376,1552.17,285.35,-0.0008271267997770337,-0.0022304808375679386,0.00237890384624246
361,27,1805.9885437833145,396.4579511899501,1805.99,396.46,0.0014562166854830139,0.0020488100498710082,0.0025136009340250448
361,30,91.61234141216642,441.98675482646587,91.61,441.99,-0.0023414121664160348,0.003245173534139667,0.00400166992638343
361,31,633.8633395150719,397.5513242578937,633.86,397.55,-0.0033395150718433797,-0.0013242578937138205,0.0035924949386369996
362,13,385.60784537727744,223.04113761313397,385.61,223.04,0.0021546227225712755,-0.001137613133977311,0.002436506252653199
362,14,390.03205574941785,347.7141421558114,390.03,347.71,-0.0020557494178774505,-0.004142155811393877,0.004624236200170526
362,15,394.0006422249494,505.1839273787476,394.0,505.18,-0.0006422249493880372,-0.003927378747619059,0.00397954227429064
362,16,426.6227990099002,896.3693981635199,426.62,896.37,-0.0027990099001726776,0.0006018364800866038,0.0028629815874412633
362,17,1145.5140127315567,249.48335223115683,1145.51,249.48,-0.004012731556713334,-0.003352231156839025,0.005228715738604015
362,18,1250.9592490903738,311.3290646642373,1250.96,311.33,0.0007509096262765524,0.0009353357626764591,0.0011994658210121476
362,19,1416.2609495891877,412.0166603182495,1416.26,412.02,-0.0009495891877122631,0.003339681750503587,0.0034720590173651623
362,20,1614.5948854082949,534.7133243073354,1614.59,534.71,-0.004885408294967419,-0.0033243073353332875,0.00590916520908725
362,21,1441.313555997575,348.7337545725262,1441.31,348.73,-0.003555997574949288,-0.0037545725261907137,0.0051712603499989565
362,22,1450.048303282832,290.51165819342623,1450.05,290.51,0.0016967171679880266,-0.0016581934262376308,0.0023724364242194147
362,23,1690.114786270074,407.2741047832317,1690.11,407.27,-0.004786270074191634,-0.004104783231696274,0.0063053649063569105
362,24,1313.9786267868678,185.45607756803224,1313.98,185.46,0.001373213132183082,0.00392243196776576,0.0041558617455530016
362,25,1434.5329918487894,235.45399969747425,1434.53,235.45,-0.002991848789406504,-0.003999697474256436,0.004994871276043706
362,26,1549.1281203451,285.5141728606282,1549.13,285.51,0.0018796549002217944,-0.004172860628216313,0.004576665638480229
362,27,1802.241407837486,396.5934633924626,1802.24,396.59,-0.0014078374858854659,-0.003463392462606407,0.0037385951554966715
362,30,87.70925605912481,442.2400661198494,87.71,442.24,0.0007439408751821475,-6.611984940718685e-05,0.0007468733897069896
362,31,630.6475046363039,397.6634931934203,630.65,397.66,0.002495363696084496,-0.0034931934202973025,0.004292929098802453
363,13,382.95588403295807,223.28085320985048,382.96,223.28,0.004115967041911972,-0.0008532098504758778,0.004203469012500825
363,14,387.2740418120634,347.78560661685856,387.27,347.79,-0.004041812063405814,0.004393383141461982,0.005969762154690513
363,15,391.00048166871204,505.1379455340607,391.0,505.14,-0.0004816687120410279,0.002054465939295369,0.0021101741738264322
363,16,422.21709925742516,896.27704862264,422.22,896.28,0.0029007425748659443,0.002951377359977414,0.004138228583177488
363,17,1142.8855095486674,249.61251417336763,1142.89,249.61,0.004490451332685552,-0.002514173367615058,0.005146379396589635
363,18,1247.9694368177802,311.496798498178,1247.97,311.5,0.0005631822198211012,0.0032015018219908598,0.0032506596452002504
363,19,1412.9457121918908,412.0124952386871,1412.95,412.01,0.004287808109211255,-0.0024952386871177623,0.004960999343590662
363,20,1610.6961640562213,534.5349932305015,1610.7,534.53,0.0038359437787676143,-0.004993230501554535,0.006296571727179841
363,21,1438.2351669981813,348.8003159293946,1438.24,348.8,0.0048330018187243695,-0.0003159293946168873,0.0048433168347916345
363,22,1447.0362274621239,290.63374364506967,1447.04,290.63,0.003772537876102433,-0.0037436450696759493,0.005314783197303207
363,23,1686.8360897025555,407.45557858742376,1686.84,407.46,0.00391029744446314,0.004421412576220973,0.0059024838223700315
363,24,1311.483970090151,185.59205817602418,1311.48,185.59,-0.003970090150914984,-0.0020581760241782376,0.004471879286485079
363,25,1431.899743886592,235.59049977310568,1431.9,235.59,0.0002561134081133787,-0.0004997731056732846,0.0005615756716327464
363,26,1546.346090258825,285.63562964547117,1546.35,285.64,0.003909741174993542,0.004370354528816733,0.005863964082682364
363,27,1798.9310558781144,396.69509754434694,1798.93,396.7,-0.001055878114357256,0.004902455653052584,0.005014872881990717
363,30,83.78194204434361,442.43004958988706,83.78,442.43,-0.001942044343607563,-4.9589887055390136e-05,0.0019426773765698453
363,31,627.7356284772279,397.7476198950652,627.74,397.75,0.00437152277208952,0.0023801049347866865,0.004977460280855406
364,13,379.96691302471856,223.46063990738787,379.97,223.46,0.0030869752814624007,-0.0006399073878640138,0.003152601759404891
364,14,384.20553135904754,348.0892049626439,384.21,348.09,0.004468640952438818,0.0007950373560561275,0.004538814422218431
364,15,387.50036125153406,505.3534591505455,387.5,505.35,-0.00036125153405919264,-0.003459150545495504,0.0034779627898041065
364,16,418.16282444306887,896.20778646698,418.16,896.21,-0.0028244430688459943,0.002213533020039904,0.0035884825595172056
364,17,1139.9141321615007,249.70938563002574,1139.91,249.71,-0.0041321615005927015,0.000614369974272222,0.004177584126294499
364,18,1244.977077613335,311.3725988736335,1244.98,311.37,0.002922386664977239,-0.002598873633473886,0.003910816792231841
364,19,1409.459284143918,412.00937142901535,1409.46,412.01,0.000715856082024402,0.0006285709846451937,0.000952654928559736
364,20,1606.772123042166,534.4012449228761,1606.77,534.4,-0.0021230421659765852,-0.0012449228761397535,0.002461125963060531
364,21,1434.9263752486358,348.85023694704597,1434.93,348.85,0.0036247513642138074,-0.00023694704594845462,0.0036324876262629657
364,22,1444.027170596593,290.72530773380225,1444.03,290.73,0.002829403407076825,0.0046922661977646385,0.0054793143467648
364,23,1683.3770672769165,407.3416839405678,1683.38,407.34,0.002932723083631572,-0.0016839405678297226,0.0033817925012111795
364,24,1308.6129775676131,185.69404363201812,1308.61,185.69,-0.0029775676132430817,-0.004043632018124299,0.0050216400497680135
364,25,1428.924807914944,235.69287482982926,1428.92,235.69,-0.004807914943967262,-0.0028748298292669006,0.0056018472538678235
364,26,1543.2595676941187,285.47672223410336,1543.26,285.48,0.0004323058813042735,0.0032777658966551826,0.0033061514859857857
364,27,1795.4482919085858,396.5213231582602,1795.45,396.52,0.0017080914142297843,-0.0013231582602202252,0.00216063047765103
364,30,78.8364565332577,442.8225371924153,78.84,442.82,0.0035434667423004385,-0.0025371924153319014,0.004358153497320512
364,31,624.801721357921,397.8107149212989,624.8,397.81,-0.0017213579210419994,-0.0007149212988792897,0.0018639167245146132
365,13,376.97518476853895,223.5954799305409,376.98,223.6,0.004815231461066105,0.004520069459090337,0.006604353256651406
365,14,381.1541485192856,348.31690372198295,381.15,348.32,-0.004148519285649854,0.003096278017039822,0.005176596354962672
365,15,384.37527093865054,505.51509436290917,384.38,505.52,0.004729061349451058,0.004905637090814707,0.006813904645183174
365,16,414.3721183323016,896.405839850235,414.37,896.41,-0.002118332301620285,0.004160149764970811,0.004668423481977035
365,17,1136.9355991211255,249.7820392225193,1136.94,249.78,0.004400878874548653,-0.0020392225193006652,0.004850377650417704
365,18,1241.9828082100012,311.2794491552251,1241.98,311.28,-0.0028082100011488365,0.00055084477486389,0.002861725594208361
365,19,1406.0944631079385,412.0070285717615,1406.09,412.01,-0.004463107938590838,0.0029714282384816215,0.005361783122055437
365,20,1603.0790922816245,534.0509336921571,1603.08,534.05,0.0009077183754016005,-0.0009336921571048151,0.001302203399350794
365,21,1431.444781436477,348.8876777102845,1431.44,348.89,-0.004781436476832823,0.0023222897154937527,0.005315558701084537
365,22,1440.7703779474446,290.5439808003517,1440.77,290.54,-0.0003779474445764208,-0.003980800351655489,0.003998701753144676
365,23,1680.0328004576872,407.2562629554259,1680.03,407.26,-0.0028004576872717735,0.0037370445741089497,0.0046699106423010615
365,24,1305.70973317571,185.7705327240136,1305.71,185.77,0.00026682429006541497,-0.000532724013595498,0.0005958104366576748
365,25,1425.693605936208,235.76965612237194,1425.69,235.77,-0.00360593620803229,0.0003438776280688671,0.0036222959237870887
365,26,1539.9446757705891,285.3575416755775,1539.94,285.36,-0.004675770589074091,0.002458324422491387,0.005282630932392294
365,27,1791.8362189314394,396.39099236869515,1791.84,396.39,0.0037810685605563776,-0.000992368695165169,0.003909127151522663
365,30,75.12734239994327,443.11690289431147,75.13,443.12,0.002657600056721776,0.003097105688539159,0.004081041742921678
365,31,621.8512910184407,397.8580361909742,621.85,397.86,-0.001291018440724656,0.001963809025824048,0.0023501647823501908
366,13,374.48138857640424,223.69660994790567,374.48,223.7,-0.0013885764042242954,0.0033900520943177526,0.003663413385431223
366,14,378.6156113894642,348.4876777914872,378.62,348.49,0.00438861053578421,0.0023222085127940773,0.004965133916793126
366,15,381.5314532039879,505.6363207721819,381.53,505.64,-0.0014532039879213698,0.0036792278181110305,0.0039558209221440535
366,16,411.2790887492262,896.3043798876763,411.28,896.3,0.0009112507737540909,-0.004379887676350336,0.0044736779086242875
366,17,1134.4516993408442,249.83652941688948,1134.45,249.84,-0.0016993408441976499,0.003470583110527059,0.0038642860183783056
366,18,1239.4871061575009,311.2095868664188,1239.49,311.21,0.002893842499133825,0.0004131335811621284,0.0029231838405541564
366,19,1403.320847330954,412.0052714288211,1403.32,412.01,-0.0008473309540022456,0.004728571178873153,0.004803889584418047
366,20,1600.0593192112183,533.7882002691179,1600.06,533.79,0.0006807887816648872,0.0017997308821122715,0.0019241893392463686
366,21,1428.5835860773577,348.91575828271334,1428.58,348.92,-0.0035860773577951477,0.004241717286674884,0.005554468143410993
366,22,1438.0777834605833,290.40798560026377,1438.08,290.41,0.002216539416622254,0.0020143997362538357,0.0029951382744139955
366,23,1677.2746003432653,407.1921972165694,1677.27,407.19,-0.0046003432653378695,-0.0021972165694137402,0.005098128952061313
366,24,1303.2822998817824,185.8278995430102,1303.28,185.83,-0.0022998817823918216,0.002100456989808208,0.0031147031606578407
366,25,1423.2702044521561,235.82724209177894,1423.27,235.83,-0.00020445215614017798,0.002757908221070693,0.0027654761687636513
366,26,1537.4585068279418,285.26815625668314,1537.46,285.27,0.0014931720581898844,0.0018437433168401185,0.0023725412986398396
366,27,1789.1271641985795,396.29324427652136,1789.13,396.29,0.0028358014205878135,-0.0032442765213431812,0.004308955771871704
366,30,72.09550679995746,443.3376771707336,72.1,443.34,0.004493200042531953,0.002322829266347526,0.005058100673455376
366,31,619.3884682638305,398.14352714323064,619.39,398.14,0.0015317361694542342,-0.003527143230655838,0.003845381003538613
367,13,371.8610414323032,224.02245746092925,371.86,224.02,-0.0010414323031682216,-0.002457460929235822,0.002669025189240981
367,14,375.96170854209817,348.8657583436154,375.96,348.87,-0.001708542098185717,0.004241656384579073,0.004572828991566738
367,15,378.8985899029909,505.7272405791364,378.9,505.73,0.0014100970090566989,0.0027594208636401163,0.003098834793538212
367,16,408.45931656191965,896.4782849157573,408.46,896.48,0.000683438080329779,0.0017150842427327007,0.0018462398460966157
367,17,1131.8387745056332,249.87739706266711,1131.84,249.88,0.001225494366735802,0.0026029373328810834,0.002876998297150569
367,18,1236.6153296181255,311.15719014981414,1236.62,311.16,0.004670381874348095,0.0028098501858835334,0.005450479329320399
367,19,1400.4906354982154,412.00395357161585,1400.49,412.0,-0.0006354982153879973,-0.003953571615852525,0.0040043209790719915
367,20,1596.7944894084137,533.5911502018384,1596.79,533.59,-0.004489408413746787,-0.0011502018384135226,0.004634409582083816
367,21,1425.6876895580183,348.936818712035,1425.69,348.94,0.0023104419817627786,0.0031812879649919523,0.00393175981810875
367,22,1435.0583375954375,290.5559892001978,1435.06,290.56,0.0016624045624666905,0.004010799802188103,0.0043416706441809
367,23,1674.2059502574489,407.14414791242706,1674.21,407.14,0.004049742551160307,-0.004147912427072242,0.005797033054359681
367,24,1300.4617249113367,185.87092465725766,1300.46,185.87,-0.001724911336623336,-0.000924657257655781,0.001957117820507292
367,25,1420.4526533391172,235.8704315688342,1420.45,235.87,-0.002653339117159703,-0.00043156883418760117,0.0026882076053184358
367,26,1534.5938801209563,285.20111719251236,1534.59,285.2,-0.0038801209564098826,-0.0011171925123676374,0.004037754047247238
367,27,1785.8453731489346,395.969933207391,1785.85,395.97,0.004626851065268056,6.67926090045512e-05,0.004627333144781104
367,30,68.5716300999681,443.75325787805025,68.57,443.75,-0.0016300999681106987,-0.003257878050249019,0.00364293772885687
367,31,616.7913511978729,398.357645357423,616.79,398.36,-0.001351197872963894,0.002354642577017785,0.0027147886395458313
368,13,369.1457810742274,224.01684309569694,369.15,224.02,0.004218925772590865,0.003156904303068586,0.005269286427341408
368,14,373.4712814065736,349.14931875771157,373.47,349.15,-0.0012814065735824443,0.000681242288408157,0.001451238733749855
368,15,376.4239424272432,506.0454304343523,376.42,506.05,-0.003942427243202928,0.0045695656477278135,0.006035201966532914
368,16,406.09448742143974,896.858713686818,406.09,896.86,-0.004487421439762329,0.0012863131820495255,0.004668142326488449
368,17,1129.1290808792248,249.90804779700034,1129.13,249.91,0.0009191207752792252,0.0019522029996608126,0.0021577487229597794
368,18,1233.9614972135942,311.1178926123606,1233.96,311.12,-0.0014972135941206943,0.002107387639398439,0.0025850979109328016
368,19,1397.8679766236614,412.00296517871186,1397.87,412.0,0.0020233763384567283,-0.002965178711860972,0.003589754392754475
368,20,1593.8458670563102,533.4433626513788,1593.85,533.44,0.0041329436896830885,-0.0033626513787794465,0.005328099833646004
368,21,1423.0157671685138,348.9526140340263,1423.02,348.95,0.004232831486206123,-0.002614034026294121,0.004974940831933721
368,22,1432.293753196578,290.41699190014833,1432.29,290.42,-0.0037531965781454346,0.00300809985168371,0.0048099011707000965
368,23,1671.1544626930868,407.1081109343203,1671.15,407.11,-0.004462693086679792,0.0018890656797339034,0.004846049806620659
368,24,1297.8462936835026,185.90319349294325,1297.85,185.9,0.003706316497300577,-0.003193492943239562,0.004892359262838666
368,25,1417.589490004338,235.90282367662564,1417.59,235.9,0.000509995662014262,-0.002823676625638427,0.00286936321532325
368,26,1531.6954100907174,285.15083789438427,1531.7,285.15,0.004589909282685767,-0.0008378943842899389,0.0046657619123257445
368,27,1782.884029861701,395.72744990554327,1782.88,395.73,-0.00402986170092845,0.0025500944567511397,0.004768937729407129
368,30,64.92872257497608,444.0649434085377,64.93,444.06,0.001277425023928913,-0.004943408537712912,0.005105791090760833
368,31,614.3435133984046,398.51823401806723,614.34,398.52,-0.00351339840460696,0.0017659819327491277,0.003932258960990626
369,13,366.8593358056705,224.0126323217727,366.86,224.01,0.0006641943294880548,-0.0026323217727224346,0.002714824492020187
369,14,371.3534610549302,349.36198906828366,371.35,349.36,-0.0034610549301987703,-0.001989068283648976,0.003991903539274402
369,15,374.3179568204324,506.0340728257642,374.32,506.03,0.0020431795675790454,-0.004072825764239951,0.00455658780791386
369,16,403.8208655660798,896.8940352651134,403.82,896.89,-0.0008655660798240206,-0.004035265113429887,0.004127053328248405
369,17,1126.8468106594187,249.93103584775025,1126.85,249.93,0.0031893405812297715,-0.0010358477502450114,0.0033533377260226427
369,18,1231.7211229101956,311.0884194592704,1231.72,311.09,-0.0011229101955905207,0.0015805407295488294,0.0019388234331996009
369,19,1395.400982467746,412.0022238840339,1395.4,412.0,-0.000982467745870963,-0.0022238840339241506,0.0024312348854069045
369,20,1591.3844002922326,533.3325219885342,1591.38,533.33,-0.004400292232503489,-0.0025219885341130066,0.005071784488484108
369,21,1420.5118253763853,348.9644605255197,1420.51,348.96,-0.00182537638534086,-0.004460525519732528,0.00481957330687533
369,22,1429.9703148974336,290.56274392511125,1429.97,290.56,-0.0003148974335545063,-0.002743925111246881,0.0027619350842824717
369,23,1668.6158470198152,407.0810832007402,1668.62,407.08,0.004152980184699118,-0.0010832007401972987,0.004291918948217393
369,24,1295.384720262627,185.92739511970743,1295.38,185.93,-0.004720262626960903,0.002604880292579992,0.00539131529463409
369,25,1415.1921175032535,235.92711775746923,1415.19,235.93,-0.0021175032534301863,0.0028822425307737376,0.0035764706114392196
369,26,1529.2715575680381,285.1131284207882,1529.27,285.11,-0.0015575680381516577,-0.0031284207881867587,0.003494715270437731
369,27,1780.4130223962757,395.7955874291574,1780.41,395.8,-0.0030223962755826506,0.004412570842589503,0.005348426000939614
369,30,61.94654193123206,444.2987075564033,61.95,444.3,0.0034580687679408584,0.0012924435966965575,0.0036917001577118826
369,31,612.2576350488034,398.6386755135504,612.26,398.64,0.0023649511965686543,0.0013244864495618458,0.0027105826896120424
370,13,364.6445018542529,224.25947424132954,364.64,224.26,-0.004501854252907833,0.0005257586704487949,0.0045324512014997395
370,14,369.26509579119767,349.52149180121273,369.27,349.52,0.004904208802315679,-0.0014918012127509428,0.005126083771757517
370,15,372.23846761532434,506.27555461932315,372.24,506.28,0.0015323846756700732,0.004445380676827426,0.004702085936702895
370,16,401.86564917455985,896.9205264488351,401.87,896.92,0.004350825440155859,-0.0005264488351031105,0.004382559798415629
370,17,1124.635107994564,249.94827688581267,1124.64,249.95,0.004892005436204272,0.0017231141873139677,0.005186601940613413
370,18,1229.5408421826467,311.0663145944528,1229.54,311.07,-0.0008421826466928906,0.003685405547173559,0.0037804081337242256
370,19,1393.0507368508095,411.75166791302547,1393.05,411.75,-0.0007368508095169091,-0.0016679130254715346,0.001823426164127117
370,20,1589.0383002191745,532.9993914914006,1589.04,533.0,0.0016997808254473057,0.0006085085993845496,0.0018054189458636103
370,21,1418.133869032289,348.72334539413976,1418.13,348.72,-0.0038690322890033713,-0.0033453941397283415,0.005114789614781765
370,22,1427.7277361730753,290.42205794383347,1427.73,290.42,0.0022638269247181597,-0.0020579438334493716,0.0030594190897474598
370,23,1666.2118852648614,406.81081240055516,1666.21,406.81,-0.0018852648613574274,-0.0008124005551621849,0.002052856122453999
370,24,1293.2885401969702,185.94554633978058,1293.29,185.95,0.0014598030297747755,0.004453660219411404,0.004686802133193511
370,25,1412.8940881274402,235.69533831810193,1412.89,235.7,-0.004088127440127209,0.004661681898056713,0.006200327740159442
370,26,1526.9536681760287,285.08484631559116,1526.95,285.08,-0.003668176028668313,-0.004846315591180428,0.006078016961691974
370,27,1778.0597667972067,395.59669057186807,1778.06,395.6,0.0002332027931970515,0.003309428131956338,0.0033176344137561212
370,30,59.45990644842405,444.7240306673025,59.46,444.72,9.35515759508121e-05,-0.0040306673024588235,0.00403175281986304
370,31,610.4432262866026,398.7290066351628,610.44,398.73,-0.0032262866025121184,0.000993364837199806,0.0033757516113206826
371,13,362.48337639068967,224.44460568099714,362.48,224.44,-0.003376390689652453,-0.0046056809971446455,0.005710719003473298
371,14,366.94882184339826,349.64111885090955,366.95,349.64,0.0011781566017248224,-0.001118850909563207,0.0016247708564650577
371,15,369.9288507114933,506.45666596449234,369.93,506.46,0.0011492885067241332,0.0033340355076347805,0.003526564452531344
371,16,399.6492368809199,896.6903948366263,399.65,896.69,0.0007631190800907461,-0.0003948366262420677,0.0008592128326676487
371,17,1122.726330995923,249.9612076643595,1122.73,249.96,0.0036690040769826737,-0.0012076643594980396,0.0038626472945529587
371,18,1227.405631636985,311.04973594583964,1227.41,311.05,0.004368363015146315,0.00026405416036823226,0.004376336370950704
371,19,1390.788052638107,411.81375093476913,1390.79,411.81,0.0019473618929168879,-0.003750934769129799,0.004226313994990394
371,20,1586.5287251643808,532.7495436185504,1586.53,532.75,0.0012748356191423227,0.0004563814495668339,0.0013540642094608047
371,21,1416.1004017742168,348.7925090456048,1416.1,348.79,-0.00040177421692533244,-0.0025090456047678344,0.002541010107848993
371,22,1425.7958021298064,290.3165434578751,1425.8,290.32,0.0041978701935931895,0.0034565421248657913,0.0054378118414698615
371,23,1664.158913948646,406.60810930041634,1664.16,406.61,0.001086051354150186,0.0018906995836687202,0.0021804248346449654
371,24,1291.2164051477275,185.95915975483544,1291.22,185.96,0.003594852272499338,0.0008402451645679321,0.0036917441403317005
371,25,1410.9205660955802,235.52150373857646,1410.92,235.52,-0.0005660955800976808,-0.0015037385764458122,0.0016067650457043828
371,26,1524.9652511320214,285.06363473669336,1524.97,285.06,0.004748867978605631,-0.003634736693356899,0.005980222229002947
371,27,1776.044825097905,395.44751792890105,1776.04,395.45,-0.0048250979050408205,0.0024820710989388317,0.005426071021781482
371,30,57.34492983631804,445.04302300047686,57.34,445.04,-0.00492983631803412,-0.0030230004768441177,0.005782890108380755
371,31,608.5824197149519,398.7967549763721,608.58,398.8,-0.002419714951884089,0.0032450236279260025,0.004047863485120201
372,13,360.36253229301724,224.58345426074786,360.36,224.58,-0.002532293017225129,-0.0034542607478442733,0.0042830392525851115
372,14,364.7116163825487,349.73083913818215,364.71,349.73,-0.0016163825487183203,-0.0008391381821297728,0.0018212208631874368
372,15,367.69663803361993,506.59249947336923,367.7,506.59,0.003361966380055037,-0.0024994733692551563,0.004189294100947806
372,16,397.4869276606899,896.2677961274698,397.49,896.27,0.0030723393101084184,0.0022038725302309103,0.003781047866127043
372,17,1121.0447482469422,249.97090574826962,1121.04,249.97,-0.00474824694219933,-0.0009057482696164243,0.004833862736158158
372,18,1225.5542237277386,311.03730195937976,1225.55,311.04,-0.004223727738690286,0.0026980406202596896,0.005011915721473482
372,19,1388.8410394785803,411.61031320107685,1388.84,411.61,-0.0010394785804237472,-0.0003132010768354121,0.0010856383530856997
372,20,1584.3965438732857,532.5621577139128,1584.4,532.56,0.0034561267143544683,-0.0021577139128794443,0.00407437617255797
372,21,1414.3253013306626,348.5943817842036,1414.33,348.59,0.004698669337358297,-0.004381784203644656,0.006424758855329972
372,22,1424.0968515973548,290.2374075934064,1424.1,290.24,0.0031484026451380487,0.0025924065936351326,0.004078358881049481
372,23,1662.3691854614844,406.45608197531226,1662.37,406.46,0.0008145385154421092,0.003918024687720845,0.00400179840156006
372,24,1289.6623038607956,185.96936981612657,1289.66,185.97,-0.0023038607955641055,0.0006301838734259491,0.00238849456345695
372,25,1409.440424571685,235.39112780393233,1409.44,235.39,-0.0004245716850164172,-0.00112780393234857,0.0012050737842715597
372,26,1523.473938349016,285.04772605252003,1523.47,285.05,-0.003938349015925269,0.002273947479977778,0.004547684038380065
372,27,1774.5336188234287,395.3356384466758,1774.53,395.34,-0.003618823428723772,0.00436155332420185,0.005667365385091761
372,30,55.258697377238526,445.2822672503577,55.26,445.28,0.001302622761471639,-0.0022672503577041425,0.0026148136153870626
372,31,606.686814786214,398.84756623227906,606.69,398.85,0.003185213786082386,0.0024337677209587127,0.004008592294388375
373,13,358.27189921976293,224.68759069556089,358.27,224.69,-0.0018992197629472685,0.0024093044391122476,0.003067863032844762
373,14,362.5337122869115,349.7981293536366,362.53,349.8,-0.0037122869115364665,0.0018706463633861858,0.004156969079800199
373,15,365.272478525215,506.69437460502695,365.27,506.69,-0.0024785252149968073,-0.004374605026953304,0.0050279475318682565
373,16,394.86519574551744,896.2008470956023,394.87,896.2,0.004804254482564829,-0.0008470956022392784,0.004878363669569683
373,17,1119.0335611852065,249.9781793112022,1119.03,249.98,-0.0035611852065358107,0.0018206887977783026,0.003999618453503397
373,18,1223.665667795804,311.0279764695348,1223.67,311.03,0.004332204196089151,0.0020235304651805563,0.0047814923130886965
373,19,1386.8807796089352,411.4577349008076,1386.88,411.46,-0.0007796089350904367,0.0022650991923569563,0.002395509224129388
373,20,1582.5474079049643,532.4216182854346,1582.55,532.42,0.0025920950356521644,-0.001618285434688005,0.0030557821293370935
373,21,1412.493975997997,348.69578633815274,1412.49,348.7,-0.0039759979970313,0.004213661847245476,0.005793401956996343
373,22,1422.3226386980161,290.1780556950548,1422.32,290.18,-0.0026386980161987594,0.0019443049451979277,0.0032776590641206698
373,23,1660.5268890961133,406.34206148148417,1660.53,406.34,0.0031109038866361516,-0.002061481484190608,0.0037319470657484716
373,24,1287.9967278955967,185.97702736209493,1288.0,185.98,0.0032721044033223734,0.0029726379050600826,0.0044207740657990725
373,25,1407.8303184287638,235.54334585294924,1407.83,235.54,-0.0003184287638759997,-0.0033458529492520483,0.003360971412505948
373,26,1521.855453761762,285.03579453939005,1521.86,285.04,0.00454623823793554,0.004205460609966849,0.006193075250475323
373,27,1772.9002141175715,395.2517288350068,1772.9,395.25,-0.00021411757143141585,-0.0017288350068156433,0.0017420438614417643
373,30,52.9440230329289,445.4617004377683,52.94,445.46,-0.004023032928898829,-0.0017004377683065286,0.004367640387084035
373,31,604.7651110896604,398.8856746742093,604.77,398.89,0.004888910339559516,0.004325325790659917,0.006527624951205437
374,13,356.2039244148222,224.76569302167067,356.2,224.77,-0.0039244148222223885,0.004306978329339017,0.005826756733061257
374,14,360.40028421518366,349.8485970152275,360.4,349.85,-0.0002842151836830453,0.0014029847725396394,0.0014314833364779665
374,15,362.95435889391126,506.7707809537702,362.95,506.77,-0.0043588939112737535,-0.0007809537702314628,0.004428300455138307
374,16,392.1488968091381,895.9006353217017,392.15,895.9,0.001103190861897474,-0.0006353217016794588,0.0012730529220731457
374,17,1117.275170888905,249.98363448340166,1117.28,249.98,0.004829111094977634,-0.003634483401668831,0.006043987389517148
374,18,1221.749250846853,311.0209823521511,1221.75,311.02,0.0007491531468986068,-0.0009823521511407307,0.0012354133665939133
374,19,1384.9105847067015,411.5933011756057,1384.91,411.59,-0.000584706701374671,-0.0033011756057135244,0.0033525575768941695
374,20,1580.4105559287232,532.316213714076,1580.41,532.32,-0.0005559287230880727,0.0037862859240931357,0.003826880955052057
374,21,1410.6204819984978,348.7718397536146,1410.62,348.77,-0.0004819984978894354,-0.0018397536146039783,0.0019018453970857032
374,22,1420.4919790235122,290.3835417712911,1420.49,290.38,-0.0019790235121490696,-0.0035417712911112176,0.0040571761041614226
374,23,1658.895166822085,406.25654611111315,1658.9,406.26,0.004833177915088527,0.0034538888868382855,0.005940450925773606
374,24,1286.2475459216976,185.98277052157118,1286.25,185.98,0.0024540783024349366,-0.002770521571193285,0.003701120113010283
374,25,1406.122738821573,235.65750938971195,1406.12,235.66,-0.0027388215730752563,0.002490610288049311,0.003701929661146939
374,26,1520.1415903213215,285.02684590454254,1520.14,285.03,-0.001590321321373267,0.003154095457432504,0.0035323420077635137
374,27,1771.1751605881786,395.1887966262551,1771.18,395.19,0.004839411821421891,0.0012033737448859938,0.004986784048582701
374,30,50.70801727469667,445.5962753283262,50.71,445.6,0.0019827253033284364,0.0037246716738081886,0.004219523516480022
374,31,602.8238333172453,398.91425600565697,602.82,398.91,-0.0038333172452666986,-0.004256005656941397,0.005727818542410037
375,13,354.40294331111664,224.824269766253,347.2,224.8,-7.202943311116655,-0.024269766252984937,7.202984198560632
375,14,358.5502131613878,349.88644776142064,364.5,357.1,5.949786838612226,7.213552238579382,9.3506844307589
375,15,361.2157691704334,506.8280857153277,379.2,512.8,17.98423082956657,5.971914284672266,18.94983690575213
375,16,390.1116726068536,895.9254764912762,417.7,894.7,27.588327393146415,-1.2254764912761402,27.615531879399015
375,17,1115.7063781666789,249.98772586255126,1106.9,250.0,-8.806378166678769,0.01227413744874184,8.806386720386893
375,18,1220.3119381351398,311.01573676411334,1203.3,313.5,-17.01193813513987,2.484263235886658,17.192370486323412
375,19,1383.1829385300261,411.6949758817043,1342.8,414.2,-40.382938530026195,2.505024118295694,40.460559439448154
375,20,1578.8079169465423,532.2371602855569,1518.2,536.7,-60.60791694654222,4.462839714443135,60.77200453264455
375,21,1408.9653614988733,348.82887981521094,1408.97,348.83,0.004638501126692063,0.0011201847890447425,0.004771845205361417
375,22,1418.868984267634,290.5376563284683,1421.4,288.0,2.531015732366086,-2.5376563284683016,3.5840954617448255
375,23,1657.1713751165637,406.1924095833349,1652.1,404.3,-5.071375116563786,-1.8924095833348815,5.412952946774991
375,24,1284.6856594412732,185.9870778911784,1303.0,175.3,18.314340558726826,-10.687077891178376,21.20445009787191
375,25,1404.5920541161797,235.74313204228395,1417.8,225.6,13.20794588382023,-10.143132042283952,16.65331684971889
375,26,1518.606192740991,285.0201344284069,1529.3,274.3,10.693807259008963,-10.72013442840688,15.141954822807632
375,27,1769.631370441134,395.1415974696913,1778.5,390.7,8.868629558865905,-4.441597469691317,9.918688337434459
375,30,48.78101295602251,445.6972064962447,81.1,451.7,32.31898704397749,6.002793503755299,32.87172726519724
375,31,601.117874987934,398.9356920042427,631.1,409.7,29.982125012066035,10.764307995757292,31.855896579231295
376,13,353.0522074833375,225.11820232468975,353.05,225.12,-0.0022074833374858827,0.0017976753102573184,0.002846861290331258
376,14,357.16265987104083,350.1648358210655,357.16,350.16,-0.0026598710408052284,-0.004835821065455548,0.005519065077603083
376,15,359.6618268778251,507.12106428649577,359.66,507.12,-0.0018268778250671858,-0.0010642864957617348,0.0021142819898923144
376,16,388.5837544551402,896.1941073684571,388.58,896.19,-0.0037544551402106663,-0.0041073684570847036,0.005564746988148578
376,17,1114.2797836250093,249.99079439691343,1114.28,249.99,0.00021637499071403,-0.0007943969134203144,0.0008233374719142928
376,18,1218.7339536013549,311.261802573085,1218.73,311.26,-0.003953601354851344,-0.0018025730850013133,0.004345139054144704
376,19,1381.3872038975196,411.7712319112782,1381.39,411.77,0.0027961024804881163,-0.001231911278239295,0.0030554532362392604
376,20,1576.8559377099068,532.1778702141677,1576.86,532.18,0.00406229009308845,0.0021297858322668617,0.004586740508436161
376,21,1407.2240211241551,348.8716598614082,1407.22,348.87,-0.0040211241550878185,-0.0016598614081999585,0.004350239000912739
376,22,1417.1517382007255,290.6532422463512,1417.15,290.65,-0.001738200725412753,-0.003242246351248923,0.003678790992162014
376,23,1655.3785313374228,406.14430718750117,1655.38,406.14,0.0014686625772810658,-0.004307187501183307,0.004550695983721123
376,24,1283.264244580955,186.2403084183838,1283.26,186.24,-0.0042445809549462865,-0.00030841838378137254,0.004255771302895286
376,25,1402.9440405871349,235.80734903171296,1402.94,235.81,-0.0040405871347957145,0.0026509682870425877,0.004832595291640109
376,26,1516.9546445557432,285.01510082130517,1516.95,285.02,-0.004644555743197998,0.0048991786948136,0.006750840683602968
376,27,1767.7235278308506,395.1061981022685,1767.72,395.11,-0.003527830850543978,0.003801897731534609,0.005186522618392583
376,30,47.585759717016884,445.7729048721835,47.59,445.77,0.004240282983118959,-0.00290487218353519,0.00513987180575593
376,31,599.8384062409505,398.951769003182,599.84,398.95,0.0015937590495695986,-0.0017690031820052354,0.0023810586229720673
377,13,352.0391556125031,225.33865174351732,352.04,225.34,0.0008443874968975251,0.0013482564826858834,0.0015908443632302242
377,14,356.1219949032806,350.6236268657991,356.12,350.62,-0.0019949032806039213,-0.0036268657991058717,0.004139298808214764
377,15,358.4963701583688,507.3407982148718,358.5,507.34,0.003629841631209274,-0.0007982148718497228,0.0037165706302049574
377,16,387.43781584135513,896.6455805263429,387.44,896.65,0.0021841586448658745,0.004419473657094386,0.004929735935290405
377,17,1112.709837718757,250.24309579768507,1112.71,250.24,0.0001622812430923659,-0.003095797685062962,0.003100048146190765
377,18,1217.300465201016,311.4463519298138,1217.3,311.45,-0.0004652010161407816,0.003648070186216046,0.0036776117343973102
377,19,1379.7904029231397,411.8284239334587,1379.79,411.83,-0.0004029231397453259,0.0015760665413040442,0.0016267552978737534
377,20,1575.1419532824302,532.1334026606257,1575.14,532.13,-0.0019532824301222718,-0.003402660625738463,0.003923443842566787
377,21,1405.6680158431163,348.90374489605614,1405.67,348.9,0.001984156883736432,-0.003744896056161906,0.0042380567493529
377,22,1415.613803650544,290.7399316847634,1415.61,290.74,-0.0038036505441141344,6.831523660366656e-05,0.0038042639804950398
377,23,1653.5338985030671,406.10823039062586,1653.53,406.11,-0.00389850306714834,0.0017696093741506047,0.004281336648950502
377,24,1281.6981834357161,186.43023131378783,1281.7,186.43,0.0018165642838994245,-0.00023131378782181855,0.0018312323353347347
377,25,1401.2080304403512,235.8555117737847,1401.21,235.86,0.0019695596488418232,0.004488226215300983,0.004901361012010941
377,26,1515.2159834168074,285.0113256159789,1515.22,285.01,0.004016583192651524,-0.0013256159788852528,0.004229680634157455
377,27,1765.7926458731379,395.07964857670135,1765.79,395.08,-0.0026458731379079836,0.0003514232986390198,0.002669109026759561
377,30,46.68931978776266,446.07967865413764,46.69,446.08,0.0006802122373343877,0.0003213458623463339,0.0007522977143834496
377,31,598.8788046807128,399.21382675238647,598.88,399.21,0.0011953192871487772,-0.003826752386487442,0.004009092419203777
378,13,350.7793667093773,225.503988807638,348.4,224.3,-2.3793667093773365,-1.2039888076379839,2.6666411432006876
378,14,355.09149617746044,350.96772014934936,362.3,358.2,7.208503822539569,7.232279850650627,10.211189901166986
378,15,357.3722776187766,507.75559866115384,377.7,516.2,20.327722381223396,8.444401338846205,22.011910666264257
378,16,386.32836188101635,896.7341853947571,416.3,896.7,29.971638118983662,-0.03418539475705984,29.971657614762137
378,17,1111.5323782890678,250.4323218482638,1106.0,250.4,-5.532378289067765,-0.03232184826379125,5.53247270533019
378,18,1216.2253489007621,311.58476394736033,1199.7,315.5,-16.525348900762083,3.9152360526396706,16.982821604191926
378,19,1378.5928021923548,411.871317950094,1344.8,415.8,-33.792802192354884,3.9286820499060013,34.020405974368956
378,20,1573.8564649618227,532.1000519954694,1516.5,534.5,-57.35646496182267,2.3999480045306427,57.40665312784957
378,21,1404.5010118823373,348.9278086720421,1404.5,348.93,-0.0010118823372522456,0.0021913279579166556,0.0024136743946916797
378,22,1414.4603527379081,290.80494876357255,1418.4,288.4,3.9396472620919667,-2.404948763572577,4.6156905339415895
378,23,1652.4004238773005,406.08117279296937,1649.3,405.3,-3.1004238773005,-0.7811727929693575,3.1973206206776656
378,24,1280.5236375767872,186.57267348534089,1300.7,174.0,20.176362423212822,-12.572673485340886,23.77304606485732
378,25,1400.1560228302633,235.89163383033855,1414.3,226.5,14.143977169736672,-9.391633830338549,16.978070449294044
378,26,1514.1619875626056,285.00849421198416,1525.2,278.7,11.0380124373944,-6.3084942119841685,12.713568255635836
378,27,1764.5944844048533,395.059736432526,1777.2,388.0,12.605515595146699,-7.059736432525995,14.447799206668865
378,30,45.766989840822,446.5597589906032,84.1,451.4,38.333010159177995,4.840241009396777,38.637386051500556
378,31,597.9091035105346,399.41037006428985,631.5,409.0,33.59089648946542,9.58962993571015,34.93292614811775
379,13,350.08452503203296,225.87799160572848,350.08,225.88,-0.004525032032972831,0.0020083942715132252,0.004950713327317324
379,14,354.31862213309535,351.225790112012,354.32,351.23,0.0013778669046473624,0.004209887987997263,0.0044296358855334984
379,15,356.5292082140825,508.0666989958654,356.53,508.07,0.0007917859174995101,0.003301004134584673,0.0033946359503922727
379,16,385.74627141076223,897.0506390460678,385.75,897.05,0.003728589237766755,-0.0006390460678176169,0.0037829561959905416
379,17,1110.3992837168007,250.57424138619785,1110.4,250.57,0.0007162831993809959,-0.00424138619786163,0.004301443769378673
379,18,1214.9190116755717,311.6885729605202,1214.92,311.69,0.00098832442836283,0.0014270394797790686,0.0017358648716264838
379,19,1377.1946016442662,411.9034884625705,1377.19,411.9,-0.0046016442661311885,-0.0034884625705444705,0.005774469764238772
379,20,1572.392348721367,532.075038996602,1572.39,532.08,-0.002348721366843165,0.004961003398079811,0.0054889021465886105
379,21,1402.8757589117529,348.94585650403155,1402.88,348.95,0.0042410882472267986,0.004143495968435218,0.005929197952607434
379,22,1412.8452645534312,290.8537115726794,1412.85,290.85,0.004735446568702173,-0.0037115726793786052,0.006016662360423997
379,23,1650.8003179079753,406.310879594727,1650.8,406.31,-0.0003179079753863334,-0.000879594726995947,0.000935281970623465
379,24,1279.1427281825904,186.67950511400568,1279.14,186.68,-0.002728182590317374,0.0004948859943283423,0.0027727048875589282
379,25,1398.6170171226975,235.9187253727539,1398.62,235.92,0.0029828773024291877,0.0012746272460901764,0.003243798948428009
379,26,1512.6214906719542,285.2563706589881,1512.62,285.26,-0.00149067195434327,0.003629341011901488,0.003923546744482051
379,27,1762.94586330364,395.0448023243945,1762.95,395.04,0.0041366963600921736,-0.004802324394461266,0.0063383417677841895
379,30,45.3252423806165,446.91981924295237,45.33,446.92,0.004757619383497058,0.0001807570476444198,0.004761051911972821
379,31,597.1818276329009,399.55777754821736,597.18,399.56,-0.001827632900926801,0.00222245178264302,0.00287741793049311
380,13,349.3133937740247,226.15849370429635,349.31,226.16,-0.0033937740246869907,0.0015062957036491298,0.003713034995454791
380,14,353.48896659982154,351.41934258400903,353.49,351.42,0.001033400178471311,0.00065741599098601,0.001224790477620011
380,15,355.64690616056185,508.30002424689906,355.65,508.3,0.003093839438122359,-2.424689904501065e-05,0.0030939344500158002
380,16,384.80970355807165,897.2879792845508,384.81,897.29,0.0002964419283557618,0.0020207154491345136,0.0020423439336356114
380,17,1109.2994627876005,250.9306810396484,1109.3,250.93,0.0005372123994220601,-0.0006810396483842851,0.0008674169497791692
380,18,1213.6892587566788,312.0164297203902,1213.69,312.02,0.0007412433212721226,0.003570279609789395,0.0036464144242541116
380,19,1375.8959512331996,411.9276163469279,1375.9,411.93,0.004048766800451631,0.0023836530721155214,0.004698331041193787
380,20,1571.0442615410252,532.3062792474515,1571.04,532.31,-0.004261541025243787,0.003720752548474593,0.005657272437917061
380,21,1401.4068191838146,349.20939237802367,1401.41,349.21,0.0031808161854769423,0.0006076219763144763,0.003238332297941704
380,22,1411.3839484150735,291.14028367950954,1411.38,291.14,-0.003948415073409706,-0.0002836795095504385,0.003958592635782033
380,23,1649.3502384309816,406.4831596960453,1649.35,406.48,-0.0002384309816534369,-0.0031596960452588974,0.0031686792881951524
380,24,1277.8570461369427,187.00962883550426,1277.86,187.01,0.0029538630572005786,0.0003711644957320459,0.0029770908692188713
380,25,1397.212762842023,236.18904402956542,1397.21,236.19,-0.0027628420230030315,0.0009559704345747377,0.002923555286949863
380,26,1511.2161180039657,285.44227799424107,1511.22,285.44,0.003881996034351687,-0.0022779942410693366,0.004501016659941095
380,27,1761.20939747773,395.2836017432959,1761.21,395.28,0.0006025222701282473,-0.0036017432959170037,0.0036517924168391032
380,30,44.24393178546238,447.1898644322143,44.24,447.19,-0.003931785462377491,0.000135567785719104,0.003934121953713148
380,31,596.3863707246757,399.668333161163,596.39,399.67,0.0036292753243287734,0.0016668388370248977,0.003993743993847908
381,13,348.4850453305185,226.36887027822226,348.49,226.37,0.004954669481492147,0.0011297217777439528,0.00508183244174172
381,14,352.6167249498661,351.5645069380068,352.62,351.56,0.003275050133879631,-0.004506938006784367,0.005571215628246894
381,15,354.7351796204214,508.4750181851743,354.74,508.48,0.004820379578632128,0.004981814825725905,0.006932138071325187
381,16,384.1072776685537,897.4659844634132,384.11,897.47,0.00272233144630718,0.0040155365868486115,0.004851352655071855
381,17,1108.2245970907004,251.1980107797363,1108.22,251.2,-0.004597090700372064,0.0019892202636810907,0.005009015887865278
381,18,1212.516944067509,312.2623222902927,1212.52,312.26,0.003055932490951818,-0.002322290292681828,0.0038381969194843605
381,19,1374.6719634248998,412.19571226019593,1374.67,412.2,-0.001963424899713573,0.004287739804055946,0.004715903939235931
381,20,1569.783196155769,532.4797094355886,1569.78,532.48,-0.003196155769046527,0.00029056441144348355,0.003209336282972991
381,21,1400.055114387861,349.40704428351773,1400.06,349.41,0.004885612138878059,0.002955716482290427,0.005710119604284655
381,22,1410.037961311305,291.35521275963214,1410.04,291.36,0.0020386886949381733,0.004787240367875256,0.005203260702163898
381,23,1648.0126788232362,406.61236977203396,1648.01,406.61,-0.002678823236237804,-0.002369772033944173,0.003576578452078394
381,24,1276.642784602707,187.2572216266282,1276.64,187.26,-0.0027846027069244883,0.0027783733717967607,0.003933620575058109
381,25,1395.9095721315173,236.39178302217408,1395.91,236.39,0.00042786848280229606,-0.0017830221740950947,0.0018336410531754402
381,26,1509.9120885029743,285.8317084956808,1509.91,285.83,-0.002088502974174844,-0.0017084956808162133,0.0026982961595245296
381,27,1759.6570481082974,395.4627013074719,1759.66,395.46,0.002951891702650755,-0.002701307471909331,0.00400134061059185
381,31,595.7897780435068,399.75124987087224,595.79,399.75,0.00022195649319201038,-0.0012498708722432639,0.0012694258080534807
382,13,347.8637839978889,226.7766527086667,347.86,226.78,-0.0037839978888882797,0.0033472913333127963,0.005052029225289766
382,14,351.96254371239957,351.9233802035051,351.96,351.92,-0.002543712399585729,-0.0033802035050598533,0.004230395786144023
382,15,354.05138471531603,508.8562636388807,354.05,508.86,-0.0013847153160213566,0.00373636111930864,0.0039846996022668306
382,16,383.5804582514153,897.5994883475598,383.58,897.6,-0.00045825141529576285,0.0005116524401955758,0.0006868643091460328
382,17,1107.1684478180252,251.64850808480224,1107.17,251.65,0.0015521819748300913,0.001491915197760818,0.002152923556538212
382,18,1211.3877080506318,312.44674171771953,1211.39,312.45,0.0022919493683275505,0.00325828228045566,0.003983645984033771
382,19,1373.2539725686747,412.39678419514695,1373.25,412.4,-0.0039725686747260625,0.0032158048530277483,0.005111037343648705
382,20,1568.3373971168267,532.6097820766914,1568.34,532.61,0.0026028831732674007,0.00021792330858261266,0.0026119899276417905
382,21,1398.7913357908958,349.5552832126383,1398.79,349.56,-0.001335790895836908,0.004716787361701336,0.004902287255241803
382,22,1408.5284709834787,291.5164095697241,1408.53,291.52,0.0015290165213173168,0.0035904302758922313,0.0039024455266543916
382,23,1646.2595091174271,406.70927732902544,1646.26,406.71,0.0004908825728762167,0.0007226709745395965,0.0008736240826554546
382,24,1275.4820884520302,187.69291621997115,1275.48,187.69,-0.0020884520301933662,-0.0029162199711549874,0.0035869166149468806
382,25,1394.432179098638,236.79383726663056,1394.43,236.79,-0.0021790986379528476,-0.0038372666305690473,0.00441283197822064
382,26,1508.4340663772307,286.12378137176063,1508.43,286.12,-0.004066377230628859,-0.003781371760624097,0.005552854776943317
382,27,1757.9927860812231,395.5970259806039,1757.99,395.6,-0.002786081223121073,0.002974019396106087,0.004075173609828547
382,31,595.09233353263,400.0634374031542,595.09,400.06,-0.0023335326300184533,-0.003437403154180174,0.004154649802297259
383,13,346.89783799841666,227.33248953150002,346.9,227.33,0.002162001583315032,-0.00248953150000375,0.0032972743191562975
383,14,350.9719077842997,352.4425351526288,350.97,352.44,-0.0019077842996466643,-0.002535152628809101,0.0031727968395937373
383,15,353.038538536487,509.14219772916056,353.04,509.14,0.0014614635130101306,-0.002197729160570816,0.002639297077458924
383,16,382.6853436885615,897.4496162606699,382.69,897.45,0.0046563114385094195,0.0003837393301182601,0.004672097182836983
383,17,1106.126335863519,251.9863810636017,1106.13,251.99,0.0036641364811202948,0.0036189363983112344,0.005150009398758269
383,18,1210.2907810379738,312.83505628828965,1210.29,312.84,-0.0007810379738657502,0.00494371171032526,0.0050050280510130435
383,19,1371.940479426506,412.5475881463602,1371.94,412.55,-0.00047942650598997716,0.002411853639785022,0.002459042039980207
383,20,1566.75304783762,532.7073365575186,1566.75,532.71,-0.0030478376199880586,0.0026634424814346858,0.0040476215250101425
383,21,1397.343501843172,349.66646240947875,1397.34,349.67,-0.003501843171989094,0.003537590521261791,0.004977695480574109
383,22,1407.146353237609,291.63730717729305,1407.15,291.64,0.0036467623910994007,0.0026928227069333843,0.004533229540638005
383,23,1644.6946318380703,406.78195799676905,1644.69,406.78,-0.0046318380702814466,-0.001957996769078818,0.005028685241395771
383,24,1274.3615663390226,188.01968716497836,1274.36,188.02,-0.001566339022701868,0.00031283502164569654,0.0015972738289994945
383,25,1393.3241343239786,237.0953779499729,1393.32,237.1,-0.004134323978632892,0.004622050027080604,0.00620128867358509
383,26,1507.075549782923,286.34283602882044,1507.08,286.34,0.004450217076964691,-0.002836028820468073,0.00527707224724408
383,27,1756.4945895609173,395.6977694854529,1756.49,395.7,-0.004589560917338531,0.002230514547079565,0.0051028682678171166
383,31,594.0692501494725,400.2975780523656,594.07,400.3,0.0007498505275407297,0.0024219476343887436,0.002535371009807902
384,13,345.9233784988125,227.74936714862503,345.92,227.75,-0.003378498812480757,0.0006328513749735976,0.003437259822698869
384,14,350.22893083822476,352.8319013644716,350.23,352.83,0.001069161775262728,-0.0019013644716210365,0.00218135135996604
384,15,352.02890390236524,509.3566482968704,352.03,509.36,0.0010960976347291762,0.003351703129624184,0.00352637829706222
384,16,381.7640077664211,897.3372121955024,381.76,897.34,-0.004007766421125325,0.0027878044976432648,0.004882012454242585
384,17,1105.0947518976393,252.23978579770127,1105.09,252.24,-0.004751897639380331,0.00021420229873569951,0.004756723010637893
384,18,1209.2180857784804,313.1262922162172,1209.22,313.13,0.001914221519655257,0.003707783782772367,0.004172757434371311
384,19,1370.7053595698794,412.66069110977014,1370.71,412.66,0.0046404301206166565,-0.0006911097701163271,0.004691612134296329
384,20,1565.314785878215,532.7805024181389,1565.31,532.78,-0.00478587821498877,-0.0005024181389217119,0.004812177706093329
384,21,1396.007626382379,349.99984680710907,1396.01,350.0,0.0023736176210604754,0.00015319289093440602,0.0023785560058240444
384,22,1406.1097649282067,291.9779803829698,1406.11,291.98,0.00023507179321313743,0.002019617030214249,0.002033251508470082
384,23,1643.2709738785527,407.0864684975768,1643.27,407.09,-0.0009738785527133587,0.003531502423186339,0.0036633248286776386
384,24,1273.271174754267,188.26476537373378,1273.27,188.26,-0.0011747542669127142,-0.004765373733789602,0.00490803773521776
384,25,1392.2431007429839,237.3215334624797,1392.24,237.32,-0.0031007429838609823,-0.0015334624796992102,0.003459207167633699
384,26,1505.8066623371922,286.50712702161536,1505.81,286.51,0.0033376628077803616,0.002872978384630187,0.004403861693672108
384,27,1755.120942170688,395.7733271140897,1755.12,395.77,-0.0009421706881767022,-0.0033271140896999896,0.0034579435755286046
384,31,593.0519376121044,400.7231835392742,593.05,400.72,-0.0019376121044842876,-0.003183539274175473,0.0037268301514372408
385,13,344.94253387410936,228.06202536146878,344.94,228.06,-0.0025338741093605677,-0.002025361468781739,0.003243856821950305
385,14,349.4216981286686,353.1239260233537,349.42,353.12,-0.001698128668579102,-0.003926023353699293,0.00427753437728354
385,15,351.0216779267739,509.7674862226528,351.02,509.77,-0.0016779267739366333,0.0025137773471897162,0.003022335985614036
385,16,380.8230058248158,897.5029091466267,380.82,897.5,-0.003005824815829783,-0.0029091466267345822,0.004183075055422667
385,17,1103.8210639232295,252.67983934827595,1103.82,252.68,-0.0010639232295943657,0.00016065172405888006,0.0010759840216813612
385,18,1207.6635643338602,313.3447191621629,1207.66,313.34,-0.003564333860140323,-0.004719162162928114,0.005913963762702235
385,19,1369.0290196774095,412.7455183323276,1369.03,412.75,0.0009803225905216095,0.004481667672393996,0.004587633105128223
385,20,1563.7360894086612,532.8353768136042,1563.74,532.84,0.0039105913388084446,0.004623186395861012,0.006055293309992337
385,21,1394.505719786784,350.2498851053318,1394.51,350.25,0.00428021321590677,0.00011489466817238281,0.004281755009151903
385,22,1404.332323696155,292.2334852872274,1404.33,292.23,-0.0023236961551447166,-0.0034852872273631874,0.0041888889790319475
385,23,1641.4532304089146,407.3148513731826,1641.45,407.31,-0.0032304089145327453,-0.004851373182589214,0.00582849581897752
385,24,1271.7033810657001,188.69857403030034,1271.7,188.7,-0.003381065700068575,0.0014259696996532512,0.0036694679249871347
385,25,1390.6823255572378,237.74115009685977,1390.68,237.74,-0.00232555723778205,-0.0011500968597601968,0.002594405375617069
385,26,1504.104996752894,286.8803452662115,1504.1,286.88,-0.004996752894157908,-0.00034526621152508596,0.0050086673119799354
385,27,1753.090706628016,395.8299953355673,1753.09,395.83,-0.0007066280161325267,4.664432708523236e-06,0.0007066434108628501
385,31,592.0389532090783,401.04238765445564,592.04,401.04,0.001046790921691354,-0.002387654455617394,0.0026070414329590215
386,13,344.206900405582,228.54651902110157,344.21,228.55,0.003099594417960816,0.00348097889843757,0.004660976254736929
386,14,348.56627359650145,353.59294451751526,348.57,353.59,0.003726403498546915,-0.0029445175152886804,0.0047493437896013084
386,15,350.01625844508044,510.0756146669896,350.02,510.08,0.0037415549195429776,0.004385333010361592,0.005764579674852567
386,16,379.61725436861184,897.12718185997,379.62,897.13,0.002745631388165748,0.002818140029944516,0.003934514575911068
386,17,1102.3657979424222,253.00987951120698,1102.37,253.01,0.004202057577685991,0.00012048879301573834,0.00420378465616766
386,18,1205.997673250395,313.5085393716222,1206.0,313.51,0.0023267496048902103,0.0014606283777993667,0.002747216588092311
386,19,1367.021764758057,412.8091387492457,1367.02,412.81,-0.0017647580571065191,0.0008612507543261927,0.0019637015715097375
386,20,1561.5520670564958,532.8765326102032,1561.55,532.88,-0.002067056495889119,0.003467389796810494,0.004036770313037753
386,21,1392.629289840088,350.43741382899884,1392.63,350.44,0.0007101599121597246,0.002586171001155435,0.0026819037171486996
386,22,1402.4992427721163,292.42511396542056,1402.5,292.43,0.0007572278836960322,0.0048860345794423665,0.004944363253175612
386,23,1639.339922806686,407.48613852988694,1639.34,407.49,7.719331392763706e-05,0.0038614701130654794,0.003862241608420304
386,24,1270.277535799275,189.02393052272527,1270.28,189.02,0.002464200724944021,-0.003930522725255514,0.00463910488203971
386,25,1389.0117441679283,238.05586257264483,1389.01,238.06,-0.0017441679283365374,0.004137427355175305,0.004490036400920452
386,26,1502.0787475646705,287.16025894965867,1502.08,287.16,0.0012524353294338653,-0.0002589496586438145,0.0012789250095786942
386,27,1750.818029971012,395.87249650167547,1750.82,395.87,0.0019700289878983313,-0.002496501675466334,0.0031801784271902004
386,31,591.0292149068086,401.28179074084176,591.03,401.28,0.0007850931913253589,-0.0017907408417840998,0.001955281074807165
387,13,343.1551753041865,228.90988926582617,343.16,228.91,0.004824695813510971,0.00011073417383045125,0.004825966405826319
387,14,347.42470519737606,353.94470838813646,347.42,353.94,-0.00470519737604036,-0.004708388136464237,0.006656410533545407
387,15,348.76219383381033,510.3067110002422,348.76,510.31,-0.0021938338103382193,0.0032889997577854047,0.003953533380925923
387,16,378.2129407764589,896.5953863949776,378.21,896.6,-0.0029407764588995633,0.0046136050224276914,0.005471153213371736
387,17,1101.2743484568166,253.25740963340525,1101.27,253.26,-0.004348456816614998,0.002590366594745319,0.005061528996374308
387,18,1204.7482549377964,313.63140452871664,1204.75,313.63,0.001745062203553971,-0.0014045287166482012,0.0022400765634598484
387,19,1365.5163235685427,412.85685406193426,1365.52,412.86,0.00367643145727925,0.0031459380657565816,0.004838705877985217
387,20,1559.664050292372,532.9073994576524,1559.66,532.91,-0.004050292371857722,0.0026005423475226053,0.00481328253884885
387,21,1391.221967380066,350.57806037174913,1391.22,350.58,-0.001967380065934776,0.0019396282508523655,0.002762741767762983
387,22,1401.1244320790872,292.5688354740654,1401.12,292.57,-0.004432079087337115,0.0011645259345982595,0.0045825152142423865
387,23,1637.7549421050144,407.61460389741524,1637.75,407.61,-0.0049421050143791945,-0.004603897415222491,0.006754278154106797
387,24,1269.2081518494563,189.26794789204394,1269.21,189.27,0.0018481505437648593,0.002052107956075133,0.0027616675208658277
387,25,1387.7588081259462,238.2918969294836,1387.76,238.29,0.0011918740538021666,-0.0018969294836210793,0.0022402913261354526
387,26,1500.809060673503,287.370194212244,1500.81,287.37,0.0009393264970185555,-0.00019421224396865,0.0009591937571254771
387,27,1749.363522478259,395.9043723762566,1749.36,395.9,-0.0035224782591285475,-0.004372376256640109,0.005614759764732901
387,31,590.0219111801065,401.46134305563135,590.02,401.46,-0.001911180106503707,-0.0013430556313664965,0.0023358955088874974
388,13,342.3663814781399,229.1824169493696,342.37,229.18,0.0036185218601190172,-0.0024169493696035715,0.004351476152685005
388,14,346.568528898032,354.20853129110236,346.57,354.21,0.0014711019679793935,0.0014687088976188534,0.0020787608871964164
388,15,347.8216453753578,510.4800332501817,347.82,510.48,-0.0016453753577820862,-3.325018167288363e-05,0.0016457112877348225
388,16,376.90970558234415,896.6965397962332,376.91,896.7,0.0002944176558798972,0.0034602037668491903,0.0034727067057572164
388,17,1099.7057613426125,253.44305722505393,1099.71,253.44,0.00423865738753193,-0.003057225053936463,0.005226168910329613
388,18,1203.0611912033473,313.72355339653745,1203.06,313.72,-0.0011912033473890915,-0.0035533965374270338,0.0037477449709164322
388,19,1363.387242676407,412.8926405464507,1363.39,412.89,0.002757323593186811,-0.002640546450720649,0.003817763606610294
388,20,1557.498037719279,532.6805495932393,1557.5,532.68,0.0019622807210453175,-0.000549593239384194,0.002037792520587644
388,21,1389.1664755350494,350.68354527881183,1389.17,350.68,0.0035244649507149006,-0.0035452788118277567,0.004999085420595713
388,22,1399.3433240593154,292.676626605549,1399.34,292.68,-0.003324059315445993,0.0033733944509890534,0.004735943459815269
388,23,1635.5662065787608,407.7109529230614,1635.57,407.71,0.0037934212391519395,-0.0009529230614475637,0.003911279465684808
388,24,1267.6561138870923,189.70096091903295,1267.66,189.7,0.0038861129078213708,-0.0009609190329626927,0.0040031536218643705
388,25,1385.8191060944596,238.4689226971127,1385.82,238.47,0.000893905540351625,0.0010773028872961277,0.0013998745036780632
388,26,1498.8567955051271,287.527645659183,1498.86,287.53,0.003204494872761643,0.0023543408169643953,0.003976393852723877
388,27,1747.0226418586942,395.9282792821925,1747.02,395.93,-0.002641858694232724,0.0017207178075295815,0.0031528220903568986
388,31,589.0164333850798,401.5960072917235,589.02,401.6,0.003566614920146094,0.003992708276541634,0.0053537334048468265
389,13,341.0247861086049,229.63681271202722,341.02,229.64,-0.0047861086049465484,0.003187287972764352,0.005750273054357652
389,14,345.176396673524,354.65639846832676,345.18,354.66,0.003603326476024904,0.0036015316732687097,0.005094604212927611
389,15,346.61623403151833,510.61002493763624,346.62,510.61,0.0037659684816730987,-2.493763622624101e-05,0.003766051047271629
389,16,375.68227918675814,897.0224048471749,375.68,897.02,-0.002279186758130436,-0.002404847174943825,0.003313303821455621
389,17,1097.7793210069594,253.58229291879044,1097.78,253.58,0.0006789930405375344,-0.002292918790431031,0.00239134023689857
389,18,1201.0458934025105,313.7926650474031,1201.05,313.79,0.004106597489453634,-0.0026650474030702753,0.004895571529555922
389,19,1361.2904320073053,412.919480409838,1361.29,412.92,-0.00043200730533499154,0.000519590162014083,0.0006757249797991944
389,20,1555.3735282894593,532.5104121949295,1555.37,532.51,-0.0035282894593819947,-0.0004121949294813021,0.0035522853445459843
389,21,1386.874856651287,350.7626589591089,1386.87,350.76,-0.004856651287127534,-0.0026589591088850284,0.005536887687815258
389,22,1397.0074930444866,293.00746995416176,1397.01,293.01,0.0025069555133541144,0.0025300458382275792,0.0035617352357340216
389,23,1633.1746549340705,407.78321469229604,1633.17,407.78,-0.004654934070458694,-0.003214692296069188,0.005657089159516909
389,24,1265.4920854153193,190.02572068927472,1265.49,190.03,-0.0020854153192431113,0.0042793107252805385,0.004760405165239078
389,25,1383.6143295708448,238.60169202283453,1383.61,238.6,-0.004329570844902264,-0.001692022834532736,0.004648454041249402
389,26,1496.3925966288452,287.64573424438726,1496.39,287.65,-0.0025966288451400032,0.004265755612721023,0.004993911523733076
389,27,1744.2669813940206,395.94620946164434,1744.27,395.95,0.003018605979377753,0.0037905383556449124,0.004845633403833843
389,31,587.7623250388099,401.6970054687926,587.76,401.7,-0.002325038809885882,0.002994531207377804,0.003791176943830916
390,13,339.5185895814537,229.97760953402042,339.52,229.98,0.001410418546299752,0.002390465979573264,0.0027755374389914957
390,14,343.632297505143,354.9922988512451,343.63,354.99,-0.002297505143019407,-0.002298851245086553,0.0032501149101588117
390,15,345.21217552363873,510.95751870322715,345.21,510.96,-0.0021755236387548393,0.0024812967728280455,0.0032999601175814183
390,16,374.26170939006863,897.0168036353812,374.26,897.02,-0.0017093900686404595,0.0031963646188160055,0.003624742912702282
390,17,1096.3344907552196,253.68671968909283,1096.33,253.69,-0.004490755219649145,0.003280310907172179,0.005561233864037621
390,18,1199.534420051883,313.84449878555233,1199.53,313.84,-0.00442005188301664,-0.004498785552357276,0.006306816161476209
390,19,1359.717824005479,412.93961030737853,1359.72,412.94,0.002175994520939639,0.0003896926214679297,0.002210613601330155
390,20,1553.5301462170944,532.3828091461971,1553.53,532.38,-0.0001462170944250829,-0.0028091461971371245,0.0028129489500508327
390,21,1385.4061424884653,350.82199421933166,1385.41,350.82,0.0038575115347612154,-0.0019942193316637713,0.0043424999693261164
390,22,1395.505619783365,293.00560246562134,1395.51,293.01,0.004380216634899625,0.0043975343786542,0.006206819344889697
390,23,1631.380991200553,407.58741101922203,1631.38,407.59,-0.0009912005527894507,0.0025889807779435614,0.002772237364370403
390,24,1264.1190640614896,190.26929051695603,1264.12,190.27,0.0009359385103380191,0.0007094830439768884,0.0011744560804152968
390,25,1381.9607471781337,238.7012690171259,1381.96,238.7,-0.0007471781336789718,-0.0012690171259066574,0.0014726437550515686
390,26,1494.794447471634,287.7343006832904,1494.79,287.73,-0.0044474716339664155,-0.004300683290409779,0.006186750415148956
390,27,1742.4502360455153,395.9596570962333,1742.45,395.96,-0.00023604551529388118,0.00034290376669332545,0.00041629374064814436
390,31,586.3217437791075,401.77275410159444,586.32,401.77,-0.0017437791074144116,-0.0027541015944620995,0.003259730229340103
391,13,338.1389421860903,230.2332071505153,338.14,230.23,0.0010578139097106032,-0.00320715051532261,0.0033770970811499205
391,14,342.22422312885726,355.2442241384338,342.22,355.24,-0.00422312885723386,-0.004224138433812641,0.005973120026653949
391,15,343.90913164272905,511.21813902742036,343.91,511.22,0.0008683572709742293,0.0018609725796636667,0.0020535976461599904
391,16,372.9462820425515,897.0126027265359,372.95,897.01,0.003717957448486686,-0.0026027265358834484,0.004538435083743017
391,17,1094.7508680664146,253.76503976681963,1094.75,253.77,-0.0008680664145686023,0.004960233180383966,0.005035618383464341
391,18,1197.9008150389122,313.88337408916425,1197.9,313.88,-0.000815038912151067,-0.0033740891642537463,0.003471133261149007
391,19,1357.7883680041093,412.95470773053387,1357.79,412.95,0.001631995890647886,-0.004707730533880294,0.0049825834028865415
391,20,1551.3976096628207,532.2871068596478,1551.4,532.29,0.0023903371793494443,0.002893140352171031,0.0037528619649995886
391,21,1383.5546068663489,350.86649566449876,1383.55,350.87,-0.004606866348922267,0.003504335501247624,0.005788228128031653
391,22,1393.6292148375237,293.004201849216,1393.63,293.0,0.0007851624764043663,-0.004201849215974107,0.004274577984799863
391,23,1629.2857434004147,407.4405582644165,1629.29,407.44,0.004256599585232834,-0.0005582644164974226,0.004293052432446119
391,24,1262.3392980461172,190.45196788771702,1262.34,190.45,0.0007019538827535143,-0.001967887717029271,0.002089335138350813
391,25,1380.2205603836003,238.77595176284441,1380.22,238.78,-0.0005603836002592288,0.004048237155586776,0.004086839102205126
391,26,1492.8458356037254,287.8007255124678,1492.85,287.8,0.004164396274518367,-0.0007255124677953972,0.004227122504984806
391,27,1740.3376770341365,395.71974282217496,1740.34,395.72,0.0023229658634136285,0.00025717782506262665,0.002337158710119826
391,31,585.2413078343307,402.0795655761958,585.24,402.08,-0.0013078343306460738,0.0004344238041653625,0.0013780982105938491
392,13,336.8542066395677,230.42490536288648,336.85,230.42,-0.004206639567655657,-0.004905362886489684,0.006462074086569773
392,14,340.9181673466429,355.4331681038254,340.92,355.43,0.0018326533570984793,-0.0031681038253736915,0.0036599863627658157
392,15,342.6818487320468,511.41360427056526,342.68,511.41,-0.0018487320467670543,-0.0036042705652334917,0.004050750114256871
392,16,371.7097115319136,897.0094520449019,371.71,897.01,0.0002884680863530775,0.0005479550981135617,0.0006192484367302429
392,17,1093.063151049811,253.8237798251147,1093.06,253.82,-0.0031510498110947083,-0.003779825114719415,0.004920995103621181
392,18,1195.925611279184,313.9125305668732,1195.93,313.91,0.004388720815995839,-0.0025305668731903097,0.005066027941143175
392,19,1355.591276003082,412.96603079790043,1355.59,412.97,-0.0012760030820118118,0.003969202099597169,0.004169262425507684
392,20,1549.2982072471154,532.2153301447358,1549.3,532.22,0.0017927528845120833,0.004669855264182843,0.005002150646806092
392,21,1381.4159551497617,350.89987174837404,1381.42,350.9,0.004044850238415165,0.00012825162593799178,0.004046882989507228
392,22,1391.471911128143,293.003151386912,1391.47,293.0,-0.0019111281428649818,-0.003151386912009002,0.003685600391745175
392,23,1626.964307550311,407.33041869831237,1626.96,407.33,-0.004307550311068553,-0.00041869831238727784,0.00432785142526667
392,24,1260.2544735345878,190.58897591578776,1260.25,190.59,-0.0044735345877597865,0.0010240842122470895,0.004589254861266354
392,25,1378.1654202877003,238.8319638221333,1378.17,238.83,0.004579712299801031,-0.00196382213329116,0.004983007336955575
392,26,1490.634376702794,287.85054413435086,1490.63,287.85,-0.004376702793933873,-0.0005441343508323371,0.004410397888874007
392,27,1737.7532577756024,395.5398071166312,1737.75,395.54,-0.0032577756023783877,0.00019288336881118084,0.0032634806372055917
392,31,583.930980875748,402.05967418214686,583.93,402.06,-0.0009808757480413988,0.00032581785313823275,0.001033573658003812
393,13,335.6406549796758,230.56867902216487,335.64,230.57,-0.0006549796758008597,0.0013209778351210844,0.001474442544351385
393,14,339.6886255099822,355.324876077869,339.69,355.32,0.001374490017781227,-0.004876077869027995,0.00506609891275376
393,15,341.2613865490351,511.56020320292396,341.26,511.56,-0.0013865490350895016,-0.00020320292395581419,0.0014013599305716645
393,16,370.5322836489352,897.5070890336764,370.53,897.51,-0.002283648935247129,0.0029109663236113192,0.003699834779642808
393,17,1091.2973632873582,253.86783486883604,1091.3,253.87,0.002636712641788108,0.0021651311639629967,0.0034117512383714296
393,18,1194.194208459388,313.93439792515494,1194.19,313.93,-0.004208459387882613,-0.004397925154933091,0.006087107366216777
393,19,1353.9434570023113,412.9745230984253,1353.94,412.97,-0.0034570023112792114,-0.004523098425295302,0.005692915276472912
393,20,1547.4736554353367,532.1614976085518,1547.47,532.16,-0.0036554353366682335,-0.0014976085518583204,0.003950321363530058
393,21,1379.5619663623213,350.9249038112805,1379.56,350.92,-0.001966362321354609,-0.004903811280485115,0.00528336501232464
393,22,1389.6039333461072,293.002363540184,1389.6,293.0,-0.0039333461072601494,-0.00236354018397833,0.004588848853555638
393,23,1624.9732306627334,407.2478140237343,1624.97,407.25,-0.0032306627333582583,0.002185976265707268,0.0039007273592171683
393,24,1258.440855150941,190.69173193684082,1258.44,190.69,-0.000855150940878957,-0.00173193684082662,0.0019315507635831522
393,25,1376.1240652157753,238.87397286659998,1376.12,238.87,-0.004065215775426623,-0.003972866599980307,0.005684157661607968
393,26,1488.7257825270956,287.8879081007631,1488.73,287.89,0.004217472904429087,0.0020918992368592626,0.004707772309358842
393,27,1735.8149433317017,395.4048553374734,1735.81,395.4,-0.004943331701724674,-0.0048553374734296995,0.006928984795348223
393,31,582.698235656811,402.04475563661015,582.7,402.04,0.0017643431890519423,-0.004755636610127567,0.005072374833974673
394,13,334.48049123475687,230.67650926662367,334.48,230.68,-0.0004912347568506448,0.0034907333763385395,0.0035251285212062797
394,14,338.5164691324867,355.49365705840177,338.52,355.49,0.003530867513291014,-0.0036570584017567853,0.005083414359490456
394,15,340.1960399117763,511.67015240219297,340.2,511.67,0.0039600882236641155,-0.00015240219295264978,0.003963019703158184
394,16,369.39921273670143,897.8803167752573,369.4,897.88,0.0007872632985481687,-0.0003167752572608151,0.0008486047754129118
394,17,1089.7230224655186,253.90087615162702,1089.72,253.9,-0.003022465518597528,-0.0008761516270112679,0.0031468936246122963
394,18,1192.6456563445408,313.95079844386623,1192.65,313.95,0.0043436554592517496,-0.0007984438662447246,0.004416430159781919
394,19,1352.2075927517335,412.980892323819,1352.21,412.98,0.002407248266536044,-0.0008923238189595395,0.002567311047501515
394,20,1545.8552415765025,532.1211232064138,1545.86,532.12,0.004758423497378317,-0.0011232064138084752,0.004889190815300891
394,21,1377.671474771741,350.9436778584604,1377.67,350.94,-0.0014747717409591132,-0.0036778584603780473,0.003962523759235515
394,22,1387.7029500095805,293.001772655138,1387.7,293.0,-0.002950009580445112,-0.0017726551379837474,0.003441636640166728
394,23,1622.97992299705,407.18586051780073,1622.98,407.19,7.70029500927194e-05,0.004139482199263966,0.004140198344565901
394,24,1256.5806413632058,190.76879895263062,1256.58,190.77,-0.0006413632058865915,0.001201047369391972,0.0013615658432071887
394,25,1374.0930489118314,238.90547964995,1374.09,238.91,-0.00304891183145628,0.004520350050000843,0.005452469892675861
394,26,1486.7943368953217,287.91593107557236,1486.79,287.92,-0.00433689532178505,0.004068924427656384,0.005946831679987242
394,27,1733.6112074987764,395.30364150310504,1733.61,395.3,-0.0012074987764663092,-0.003641503105029642,0.003836482524280302
394,31,581.5236767426082,402.0335667274576,581.52,402.03,-0.003676742608263339,-0.003566727457609886,0.005122497531896661
395,13,333.3603684260677,230.75738194996774,333.36,230.76,-0.0003684260676664053,0.0026180500322539046,0.0026438463909086705
395,14,337.387351849365,355.6202427938013,337.39,355.62,0.0026481506349682604,-0.00024279380130565187,0.0026592575308599297
395,15,338.89702993383224,511.7526143016447,338.9,511.75,0.0029700661677338758,-0.0026143016447122136,0.003956749439914331
395,16,368.0494095525261,897.660237581443,368.05,897.66,0.0005904474739395482,-0.00023758144300245476,0.0006364535816072702
395,17,1088.292266849139,253.92565711372026,1088.29,253.93,-0.0022668491390049894,0.004342886279744107,0.004898904597743997
395,18,1190.9842422584056,314.2130988328997,1190.98,314.21,-0.00424225840561121,-0.0030988328996954806,0.005253524694927594
395,19,1350.4056945638001,412.9856692428642,1350.41,412.99,0.004305436199956603,0.004330757135790009,0.006106737119042609
395,20,1544.141431182377,531.8408424048104,1544.14,531.84,-0.0014311823767911847,-0.0008424048103279347,0.0016607013157402231
395,21,1376.0036060788057,350.95775839384527,1376.0,350.96,-0.0036060788056602178,0.002241606154711917,0.004246010186689873
395,22,1386.0272125071854,293.2513294913535,1386.03,293.25,0.002787492814604775,-0.0013294913534878106,0.003088310776212799
395,23,1620.9849422477873,407.1393953883505,1620.98,407.14,-0.004942247787312226,0.0006046116494644593,0.004979093134081821
395,24,1254.9354810224045,190.82659921447296,1254.94,190.83,0.004518977595580509,0.0034007855270488108,0.005655660943722073
395,25,1372.5697866838736,239.1791097374625,1372.57,239.18,0.00021331612629182928,0.0008902625374958006,0.0009154622632335063
395,26,1485.0957526714913,287.93694830667926,1485.1,287.94,0.004247328508654391,0.003051693320742288,0.005229974338779439
395,27,1731.7084056240824,395.22773112732875,1731.71,395.23,0.0015943759176479944,0.0022688726712658536,0.0027730520668016556
395,31,580.1427575569562,402.0251750455932,580.14,402.03,-0.002757556956225926,0.004824954406785764,0.0055573649686151945
396,13,332.27027631955076,230.8180364624758,332.27,230.82,-0.0002763195507782257,0.0019635375242046393,0.001982884793199536
396,14,336.29051388702374,355.715182095351,336.29,355.72,-0.0005138870237146875,0.0048179046490304245,0.004845233232806375
396,15,337.67277245037417,511.5644607262335,337.67,511.56,-0.002772450374152413,-0.004460726233503465,0.005252100494792904
396,16,366.7870571643946,897.4951781860823,366.79,897.5,0.0029428356054381766,0.00482181391771519,0.005648908820091415
396,17,1086.9692001368542,253.9442428352902,1086.97,253.94,0.000799863145857671,-0.004242835290199309,0.004317572506844788
396,18,1189.738181693804,314.15982412467474,1189.74,314.16,0.0018183061959007318,0.00017587532528295924,0.0018267921480273495
396,19,1349.05427092285,412.98925193214814,1349.05,412.99,-0.00427092285008257,0.000748067851873202,0.004335941362883453
396,20,1542.6060733867826,531.6306318036078,1542.61,531.63,0.003926613217345221,-0.0006318036078027944,0.003977117946134212
396,21,1374.5027045591041,350.96831879538394,1374.5,350.97,-0.0027045591041314765,0.0016812046160907812,0.0031845076399508614
396,22,1384.520409380389,293.4384971185151,1384.52,293.44,-0.0004093803891009884,0.0015028814848960792,0.0015576408638142236
396,23,1619.4887066858405,407.1045465412629,1619.49,407.1,0.001293314159511283,-0.004546541262868686,0.004726912202501752
396,24,1253.7016107668032,190.86994941085473,1253.7,190.87,-0.001610766803196384,5.0589145274670955e-05,0.001611561030770824
396,25,1371.1773400129052,239.13433230309687,1371.18,239.13,0.002659987094830285,-0.004332303096873602,0.005083736958954924
396,26,1483.5718145036185,287.9527112300094,1483.57,287.95,-0.0018145036185615027,-0.0027112300094245256,0.003262390464946969
396,27,1730.031304218062,395.17079834549656,1730.03,395.17,-0.0013042180619322608,-0.0007983454965483361,0.0015291632630067176
396,31,578.8570681677172,402.0188812841949,578.86,402.02,0.0029318322827975862,0.0011187158050915968,0.003138019373269682
397,13,330.9527072396631,230.86352734685684,330.95,230.86,-0.0027072396630956064,-0.003527346856827762,0.004446495523646764
397,14,334.9678854152678,355.7863865715133,334.97,355.79,0.0021145847322259215,0.0036134284867443967,0.004186685325956427
397,15,336.2545793377806,511.42334554467516,336.25,511.42,-0.004579337780626247,-0.0033455446751418094,0.005671243574599898
397,16,365.59029287329594,897.6213836395617,365.59,897.62,-0.0002928732959617264,-0.0013836395617090602,0.0014142960101103039
397,17,1085.4769001026407,253.95818212646765,1085.48,253.96,0.003099897359334136,0.0018178735323601813,0.0035936093023675284
397,18,1188.053636270353,314.11986809350606,1188.05,314.12,-0.003636270353126747,0.00013190649394800857,0.0036386620348933443
397,19,1347.5407031921375,412.7419389491111,1347.54,412.74,-0.000703192137507358,-0.0019389491110928248,0.002062523415057347
397,20,1541.204555040087,531.4729738527059,1541.2,531.47,-0.0045550400868705765,-0.002973852705849822,0.005439870412894798
397,21,1372.877028419328,350.72623909653794,1372.88,350.73,0.002971580672010532,0.003760903462080023,0.004793191686272527
397,22,1382.8903070352917,293.32887283888635,1382.89,293.33,-0.0003070352915983676,0.0011271611136294268,0.0011682306477597754
397,23,1618.1165300143803,407.0784099059472,1618.12,407.08,0.0034699856196311885,0.0015900940528013052,0.003816962050793972
397,24,1252.0262080751024,190.90246205814105,1252.03,190.9,0.003791924897541321,-0.0024620581410488285,0.004521108793039443
397,25,1369.633005009679,239.10074922732264,1369.63,239.1,-0.0030050096788727387,-0.0007492273226432644,0.003097002542962152
397,26,1481.9288608777138,287.7145334225071,1481.93,287.71,0.001139122286303973,-0.004533422507108753,0.004674346928835578
397,27,1728.5234781635463,395.1280987591224,1728.52,395.13,-0.003478163546333235,0.001901240877600685,0.003963879227436327
397,31,577.8928011257879,402.0141609631462,577.89,402.01,-0.002801125787868841,-0.004160963146205177,0.005015966505424604
398,13,329.7145304297473,230.89764551014264,327.3,229.7,-2.4145304297472876,-1.1976455101426495,2.695238758281067
398,14,333.97591406145085,355.83978992863496,338.8,359.4,4.82408593854916,3.56021007136502,5.995573441694852
398,15,335.1909345033355,511.56750915850637,356.8,520.0,21.609065496664527,8.432490841493632,23.196090477298355
398,16,364.69271965497194,897.9660377296713,399.4,898.0,34.70728034502804,0.033962270328743216,34.707296961650236
398,17,1083.6076750769805,253.96863659485075,1077.7,254.0,-5.907675076980468,0.03136340514924996,5.9077583293799965
398,18,1186.2902272027648,314.08990107012954,1171.1,317.5,-15.190227202764845,3.4100989298704576,15.56829397150249
398,19,1345.905527394103,412.55645421183334,1313.8,413.4,-32.10552739410309,0.8435457881666366,32.11660721107131
398,20,1539.6534162800651,531.1047303895294,1488.0,535.2,-51.65341628006513,4.095269610470609,51.81550585089507
398,21,1371.1577713144961,350.54467932240345,1365.2,352.2,-5.957771314496085,1.655320677596535,6.183455796034371
398,22,1381.1677302764688,293.24665462916477,1387.9,290.7,6.732269723531317,-2.5466546291647774,7.197840331003657
398,23,1616.3373975107852,406.8088074294604,1616.34,406.81,0.0026024892147233913,0.0011925705396151898,0.002862721538101399
398,24,1250.2696560563268,190.9268465436058,1273.9,178.3,23.630343943673324,-12.62684654360578,26.792357278374514
398,25,1367.7247537572594,239.07556192049196,1384.6,228.9,16.87524624274056,-10.175561920491958,19.70573510810737
398,26,1480.1966456582854,287.53590006688034,1495.4,279.1,15.203354341714657,-8.435900066880322,17.386960435283832
398,27,1726.8926086226597,394.8460740693418,1741.0,391.3,14.107391377340264,-3.5460740693417847,14.546241190723899
398,31,576.919600844341,402.01062072235965,610.5,409.2,33.58039915565905,7.189379277640342,34.34138002252023
399,13,328.78589782231046,230.92323413260698,328.79,230.92,0.004102177689560449,-0.0032341326069911247,0.005223741524647895
399,14,332.98193554608815,355.87984244647623,332.98,355.88,-0.0019355460881342879,0.000157553523763454,0.00194194793239732
399,15,334.1432008775016,511.6756318688798,334.14,511.68,-0.0032008775016265645,0.004368131120202179,0.005415365755302024
399,16,363.769539741229,897.9745282972534,363.77,897.97,0.0004602587709996442,-0.0045282972533868815,0.004551627637594411
399,17,1082.2057563077353,253.97647744613806,1082.21,253.98,0.004243692264708443,0.0035225538619272356,0.005515189003808007
399,18,1184.9676704020735,314.06742580259714,1184.97,314.07,0.002329597926518545,0.0025741974028505865,0.0034718177901615476
399,19,1344.4291455455773,412.417340658875,1344.43,412.42,0.000854454422778872,0.002659341125024639,0.0027932396209157722
399,20,1538.2400622100488,530.8285477921471,1538.24,530.83,-6.221004878170788e-05,0.0014522078529353166,0.0014535397271132375
399,21,1369.868328485872,350.4085094918026,1369.87,350.41,0.0016715141277927614,0.0014905081974347922,0.002239547759265497
399,22,1379.6257977073515,293.18499097187356,1379.63,293.18,0.004202292648642469,-0.0049909718735534625,0.006524497202653727
399,23,1615.003048133089,406.6066055720953,1615.0,406.61,-0.0030481330888960656,0.0033944279047091186,0.004562154768077362
399,24,1248.702242042245,190.94513490770436,1248.7,190.95,-0.002242042244915865,0.004865092295631257,0.005356853224888469
399,25,1366.2935653179445,239.05667144036897,1366.29,239.06,-0.0035653179445489513,0.003328559631029293,0.0048775814973243264
399,26,1478.6474842437142,287.40192505016023,1478.65,287.4,0.002515756285902171,-0.0019250501602527947,0.0031677827907774228
399,27,1725.4194564669947,394.63455555200636,1725.42,394.63,0.0005435330053842335,-0.004555552006365815,0.004587862488201409
399,31,575.9397006332557,402.00796554176975,575.94,402.01,0.00029936674434338784,0.0020344582302413983,0.002056365905721966
400,13,327.33942336673283,231.19242559945525,327.34,231.19,0.0005766332671441887,-0.002425599455250449,0.0024931984762727286
400,14,331.7364516595661,356.1598818348572,331.74,356.16,0.0035483404338947366,0.0001181651428510122,0.003550307428350014
400,15,332.8574006581262,511.7567239016598,332.86,511.76,0.002599341873803951,0.003276098340165845,0.004182032820453235
400,16,362.82715480592174,897.98089622294,362.83,897.98,0.0028451940782474594,-0.0008962229400140131,0.0029830093699319436
400,17,1080.9043172308016,253.98235808460356,1080.9,253.98,-0.004317230801461847,-0.002358084603571342,0.004919252462589323
400,18,1183.7257528015552,314.05056935194784,1183.73,314.05,0.004247198444772948,-0.0005693519478313647,0.004285190342304659
400,19,1343.321859159183,412.31300549415624,1343.32,412.31,-0.001859159183140946,-0.003005494156241184,0.0035340441411302738
400,20,1537.1800466575366,530.6214108441103,1537.18,530.62,-4.665753658628091e-05,-0.0014108441102962388,0.0014116153970816152
400,21,1368.651246364404,350.30638211885196,1368.65,350.31,-0.001246364403868938,0.0036178811480453987,0.0038265504346099853
400,22,1378.4693482805137,293.1387432289052,1378.47,293.14,0.0006517194863135956,0.001256771094801934,0.001415701901379845
400,23,1613.7522860998167,406.7049541790715,1613.75,406.7,-0.0022860998167288926,-0.0049541790714897616,0.005456202218066613
400,24,1247.5266815316836,191.20885118077825,1247.53,191.21,0.003318468316365397,0.0011488192217541382,0.003511697249335822
400,25,1364.9701739884583,239.29250358027673,1364.97,239.29,-0.0001739884583003004,-0.0025035802767376936,0.002509618733132924
400,26,1477.4856131827855,287.5514437876202,1477.49,287.55,0.004386817214481198,-0.001443787620189596,0.0046182992503172975
400,27,1724.0645923502461,394.7259166640048,1724.06,394.73,-0.004592350246184651,0.004083335995233028,0.006145186216348365
400,31,574.7047754749418,402.2559741563273,574.7,402.26,-0.004775474941766333,0.004025843672707197,0.0062460049789056955
401,13,326.00456752504965,231.39431919959145,326.0,231.39,-0.004567525049651522,-0.004319199591463985,0.006286316106440782
401,14,330.55233874467456,356.3699113761429,330.55,356.37,-0.0023387446745459783,8.862385709562659e-05,0.0023404232183012715
401,15,331.64305049359467,511.81754292624487,331.64,511.82,-0.003050493594685122,0.0024570737551243838,0.0039169787603886745
401,16,361.8703661044413,898.235672167205,361.87,898.24,-0.00036610444129792086,0.004327832794956521,0.004343290131114802
401,17,1079.4282379231013,253.98676856345267,1079.43,253.99,0.0017620768987853808,0.0032314365473382622,0.003680638145309388
401,18,1182.2943146011664,314.0379270139609,1182.29,314.04,-0.004314601166470311,0.0020729860391384136,0.004786758229132712
401,19,1341.9913943693873,412.2347541206172,1341.99,412.23,-0.001394369387298866,-0.004754120617178614,0.004954384808522546
401,20,1535.8850349931524,530.4660581330827,1535.89,530.47,0.004965006847669429,0.003941866917330117,0.0063395274107259725
401,21,1367.238434773303,350.22978658913894,1367.24,350.23,0.0015652266970391793,0.00021341086107895535,0.0015797084568839402
401,22,1376.8520112103852,293.1040574216789,1376.85,293.1,-0.0020112103852625296,-0.0040574216788513695,0.0045285359547872555
401,23,1612.0642145748625,406.5287156343036,1612.06,406.53,-0.004214574862544396,0.0012843656963923422,0.0044059319688416095
401,24,1245.8950111487627,191.40663838558368,1245.9,191.41,0.004988851237385461,0.0033616144163204353,0.006015736709063639
401,25,1363.2276304913437,239.46937768520755,1363.23,239.47,0.0023695086563293444,0.0006223147924515615,0.00244986672562483
401,26,1475.8642098870891,287.66358284071515,1475.86,287.66,-0.004209887089245967,-0.0035828407151257124,0.005528100658830518
401,27,1722.2984442626846,394.5444374980036,1722.3,394.54,0.0015557373153569642,-0.004437498003596829,0.004702308701725137
401,31,573.7785816062063,402.44198061724546,573.78,402.44,0.0014183937936422808,-0.001980617245465055,0.0024361210205727716
402,13,325.25342564378724,231.5457393996936,325.25,231.55,-0.0034256437872386414,0.004260600306423612,0.005466969025716506
402,14,329.9142540585059,356.5274335321072,329.91,356.53,-0.0042540585058645775,0.0025664678927910245,0.004968276483454394
402,15,330.982287870196,511.86315719468365,330.98,511.86,-0.002287870195971209,-0.003157194683637954,0.0038990035014096996
402,16,360.902774578331,898.1767541254038,360.9,898.18,-0.0027745783310137995,0.0032458745961321256,0.00427012725908107
402,17,1078.071178442326,253.9900764225895,1078.07,253.99,-0.0011784423261360644,-7.642258950113501e-05,0.0011809177482852212
402,18,1181.2207359508748,314.0284452604707,1181.22,314.03,-0.0007359508747413201,0.0015547395292969668,0.0017201275225956559
402,19,1340.7435457770405,412.1760655904629,1340.74,412.18,-0.003545777040471876,0.003934409537123429,0.005296424570079828
402,20,1534.6637762448643,530.349543599812,1534.66,530.35,-0.003776244864184264,0.0004564001879998614,0.0038037253326028073
402,21,1365.9288260799772,350.1723399418542,1365.93,350.17,0.0011739200228930713,-0.0023399418541885098,0.002617902996891296
402,22,1375.6390084077889,293.07804306625917,1375.64,293.08,0.0009915922112213593,0.001956933740814293,0.002193819677934421
402,23,1610.7981609311469,406.6465367257277,1610.8,406.65,0.0018390688530871557,0.003463274272291983,0.003921280776929251
402,24,1244.671258361572,191.55497878918777,1244.67,191.55,-0.0012583615718995134,-0.004978789187759958,0.0051353496104733585
402,25,1361.9207228685077,239.60203326390567,1361.92,239.6,-0.0007228685076370311,-0.002033263905673266,0.002157939060642606
402,26,1474.6481574153167,287.74768713053635,1474.65,287.75,0.0018425846833451942,0.002312869463651168,0.0029571072809738154
402,27,1720.9738331970134,394.6583281235027,1720.97,394.66,-0.0038331970133640425,0.0016718764973120415,0.00418193380692801
402,31,573.0839362046547,402.3314854629341,573.08,402.33,-0.003936204654678477,-0.0014854629341130021,0.004207173304266907
403,13,324.4400692328404,231.65930454977018,324.44,231.66,-6.923284041704392e-05,0.0006954502298128773,0.0006988878367370516
403,14,329.18569054387945,356.6455751490804,329.19,356.65,0.004309456120552113,0.004424850919576784,0.006176626726251439
403,15,330.236715902647,511.8973678960127,330.24,511.9,0.003284097353002835,0.0026321039872527763,0.004208713202834352
403,16,359.92708093374824,898.3825655940528,359.93,898.38,0.0029190662517635246,-0.002565594052839515,0.003886286225453581
403,17,1077.0533838317447,253.99255731694214,1077.05,253.99,-0.0033838317447134614,-0.002557316942130683,0.004241484082139078
403,18,1180.165551963156,314.02133394535304,1180.17,314.02,0.004448036843996306,-0.0013339453530534229,0.0046437530048960875
403,19,1339.5576593327803,412.13204919284715,1339.56,412.13,0.0023406672196415457,-0.002049192847152881,0.0031109346437890677
403,20,1533.4978321836481,530.262157699859,1533.5,530.26,0.0021678163518572546,-0.002157699859026252,0.0030586102100499182
403,21,1364.696619559983,350.12925495639064,1364.7,350.13,0.003380440017053843,0.000745043609356344,0.0034615696856688753
403,22,1374.4792563058418,293.0585322996944,1374.48,293.06,0.0007436941582454892,0.0014677003056249305,0.0016453647583864136
403,23,1609.5986206983603,406.4849025442958,1609.6,406.48,0.0013793016396448365,-0.004902544295759981,0.005092878712969283
403,24,1243.503443771179,191.66623409189083,1243.5,191.67,-0.003443771179036048,0.0037659081091589997,0.005103099432716244
403,25,1360.9405421513807,239.45152494792924,1360.94,239.45,-0.0005421513806140865,-0.0015249479292549495,0.0016184542954438715
403,26,1473.4861180614876,287.81076534790225,1473.49,287.81,0.0038819385124497785,-0.0007653479022451393,0.003956665771317036
403,27,1719.7303748977602,394.493746092627,1719.73,394.49,-0.00037489776013899245,-0.0037460926270114214,0.0037648052141786253
403,31,572.3129521534911,402.4986140972006,572.31,402.5,-0.002952153491150966,0.0013859027994271855,0.0032612784003784386
404,13,323.5800519246303,231.99447841232762,323.58,231.99,-5.192463032699379e-05,-0.004478412327614478,0.004478713335698538
404,14,328.1392679079096,356.73418136181033,328.14,356.73,0.0007320920904021477,-0.004181361810310591,0.0042449670690775975
404,15,329.1775369269852,511.9230259220095,329.18,511.92,0.002463073014780548,-0.003025922009499027,0.0039016576840761887
404,16,358.9453107003112,898.5369241955397,358.95,898.54,0.004689299688777737,0.003075804460308973,0.005608039287418336
404,17,1076.0400378738086,254.2444179877066,1076.04,254.24,-3.7873808651056606e-05,-0.004417987706602844,0.0044181500428432255
404,18,1179.1241639723671,314.2660004590148,1179.12,314.27,-0.004163972367223323,0.003999540985205385,0.005773646505228483
404,19,1338.4182444995852,412.09903689463533,1338.42,412.1,0.0017555004149016895,0.000963105364689909,0.0020023370471063274
404,20,1532.3733741377362,530.1966182748943,1532.37,530.2,-0.003374137736273042,0.003381725105782607,0.0047771194410881285
404,21,1363.7724646699871,350.09694121729297,1363.77,350.1,-0.002464669987148227,0.003058782707057617,0.003928199306876367
404,22,1373.3594422293813,293.04389922477077,1373.36,293.04,0.0005577706185704301,-0.003899224770748333,0.003938916332667886
404,23,1608.4489655237703,406.3636769082218,1608.45,406.36,0.0010344762297336274,-0.003676908221791564,0.0038196590346996026
404,24,1242.3775828283842,191.74967556891812,1242.38,191.75,0.0024171716158889467,0.0003244310818786289,0.002438846888910437
404,25,1359.9554066135356,239.58864371094694,1359.96,239.59,0.004593386464421201,0.0013562890530636196,0.004789438297649121
404,26,1472.3645885461156,287.85807401092666,1472.36,287.86,-0.004588546115655845,0.0019259890733565044,0.004976363066154739
404,27,1718.5477811733201,394.37030956947024,1718.55,394.37,0.0022188266798366385,-0.0003095694702324181,0.002240318078321661
404,31,571.4847141151183,402.62396057290044,571.48,402.62,-0.0047141151183041075,-0.003960572900439274,0.006157030050951296
405,13,323.6850389434727,231.9958588092457,323.69,232.0,0.00496105652729284,0.004141190754296531,0.0064623171332321636
405,14,327.8544509309322,356.3006360213577,327.85,356.3,-0.004450930932193842,-0.0006360213577067952,0.004496143828951553
405,15,327.8831526952389,511.44226944150716,327.88,511.44,-0.0031526952388958307,-0.0022694415071669027,0.0038845658732744415
405,16,356.2089830252334,897.1526931466548,356.21,897.15,0.0010169747665713658,-0.0026931466547921445,0.002878763029507813
405,17,1076.0300284053565,253.93331349077997,1076.03,253.93,-2.8405356488292455e-05,-0.0033134907799592384,0.0033136125321395244
405,18,1179.0931229792754,314.1995003442611,1179.09,314.2,-0.003122979275531179,0.0004996557389063128,0.0031626974899315397
405,19,1338.063683374689,412.57427767097647,1338.06,412.57,-0.0036833746889897157,-0.004277670976478021,0.005644972815035738
405,20,1532.280030603302,531.6474637061707,1532.28,531.65,-3.0603302093368256e-05,0.002536293829280112,0.002536478454578984
405,21,1363.0793485024903,350.5727059129697,1363.08,350.57,0.0006514975095797126,-0.00270591296970224,0.0027832380431057928
405,22,1373.519581672036,293.2829244185781,1373.52,293.28,0.00041832796387097915,-0.002924418578118093,0.0029541872495491357
405,23,1608.8367241428277,407.52275768116635,1608.84,407.52,0.00327585717218426,-0.0027576811663720946,0.004282060908944945
405,24,1242.0331871212882,191.5622566766886,1242.03,191.56,-0.0031871212881924293,-0.0022566766886029654,0.003905167318122671
405,25,1359.7165549601518,239.6914827832102,1359.72,239.69,0.0034450398482022138,-0.001482783210207117,0.0037505927003839345
405,26,1472.2734414095867,288.143555508195,1472.27,288.14,-0.0034414095866850403,-0.003555508195006496,0.0049482257899257235
405,27,1718.9108358799901,395.5277321771027,1718.91,395.53,-0.000835879990063404,0.002267822897294991,0.0024169642221770356
405,30,32.68294883909678,448.6423983241607,32.68,448.64,-0.0029488390967813416,-0.0023983241607083983,0.00380100128894267
405,31,571.3635355863387,402.46797042967535,571.36,402.47,-0.003535586338671237,0.0020295703246802077,0.0040767053439047084
406,13,322.76377920760456,232.2468941069343,322.76,232.25,-0.0037792076045661815,0.0031058930657081874,0.004891725856384949
406,14,326.89083819819916,356.7254770160183,326.89,356.73,-0.0008381981991760767,0.004522983981701145,0.004599995686935713
406,15,327.41236452142914,511.8317020811304,327.41,511.83,-0.0023645214291150296,-0.0017020811304178096,0.002913424404934604
406,16,356.15673726892504,897.8645198599911,356.16,897.86,0.003262731074983094,-0.004519859991091835,0.005574454987416529
406,17,1075.2725213040173,254.19998511808498,1075.27,254.2,-0.0025213040173639456,1.4881915006981217e-05,0.002521347936991213
406,18,1178.3198422344567,314.3996252581958,1178.32,314.4,0.00015776554323565506,0.0003747418041939454,0.0004065973271468649
406,19,1337.2977625310168,412.43070825323235,1337.3,412.43,0.002237468983139479,-0.0007082532323465784,0.002346889450238462
406,20,1531.4600229524765,531.235597779628,1531.46,531.24,-2.2952476456339355e-05,0.00440222037195781,0.004402280206830983
406,21,1362.3095113768677,350.42952943472727,1362.31,350.43,0.0004886231322416279,0.00047056527273525717,0.0006783688091783306
406,22,1372.639686254027,293.46219331393354,1372.64,293.46,0.0003137459730169212,-0.002193313933560148,0.0022156404371498155
406,23,1607.6275431071208,407.1420682608748,1607.63,407.14,0.0024568928793087252,-0.0020682608748074927,0.003211545681857472
406,24,1241.274890340966,191.67169250751647,1241.27,191.67,-0.004890340966085205,-0.0016925075164806458,0.005174941203329238
406,25,1358.7874162201138,239.76861208740766,1358.79,239.77,0.0025837798862085037,0.001387912592349494,0.0029329541190373097
406,26,1471.45508105719,288.10766663114623,1471.46,288.11,0.004918942810036242,0.002333368853783213,0.005444318926754092
406,27,1717.6831269099926,395.145799132827,1717.68,395.15,-0.003126909992488436,0.00420086717298318,0.005236874173223157
406,31,570.772651689754,402.6009778222565,570.77,402.6,-0.002651689753975006,-0.0009778222564591488,0.002826233344322951
407,13,321.8228344057034,232.43517058020072,321.82,232.44,-0.002834405703424636,0.004829419799278867,0.005599745645051464
407,14,325.9181286486494,357.0441077620137,325.92,357.04,0.0018713513506440904,-0.004107762013688898,0.004513941142578504
407,15,326.8092733910719,512.1237765608478,326.81,512.12,0.0007266089281188215,-0.003776560847768451,0.0038458253173174082
407,16,355.86755295169377,898.1483898949933,355.87,898.15,0.0024470483062373205,0.0016101050066481548,0.0029292462418670766
407,17,1074.454390978013,254.39998883856373,1074.45,254.4,-0.004390978012906999,1.1161436276552195e-05,0.004390992198523296
407,18,1177.4898816758425,314.54971894364684,1177.49,314.55,0.00011832415748358471,0.0002810563531738808,0.0003049479954083997
407,19,1336.4733218982626,412.3230311899243,1336.47,412.32,-0.003321898262584,-0.003031189924286082,0.004497012388692303
407,20,1530.5950172143573,530.9266983347211,1530.6,530.93,0.004982785642596355,0.0033016652788546708,0.005977386249328285
407,21,1361.7321335326508,350.57214707604544,1361.73,350.57,-0.002133532650759662,-0.0021470760454462834,0.0030268625863733556
407,22,1371.9797646905204,293.59664498545015,1371.98,293.6,0.00023530947964900406,0.003355014549867974,0.00336325633590996
407,23,1606.7206573303406,406.8565511956561,1606.72,406.86,-0.0006573303405730258,0.0034488043439182547,0.0035108880043754277
407,24,1240.7061677557244,191.75376938063735,1240.71,191.75,0.0038322442755998054,-0.003769380637351105,0.005375344321725344
407,25,1358.0905621650854,239.82645906555575,1358.09,239.83,-0.0005621650855118787,0.0035409344442598467,0.0035852819027120263
407,26,1470.8413107928925,288.0807499733597,1470.84,288.08,-0.0013107928925819579,-0.0007499733596887381,0.0015101781509100805
407,27,1716.7623451824943,394.85934934962023,1716.76,394.86,-0.0023451824943094834,0.0006506503797822916,0.002433768035028501
407,31,570.0794887673155,402.70073336669236,570.08,402.7,0.0005112326845164716,-0.0007333666923727833,0.0008939717910536745
408,13,320.8671258042776,232.57637793515053,320.87,232.58,0.0028741957224269754,0.0036220648494804664,0.0046238895774725714
408,14,325.18859648648703,357.2830808215103,325.19,357.28,0.001403513512968857,-0.003080821510309306,0.003385455856966783
408,15,326.1069550433039,512.3428324206359,326.11,512.34,0.0030449566961010532,-0.00283242063585476,0.004158649773610003
408,16,355.4006647137703,898.361292421245,355.4,898.36,-0.0006647137703339467,-0.0012924212450116102,0.0014533399709045819
408,17,1073.8407932335097,254.54999162892278,1073.84,254.55,-0.0007932335097393661,8.371077228730428e-06,0.0007932776789418711
408,18,1176.867411256882,314.6622892077351,1176.87,314.66,0.0025887431179398845,-0.002289207735088894,0.003455729009206587
408,19,1335.854991423697,412.2422733924432,1335.85,412.24,-0.00499142369699257,-0.0022733924432145614,0.0054847628685079945
408,20,1529.946262910768,530.6950237510408,1529.95,530.7,0.003737089232117796,0.0049762489592239945,0.0062232539425118
408,21,1361.2991001494881,350.6791103070341,1361.3,350.68,0.000899850511814293,0.0008896929659272246,0.0012654187122185393
408,22,1371.4848235178902,293.6974837390876,1371.48,293.7,-0.004823517890145013,0.0025162609123867696,0.005440394637869067
408,23,1606.0404929977553,406.6424133967421,1606.04,406.64,-0.0004929977553729259,-0.002413396742099394,0.0024632358030807185
408,24,1240.2796258167932,191.81532703547802,1240.28,191.82,0.0003741832067589712,0.0046729645219727445,0.00468792176724787
408,25,1357.567921623814,239.8698442991668,1357.57,239.87,0.0020783761858638172,0.0001557008332042642,0.0020842001629945072
408,26,1470.3809830946693,288.06056248001977,1470.38,288.06,-0.0009830946692090947,-0.0005624800197665536,0.0011326336129852063
408,27,1716.0717588868706,394.64451201221516,1716.07,394.64,-0.0017588868706752692,-0.004512012215172945,0.004842720026359536
408,31,569.5596165754866,402.77555002501924,569.56,402.78,0.0003834245133020886,0.004449974980730076,0.004466462995091819
409,13,319.9003443532082,232.6822834513629,319.9,232.68,-0.00034435320822012727,-0.0022834513628993136,0.002309270287068672
409,14,324.14144736486526,357.4623106161327,324.14,357.46,-0.0014473648652710835,-0.0023106161327177688,0.0027265017817703326
409,15,325.0802162824779,512.5071243154769,325.08,512.51,-0.0002162824779361472,0.0028756845231328043,0.002883806440600295
409,16,354.55049853532773,898.2709693159338,354.55,898.27,-0.0004985353277220383,-0.0009693159338439727,0.0010900049782412615
409,17,1073.3805949251323,254.6624937216921,1073.38,254.66,-0.0005949251321908378,-0.0024937216921046,0.002563705090408278
409,18,1176.4005584426613,314.74671690580135,1176.4,314.75,-0.0005584426612585958,0.0032830941986503603,0.0033302500991855303
409,19,1335.3912435677726,412.18170504433243,1335.39,412.18,-0.0012435677724624838,-0.0017050443324251319,0.0021103641818990314
409,20,1529.209697183076,530.2712678132806,1529.21,530.27,0.00030281692397693405,-0.0012678132806058784,0.00130347558624145
409,21,1360.974325112116,350.75933273027556,1360.97,350.76,-0.004325112116021046,0.0006672697244312076,0.004376281949474296
409,22,1371.1136176384175,293.7731128043157,1371.11,293.77,-0.0036176384176087595,-0.003112804315719586,0.004772510704914269
409,23,1605.7803697483164,406.48181004755656,1605.78,406.48,-0.0003697483164160076,-0.0018100475565461238,0.0018474268522599387
409,24,1240.209719362595,191.8614952766085,1240.21,191.86,0.000280637405012385,-0.0014952766084945779,0.0015213840701818633
409,25,1357.4259412178606,239.90238322437511,1357.43,239.9,0.004058782139509276,-0.002383224375108739,0.004706747377766512
409,26,1470.285737321002,288.0454218600148,1470.29,288.05,0.004262678997974945,0.004578139985198959,0.006255381520247522
409,27,1715.803819165153,394.48338400916134,1715.8,394.48,-0.003819165153117865,-0.003384009161322865,0.005102699331795563
409,31,568.9197124316149,402.83166251876446,568.92,402.83,0.00028756838503340987,-0.0016625187644763173,0.0016872060390795737
410,13,318.6752582649061,233.0117125885222,318.68,233.01,0.0047417350938872005,-0.0017125885221958015,0.005041528651803762
410,14,322.85608552364897,357.5967329620995,322.86,357.6,0.00391447635104214,0.0032670379005139694,0.0050986921603743554
410,15,324.0601622118584,512.6303432366076,324.06,512.63,-0.00016221185842368868,-0.0003432366075912796,0.00037963674190472774
410,16,353.6628739014958,898.2032269869503,353.66,898.2,-0.002873901495775044,-0.003226986950267019,0.004321198281103481
410,17,1072.785446193849,254.7468702912691,1072.79,254.75,0.004553806150852324,0.003129708730909897,0.005525597451848451
410,18,1175.800418831996,314.810037679351,1175.8,314.81,-0.00041883199605763366,-3.767935100995601e-05,0.0004205234528705303
410,19,1335.0434326758295,412.13627878324934,1335.04,412.14,-0.003432675829571963,0.003721216750648182,0.00506267888140579
410,20,1528.657272887307,529.9534508599604,1528.66,529.95,0.0027271126930372702,-0.00345085996036687,0.0043983608431537565
410,21,1360.730743834087,350.56949954770664,1360.73,350.57,-0.0007438340869612148,0.0005004522933518274,0.0008965163951911463
410,22,1370.8352132288132,293.5798346032368,1370.84,293.58,0.004786771186672922,0.00016539676317961494,0.004789627802119116
410,23,1605.5852773112374,406.3613575356674,1605.59,406.36,0.004722688762512917,-0.0013575356674095929,0.004913928391404884
410,24,1239.9072895219463,191.8961214574564,1239.91,191.9,0.0027104780538138584,0.0038785425436174137,0.004731784393107615
410,25,1357.3194559133954,239.92678741828132,1357.32,239.93,0.0005440866045773873,0.0032125817186852146,0.003258329561678959
410,26,1470.2143029907515,288.0340663950111,1470.21,288.03,-0.00430299075151197,-0.004066395011136592,0.005920413650598589
410,27,1715.8528643738648,394.362538006871,1715.85,394.36,-0.002864373864895242,-0.002538006870963727,0.0038270244988703687
410,31,568.1897843237111,403.12374688907335,568.19,403.12,0.00021567628891716595,-0.0037468890733407534,0.003753091257819534
411,13,317.7564436986796,233.25878444139164,317.76,233.26,0.003556301320372768,0.0012155586083508751,0.0037583057102397893
411,14,321.89206414273673,357.69754972157466,321.89,357.7,-0.0020641427367422693,0.0024502784253286336,0.003203833578586259
411,15,323.04512165889383,512.7227574274557,323.05,512.72,0.004878341106177686,-0.0027574274556627643,0.005603714671667871
411,16,352.9971554261218,897.9024202402127,353.0,897.9,0.0028445738781783803,-0.0024202402127002642,0.003734857860158297
411,17,1072.3390846453867,254.81015271845183,1072.34,254.81,0.0009153546131983603,-0.00015271845182951438,0.000928007000745535
411,18,1175.3503141239971,314.8575282595133,1175.35,314.86,-0.0003141239972137555,0.0024717404867260484,0.002491620942147154
411,19,1334.5325745068722,412.102209087437,1334.53,412.1,-0.002574506872178972,-0.0022090874369951052,0.0033923668638852073
411,20,1528.2429546654803,529.7150881449703,1528.24,529.72,-0.0029546654802743433,0.004911855029718026,0.00573204744688066
411,21,1360.2980578755653,350.42712466078,1360.3,350.43,0.0019421244346631283,0.002875339219997386,0.0034697871620274854
411,22,1370.62640992161,293.4348759524276,1370.63,293.43,0.003590078390061535,-0.0048759524275965305,0.006055045410479703
411,23,1605.438957983428,406.2710181517506,1605.44,406.27,0.001042016572000648,-0.0010181517505998272,0.0014568567271950508
411,24,1239.6804671414598,191.9220910930923,1239.68,191.92,-0.00046714145969417586,-0.0020910930923037085,0.00214263656835346
411,25,1357.2395919350465,239.945090563711,1357.24,239.95,0.0004080649534898839,0.0049094362889832155,0.004926365971164951
411,26,1470.1607272430638,288.02554979625836,1470.16,288.03,-0.0007272430636930949,0.004450203741612313,0.00450923450438652
411,27,1715.6396482803987,394.2719035051532,1715.64,394.27,0.0003517196014399815,-0.0019035051532227953,0.0019357268780442237
411,31,567.6423382427834,403.342810166805,567.64,403.34,-0.0023382427833666952,-0.0028101668050339867,0.0036557375160261923
412,13,316.81733277400974,233.44408833104373,316.82,233.44,0.002667225990251154,-0.004088331043732296,0.004881449088766209
412,14,321.16904810705256,357.773162291181,321.17,357.77,0.0009518929474552351,-0.003162291181013188,0.0033024514677628194
412,15,322.2838412441704,512.7920680705918,322.28,512.79,-0.0038412441704167577,-0.0020680705918039166,0.004362576388952396
412,16,352.24786656959134,897.9268151801596,352.25,897.93,0.002133430408662207,0.0031848198403849892,0.003833353978478176
412,17,1072.00431348404,254.85761453883887,1072.0,254.86,-0.004313484040039839,0.0023854611611398013,0.004929155050815997
412,18,1175.0127355929978,314.89314619463494,1175.01,314.89,-0.0027355929978511995,-0.0031461946349509162,0.004169173746785619
412,19,1334.1494308801541,412.07665681557773,1334.15,412.08,0.000569119845977184,0.0033431844222491236,0.003391279917708696
412,20,1527.6822159991102,529.5363161087278,1527.68,529.54,-0.002215999110148914,0.0036838912722032546,0.004299035585058129
412,21,1359.973543406674,350.320343495585,1359.97,350.32,-0.0035434066739981063,-0.00034349558501389765,0.003560016864322185
412,22,1370.4698074412076,293.5761569643207,1370.47,293.58,0.00019255879237789486,0.0038430356792673592,0.003847856821744277
412,23,1605.079218487571,406.20326361381296,1605.08,406.2,0.0007815124288299558,-0.0032636138129760184,0.0033558809270687125
412,24,1239.510350356095,191.94156831981923,1239.51,191.94,-0.00035035609494116216,-0.0015683198192277814,0.0016069774263022742
412,25,1357.179693951285,239.95881792278325,1357.18,239.96,0.00030604871517425636,0.0011820772167538962,0.0012210537917833313
412,26,1469.8705454322978,288.01916234719374,1469.87,288.02,-0.0005454322979403514,0.0008376528062399302,0.0009995792191908165
412,27,1715.479736210299,394.2039276288649,1715.48,394.2,0.0002637897009662993,-0.003927628864914823,0.003936477296625498
412,31,566.9817536820875,403.50710762510374,566.98,403.51,-0.0017536820874965997,0.002892374896248384,0.0033824892319790586
413,13,316.11299958050733,233.5830662482828,316.11,233.58,-0.0029995805073212978,-0.003066248282777906,0.0042894477210405945
413,14,320.62678608028943,357.82987171838573,320.63,357.83,0.003213919710560731,0.00012828161425204598,0.0032164788322769796
413,15,321.7128809331278,512.8440510529438,321.71,512.84,-0.0028809331278125683,-0.004051052943736977,0.004970996443359011
413,16,351.68589992719353,897.9451113851196,351.69,897.95,0.00410007280646596,0.004888614880428577,0.006380372439557848
413,17,1071.75323511303,254.89321090412915,1071.75,254.89,-0.0032351130300867226,-0.003210904129161918,0.004558054589855846
413,18,1174.7595516947483,314.9198596459762,1174.76,314.92,0.0004483052516661701,0.0001403540238129608,0.00046976254711498367
413,19,1333.8620731601156,412.0574926116833,1333.86,412.06,-0.002073160115742212,0.0025073883167010536,0.0032534580120593543
413,20,1527.2616619993328,529.4022370815458,1527.26,529.4,-0.0016619993327822158,-0.002237081545786168,0.0027868935438343464
413,21,1359.7301575550055,350.2402576216888,1359.73,350.24,-0.00015755500544401002,-0.0002576216887746341,0.00030198098328794887
413,22,1370.1023555809056,293.43211772324054,1370.1,293.43,-0.002355580905714305,-0.0021177232405307223,0.0031675721186501453
413,23,1604.8094138656784,406.15244771035975,1604.81,406.15,0.0005861343215656234,-0.0024477103597746463,0.002516910695329757
413,24,1239.3827627670712,191.95617623986442,1239.38,191.96,-0.002762767071089911,0.0038237601355888273,0.0047174170330401164
413,25,1356.8847704634636,239.96911344208743,1356.88,239.97,-0.004770463463501073,0.0008865579125654222,0.004852144535041286
413,26,1469.6529090742233,288.0143717603953,1469.65,288.01,-0.002909074223225616,-0.004371760395315505,0.005251190511711121
413,27,1715.1098021577243,394.1529457216487,1715.11,394.15,0.00019784227561103762,-0.002945721648700328,0.002952357972475684
413,31,566.4863152615657,403.6303307188278,566.49,403.63,0.003684738434344581,-0.0003307188277972273,0.0036995502797766817
414,13,315.58474968538053,233.6872996862121,315.58,233.69,-0.004749685380545543,0.0027003137878978123,0.005463625697948121
414,14,319.97008956021705,357.8724037887893,319.97,357.87,-8.956021702033468e-05,-0.0024037887893086918,0.002405456625274893
414,15,321.03466069984586,513.1330382897079,321.03,513.13,-0.004660699845885574,-0.003038289707887998,0.005563571461075696
414,16,351.01442494539515,897.7088335388397,351.01,897.71,-0.00442494539515792,0.0011664611603237063,0.004576108979108016
414,17,1071.5649263347725,254.91990817809688,1071.56,254.92,-0.004926334772562768,9.182190311207705e-05,0.004927190432006072
414,18,1174.5696637710612,314.93989473448215,1174.57,314.94,0.00033622893874962756,0.00010526551784550975,0.00035232191033199187
414,19,1333.6465548700867,412.0431194587625,1333.65,412.04,0.0034451299134161673,-0.0031194587624554515,0.004647573893008586
414,20,1526.6962464994995,529.3016778111594,1526.7,529.3,0.003753500500579321,-0.0016778111594248912,0.004111425092901476
414,21,1359.547618166254,350.1801932162666,1359.55,350.18,0.0023818337458578753,-0.00019321626660939728,0.0023896578245828064
414,22,1369.826766685679,293.3240882924304,1369.83,293.32,0.0032333143208234105,-0.00408829243042419,0.005212336951301737
414,23,1604.607060399259,406.1143357827698,1604.61,406.11,0.0029396007410014136,-0.004335782769771868,0.00523834561127334
414,24,1239.2870720753035,191.96713217989833,1239.29,191.97,0.0029279246964506456,0.002867820101670304,0.004098430817231136
414,25,1356.9135778475977,239.97683508156558,1356.91,239.98,-0.003577847597625805,0.003164918434407582,0.004776787846271769
414,26,1469.4896818056675,288.0107788202965,1469.49,288.01,0.00031819433252167073,-0.0007788202964889024,0.0008413136677078136
414,27,1715.0823516182932,393.8647092912365,1715.08,393.86,-0.0023516182932326046,-0.004709291236508761,0.005263794500863844
414,31,566.1147364461742,403.72274803912086,566.11,403.72,-0.004736446174206321,-0.002748039120831436,0.005475914660654758
415,13,314.6885622640354,233.76547476465907,314.69,233.77,0.0014377359646005061,0.004525235340935296,0.004748140646058785
415,14,319.2275671701628,357.90430284159197,319.23,357.9,0.0024328298372324753,-0.004302841591993456,0.004942985614253532
415,15,320.27599552488437,513.349778717281,320.28,513.35,0.00400447511560742,0.0002212827190533062,0.0040105843705463525
415,16,350.26081870904636,897.5316251541298,350.26,897.53,-0.0008187090463707136,-0.0016251541297833683,0.0018197281247925967
415,17,1071.4236947510794,254.93993113357266,1071.42,254.94,-0.0036947510793652327,6.886642734116322e-05,0.003695392823947853
415,18,1174.427247828296,314.9549210508616,1174.43,314.95,0.002752171704059947,-0.004921050861639742,0.005638367731132254
415,19,1333.484916152565,412.03233959407186,1333.48,412.03,-0.00491615256487421,-0.002339594071884221,0.005444470264618502
415,20,1526.5221848746246,529.2262583583695,1526.52,529.23,-0.0021848746246178052,0.003741641630540471,0.004332846548943587
415,21,1359.4107136246905,350.13514491219996,1359.41,350.14,-0.0007136246904337895,0.004855087800024194,0.004907253584719306
415,22,1369.8700750142593,293.2430662193228,1369.87,293.24,-7.501425943701179e-05,-0.0030662193228181422,0.0030671367877455726
415,23,1604.705295299444,406.08575183707734,1604.71,406.09,0.00470470055597616,0.004248162922635856,0.006338856011825825
415,24,1239.4653040564776,191.97534913492376,1239.47,191.98,0.004695943522392554,0.004650865076229138,0.006609268607250613
415,25,1356.9351833856983,239.7326263111742,1356.94,239.73,0.004816614301716982,-0.0026263111741968714,0.005486099134650769
415,26,1469.6172613542506,287.75808411522235,1469.62,287.76,0.002738645749332136,0.0019158847776452603,0.00334227392975917
415,27,1715.5617637137198,393.6485319684274,1715.56,393.65,-0.0017637137198107666,0.0014680315725854598,0.0022947337064584353
415,31,565.5860523346307,403.79206102934063,565.59,403.79,0.003947665369310016,-0.002061029340609366,0.004453302573473115
416,13,313.76642169802653,233.8241060734943,313.77,233.82,0.003578301973448106,-0.004106073494313023,0.005446474506860614
416,14,318.1706753776221,357.928227131194,318.17,357.93,-0.0006753776220875807,0.0017728688060287823,0.0018971554326956436
416,15,319.2069966436633,513.5123340379607,319.21,513.51,0.003003356336705565,-0.0023340379607361683,0.0038036669790331174
416,16,349.19561403178477,897.3987188655973,349.2,897.4,0.004385968215217417,0.0012811344026886218,0.004569247481002729
416,17,1071.0677710633095,254.9549483501795,1071.07,254.95,0.002228936690471528,-0.004948350179518002,0.005427184193416141
416,18,1174.070435871222,314.9661907881462,1174.07,314.97,-0.00043587122195276606,0.0038092118538202158,0.0038340681618107735
416,19,1333.3636871144236,412.0242546955539,1333.36,412.02,-0.0036871144236556574,-0.004254695553925103,0.005630030819606552
416,20,1526.3916386559686,529.169693768777,1526.39,529.17,-0.001638655968463354,0.00030623122290762694,0.0016670245783623207
416,21,1359.308035218518,350.10135868415,1359.31,350.1,0.001964781482001854,-0.0013586841499773072,0.0023888049086137108
416,22,1369.9025562606944,293.1822996644921,1369.9,293.18,-0.002556260694291268,-0.0022996644921136067,0.0034384481257489705
416,23,1605.0289714745832,406.064313877808,1605.03,406.06,0.0010285254168138636,-0.004313877807987865,0.004434794953014436
416,24,1239.5989780423583,191.9815118511928,1239.6,191.98,0.0010219576415693155,-0.0015118511928164935,0.0018248538161679065
416,25,1357.2013875392738,239.54946973338065,1357.2,239.55,-0.0013875392737645598,0.0005302666193642835,0.0014854117018022674
416,26,1469.962946015688,287.56856308641676,1469.96,287.57,-0.002946015687939507,0.0014369135832339452,0.003277762816200694
416,27,1716.1713227852897,393.4863989763205,1716.17,393.49,-0.0013227852896307013,0.0036010236794936645,0.003836291498666058
416,31,564.939539250973,403.8440457720055,564.94,403.84,0.00046074902707005094,-0.004045772005497383,0.004071923475019185
417,13,312.8248162735199,233.86807955512074,312.82,233.87,-0.004816273519907099,0.0019204448792606854,0.005185036080186609
417,14,317.1280065332166,357.94617034839547,317.13,357.95,0.001993466783403619,0.003829651604519313,0.004317422984667002
417,15,318.1552474827474,513.6342505284706,318.16,513.63,0.004752517252597954,-0.004250528470606696,0.0063760028635250245
417,16,348.1467105238386,897.2990391491979,348.15,897.3,0.003289476161398852,0.0009608508020164663,0.0034269356107384063
417,17,1070.800828297482,254.71621126263463,1070.8,254.72,-0.0008282974820303934,0.0037887373653688883,0.003878222214169822
417,18,1173.8028269034164,314.72464309110967,1173.8,314.72,-0.002826903416462301,-0.004643091109642228,0.005435961550493613
417,19,1333.2727653358177,412.0181910216654,1333.27,412.02,-0.0027653358176848997,0.0018089783345658361,0.0033044643740702665
417,20,1526.2937289919764,529.1272703265828,1526.29,529.13,-0.0037289919764589285,0.002729673417206868,0.004621309135418327
417,21,1359.2310264138885,350.0760190131125,1359.23,350.08,-0.0010264138884394924,0.00398098688748405,0.004111177698507014
417,22,1369.9269171955207,293.1367247483691,1369.93,293.14,0.0030828044793906884,0.0032752516308960367,0.004497883580511888
417,23,1605.2717286059374,406.048235408356,1605.27,406.05,-0.0017286059373873286,0.0017645916440187648,0.0024701947609270755
417,24,1239.4492335317686,191.9861338883946,1239.45,191.99,0.0007664682314043603,0.0038661116054186095,0.0039413566820708556
417,25,1357.1510406544553,239.41210230003549,1357.15,239.41,-0.001040654455209733,-0.0021023000354887245,0.00234576791997072
417,26,1470.2222095117659,287.42642231481256,1470.22,287.43,-0.0022095117658409436,0.003577685187451607,0.004204970100238551
417,27,1716.6284920889673,393.3647992322404,1716.63,393.36,0.0015079110328315437,-0.00479923224037293,0.0050305492523153045
417,31,564.2046544382297,403.8830343290041,564.2,403.88,-0.004654438229636071,-0.003034329004094616,0.005556163041037185
418,13,311.8686122051399,233.90105966634056,311.87,233.9,0.0013877948600793388,-0.0010596663405522122,0.0017461006061971196
418,14,316.34600489991243,357.9596277612966,316.35,357.96,0.003995100087593073,0.00037223870339175846,0.004012404062677257
418,15,317.36643561206057,513.725687896353,317.37,513.73,0.003564387939434255,0.0043121036470665786,0.005594559790173778
418,16,347.36003289287896,896.9742793618984,347.36,896.97,-3.289287894858717e-05,-0.004279361898397838,0.0042794883104110325
418,17,1070.6006212231114,254.78715844697598,1070.6,254.79,-0.0006212231114659517,0.0028415530240124554,0.0029086666606013426
418,18,1173.6021201775623,314.7934823183323,1173.6,314.79,-0.0021201775623467256,-0.0034823183322600926,0.004076971162894486
418,19,1332.9545740018632,412.01364326624906,1332.95,412.01,-0.004574001863147714,-0.0036432662490710754,0.005847639011233438
418,20,1526.2202967439823,529.0954527449371,1526.22,529.1,-0.00029674398228962673,0.004547255062902877,0.004556927210096839
418,21,1359.1732698104163,350.0570142598344,1359.17,350.06,-0.0032698104162136588,0.0029857401656272486,0.004427900687077249
418,22,1369.9451878966406,293.10254356127683,1369.95,293.1,0.004812103359427056,-0.002543561276809214,0.0054429810500030654
418,23,1605.453796454453,406.036176556267,1605.45,406.04,-0.0037964544528676925,0.0038234437330402216,0.005388115476901314
418,24,1239.3369251488266,191.98960041629596,1239.34,191.99,0.003074851173323623,0.00039958370405202004,0.0031007058671588946
418,25,1357.1132804908416,239.3090767250266,1357.11,239.31,-0.003280490841689243,0.0009232749733882883,0.0034079402633984276
418,26,1470.4166571338244,287.31981673610943,1470.42,287.32,0.0033428661756715883,0.0001832638905625572,0.0033478858884426325
418,27,1716.7213690667254,393.2735994241803,1716.72,393.27,-0.0013690667253740685,-0.0035994241803223304,0.003850999627163778
418,31,563.6534908286723,403.91227574675304,563.65,403.91,-0.0034908286722838966,-0.0022757467530141184,0.004167122280794464
419,13,311.15145915385494,233.92579474975543,311.15,233.93,-0.0014591538549666438,0.004205250244581293,0.004451208778749324
419,14,315.5095036749343,357.96972082097244,315.51,357.97,0.0004963250656828677,0.0002791790275864514,0.0005694554418646112
419,15,316.52482670904544,513.7942659222647,316.52,513.79,-0.00482670904546012,-0.004265922264721667,0.0064416778076968875
419,16,346.5200246696592,896.7307095214238,346.52,896.73,-2.4669659239862085e-05,-0.000709521423800652,0.00070995016932114
419,17,1070.2004659173335,254.84036883523197,1070.2,254.84,-0.0004659173334857769,-0.00036883523196706847,0.0005942376544638498
419,18,1173.2015901331717,314.8451117387492,1173.2,314.85,-0.0015901331717032008,0.00488826125081232,0.005140391187443239
419,19,1332.7159305013975,412.0102324496868,1332.72,412.01,0.00406949860257555,-0.00023244968679136946,0.004076131957291589
419,20,1525.9152225579867,529.0715895587028,1525.92,529.07,0.004777442013391919,-0.0015895587027898728,0.005034942806123746
419,21,1358.8799523578123,350.04276069487577,1358.88,350.04,4.76421878374822e-05,-0.0027606948757465943,0.0027611059333237193
419,22,1369.7088909224804,293.0769076709576,1369.71,293.08,0.0011090775196862523,0.003092329042374331,0.003285201949802349
419,23,1605.3403473408398,406.0271324172002,1605.34,406.03,-0.00034734083988041675,0.0028675827997517445,0.0028885423265863504
419,24,1239.25269386162,191.99220031222197,1239.25,191.99,-0.002693861619945892,-0.0022003122219587112,0.0034782559281223667
419,25,1357.0849603681313,239.23180754376995,1357.08,239.23,-0.004960368131378345,-0.00180754376995651,0.005279438083650806
419,26,1470.3124928503682,287.23986255208206,1470.31,287.24,-0.0024928503682986047,0.00013744791795033962,0.002496636715438466
419,27,1716.7910268000442,393.20519956813524,1716.79,393.21,-0.0010268000442010816,0.00480043186473722,0.004909018681850356
419,31,562.9901181215042,403.9342068100648,562.99,403.93,-0.00011812150421519618,-0.004206810064772526,0.004208468083617777
420,13,310.36359436539124,233.94434606231658,310.36,233.94,-0.003594365391222709,-0.0043460623165856305,0.005639833350841604
420,14,314.8821277562007,357.9772906157293,314.88,357.98,-0.0021277562007071538,0.0027093842707017757,0.00344501227515577
420,15,315.89362003178405,513.8456994416986,315.89,513.85,-0.0036200317840666685,0.004300558301451929,0.005621337191615533
420,16,345.8900185022444,896.7980321410679,345.89,896.8,-1.850224441568571e-05,0.001967858932061972,0.001967945911234479
420,17,1069.9003494380001,254.88027662642398,1069.9,254.88,-0.00034943800005748926,-0.0002766264239824068,0.00044567824080772903
420,18,1172.9011925998789,314.8838338040619,1172.9,314.88,-0.0011925998787774006,-0.0038338040619123603,0.004015015324503206
420,19,1332.286947876048,412.0076743372651,1332.29,412.01,0.003052123951874819,0.002325662734904199,0.003837208330822037
420,20,1525.43641691849,529.0536921690272,1525.44,529.05,0.003583081509987096,-0.0036921690272038177,0.005144957262471147
420,21,1358.659964268359,350.0320705211568,1358.66,350.03,3.5731640991798486e-05,-0.0020705211568383675,0.002070829450023168
420,22,1369.5316681918603,293.0576807532182,1369.53,293.06,-0.0016681918602898804,0.0023192467817807483,0.0028568811171516694
420,23,1605.0052605056298,405.7703493129002,1605.01,405.77,0.004739494370141983,-0.0003493129001981288,0.00475234956488392
420,24,1238.939520396215,191.99415023416648,1238.94,191.99,0.0004796037851519941,-0.004150234166473865,0.004177853926036565
420,25,1356.8137202760986,239.17385565782746,1356.81,239.17,-0.003720276098647446,-0.003855657827472214,0.005357849525016097
420,26,1469.9843696377761,287.17989691406154,1469.98,287.18,-0.004369637776107993,0.00010308593846275471,0.004370853578547188
420,27,1716.5932701000331,393.15389967610145,1716.59,393.15,-0.003270100033205381,-0.0038996761014686854,0.005089305249593095
420,31,562.4925885911282,403.9506551075486,562.49,403.95,-0.002588591128187545,-0.000655107548595879,0.0026702003537484916
421,13,309.7726957740434,233.95825954673745,309.77,233.96,-0.0026957740434454536,0.0017404532625562297,0.003208796542702088
421,14,314.16159581715056,357.982967961797,314.16,357.98,-0.0015958171505303653,-0.0029679617969691208,0.003369781833619949
421,15,315.42021502383807,513.884274581274,315.42,513.88,-0.0002150238380522751,-0.004274581273989497,0.004279986018537024
421,16,345.4175138766833,896.848524105801,345.42,896.85,0.0024861233167143837,0.0014758941990749008,0.002891206120769301
421,17,1069.6752620785,254.91020746981798,1069.68,254.91,0.004737921500009179,-0.00020746981797969966,0.004742461793796737
421,18,1172.6758944499093,314.91287535304645,1172.68,314.91,0.004105550090798715,-0.0028753530464200594,0.005012304528818501
421,19,1331.9652109070362,412.0057557529488,1331.97,412.01,0.004789092963846997,0.0042442470511900865,0.006399144040252928
421,20,1525.0773126888676,529.0402691267703,1525.08,529.04,0.002687311132376635,-0.0002691267703767153,0.002700753661615364
421,21,1358.4949732012692,350.0240528908676,1358.49,350.02,-0.00497320126919476,-0.004052890867626502,0.006415501168950924
421,22,1369.3987511438952,293.0432605649137,1369.4,293.04,0.0012488561048940028,-0.0032605649136598913,0.0034915505333477496
421,23,1604.7539453792224,405.82776198467513,1604.75,405.83,-0.003945379222386691,0.0022380153248491297,0.004535937588051688
421,24,1238.7046402971612,191.99561267562487,1238.7,192.0,-0.004640297161131457,0.0043873243751306745,0.006385998192625834
421,25,1356.6102902070738,239.13039174337058,1356.61,239.13,-0.00029020707393101475,-0.0003917433705851181,0.0004875274496446232
421,26,1469.9882772283322,287.13492268554614,1469.99,287.13,0.001722771667800771,-0.0049226855461483865,0.005215436243080275
421,27,1716.444952575025,393.1154247570761,1716.44,393.12,-0.0049525750248449185,0.0045752429239200865,0.006742465957615097
421,31,562.1194414433462,403.96299133066145,562.12,403.96,0.000558556653800224,-0.0029913306614730573,0.0030430321493164253
422,13,309.3295218305326,233.96869466005307,310.5,230.4,1.1704781694674011,-3.568694660053069,3.7557423662827363
422,14,313.6211968628629,357.98722597134775,329.2,362.8,15.578803137137072,4.812774028652257,16.305272185294594
422,15,314.8151612678786,513.9132059359555,346.0,521.1,31.18483873212142,7.186794064044534,32.00225266551413
422,16,345.0631354075125,896.6363930793507,385.8,901.4,40.73686459248751,4.763606920649295,41.01443755217326
422,17,1069.506446558875,254.93265560236347,1069.51,254.93,0.003553441124950041,-0.0026556023634611847,0.00443612079877305
422,18,1172.506920837432,314.9346565147848,1160.3,318.3,-12.206920837432108,3.3653434852151918,12.662324158890206
422,19,1331.7239081802772,412.0043168147116,1302.3,414.3,-29.423908180277294,2.2956831852883965,29.51332807205255
422,20,1524.8079845166508,528.7802018450777,1524.81,528.78,0.0020154833491687896,-0.00020184507775411475,0.0020255652460955697
422,21,1358.371229900952,350.0180396681507,1358.37,350.02,-0.0012299009520120308,0.0019603318492613653,0.002314207706967675
422,22,1369.2990633579213,293.03244542368526,1376.1,291.0,6.800936642078568,-2.0324454236852603,7.098138742644164
422,23,1604.5654590344168,405.62082148850635,1599.1,405.6,-5.465459034416881,-0.020821488506328478,5.465498695569575
422,24,1238.528480222871,191.99670950671864,1256.2,179.1,17.671519777129106,-12.89670950671865,21.87710509491949
422,25,1356.4577176553053,239.34779380752792,1369.4,230.5,12.942282344694831,-8.847793807527921,15.677567654146129
422,26,1469.741207921249,287.1011920141596,1480.6,279.6,10.858792078750866,-7.501192014159585,13.19777432156021
422,27,1716.3337144312686,393.08656856780703,1725.2,390.4,8.866285568731428,-2.6865685678070577,9.264376420235958
422,31,561.8395810825097,403.9722434979961,594.2,412.4,32.36041891749039,8.427756502003888,33.43985335154057
423,13,308.9971413728995,233.9765209950398,309.0,233.98,0.002858627100522426,0.003479004960183829,0.004502801840279554
423,14,313.2158976471472,357.99041947851083,313.22,357.99,0.004102352852839886,-0.0004194785108211363,0.004123743584444148
423,15,314.36137095090896,513.6849044519666,314.36,513.68,-0.0013709509089494532,-0.004904451966694978,0.0050924606516268315
423,16,344.54735155563435,896.4772948095131,344.55,896.48,0.002648444365661362,0.0027051904869495047,0.0037858041587865467
423,17,1069.3798349191563,254.94949170177262,1069.38,254.95,0.00016508084377164778,0.000508298227373416,0.0005344331323293084
423,18,1172.3801906280742,314.9509923860886,1172.38,314.95,-0.00019062807405134663,-0.0009923860886260627,0.0010105291740049177
423,19,1331.542931135208,412.0032376110337,1331.54,412.0,-0.002931135207973057,-0.003237611033682697,0.004367342305435102
423,20,1524.6059883874882,528.8351513838084,1524.61,528.84,0.004011612511703788,0.0048486161916798665,0.006293021048612387
423,21,1358.0284224257139,350.013529751113,1358.03,350.01,0.00157757428610239,-0.0035297511130352177,0.003866249286859918
423,22,1369.224297518441,293.02433406776396,1369.22,293.02,-0.0042975184410352085,-0.0043340677639776,0.006103507854814925
423,23,1604.4240942758126,405.71561611637975,1604.42,405.72,-0.004094275812576598,0.004383883620278084,0.0059984606379964054
423,24,1238.3963601671533,191.997532130039,1238.4,192.0,0.0036398328468294494,0.002467869961009228,0.0043975863035658844
423,25,1356.343288241479,239.51084535564593,1356.34,239.51,-0.003288241479140197,-0.0008453556459357969,0.0033951668873935547
423,26,1469.5559059409368,287.0758940106197,1469.56,287.08,0.004094059063163513,0.0041059893802639635,0.005798315997210893
423,27,1716.2502858234516,393.0649264258553,1716.25,393.06,-0.0002858234515770164,-0.004926425855273919,0.004934710402139397
423,31,561.6296858118823,403.9791826234971,561.63,403.98,0.00031418811772709887,0.0008173765029368951,0.0008756817463406699
424,13,308.7478560296746,233.98239074627986,308.75,233.98,0.0021439703253918196,-0.0023907462798717916,0.003211273350383227
424,14,312.9119232353604,357.9928146088831,312.91,357.99,-0.0019232353603797492,-0.0028146088831135785,0.0034089378721702877
424,15,314.0210282131817,513.763678338975,314.02,513.76,-0.0010282131817120899,-0.0036783389749643902,0.0038193454886653786
424,16,344.41051366672576,896.3579711071347,344.41,896.36,-0.0005136667257374938,0.002028892865268972,0.0020929070127144243
424,17,1069.0348761893672,254.96211877632948,1069.03,254.96,-0.00487618936722356,-0.0021187763294676643,0.005316618839011931
424,18,1172.0351429710556,314.96324428956643,1172.04,314.96,0.004857028944343256,-0.0032442895664530624,0.005840902751902685
424,19,1331.407198351406,412.00242820827526,1331.41,412.0,0.00280164859418619,-0.0024282082752620227,0.003707483010528359
424,20,1524.4544912906163,528.6263635378563,1524.45,528.63,-0.004491290616215338,0.003636462143731478,0.005778888156219679
424,21,1357.7713168192854,350.01014731333476,1357.77,350.01,-0.0013168192854209337,-0.00014731333476447617,0.0013250336784610152
424,22,1368.9182231388309,293.018250550823,1368.92,293.02,0.0017768611692190461,0.0017494491769980414,0.002493553295515779
424,23,1604.3180707068595,405.5367120872848,1604.32,405.54,0.001929293140392474,0.003287912715222774,0.003812157137958645
424,24,1238.297270125365,191.99814909752925,1238.3,192.0,0.002729874634951557,0.0018509024707498156,0.0032981897275292803
424,25,1356.2574661811093,239.38313401673446,1356.26,239.38,0.002533818890697148,-0.003134016734463785,0.004030173577248599
424,26,1469.4169294557025,287.0569205079648,1469.42,287.06,0.003070544297543165,0.0030794920352263944,0.004348736998048703
424,27,1716.1877143675888,393.04869481939147,1716.19,393.05,0.0022856324112581206,0.001305180608540013,0.002632035702702851
424,31,561.4722643589117,403.9843869676228,561.47,403.98,-0.002264358911702402,-0.004386967622792781,0.00493688223522075
425,13,308.560892022256,233.9867930597099,308.56,233.99,-0.0008920222559822832,0.003206940290112925,0.00332868889046683
425,14,312.6839424265203,357.9946109566623,312.68,357.99,-0.003942426520268327,-0.004610956662304488,0.006066601042541464
425,15,313.7657711598863,513.8227587542312,313.77,513.82,0.004228840113682963,-0.002758754231194871,0.00504913988865725
425,16,344.3078852500443,896.2684783303511,344.31,896.27,0.002114749955694606,0.0015216696489233072,0.0026053110938167668
425,17,1068.5261571420253,254.9715890822471,1068.53,254.97,0.003842857974632352,-0.0015890822471078536,0.004158454015769419
425,18,1171.5263572282918,314.97243321717485,1171.53,314.97,0.0036427717082005984,-0.002433217174825586,0.004380677063871852
425,19,1331.0553987635544,412.00182115620646,1331.06,412.0,0.004601236445523682,-0.0018211562064607278,0.004948533798605991
425,20,1524.090868467962,528.4697726533922,1524.09,528.47,-0.000868467962163777,0.00022734660785772576,0.0008977321880211927
425,21,1357.328487614464,350.00761048500107,1357.33,350.01,0.0015123855359888694,0.002389514998924369,0.0028279130007043828
425,22,1368.438667354123,293.0136879131172,1368.44,293.01,0.0013326458770279714,-0.0036879131172327106,0.003921306949706532
425,23,1603.7385530301447,405.4025340654636,1603.74,405.4,0.001446969855351199,-0.0025340654636352156,0.0029180831955727083
425,24,1237.7229525940238,191.99861182314694,1237.72,192.0,-0.002952594023781785,0.0013881768530552563,0.003262644087949267
425,25,1355.693099635832,239.53735051255086,1355.69,239.54,-0.0030996358318589046,0.002649487449133403,0.004077686357882257
425,26,1468.812697091777,287.04269038097357,1468.81,287.04,-0.002697091777008609,-0.002690380973547235,0.0038095214707929426
425,27,1715.6407857756917,393.0365211145436,1715.64,393.04,-0.0007857756916109793,0.0034788854564453686,0.0035665231608099524
425,31,561.3541982691838,403.9882902257171,561.35,403.99,-0.0041982691838029496,0.0017097742829150775,0.004533077568075275
426,13,308.170669016692,233.9900947947824,308.17,233.99,-0.0006690166919725016,-9.479478239882155e-05,0.0006756991822607668
426,14,312.5129568198902,358.24595821749676,312.51,358.25,-0.0029568198901870346,0.004041782503236391,0.005007872768598808
426,15,313.5743283699147,513.8670690656734,313.57,513.87,-0.004328369914730956,0.002930934326627721,0.005227347524868875
426,16,343.9809139375332,896.2013587477633,343.98,896.2,-0.0009139375331983501,-0.0013587477632199807,0.0016375216940987334
426,17,1068.144617856519,254.97869181168534,1068.14,254.98,-0.004617856518962071,0.0013081883146526252,0.004799578679041961
426,18,1171.1447679212188,314.9793249128811,1171.14,314.98,-0.0047679212186722,0.0006750871189069585,0.004815476649884068
426,19,1330.541549072666,412.00136586715485,1330.54,412.0,-0.0015490726659663778,-0.0013658671548455459,0.0020652407145730126
426,20,1523.5681513509717,528.3523294900441,1523.57,528.35,0.0018486490282612067,-0.0023294900440760102,0.0029738909016876116
426,21,1356.9963657108478,350.0057078637508,1357.0,350.01,0.0036342891521599086,0.004292136249205214,0.005624099147707888
426,22,1367.8290005155923,293.2602659348379,1367.83,293.26,0.0009994844076572917,-0.000265934837898385,0.0010342583909053325
426,23,1603.3039147726086,405.3019005490977,1603.3,405.3,-0.00391477260859574,-0.0019005490976837791,0.004351727409859001
426,24,1237.2922144455179,192.24895886736022,1237.29,192.25,-0.002214445517893182,0.0010411326397843368,0.002446983066010369
426,25,1355.269824726874,239.65301288441316,1355.27,239.65,0.00017527312593301758,-0.0030128844131525057,0.0030179783226013486
426,26,1468.3595228188328,287.2820177857302,1468.36,287.28,0.0004771811670707393,-0.0020177857302314806,0.002073441853376357
426,27,1714.980589331769,393.0273908359077,1714.98,393.03,-0.0005893317688787647,0.002609164092291394,0.0026748923706034506
426,31,561.2656487018878,403.99121766928783,561.27,403.99,0.004351298112169388,-0.001217669287825629,0.004518463649901663
427,13,307.878001762519,234.2425710960868,307.88,234.24,0.00199823748101835,-0.0025710960867968424,0.003256299758635344
427,14,312.38471761491763,358.4344686631226,326.8,364.2,14.415282385082378,5.765531336877416,15.525518279213154
427,15,313.430746277436,513.900301799255,344.2,521.6,30.769253722563974,7.699698200745047,31.718012658835885
427,16,343.7356854531499,896.1510190608225,386.1,901.9,42.364314546850096,5.7489809391775,42.752613123217166
427,17,1067.8584633923892,254.984018858764,1067.86,254.98,0.0015366076106602122,-0.004018858763998878,0.004302602551260048
427,18,1170.858575940914,314.98449368466083,1159.1,318.9,-11.75857594091417,3.915506315339144,12.393357005416503
427,19,1330.1561618044993,412.00102440036613,1299.1,415.0,-31.056161804499425,2.998975599633866,31.200625645561153
427,20,1523.1761135132288,528.264247117533,1472.9,533.0,-50.276113513228665,4.735752882466954,50.498662807631334
427,21,1356.497274283136,350.0042808978131,1356.5,350.0,0.0027257168640062446,-0.004280897813089268,0.005074999360476858
427,22,1367.3717503866942,293.1951994511284,1374.8,289.8,7.428249613305752,-3.3951994511284056,8.167390748000225
427,23,1602.9779360794564,405.22642541182324,1602.98,405.23,0.002063920543605491,0.0035745881767752508,0.0041276444425190255
427,24,1236.9691608341384,192.43671915052016,1258.0,180.9,21.030839165861607,-11.536719150520156,23.98733175612321
427,25,1354.9523685451554,239.73975966330988,1369.9,230.2,14.947631454844668,-9.539759663309894,17.73241947799499
427,26,1468.0196421141245,287.46151333929765,1481.6,280.0,13.5803578858754,-7.461513339297653,15.495170267569666
427,27,1714.4854419988267,393.02054312693076,1714.49,393.02,0.004558001173336379,-0.0005431269307791808,0.00459024635058658
427,31,560.9492365264159,403.9934132519659,599.2,415.1,38.25076347358413,11.106586748034147,39.83060601476816
428,13,307.4085013218892,234.43192832206512,307.41,234.43,0.0014986781108063951,-0.0019283220651118427,0.00244222481901389
428,14,312.0385382111882,358.57585149734194,312.04,358.58,0.0014617888118095834,0.004148502658040343,0.004398511206544717
428,15,313.07305970807704,513.9252263494412,313.07,513.93,-0.0030597080770462526,0.0047736505587181455,0.005670057598780822
428,16,343.55176408986244,896.1132642956169,343.55,896.11,-0.0017640898624335932,-0.0032642956168729143,0.0037104769123492325
428,17,1067.393847544292,254.988014144073,1067.39,254.99,-0.003847544291829763,0.00198585592701761,0.004329806097328466
428,18,1170.3939319556855,314.98837026349565,1170.39,314.99,-0.0039319556854024995,0.0016297365043556056,0.004256326654005572
428,19,1329.8671213533744,412.0007683002746,1329.87,412.0,0.0028786466255041887,-0.0007683002746148304,0.0029794113020024404
428,20,1522.6320851349215,528.1981853381498,1522.63,528.2,-0.0020851349213444337,0.0018146618502896672,0.0027641970391248842
428,21,1356.122955712352,350.00321067335983,1356.12,350.0,-0.002955712352104456,-0.003210673359831162,0.004364018667686056
428,22,1367.0288127900208,293.3963995883463,1367.03,293.4,0.0011872099792071822,0.003600411653678748,0.003791098997741269
428,23,1602.4834520595923,405.16981905886746,1602.48,405.17,-0.0034520595922913344,0.0001809411325552901,0.003456798391891116
428,24,1236.4768706256039,192.57753936289012,1236.48,192.58,0.003129374396166895,0.002460637109891195,0.003980919378480129
428,25,1354.4642764088667,239.8048197474824,1354.46,239.8,-0.004276408866644488,-0.004819747482400771,0.006443418237924973
428,26,1467.5147315855934,287.59613500447324,1467.51,287.6,-0.004731585593390264,0.0038649955267828773,0.006109508380355161
428,27,1714.11408149912,393.01540734519807,1714.11,393.02,-0.004081499120047738,0.004592654801911067,0.006144193453698153
428,31,560.7119273948119,403.9950599389744,560.71,404.0,-0.00192739481190074,0.004940061025592968,0.005302740206489898
429,13,307.0563759914169,234.57394624154884,307.06,234.57,0.003624008583074101,-0.003946241548845819,0.005357822372198597
429,14,311.5289036583912,358.68188862300644,311.53,358.68,0.0010963416087861333,-0.0018886230064367737,0.0021837723744928283
429,15,312.8047947810578,513.9439197620809,312.8,513.94,-0.0047947810577966266,-0.003919762080840883,0.0061930977840337215
429,16,343.41382306739683,896.0849482217127,343.41,896.08,-0.0038230673968087103,-0.004948221712652412,0.006253058646622987
429,17,1067.045385658219,254.99101060805475,1067.05,254.99,0.00461434178100717,-0.001010608054741624,0.004723714503677912
429,18,1170.045448966764,314.99127769762174,1170.05,314.99,0.004551033235884461,-0.001277697621731022,0.004726987912688385
429,19,1329.4003410150308,412.000576225206,1329.4,412.0,-0.0003410150306990545,-0.0005762252059753337,0.0006695720567377292
429,20,1522.2240638511912,528.1486390036123,1522.22,528.15,-0.004063851191176582,0.0013609963876888287,0.0042856968711435205
429,21,1355.592216784264,350.0024080050199,1355.59,350.0,-0.002216784264192029,-0.0024080050199017933,0.0032730140008624515
429,22,1366.5216095925157,293.5472996912597,1366.52,293.55,-0.0016095925157060265,0.0027003087403159043,0.0031436372818191543
429,23,1601.8625890446942,405.1273642941506,1601.86,405.13,-0.0025890446943321876,0.002635705849399983,0.003694603869674114
429,24,1236.107652969203,192.6831545221676,1236.11,192.68,0.002347030796954641,-0.003154522167591267,0.003931865163974757
429,25,1354.09820730665,239.85361481061182,1354.1,239.85,0.0017926933498984,-0.0036148106118218948,0.004034923197052223
429,26,1467.136048689195,287.69710125335496,1467.14,287.7,0.0039513108051778545,0.0028987466450303145,0.00490057029244452
429,27,1713.58556112434,393.01155550889854,1713.59,393.01,0.0044388756598436885,-0.0015555088985479415,0.004703533252461874
429,31,560.283945546109,403.9962949542308,560.28,404.0,-0.003945546108980125,0.0037050457692089367,0.005412457690367773
430,13,306.5422819935627,234.93045968116164,306.54,234.93,-0.002281993562689877,-0.00045968116162953265,0.00232783190770191
430,14,310.89667774379336,359.01141646725483,310.9,359.01,0.003322256206615748,-0.0014164672548417911,0.003611615398465886
430,15,312.35359608579336,514.2079398215607,312.35,514.21,-0.003596085793333259,0.0020601784393647904,0.00414441410033274
430,16,343.0603673005476,896.3137111662845,343.06,896.31,-0.00036730054762301734,-0.003711166284574574,0.003729298175802951
430,17,1066.7840392436642,255.24325795604108,1066.78,255.24,-0.004039243664237802,-0.003257956041068155,0.005189389843191366
430,18,1169.784086725073,314.99345827321633,1169.78,314.99,-0.004086725072966146,-0.0034582732163244145,0.005353594629849833
430,19,1329.050255761273,412.00043216890447,1329.05,412.0,-0.0002557612731379777,-0.0004321689044672894,0.0005021790425989681
430,20,1521.9180478883934,528.1114792527092,1521.92,528.11,0.0019521116066698596,-0.0014792527091458396,0.0024492709736594043
430,21,1355.1941625881982,350.00180600376495,1355.19,350.0,-0.004162588198141748,-0.0018060037649547667,0.004537487201782475
430,22,1366.1412071943869,293.6604747684448,1366.14,293.66,-0.0012071943867795198,-0.0004747684447465872,0.0012971982745899233
430,23,1601.3969417835206,405.09552322061296,1601.4,405.1,0.003058216479530529,0.004476779387061924,0.005421645664933724
430,24,1235.8307397269023,192.7623658916257,1235.83,192.76,-0.0007397269023385888,-0.0023658916257147666,0.0024788382510100787
430,25,1353.8236554799876,239.89021110795886,1353.82,239.89,-0.003655479987628496,-0.00021110795887580025,0.0036615707708923416
430,26,1466.852036516896,287.7728259400162,1466.85,287.77,-0.002036516896168905,-0.0028259400162369275,0.0034832941368409588
430,27,1713.189170843255,393.0086666316739,1713.19,393.01,0.0008291567451124138,0.0013333683260725593,0.0015701503115749622
430,31,559.7129591595817,404.2472212156731,559.71,404.25,-0.00295915958167825,0.0027787843268924917,0.0040593432677246645
431,13,306.15671149517203,234.94784476087122,306.16,234.95,0.0032885048279922557,0.0021552391287684713,0.003931834140182296
431,14,310.422508307845,359.25856235044114,310.42,359.26,-0.00250830784500522,0.001437649558852172,0.0028910974558777115
431,15,312.015197064345,514.4059548661705,312.02,514.41,0.0048029356549932345,0.004045133829436054,0.006279434576779448
431,16,342.54527547541073,896.4852833747134,342.55,896.49,0.0047245245892781895,0.004716625286619092,0.006675903436170184
431,17,1066.338029432748,255.4324434670308,1066.34,255.43,0.0019705672518739448,-0.0024434670307869055,0.0031390550209737652
431,18,1169.3380650438048,314.9950937049123,1169.34,315.0,0.0019349561951003125,0.004906295087721446,0.005274067402371406
431,19,1328.537691820955,412.0003241266784,1328.54,412.0,0.002308179045030556,-0.00032412667837888876,0.002330825735132316
431,20,1521.438535916295,528.0836094395319,1521.44,528.08,0.0014640837050592381,-0.0036094395318286843,0.003895073148138255
431,21,1354.8956219411486,350.2513545028237,1354.9,350.25,0.004378058851443711,-0.0013545028236876533,0.004582802331116023
431,22,1365.8559053957902,293.74535607633356,1365.86,293.75,0.004094604209740282,0.004643923666435512,0.0061912689050066866
431,23,1601.0477063376404,405.32164241545973,1601.05,405.32,0.00229366235953421,-0.0016424154597416418,0.0028210663873688593
431,24,1235.6230547951768,192.8217744187193,1235.62,192.82,-0.003054795176922198,-0.0017744187192931804,0.0035327518118777003
431,25,1353.3677416099906,239.91765833096915,1353.37,239.92,0.0022583900092740805,0.002341669030840876,0.003253265941171768
431,26,1466.639027387672,287.82961945501216,1466.64,287.83,0.0009726123280415777,0.00038054498782003066,0.0010444085543566775
431,27,1712.8918781324412,393.00649997375547,1712.89,393.01,-0.0018781324411065725,0.003500026244523724,0.0039720983344690465
431,31,559.2847193696863,404.43541591175483,559.28,404.44,-0.004719369686313257,0.004584088245167095,0.0065792336389257095
432,13,305.36753362137904,234.9608835706534,308.3,232.6,2.9324663786209726,-2.3608835706534137,3.764721808570138
432,14,309.8168812308838,359.4439217628309,324.8,365.8,14.983118769116231,6.356078237169129,16.275551560744667
432,15,311.2613977982587,514.5544661496278,343.1,522.1,31.83860220174131,7.5455338503721805,32.72050841976388
432,16,341.90895660655804,896.613962531035,384.1,904.1,42.19104339344199,7.486037468965037,42.850028000154836
432,17,1066.003522074561,255.5743326002731,1061.1,254.5,-4.903522074561124,-1.0743326002730953,5.0198325939933275
432,18,1169.0035487828536,315.2463202786842,1155.2,319.4,-13.803548782853568,4.153679721315768,14.414958002987316
432,19,1328.1532688657162,412.2502430950088,1295.7,415.2,-32.453268865716154,2.9497569049912045,32.58704843751586
432,20,1521.0789019372212,528.3127070796489,1469.7,535.2,-51.378901937221144,6.887292920351115,51.838464175217474
432,21,1354.6717164558615,350.43851587711777,1354.67,350.44,-0.0017164558614695125,0.0014841228822319863,0.0022691058710288562
432,22,1365.6419290468425,293.8090170572502,1373.1,289.3,7.458070953157403,-4.509017057250162,8.715162486431511
432,23,1600.7857797532304,405.4912318115948,1593.0,405.1,-7.785779753230372,-0.39123181159476417,7.795603164362314
432,24,1235.2172910963827,192.86633081403946,1256.5,180.2,21.282708903617277,-12.666330814039469,24.766704152284692
432,25,1353.025806207493,239.93824374822685,1367.6,229.9,14.574193792507003,-10.038243748226847,17.69670766697481
432,26,1466.479270540754,287.87221459125914,1476.9,279.7,10.420729459246104,-8.172214591259149,13.242986588696242
432,27,1712.418908599331,393.2548749803166,1719.1,390.6,6.681091400668947,-2.6548749803165492,7.189251940584873
432,31,558.7135395272647,404.57656193381615,591.7,412.7,32.9864604727353,8.123438066183837,33.97200053771419
433,13,304.52565021603425,234.97066267799005,304.53,234.97,0.004349783965722054,-0.0006626779900500424,0.0043999730302525086
433,14,309.1126609231628,359.58294132212313,309.11,359.58,-0.002660923162807194,-0.002941322123149348,0.003966344401396786
433,15,310.44604834869403,514.6658496122209,310.45,514.67,0.003951651305953874,0.004150387779077391,0.00573073003731304
433,16,341.1817174549185,896.7104718982762,341.18,896.71,-0.0017174549184915122,-0.0004718982761460211,0.0017811062236936554
433,17,1065.5026415559207,255.68074945020481,1065.5,255.68,-0.0026415559207180195,-0.0007494502048075447,0.002745813775871644
433,18,1168.5026615871402,315.43474020901317,1168.5,315.43,-0.002661587140210031,-0.004740209013164076,0.005436324824126439
433,19,1327.8649516492871,412.1876823212566,1327.86,412.19,-0.004951649287249893,0.0023176787433953905,0.005467217338053171
433,20,1520.5591764529158,528.4845303097367,1520.56,528.48,0.0008235470841100323,-0.004530309736651361,0.004604556016571441
433,21,1354.2537873418962,350.5788869078383,1354.25,350.58,-0.0037873418962135474,0.0011130921616882006,0.003947522362093233
433,22,1365.231446785132,293.8567627929376,1365.23,293.86,-0.001446785131975048,0.003237207062397829,0.0035457998791446816
433,23,1600.3393348149227,405.6184238586961,1600.34,405.62,0.0006651850771959289,0.0015761413039285799,0.0017107579013039332
433,24,1234.912968322287,192.8997481105296,1234.91,192.9,-0.002968322286960756,0.00025188947040533094,0.002978990685545863
433,25,1352.7693546556197,239.95368281117015,1352.77,239.95,0.0006453443802456604,-0.0036828111701652233,0.0037389259800387057
433,26,1466.1094529055654,287.90416094344437,1466.11,287.9,0.0005470944345233875,-0.004160943444389886,0.0041967562077987845
433,27,1712.0641814494982,393.44115623523743,1712.06,393.44,-0.004181449498219081,-0.0011562352374312468,0.004338363727309444
433,31,558.2851546454485,404.6824214503621,558.29,404.68,0.004845354551434866,-0.0024214503620783034,0.00541672249474899
434,13,304.1442376620257,234.97799700849254,304.14,234.98,-0.00423766202573006,0.002002991507453089,0.004687190461592509
434,14,308.5844956923721,359.68720599159235,308.58,359.69,-0.004495692372131543,0.0027940084076476523,0.005293177957224517
434,15,310.0845362615205,514.4993872091657,310.08,514.5,-0.004536261520513563,0.0006127908343387389,0.004577464493487807
434,16,340.8862880911889,896.7828539237071,340.89,896.78,0.0037119088111126075,-0.002853923707107242,0.004682216093689414
434,17,1065.1269811669406,255.76056208765362,1065.13,255.76,0.0030188330595137813,-0.0005620876536340802,0.0030707158076873874
434,18,1168.1269961903552,315.3260551567599,1168.13,315.33,0.003003809644951616,0.003944843240105911,0.004958292102338633
434,19,1327.3987137369654,412.1407617409425,1327.4,412.14,0.0012862630346717197,-0.000761740942493816,0.001494898611222269
434,20,1519.9193823396868,528.3633977323025,1519.92,528.36,0.0006176603133098979,-0.003397732302460099,0.003453417012441285
434,21,1353.6903405064222,350.6841651808787,1353.69,350.68,-0.0003405064221624343,-0.004165180878715091,0.004179076019402816
434,22,1364.673585088849,293.8925720947032,1364.67,293.89,-0.003585088848922169,-0.0025720947032255026,0.004412316083082304
434,23,1599.754501111192,405.71381789402204,1599.75,405.71,-0.004501111191984819,-0.0038178940220632285,0.005902229809683551
434,24,1234.4347262417152,192.9248110828972,1234.43,192.92,-0.00472624171516145,-0.004811082897219876,0.006744173736941675
434,25,1352.3270159917147,239.9652621083776,1352.33,239.97,0.002984008285238815,0.004737891622397683,0.005599278745692167
434,26,1465.582089679174,287.9281207075833,1465.58,287.93,-0.0020896791741051857,0.0018792924167314595,0.002810426842718611
434,27,1711.5481360871236,393.33086717642806,1711.55,393.33,0.0018639128763879853,-0.0008671764280734351,0.0020557641324264646
434,31,557.9638659840864,404.51181608777154,557.96,404.51,-0.0038659840863601858,-0.0018160877715445167,0.004271300475258528
435,13,303.8581782465193,234.9834977563694,303.86,234.98,0.0018217534807263291,-0.0034977563693985303,0.003943740022390736
435,14,308.1883717692791,359.7654044936943,308.19,359.77,0.0016282307208825841,0.004595506305690833,0.0048754295693887355
435,15,309.5634021961404,514.6245404068743,309.56,514.62,-0.003402196140370961,-0.004540406874298242,0.005673643728833332
435,16,340.41471606839167,896.8371404427803,340.41,896.84,-0.004716068391644512,0.0028595572197218644,0.005515284994225765
435,17,1064.5952358752054,255.82042156574022,1064.6,255.82,0.004764124794519375,-0.00042156574022556015,0.004782740086089376
435,18,1167.5952471427663,315.4945413675699,1167.6,315.49,0.0047528572335977515,-0.004541367569913746,0.00657371061791031
435,19,1326.799035302724,412.10557130570686,1326.8,412.11,0.0009646972760037897,0.004428694293153512,0.004532546081016674
435,20,1519.439536754765,528.5225482992269,1519.44,528.52,0.00046324523509611026,-0.002548299226873496,0.0025900627593792606
435,21,1353.2677553798167,350.76312388565907,1353.27,350.76,0.002244620183319057,-0.003123885659078951,0.003846684465661618
435,22,1364.2551888166367,293.9194290710274,1364.26,293.92,0.004811183363244709,0.0005709289725928102,0.0048449401695489025
435,23,1599.3158758333939,405.78536342051655,1599.32,405.79,0.004124166606061408,0.004636579483474179,0.00620537021467098
435,24,1233.8260446812865,192.9436083121729,1233.83,192.94,0.003955318713451561,-0.003608312172900696,0.005353920326460177
435,25,1351.745261993786,239.9739465812832,1351.75,239.97,0.004738006213983681,-0.003946581283202022,0.0061663771137247594
435,26,1464.9365672593806,287.94609053068746,1464.94,287.95,0.0034327406194734067,0.00390946931253211,0.00520265878817869
435,27,1711.1611020653427,393.49815038232106,1711.16,393.5,-0.0011020653425930504,0.00184961767894265,0.002153052153943776
435,31,557.7228994880647,404.6338620658287,557.72,404.63,-0.002899488064713296,-0.0038620658286845355,0.004829346074005012
436,13,304.64363368488944,234.73762331727704,304.64,234.74,-0.0036336848894507057,0.002376682722967871,0.00434192199854815
436,14,308.89127882695936,358.8240533702707,308.89,358.82,-0.0012788269593784207,-0.004053370270696632,0.0042503186872751494
436,15,309.17255164710525,513.9684053051558,309.17,513.97,-0.0025516471052355882,0.0015946948442433495,0.00300897899559194
436,16,338.81103705129374,895.8778553320852,338.81,895.88,-0.001037051293735658,0.0021446679147629766,0.0023822417699411987
436,17,1064.946426906404,255.36531617430518,1064.95,255.37,0.003573093596060062,0.004683825694826282,0.005891113730502945
436,18,1167.9464353570747,315.3709060256774,1167.95,315.37,0.0035646429253120004,-0.0009060256774091613,0.003677983375859878
436,19,1327.099276477043,412.82917847928013,1327.1,412.83,0.000723522956832312,0.0008215207198531971,0.0010947062447120171
436,20,1520.0796525660737,530.3919112244201,1520.08,530.39,0.00034743392620839586,-0.001911224420155122,0.001942547069514112
436,21,1353.2008165348625,351.0723429142443,1353.2,351.07,-0.00081653486245159,-0.0023429142443092132,0.0024811240069343267
436,22,1364.6913916124777,294.18957180327055,1364.69,294.19,-0.0013916124776187644,0.0004281967294446076,0.0014560005930532084
436,23,1600.4869068750454,407.0890225653874,1600.49,407.09,0.0030931249546028994,0.0009774346125936972,0.0032438866205037713
436,24,1233.8695335109649,192.70770623412966,1233.87,192.71,0.0004664890350341011,0.002293765870348352,0.002340720805175615
436,25,1352.0589464953396,239.98045993596241,1352.06,239.98,0.0010535046603763476,-0.0004599359624251065,0.0011495273632961473
436,26,1465.4524254445355,288.2095678980156,1465.45,288.21,-0.002425444535447241,0.0004321019843587237,0.0024636341691528854
436,27,1712.370826549007,394.8736127867408,1712.37,394.87,-0.0008265490071153181,-0.003612786740802676,0.0037061315809996465
436,31,558.5421746160486,404.4753965493715,558.54,404.48,-0.0021746160485918153,0.004603450628508199,0.005091238812696337
437,13,303.9827252636671,235.0532174879578,303.98,235.05,-0.0027252636670596075,-0.00321748795778376,0.004216549633702738
437,14,308.4184591202195,359.11804002770305,308.42,359.12,0.0015408797805207541,0.0019599722969587674,0.0024931509988092406
437,15,308.87941373532897,514.2263039788668,308.88,514.23,0.0005862646710284025,0.003696021133237082,0.003742229079282983
437,16,338.85827778847033,896.4083914990639,338.86,896.41,0.001722211529681772,0.0016085009360722324,0.002356541494290749
437,17,1064.209820179803,255.52398713072887,1064.21,255.52,0.0001798201969904767,-0.003987130728859256,0.0039911836279804816
437,18,1167.209826517806,315.52817951925806,1167.21,315.53,0.00017348219398627407,0.0018204807419124336,0.0018287280287960636
437,19,1326.3244573577822,412.6218838594601,1326.32,412.62,-0.004457357782257532,-0.0018838594601220393,0.004839107858329165
437,20,1519.3097394245553,530.0439334183151,1519.31,530.04,0.0002605754445994535,-0.003933418315114068,0.00394203998001073
437,21,1352.6506124011469,351.05425718568324,1352.65,351.05,-0.0006124011467818491,-0.004257185683229636,0.004301007452455193
437,22,1364.0185437093583,294.1421788524529,1364.02,294.14,0.0014562906417268096,-0.0021788524529142705,0.0026207213596167785
437,23,1599.6151801562842,406.8167669240405,1599.62,406.82,0.004819843715722527,0.0032330759594856318,0.0058037637446568995
437,24,1233.1521501332236,192.78077967559724,1233.15,192.78,-0.0021501332234947768,-0.0007796755972435676,0.002287130716796299
437,25,1351.2942098715048,239.9853449519718,1351.29,239.99,-0.004209871504826879,0.00465504802821215,0.006276343699329663
437,26,1464.8393190834017,288.1571759235117,1464.84,288.16,0.0006809165981849219,0.0028240764883094016,0.0029050052367432465
437,27,1711.5281199117553,394.4052095900556,1711.53,394.41,0.0018800882446612377,0.004790409944405383,0.00514614022770186
437,31,557.9066309620364,404.60654741202865,557.91,404.61,0.0033690379635800127,0.0034525879713669383,0.004823979736697805
438,13,303.2370439477503,235.28991311596835,303.24,235.29,0.0029560522497149577,8.688403164569536e-05,0.002957328818038311
438,14,307.8138443401646,359.3385300207773,307.81,359.34,-0.0038443401646190978,0.0014699792226906538,0.004115797640366422
438,15,308.65956030149675,514.6697279841501,308.66,514.67,0.0004396985032713019,0.0002720158498732417,0.0005170371324782051
438,16,338.89370834135275,896.806293624298,338.89,896.81,-0.0037083413527625453,0.003706375701995057,0.005242996894234069
438,17,1063.6573651348522,255.64299034804665,1063.66,255.64,0.002634865147911114,-0.0029903480466657584,0.003985560912578601
438,18,1166.6573698883544,315.6461346394435,1166.66,315.65,0.002630111645657962,0.003865360556460473,0.004675307423054237
438,19,1325.7433430183366,412.7164128945951,1325.74,412.72,-0.0033430183366363053,0.003587105404903923,0.004903376059918055
438,20,1518.7323045684166,529.7829500637363,1518.73,529.78,-0.002304568416548136,-0.002950063736307129,0.0037435159455818483
438,21,1352.2379593008602,351.04069288926246,1352.24,351.04,0.0020406991397976526,-0.0006928892624387117,0.0021551214604225307
438,22,1363.5139077820186,294.1066341393397,1363.51,294.11,-0.0039077820185866585,0.0033658606603239605,0.0051574972893357555
438,23,1598.961385117213,406.61257519303035,1598.96,406.61,-0.0013851172129761835,-0.002575193030338596,0.0029240671738500457
438,24,1232.6141125999177,192.83558475669793,1232.61,192.84,-0.004112599917789339,0.004415243302076988,0.006033891903269115
438,25,1350.7206574036286,239.98900871397885,1350.72,239.99,-0.0006574036285655893,0.000991286021161386,0.0011894652187437744
438,26,1464.3794893125514,288.1178819426338,1464.38,288.12,0.0005106874486955348,0.0021180573662036295,0.002178753927543129
438,27,1710.8960899338165,394.3039071925417,1710.9,394.3,0.003910066183607341,-0.003907192541703353,0.0055276370284355674
438,31,557.4299732215272,404.70491055902147,557.43,404.7,2.6778472715704993e-05,-0.004910559021482186,0.004910632035701827
439,13,302.6777829608127,235.21743483697625,302.68,235.22,0.00221703918731464,0.0025651630237462086,0.0033904754971070873
439,14,307.36038325512345,359.50389751558293,307.36,359.5,-0.00038325512343817536,-0.0038975155829348296,0.003916313599402049
439,15,308.2446702261226,515.0022959881126,308.24,515.0,-0.004670226122584609,-0.0022959881125643733,0.005204091990838419
439,16,338.92028125601456,897.1047202182235,338.92,897.1,-0.000281256014545761,-0.004720218223496886,0.004728590172889829
439,17,1063.2430238511392,255.732242761035,1063.24,255.73,-0.0030238511392326473,-0.002242761035006424,0.0037647911990416768
439,18,1166.2430274162657,315.73460097958264,1166.24,315.73,-0.0030274162656951376,-0.004600979582619402,0.005507654888015053
439,19,1325.3075072637525,412.78730967094634,1325.31,412.79,0.0024927362474045367,0.0026903290536779423,0.003667642896491983
439,20,1518.2992284263123,529.5872125478022,1518.3,529.59,0.0007715736876434676,0.002787452197821949,0.0028922682639420144
439,21,1351.9284694756452,351.0305196669468,1351.93,351.03,0.0015305243548482395,-0.0005196669468432447,0.001616341095321467
439,22,1363.135430836514,294.07997560450474,1363.14,294.08,0.004569163486166872,2.4395495245244092e-05,0.004569228611429818
439,23,1598.4710388379099,406.45943139477276,1598.47,406.46,-0.0010388379098458245,0.0005686052272153574,0.0011842702847532187
439,24,1232.2105844499383,192.87668856752344,1232.21,192.88,-0.0005844499382874346,0.0033114324765506353,0.003362613087632661
439,25,1350.2904930527216,239.99175653548414,1350.29,239.99,-0.0004930527215947222,-0.0017565354841337921,0.0018244226191573864
439,26,1464.0346169844136,288.08841145697534,1464.03,288.09,-0.004616984413587488,0.0015885430246385113,0.004882623681632394
439,27,1710.4220674503624,394.22793039440626,1710.42,394.23,-0.00206745036234679,0.0020696055937605706,0.0029253407176759627
439,31,557.0724799161454,404.7786829192661,557.07,404.78,-0.0024799161453756824,0.001317080733883813,0.002807968259732098
440,13,302.0083372206095,235.16307612773218,302.01,235.16,0.0016627793904717691,-0.003076127732185796,0.0034967695271636355
440,14,306.7702874413426,359.6279231366872,306.77,359.63,-0.00028744134260705323,0.002076863312822752,0.002096660140697305
440,15,307.6835026695919,515.0017219910844,307.68,515.0,-0.003502669591910035,-0.00172199108442328,0.0039030689931033083
440,16,338.44021094201094,897.3285401636676,338.44,897.33,-0.00021094201093774245,0.0014598363324012098,0.001474997847244895
440,17,1062.6822678883545,255.79918207077625,1062.68,255.8,-0.002267888354481329,0.000817929223757119,0.0024108765632997377
440,18,1165.6822705621994,315.800950734687,1165.68,315.8,-0.0022705621993281966,-0.0009507346869668254,0.0024615745257903538
440,19,1324.7306304478143,412.84048225320976,1324.73,412.84,-0.0006304478142737935,-0.0004822532097819021,0.0007937459321896087
440,20,1517.7244213197341,529.4404094108517,1517.72,529.44,-0.004421319734092322,-0.00040941085160284274,0.004440234840240363
440,21,1351.446352106734,351.0228897502101,1351.45,351.02,0.003647893266133906,-0.002889750210101738,0.004653792169606217
440,22,1362.6015731273856,294.0599817033785,1362.6,294.06,-0.0015731273856545158,1.8296621476565633e-05,0.0015732337835978696
440,23,1597.8532791284324,406.3445735460796,1597.85,406.34,-0.0032791284324957815,-0.004573546079598145,0.005627611128979134
440,24,1231.6579383374537,192.9075164256426,1231.66,192.91,0.0020616625463389937,0.0024835743573987656,0.003227784695995951
440,25,1349.717869789541,239.99381740161311,1349.72,239.99,0.002130210458972215,-0.003817401613105176,0.004371538822343067
440,26,1463.5259627383102,288.0663085927315,1463.53,288.07,0.004037261689745719,0.0036914072684908206,0.0054704633783030955
440,27,1709.8165505877719,394.1709477958047,1709.82,394.17,0.00344941222806483,-0.0009477958046772983,0.00357725615611841
440,31,556.5543599371091,404.8340121894496,556.55,404.83,-0.004359937109143175,-0.004012189449611014,0.00592509204782961
441,13,299.25625291545714,235.87230709579913,299.26,235.87,0.003747084542851553,-0.002307095799125136,0.004400378801605367
441,14,304.32771558100694,360.9709423525154,304.33,360.97,0.0022844189930424363,-0.0009423525153806622,0.0024711532528391028
441,15,306.51262700219394,517.0012914933134,306.51,517.0,-0.002627002193946737,-0.0012914933133743034,0.002927301744865313
441,17,1061.011700916266,255.59938655308218,1061.01,255.6,-0.00170091626591784,0.0006134469178107338,0.0018081574225258645
441,18,1164.5117029216494,315.60071305101525,1164.51,315.6,-0.001702921649439304,-0.000713051015225119,0.0018461808942903328
441,19,1324.5479728358607,412.6303616899073,1324.55,412.63,0.0020271641392355377,-0.00036168990732221573,0.002059178000188743
441,20,1521.0433159898007,529.5803070581387,1521.04,529.58,-0.0033159898007397715,-0.00030705813867371035,0.0033301761303474553
441,21,1351.5847640800505,350.76716731265753,1351.58,350.77,-0.00476408005056328,0.0028326873424475707,0.005542614573307231
441,22,1361.9511798455392,293.5449862775339,1361.95,293.54,-0.0011798455391272,-0.0049862775338738174,0.0051239632259622156
441,23,1598.8899593463243,405.5084301595597,1598.89,405.51,4.065367579642043e-05,0.0015698404403110544,0.0015703667499637674
441,24,1230.2434537530903,192.68063731923195,1230.24,192.68,-0.0034537530902980507,-0.0006373192319415466,0.003512062956745778
441,25,1348.5384023421557,239.74536305120984,1348.54,239.75,0.0015976578442860045,0.004636948790164297,0.004904467827401332
441,26,1463.1444720537327,287.5497314445486,1463.14,287.55,-0.0044720537325702026,0.0002685554513846,0.004480110112202988
441,27,1711.112412940829,393.1282108468535,1711.11,393.13,-0.0024129408291173604,0.0017891531464897525,0.0030038895496365637
441,31,555.6657699528319,405.6255091420872,555.67,405.63,0.004230047168107376,0.004490857912799129,0.006169368187858768
442,13,296.9421896865929,236.40423032184935,303.3,233.0,6.357810313407128,-3.4042303218493544,7.211833058624181
442,14,302.2457866857552,361.9782067643865,321.3,367.6,19.054213314244805,5.621793235613495,19.86624283070993
442,15,305.38447025164544,518.5009686199851,338.4,523.0,33.01552974835454,4.499031380014912,33.32066157690814
442,17,1059.5087756871994,255.44953991481162,1059.51,255.45,0.0012243128005593462,0.00046008518836515577,0.0013079068063766891
442,18,1163.3837771912372,315.45053478826145,1148.7,320.2,-14.68377719123714,4.7494652117385385,15.432781097372265
442,19,1324.1609796268956,412.2227712674305,1292.2,415.7,-31.96097962689555,3.477228732569472,32.14957757684289
442,20,1523.2824869923506,529.685230293604,1465.9,534.9,-57.38248699235055,5.214769706395941,57.61895206022082
442,21,1351.438573060038,350.5753754844932,1339.4,354.5,-12.038573060037834,3.924624515506821,12.662145114852612
442,22,1360.9633848841545,293.1587397081504,1367.0,291.0,6.036615115845507,-2.1587397081503923,6.410996738760651
442,23,1599.4174695097431,404.88132261966973,1587.8,405.7,-11.61746950974316,0.8186773803302572,11.646279683352807
442,24,1228.6825903148178,192.51047798942398,1252.0,180.4,23.317409685182156,-12.11047798942397,26.27480297849917
442,25,1347.1538017566168,239.5590222884074,1361.0,229.2,13.846198243383242,-10.359022288407402,17.292384120380582
442,26,1462.3583540402994,287.1622985834115,1471.4,278.5,9.041645959700645,-8.662298583411484,12.521452727568938
442,27,1711.8343097056218,392.3461581351401,1715.7,390.6,3.8656902943782825,-1.7461581351400923,4.241771998229794
442,31,554.7493274646239,405.9691318565654,590.7,420.5,35.95067253537616,14.530868143434589,38.776242530030316
443,13,295.45664226494466,236.80317274138702,295.46,236.8,0.0033577350553173346,-0.0031727413870044074,0.004619596585256938
443,14,300.9343400143164,362.9836550732899,300.93,362.98,-0.004340014316369434,-0.0036550732899058858,0.005674088915488995
443,15,304.7883526887341,519.6257264649888,304.79,519.63,0.0016473112659127764,0.004273535011179774,0.004580036670004124
443,17,1058.3815817653995,255.33715493610873,1058.38,255.34,-0.001581765399350843,0.002845063891271593,0.003255206648432783
443,18,1162.537832893428,315.3379010911961,1162.54,315.34,0.0021671065719601756,0.0020989088038732007,0.003016913830590694
443,19,1323.8707347201716,412.1670784505729,1323.87,412.17,-0.000734720171749359,0.0029215494271284115,0.0030125180142083394
443,20,1524.961865244263,529.763922720203,1524.96,529.76,-0.0018652442629445432,-0.003922720203036079,0.004343601035057772
443,21,1351.3289297950284,350.4315316133699,1351.33,350.43,0.0010702049714836903,-0.0015316133698775047,0.0018684694794874046
443,22,1360.4725386631158,292.8690547811128,1360.47,292.87,-0.002538663115728923,0.0009452188871819089,0.0027089202941112697
443,23,1599.5631021323074,404.41099196475227,1599.56,404.41,-0.00310213230750378,-0.000991964752245167,0.0032568725678103435
443,24,1227.7619427361133,192.38285849206798,1227.76,192.38,-0.0019427361132784426,-0.0028584920679861625,0.0034561829391072515
443,25,1346.1153513174627,239.41926671630554,1346.12,239.42,0.004648682537208515,0.0007332836944442533,0.0047061613134576265
443,26,1461.7687655302245,286.8717239375586,1461.77,286.87,0.0012344697754542722,-0.001723937558608668,0.0021203481630363767
443,27,1712.3757322792162,391.7596186013551,1712.38,391.76,0.004267720783900586,0.0003813986448903961,0.004284729351506494
443,31,554.3119955984679,406.4768488924241,554.31,406.48,-0.0019955984679427274,0.003151107575945389,0.003729864903778123
444,13,296.0924816987085,236.60237955604026,296.09,236.6,-0.002481698708550084,-0.0023795560402675164,0.0034381849032291407
444,14,301.4507550107373,362.23774130496747,301.45,362.24,-0.0007550107372935599,0.0022586950325376165,0.0023815424546790405
444,15,304.5912645165506,518.7192948487416,304.59,518.72,-0.0012645165506341982,0.0007051512584439479,0.00144783990969751
444,16,337.5801582065082,897.2464051227507,337.58,897.25,-0.0001582065082175177,0.003594877249270212,0.003598356810623836
444,17,1058.5361863240496,255.50286620208155,1058.54,255.5,0.0038136759503686335,-0.002866202081548863,0.004770664380009889
444,18,1162.4033746700711,315.5034258183971,1162.4,315.5,-0.003374670071025321,-0.003425818397090552,0.0048088075214254644
444,19,1323.1530510401287,412.37530883792965,1323.15,412.38,-0.0030510401286392153,0.004691162070344035,0.005596056418300421
444,20,1522.2213989331972,529.5729420401523,1522.22,529.57,-0.001398933197151564,-0.0029420401522202155,0.0032577007762175834
444,21,1350.2466973462713,350.57364871002744,1350.25,350.57,0.003302653728724181,-0.0036487100274484874,0.004921443539883281
444,22,1359.8544039973367,293.1517910858346,1359.85,293.15,-0.0044039973367944185,-0.0017910858346112946,0.004754280283012095
444,23,1598.1723265992305,404.80824397356423,1598.17,404.81,-0.0023265992304004612,0.0017560264357712185,0.0029149087158995882
444,24,1227.821457052085,192.537143869051,1227.82,192.54,-0.0014570520850156754,0.002856130948998725,0.0032063195062683454
444,25,1346.086513488097,239.81445003722916,1346.09,239.81,0.003486511903020073,-0.0044500372291622625,0.005653193486059963
444,26,1461.3265741476685,287.15379295316893,1461.33,287.15,0.0034258523314747436,-0.0037929531689542273,0.005111062310219946
444,27,1710.7817992094122,392.3197139510163,1710.78,392.32,-0.0017992094121837,0.0002860489836962188,0.0018218063920087816
444,31,554.2339966988509,406.107636669318,554.23,406.11,-0.003996698850869507,0.0023633306819874633,0.004643159874155203
445,13,294.5693612740314,237.2017846670302,294.57,237.2,0.000638725968599374,-0.0017846670302219536,0.0018955229546814927
445,14,300.08806625805295,363.1783059787256,300.09,363.18,0.0019337419470275563,0.001694021274431634,0.0025708103772781265
445,15,303.69344838741296,520.0394711365561,303.69,520.04,-0.003448387412959164,0.0005288634438329609,0.003488706392357783
445,17,1057.4021397430372,255.37714965156115,1057.4,255.38,-0.0021397430371052906,0.0028503484388409106,0.0035641249259311027
445,18,1161.5525310025532,315.3775693637978,1161.55,315.38,-0.0025310025532689906,0.0024306362021775385,0.003509126140792063
445,19,1322.6147882800965,412.28148162844724,1322.61,412.28,-0.0047882800965908245,-0.001481628447265848,0.005012269858971606
445,20,1523.9160491998978,529.6797065301142,1523.92,529.68,0.00395080010230231,0.0002934698857188778,0.003961684745430382
445,21,1350.1850230097034,350.43023653252055,1350.19,350.43,0.004976990296654549,-0.0002365325205460067,0.0049826077556104475
445,22,1359.3908029980025,292.8638433143759,1359.39,292.86,-0.0008029980024275574,-0.0038433143758993538,0.003926305029400707
445,23,1598.6292449494229,404.3561829801732,1598.63,404.36,0.0007550505772542238,0.003817019826840351,0.0038909821038786954
445,24,1226.8660927890637,192.40285790178825,1226.87,192.4,0.0039072109361768526,-0.0028579017882464086,0.0048408573549570755
445,25,1345.0648851160727,239.6108375279219,1345.06,239.61,-0.004885116072728124,-0.0008375279218739706,0.004956391032187148
445,26,1460.7449306107515,286.8653447148767,1460.74,286.87,-0.0049306107514439645,0.00465528512330593,0.006781047261413853
445,27,1711.336349407059,391.73978546326225,1711.34,391.74,0.0036505929408576776,0.00021453673775795323,0.003656891416447545
445,31,553.6754975241381,406.5807275019885,553.68,406.58,0.004502475861841049,-0.0007275019885355505,0.004560871411231024
446,13,293.4270209555235,237.40133850027266,293.43,237.4,0.0029790444764898893,-0.0013385002726522544,0.0032659285008700173
446,14,298.8160496935397,363.8837294840442,298.82,363.88,0.003950306460296815,-0.003729484044185938,0.005432676353888593
446,15,303.02008629055973,520.7796033524171,303.02,520.78,-8.62905597500685e-05,0.0003966475828747207,0.0004059253203513407
446,17,1056.301604807278,255.28286223867087,1056.3,255.28,-0.0016048072779994982,-0.002862238670871875,0.0032814351446515833
446,18,1160.664398251915,315.28317702284835,1160.66,315.28,-0.004398251914835782,-0.0031770228483765095,0.005425688351302811
446,19,1321.9610912100725,412.21111122133544,1321.96,412.21,-0.0010912100724453921,-0.001111221335463597,0.0015574184661149289
446,20,1524.6870368999234,529.7597798975856,1524.69,529.76,0.0029631000766130455,0.00022010241434600175,0.002971263558963623
446,21,1349.8887672572776,350.3226773993904,1349.89,350.32,0.0012327427225500287,-0.0026773993903930204,0.0029475620630746648
446,22,1358.7931022485018,292.6478824857819,1358.79,292.65,-0.0031022485018183943,0.002117514218070937,0.0037560367717538448
446,23,1598.471933712067,404.0171372351299,1598.47,404.02,-0.0019337120670570584,0.0028627648700876307,0.0034546584577480203
446,24,1225.899569591798,192.3021434263412,1225.9,192.3,0.00043040820219175657,-0.002143426341177701,0.0021862130958734023
446,25,1344.2986638370544,239.45812814594143,1344.3,239.46,0.0013361629455630464,0.0018718540585780374,0.0022998193480599266
446,26,1460.3086979580635,286.6490085361575,1460.31,286.65,0.0013020419364693225,0.0009914638424675104,0.001636555454375202
446,27,1711.5022620552943,391.3048390974467,1711.5,391.3,-0.002262055294295351,-0.004839097446676988,0.005341699940364057
446,31,553.0066231431035,406.9355456264914,553.01,406.94,0.0033768568964660517,0.004454373508622211,0.0055896874557998045
447,13,292.57026571664267,237.5510038752045,292.57,237.55,-0.0002657166426729418,-0.00100387520447498,0.0010384463204003674
447,14,297.86203727015476,364.41279711303315,297.86,364.41,-0.0020372701547444194,-0.0027971130331252425,0.00346039174133384
447,15,302.5150647179198,521.3347025143128,302.52,521.33,0.00493528208016869,-0.004702514312725725,0.006816938467686539
447,17,1055.2262036054585,255.21214667900315,1055.23,255.21,0.003796394541495829,-0.002146679003146801,0.00436128905912583
447,18,1159.7482986889363,315.21238276713626,1159.75,315.21,0.0017013110636980855,-0.002382767136282382,0.0029278043925796775
447,19,1321.2208184075544,412.1583334160016,1321.22,412.16,-0.0008184075543340441,0.0016665839984284503,0.001856688759272483
447,20,1525.0152776749426,529.8198349231892,1525.02,529.82,0.004722325057400667,0.00016507681084476644,0.004725209445223872
447,21,1349.4165754429582,350.2420080495428,1349.42,350.24,0.0034245570418534044,-0.0020080495427805545,0.0039698682470793575
447,22,1357.8448266863763,292.48591186433646,1357.84,292.49,-0.004826686376418365,0.004088135663550929,0.006325326440579936
447,23,1598.1039502840504,403.7628529263474,1598.1,403.76,-0.00395028405046105,-0.0028529263474297295,0.004872774653437782
447,24,1224.9246771938483,192.22660756975588,1224.92,192.23,-0.004677193848237948,0.0033924302441050713,0.0057779516487344975
447,25,1343.2239978777907,239.3435961094561,1343.22,239.34,-0.0039978777906526375,-0.0035961094560832407,0.0053772697578906075
447,26,1459.4815234685475,286.48675640211815,1459.48,286.49,-0.001523468547475204,0.00324359788186257,0.0035835573993407105
447,27,1711.1266965414707,390.978629323085,1711.13,390.98,0.0033034585294444696,0.0013706769150303444,0.003576533721518157
447,31,552.5049673573276,407.20165921986853,552.5,407.2,-0.004967357327586797,-0.0016592198685430048,0.0052371413378004324
448,13,293.677699287482,237.16325290640336,300.2,233.4,6.522300712517961,-3.763252906403352,7.530104848012781
448,14,298.64652795261605,363.5595978347749,316.8,368.2,18.153472047383957,4.640402165225112,18.7371790734405
448,15,302.38629853843986,520.0010268857345,336.8,524.2,34.41370146156015,4.198973114265527,34.668923021918516
448,16,336.18511865488114,897.434803842063,377.5,906.3,41.31488134511886,8.865196157936907,42.2553088200755
448,17,1055.419652704094,255.40911000925237,1055.42,255.41,0.000347295906067302,0.0008899907476234148,0.0009553522791234619
448,18,1159.5612240167022,315.4092870753522,1146.3,318.1,-13.261224016702272,2.690712924647812,13.53144480327315
448,19,1320.4156138056658,412.3687500620012,1287.7,415.0,-32.715613805665726,2.6312499379988026,32.821256266597786
448,20,1521.5114582562069,529.6148761923919,1462.4,533.9,-59.11145825620679,4.285123807608102,59.26657391162245
448,21,1348.0624315822188,350.4315060371571,1335.8,355.0,-12.262431582218824,4.568493962842922,13.08580778542654
448,22,1357.1336200147823,292.86443389825234,1365.1,290.5,7.9663799852176,-2.3644338982523436,8.309859067883181
448,23,1596.3279627130378,404.32213969476055,1584.5,403.4,-11.827962713037778,-0.922139694760574,11.863854498335062
448,24,1224.9435078953861,192.41995567731692,1249.8,180.4,24.856492104613835,-12.019955677316915,27.610225175311285
448,25,1343.167998408343,239.75769708209208,1356.2,230.8,13.032001591657036,-8.957697082092068,15.813709321328512
448,26,1458.8611426014106,286.8650673015886,1467.8,279.6,8.938857398589334,-7.265067301588601,11.518870365141158
448,27,1709.095022406103,391.73397199231374,1713.0,390.8,3.9049775938970015,-0.9339719923137295,4.015115651044699
448,31,552.6287255179957,406.6512444149014,585.6,415.0,32.97127448200433,8.348755585098615,34.01186058990871
449,13,294.2582744656115,236.8724396798025,294.26,236.87,0.001725534388469896,-0.002439679802506589,0.002988227980685337
449,14,299.23489596446205,362.91969837608116,299.23,362.92,-0.004895964462036773,0.00030162391885824036,0.004905246681050243
449,15,302.2897239038299,519.2507701643009,302.29,519.25,0.00027609617012558374,-0.0007701643008886094,0.0008181577754450885
449,16,335.13883899116087,897.8261028815473,335.14,897.83,0.001161008839119404,0.0038971184527554215,0.0040663833758415105
449,17,1055.5647395280705,255.5568325069393,1055.56,255.56,-0.004739528070558663,0.0031674930607152874,0.005700538450119692
449,18,1159.1709180125267,315.55696530651414,1159.17,315.56,-0.0009180125266539108,0.0030346934858584973,0.0031705065135093943
449,19,1319.5617103542493,412.5265625465009,1319.56,412.53,-0.0017103542493259738,0.0034374534990888606,0.0038394528538042588
449,20,1518.883593692155,529.7111571442939,1518.88,529.71,-0.0035936921549364342,-0.0011571442938702603,0.0037753948430976295
449,21,1347.046823686664,350.5736295278678,1347.05,350.57,0.003176313335870873,-0.003629527867815341,0.004823115067140667
449,22,1356.6002150110867,293.14832542368924,1356.6,293.15,-0.00021501108676602598,0.0016745763107337552,0.0016883233066871351
449,23,1594.7459720347783,404.9916047710704,1594.75,404.99,0.004027965221666818,-0.001604771070390143,0.004335872924258568
449,24,1224.9576309215395,192.5649667579877,1224.96,192.56,0.0023690784605605586,-0.004966757987688197,0.005502837237330984
449,25,1343.1259988062573,240.06827281156905,1343.13,240.07,0.004001193742851683,0.0017271884309479901,0.004358065080266246
449,26,1458.145856951058,287.14880047619147,1458.15,287.15,0.004143048942069072,0.0011995238085091842,0.004313202047616136
449,27,1707.3212668045771,392.3004789942353,1707.32,392.3,-0.0012668045771988545,-0.0004789942352658727,0.0013543372232313142
449,31,552.4715441384967,406.23843331117604,552.47,406.24,-0.0015441384966834448,0.0015666888239707077,0.0021997448870481615
450,13,294.69370584920864,236.6543297598519,294.69,236.65,-0.0037058492086430306,-0.0043297598518847735,0.005699134910860896
450,14,299.6761719733465,362.43977378206085,299.68,362.44,0.00382802665347981,0.00022621793914368027,0.003834705023302607
450,15,302.21729292787245,518.6880776232257,302.22,518.69,0.002707072127577703,0.001922376774359691,0.0033202066150325106
450,16,334.35412924337066,898.1195771611605,334.35,898.12,-0.004129243370641689,0.0004228388395404181,0.004150836481748254
450,17,1055.423554646053,255.66762438020447,1055.42,255.67,-0.0035546460528621537,0.0023756197955151492,0.004275403837530664
450,18,1158.878188509395,315.66772397988564,1158.88,315.67,0.0018114906051778235,0.002276020114379662,0.0029089114413657093
450,19,1318.921282765687,412.6449219098757,1318.92,412.64,-0.001282765686937637,-0.004921909875690744,0.0050863232921243475
450,20,1516.6626952691163,529.7833678582205,1516.66,529.78,-0.0026952691162023257,-0.0033678582204856866,0.004313576775953696
450,21,1346.0351177649982,350.68022214590087,1346.04,350.68,0.004882235001787194,-0.0002221459008637794,0.004887286303660405
450,22,1355.950161258315,293.36124406776696,1355.95,293.36,-0.0001612583148471458,-0.0012440677669474098,0.0012544755290020033
450,23,1593.5594790260839,405.4937035783028,1593.56,405.49,0.0005209739160818572,-0.0037035783028045444,0.003740040917722994
450,24,1224.7182231911547,192.67372506849077,1224.72,192.67,0.0017768088453067321,-0.003725068490780359,0.00412712792796212
450,25,1342.8444991046929,240.30120460867678,1342.84,240.3,-0.004499104692968103,-0.0012046086767725228,0.004657577170852165
450,26,1457.3593927132936,287.61160035714363,1457.36,287.61,0.000607286706326704,-0.0016003571436158381,0.0017117067887939747
450,27,1705.7409501034329,392.7253592456765,1705.74,392.73,-0.0009501034328422975,0.004640754323531837,0.004737013534335548
450,31,552.3536581038725,405.928824983382,552.35,405.93,-0.0036581038724534665,0.0011750166179922417,0.0038421853149239135
451,13,295.0202793869065,236.49074731988892,295.02,236.49,-0.00027938690652717924,-0.0007473198889158539,0.0007978371136441516
451,14,300.0071289800099,362.0798303365456,300.01,362.08,0.002871019990095647,0.0001696634543577602,0.002876028767462769
451,15,302.16296969590434,518.2660582174193,302.16,518.27,-0.002969695904312175,0.003941782580682229,0.004935255178555448
451,16,333.765596932528,898.3396828708703,333.77,898.34,0.00440306747196928,0.000317129129712157,0.0044144732469034095
451,17,1055.3176659845396,255.75071828515337,1055.32,255.75,0.002334015460291994,-0.0007182851533684698,0.002442040485010765
451,18,1158.6586413820462,315.75079298491426,1158.66,315.75,0.0013586179538833676,-0.0007929849142556122,0.0015731076946131847
451,19,1318.1909620742654,412.7336914324068,1318.19,412.73,-0.0009620742653169145,-0.0036914324067538473,0.003814742469108181
451,20,1514.747021451837,529.5875258936653,1514.75,529.59,0.0029785481629005517,0.0024741063347164527,0.0038720732578558393
451,21,1345.2763383237486,350.76016660942565,1345.28,350.76,0.0036616762513403955,-0.0001666094256620454,0.0036654647277459497
451,22,1355.462620943736,293.5209330508252,1355.46,293.52,-0.002620943736019399,-0.0009330508252105574,0.0027820729519201014
451,23,1592.419609269563,405.8702776837271,1592.42,405.87,0.0003907304371750797,-0.00027768372711989286,0.0004793521949905143
451,24,1224.538667393366,192.75529380136808,1224.54,192.76,0.0013326066339232057,0.00470619863190791,0.004891231542643224
451,25,1342.6333743285197,240.47590345650758,1342.63,240.48,-0.0033743285196123907,0.004096543492408955,0.005307330924623761
451,26,1456.7695445349702,287.9587002678577,1456.77,287.96,0.000455465029745028,0.0012997321422858477,0.001377226210544803
451,27,1704.5557125775747,393.0440194342574,1704.56,393.04,0.004287422425250043,-0.004019434257372723,0.005876890572562872
451,31,552.2652435779044,405.6966187375365,552.27,405.7,0.004756422095624657,0.0033812624635061184,0.005835793604888877
452,13,295.01520954017985,236.3680604899167,295.02,236.37,0.00479045982012849,0.0019395100833037304,0.005168191622947269
452,14,300.00534673500744,361.8098727524092,300.01,361.81,0.0046532649925552505,0.00012724759079674186,0.004655004515605091
452,15,301.62222727192824,517.9495436630644,301.62,517.95,-0.0022272719282341313,0.00045633693559921085,0.002273539892126783
452,16,333.074197699396,898.2547621531528,333.07,898.25,-0.004197699396002008,-0.0047621531527966,0.006348132234751118
452,17,1054.9882494884048,255.813038713865,1054.99,255.81,0.0017505115952189954,-0.0030387138650098677,0.003506860818224664
452,18,1158.2439810365347,315.81309473868566,1158.24,315.81,-0.003981036534696614,-0.0030947386856610137,0.005042425946220339
452,19,1317.643221555699,412.80026857430505,1317.64,412.8,-0.0032215556989285687,-0.0002685743050392375,0.0032327315506590474
452,20,1513.3102660888778,529.440644420249,1513.31,529.44,-0.0002660888778791559,-0.000644420248931965,0.0006971949140409187
452,21,1344.4572537428114,350.82012495706925,1344.46,350.82,0.0027462571886189835,-0.0001249570692607449,0.0027490985459236775
452,22,1354.8469657078022,293.8906997881189,1354.85,293.89,0.0030342921977535298,-0.0006997881189363397,0.003113941642477008
452,23,1591.5647069521722,406.15270826279533,1591.56,406.15,-0.00470695217222783,-0.0027082627953518568,0.005430477522311214
452,24,1224.1540005450245,193.06647035102606,1224.15,193.07,-0.004000545024382518,0.0035296489739380377,0.005335052236982649
452,25,1342.2250307463898,240.60692759238069,1342.23,240.61,0.004969253610170199,0.0030724076193280325,0.005842359970208486
452,26,1456.3271584012277,288.21902520089327,1456.33,288.22,0.0028415987721928104,0.0009747991067570183,0.003004149943105698
452,27,1703.666784433181,393.2830145756931,1703.67,393.28,0.003215566819108062,-0.0030145756931005963,0.00440766792959516
452,31,551.9489326834282,405.77246405315236,551.95,405.77,0.0010673165718344535,-0.0024640531523800746,0.0026852788686217736
453,13,294.76140715513486,236.27604536743752,294.76,236.28,-0.0014071551348706635,0.0039546325624826295,0.0041975235887176145
453,14,299.5040100512556,361.6074045643069,299.5,361.61,-0.004010051255590952,0.0025954356931379152,0.004776693156324871
453,15,300.96667045394616,517.7121577472983,300.97,517.71,0.0033295460538624866,-0.0021577472982698964,0.003967587469480956
453,16,332.305648274547,898.4410716148645,332.31,898.44,0.004351725452977462,-0.0010716148644860368,0.00448172654630772
453,17,1054.7411871163035,255.85977903539876,1054.74,255.86,-0.0011871163035266363,0.00022096460125453632,0.0012075058894706564
453,18,1157.682985777401,315.8598210540142,1157.68,315.86,-0.0029857774009087734,0.00017894598579459853,0.0029911349607815345
453,19,1316.9824161667743,412.8502014307288,1316.98,412.85,-0.0024161667743101134,-0.000201430728793639,0.0024245486631087596
453,20,1512.2326995666583,529.3304833151867,1512.23,529.33,-0.0026995666582934064,-0.00048331518667055207,0.0027424904215394845
453,21,1343.8429403071086,350.8650937178019,1343.84,350.87,-0.002940307108701745,0.0049062821980783156,0.005719878573943874
453,22,1354.3852242808516,293.91802484108916,1354.39,293.92,0.004775719148483404,0.001975158910852315,0.005168050513328053
453,23,1590.9235302141292,406.1145311970965,1590.92,406.11,-0.0035302141291140288,-0.004531197096468986,0.005744054223668618
453,24,1223.8655004087684,193.29985276326954,1223.87,193.3,0.004499591231478917,0.00014723673047001284,0.004501999545224483
453,25,1341.9187730597923,240.70519569428552,1341.92,240.71,0.0012269402077436098,0.004804305714486645,0.004958501353395698
453,26,1455.745368800921,288.16426890067,1455.75,288.16,0.004631199079085491,-0.0042689006699561105,0.006298532991107852
453,27,1703.0000883248858,393.46226093176983,1703.0,393.46,-8.832488583720988e-05,-0.002260931769853869,0.0022626563489387213
453,31,551.4616995125712,405.82934803986427,551.46,405.83,-0.0016995125711218861,0.0006519601357126703,0.0018202733305632446
454,13,294.5710553663512,236.45703402557814,294.57,236.46,-0.0010553663511814193,0.0029659744218690776,0.0031481426915544336
454,14,299.1280075384417,361.4555534232302,299.13,361.46,0.0019924615583022387,0.004446576769794319,0.0048725709877832125
454,15,300.47500284045964,517.5341183104738,300.48,517.53,0.00499715954038038,-0.004118310473813835,0.006475498793972507
454,16,331.7292362059103,898.3308037111484,331.73,898.33,0.0007637940897211593,-0.0008037111483645276,0.0011087529127350249
454,17,1054.3058903372275,255.89483427654906,1054.31,255.89,0.004109662772407319,-0.004834276549075867,0.0063450419900781966
454,18,1157.2622393330507,315.89486579051066,1157.26,315.89,-0.0022393330507384235,-0.004865790510677925,0.005356354152400007
454,19,1316.4868121250806,412.88765107304664,1316.49,412.89,0.0031878749193765543,0.0023489269533456536,0.003959798521862415
454,20,1511.1745246749938,529.24786248639,1511.17,529.25,-0.004524674993717781,0.002137513610023234,0.00500416309004908
454,21,1343.3822052303315,350.89882028835143,1343.38,350.9,-0.0022052303313557786,0.0011797116485467996,0.002500951896388358
454,22,1353.7889182106387,293.9385186308169,1353.79,293.94,0.0010817893612511398,0.0014813691831250253,0.0018343180964131203
454,23,1590.1926476605968,406.08589839782235,1590.19,406.09,-0.0026476605967218347,0.004101602177627228,0.004881930669207608
454,24,1223.3991253065763,193.47488957245216,1223.4,193.47,0.0008746934238388349,-0.004889572452157154,0.004967193105829592
454,25,1341.4390797948442,240.77889677071414,1341.44,240.78,0.0009202051558077073,0.0011032292858601522,0.001436625346412414
454,26,1455.3090266006907,288.1232016755025,1455.31,288.12,0.0009733993092595483,-0.0032016755025097154,0.003346375985844658
454,27,1702.2500662436644,393.5966956988274,1702.25,393.6,-6.624366437790741e-05,0.0033043011726476834,0.0033049651227556195
454,31,551.0962746344284,405.8720110298982,551.1,405.87,0.003725365571654038,-0.0020110298981990127,0.004233507989116774
455,13,294.1782915247634,236.5927755191836,294.18,236.59,0.0017084752366258726,-0.002775519183586539,0.003259201493099302
455,14,298.8460056538313,361.34166506742264,298.85,361.34,0.003994346168724405,-0.001665067422663924,0.004327499374652759
455,15,299.8562521303447,517.4005887328553,299.86,517.4,0.0037478696552852853,-0.0005887328553626503,0.003793828320837898
455,16,331.04692715443275,898.4981027833613,331.05,898.5,0.003072845567260174,0.0018972166386674871,0.003611344743204013
455,17,1053.9794177529207,256.17112570741176,1053.98,256.17,0.0005822470793646062,-0.0011257074117452248,0.0012673708369245157
455,18,1156.946679499788,315.921149342883,1156.95,315.92,0.003320500212112165,-0.0011493428829680852,0.0035137886563176113
455,19,1315.8651090938106,412.915738304785,1315.87,412.92,0.004890906189302768,0.0042616952150069665,0.006487141855869455
455,20,1510.3808935062452,529.1858968647925,1510.38,529.19,-0.0008935062451200793,0.004103135207515152,0.004199294219415804
455,21,1342.7866539227487,350.92411521626354,1342.79,350.92,0.0033460772513080883,-0.0041152162635285094,0.0053038889380652605
455,22,1353.341688657979,294.20388897311267,1353.34,294.2,-0.001688657979002528,-0.0038889731126801053,0.0042397733006845646
455,23,1589.3944857454476,406.06442379836676,1589.39,406.06,-0.004485745447482259,-0.004423798366758547,0.006300151125913044
455,24,1223.0493439799322,193.6061671793391,1223.05,193.61,0.0006560200677085959,0.003832820660903735,0.003888557129307339
455,25,1341.0793098461331,240.8341725780356,1341.08,240.83,0.0006901538667989371,-0.004172578035593233,0.004229269419530116
455,26,1454.731769950518,288.3424012566269,1454.73,288.34,-0.0017699505178825348,-0.0024012566269107083,0.0029830786486506264
455,27,1701.4375496827483,393.69752177412056,1701.44,393.7,0.0024503172517142957,0.002478225879428919,0.0034850621434229746
455,31,550.8222059758212,405.90400827242365,550.82,405.9,-0.0022059758211980807,-0.0040082724236754075,0.004575213344326937
456,13,294.88371864357254,236.1945816393877,294.88,236.19,-0.003718643572540259,-0.004581639387708947,0.005900824476172884
456,14,299.3845042403735,360.506248800567,299.38,360.51,-0.0045042403734782965,0.0037511994329975096,0.005861712934645703
456,15,299.39218909775855,516.8004415496415,299.39,516.8,-0.0021890977585599103,-0.00044154964155040943,0.002233184963787218
456,16,329.53519536582456,897.623577087521,329.54,897.62,0.004804634175457068,-0.0035770875209664155,0.005989997052805925
456,17,1054.4845633146906,255.62834428055882,1054.48,255.63,-0.004563314690585685,0.0016557194411745968,0.004854404992704939
456,18,1157.210009624841,315.94086200716225,1157.21,315.94,-9.624840913602384e-06,-0.0008620071622544856,0.0008620608942184092
456,19,1316.3988318203578,413.43680372858876,1316.4,413.44,0.001168179642263567,0.003196271411241014,0.0034030566570240435
456,20,1511.035670129684,530.8894226485944,1511.04,530.89,0.004329870316041706,0.0005773514055817941,0.0043681931733001896
456,21,1342.8399904420614,351.19308641219766,1342.84,351.19,9.557938483339967e-06,-0.003086412197660593,0.0030864269970398038
456,22,1354.0062664934842,294.4029167298345,1354.01,294.4,0.0037335065158004,-0.002916729834510079,0.004737761478910187
456,23,1590.5458643090856,407.29831784877507,1590.55,407.3,0.004135690914381485,0.0016821512249407533,0.004464702910930048
456,24,1223.0370079849492,193.45462538450434,1223.04,193.45,0.0029920150507223298,-0.0046253845043509045,0.005508750845412997
456,25,1341.3094823846,240.8756294335267,1341.31,240.88,0.000517615399985516,0.004370566473284043,0.004401110882458733
456,26,1455.0488274628883,288.75680094247014,1455.05,288.76,0.0011725371116426686,0.003199057529855054,0.0034071707262040233
456,27,1702.5781622620611,395.0231413305904,1702.58,395.02,0.0018377379387857218,-0.003141330590437974,0.003639400858668056
456,31,551.8666544818659,405.67800620431774,551.87,405.68,0.003345518134096892,0.0019937956822673186,0.003894574791706914
457,13,295.4127889826794,235.89593622954078,295.41,235.9,-0.0027889826793625616,0.00406377045922568,0.004928757929850041
457,14,299.7883781802801,359.87968660042526,299.79,359.88,0.001621819719900941,0.00031339957473619506,0.0016518227802353358
457,15,299.0441418233189,516.3503311622311,299.04,516.35,-0.004141823318889237,-0.00033116223107754195,0.004155041375027079
457,16,328.1513965243684,896.9676828156407,328.15,896.97,-0.0013965243684310735,0.0023171843592990626,0.0027054803023866237
457,17,1054.863422486018,255.2212582104191,1054.86,255.22,-0.0034224860180529504,-0.0012582104191096732,0.0036464371655801336
457,18,1157.4075072186306,315.9556465053717,1157.41,315.96,0.0024927813694830547,0.004353494628276167,0.005016659688923622
457,19,1316.7991238652685,413.82760279644157,1316.8,413.83,0.0008761347314703016,0.0023972035584165496,0.002552292492676634
457,20,1511.5267525972629,532.1670669864458,1511.53,532.17,0.003247402737088123,0.002933013554184072,0.00437586483404994
457,21,1342.8799928315461,351.3948148091482,1342.88,351.39,7.168453976191813e-06,-0.00481480914822896,0.004814814484546803
457,22,1354.2546998701132,294.55218754737587,1354.25,294.55,-0.004699870113199722,-0.0021875473758541375,0.005184027642919576
457,23,1591.409398231814,408.2237383865813,1591.41,408.22,0.0006017681860157609,-0.0037383865812898875,0.0037865101585588005
457,24,1223.027755988712,193.34096903837826,1223.03,193.34,0.002244011287984904,-0.0009690383782583467,0.002444303998921009
457,25,1341.4821117884499,240.90672207514504,1341.48,240.91,-0.002111788449838059,0.003277924854955927,0.0038992873466323647
457,26,1455.2866205971663,289.0676007068526,1455.29,289.07,0.003379402833616041,0.0023992931473912904,0.004144510962583032
457,27,1703.4336216965457,396.0173559979428,1703.43,396.02,-0.0036216965456787875,0.0026440020571953937,0.004484131214341875
457,31,552.6499908613994,405.50850465323833,552.65,405.51,9.138600603364466e-06,0.0014953467616578564,0.0014953746860307707
458,13,295.80959173700955,235.67195217215559,295.81,235.67,0.00040826299044738334,-0.0019521721555975091,0.001994405875056345
458,14,300.09128363521006,359.40976495031896,300.09,359.41,-0.0012836352100862314,0.00023504968106635715,0.0013049780477626892
458,15,298.53310636748915,515.7627483716733,298.53,515.76,-0.003106367489181139,-0.0027483716733058827,0.004147657873122096
458,16,326.8635473932763,896.4757621117305,326.86,896.48,-0.003547393276278399,0.004237888269472023,0.0055266351463719565
458,17,1054.8975668645135,254.91594365781432,1054.9,254.92,0.00243313548662627,0.004056342185663198,0.004730122643597198
458,18,1157.555630413973,315.71673487902876,1157.56,315.72,0.0043695860269963305,0.0032651209712639684,0.005454749948834441
458,19,1316.8493428989514,414.12070209733116,1316.85,414.12,0.0006571010485458828,-0.0007020973311568923,0.0009616249011011152
458,20,1511.645064447947,533.1253002398344,1511.65,533.13,0.004935552052984349,0.00469976016563578,0.006815234382045483
458,21,1342.6599946236597,351.5461111068612,1342.66,351.55,5.376340368457022e-06,0.0038888931388214587,0.003888896855177362
458,22,1354.441024902585,294.66414066053187,1354.44,294.66,-0.0010249025849589088,-0.004140660531845697,0.004265617768698942
458,23,1591.8070486738607,408.917803789936,1591.81,408.92,0.0029513261392821732,0.002196210064028037,0.0036788129370420902
458,24,1222.770816991534,193.0057267787837,1222.77,193.01,-0.0008169915340658918,0.004273221216294587,0.004350620039732903
458,25,1341.3615838413375,240.6800415563588,1341.36,240.68,-0.001583841337605918,-4.155635878078101e-05,0.0015843864155137219
458,26,1455.4649654478749,289.30070053013947,1455.46,289.3,-0.0049654478748379915,-0.0007005301394542585,0.005014620132574045
458,27,1704.0752162724093,396.7630169984571,1704.08,396.76,0.004783727590620401,-0.0030169984570989072,0.0056556457943722094
458,31,552.9874931460495,405.38137848992875,552.99,405.38,0.0025068539505355147,-0.001378489928754334,0.0028608654657275735
459,13,295.60719380275714,235.2539641291167,295.61,235.25,0.0028061972428758963,-0.003964129116695858,0.004856857278092508
459,14,299.8184627264076,359.0573237127392,299.82,359.06,0.0015372735924188419,0.0026762872607832833,0.003086377099477512
459,15,297.89982977561687,515.322061278755,297.9,515.32,0.00017022438311187216,-0.0020612787549225686,0.0020682955412853724
459,16,325.6476605449572,896.1068215837979,325.65,896.11,0.0023394550427724425,0.0031784162021040174,0.003946565525992282
459,17,1054.923175148385,254.68695774336075,1054.92,254.69,-0.00317514838502575,0.003042256639247398,0.0043973733894197
459,18,1157.4167228104798,315.5375511592716,1157.42,315.54,0.0032771895203040913,0.0024488407284479763,0.0040910624616713655
459,19,1316.8870071742135,414.3405265729984,1316.89,414.34,0.0029928257865776686,-0.0005265729984103018,0.0030387966880755703
459,20,1511.7337983359603,533.8439751798758,1511.73,533.84,-0.003798335960254917,-0.003975179875737922,0.0054981279642654195
459,21,1342.4949959677447,351.6595833301459,1342.49,351.66,-0.004995967744662266,0.0004166698541325786,0.005013313023645006
459,22,1354.5807686769388,294.74810549539893,1354.58,294.75,-0.0007686769388328685,0.0018945046010685473,0.002044507745097427
459,23,1592.3552865053955,409.438352842452,1592.36,409.44,0.004713494604402513,0.0016471575480068168,0.004993011052830489
459,24,1222.5781127436505,192.75429508408777,1222.58,192.75,0.001887256349391464,-0.0042950840877722385,0.004691426632630278
459,25,1341.2711878810032,240.5100311672691,1341.27,240.51,-0.0011878810032612819,-3.116726909979661e-05,0.001188289811692488
459,26,1455.5987240859063,289.2255253976046,1455.6,289.23,0.0012759140936395852,0.0044746023954189695,0.0046529585611132735
459,27,1704.556412204307,397.32226274884283,1704.56,397.32,0.003587795692965301,-0.0022627488428383913,0.004241734345786738
459,31,552.9906198595371,405.0360338674466,552.99,405.04,-0.0006198595370960902,0.003966132553443913,0.00401427867458358
460,13,295.20539535206785,234.94047309683754,295.21,234.94,0.004604647932126227,-0.00047309683753837817,0.004628887900621828
460,14,299.36384704480565,358.79299278455443,299.36,358.79,-0.0038470448056386886,-0.00299278455440799,0.00487406535919397
460,15,297.17487233171266,514.9915459590662,297.17,514.99,-0.0048723317126473376,-0.0015459590662203482,0.0051117126046461014
460,16,324.7357454087179,895.8301161878485,324.74,895.83,0.004254591282119691,-0.0001161878484481349,0.004256177462702405
460,17,1054.6923813612889,254.51521830752057,1054.69,254.52,-0.002381361288826156,0.00478169247944038,0.0053418596533282734
460,18,1157.3125421078598,315.4031633694537,1157.31,315.4,-0.002542107859881071,-0.0031633694537163137,0.004058228514016254
460,19,1316.9152553806603,414.5053949297488,1316.92,414.51,0.004744619339817291,0.004605070251216148,0.006611965267483202
460,20,1511.8003487519702,534.3829813849068,1511.8,534.38,-0.000348751970250305,-0.0029813849067750198,0.003001713493839704
460,21,1342.3712469758084,351.74468749760945,1342.37,351.74,-0.0012469758084989735,-0.004687497609438651,0.004850523941336104
460,22,1354.6855765077041,294.8110791215492,1354.69,294.81,0.004423492295927645,-0.0010791215491963158,0.004553217259265264
460,23,1592.7664648790467,409.828764631839,1592.77,409.83,0.0035351209533018846,0.00123536816096248,0.0037447582896088026
460,24,1222.183584557738,192.56572131306584,1222.18,192.57,-0.003584557737895011,0.0042786869341568945,0.005581775349906866
460,25,1341.2033909107524,240.38252337545183,1341.2,240.38,-0.0033909107523868443,-0.002523375451829679,0.004226783576379249
460,26,1455.6990430644296,289.16914404820346,1455.7,289.17,0.0009569355704570626,0.00085595179655229,0.001283892193304047
460,27,1704.9173091532302,397.7416970616321,1704.92,397.74,0.0026908467698376626,-0.0016970616321145826,0.0031813007594286326
460,31,552.7429648946528,404.77702540058493,552.74,404.78,-0.002964894652791372,0.002974599415040302,0.004199862138464664
461,13,294.6540465140509,234.70535482262815,294.65,234.71,-0.0040465140509127195,0.00464517737185588,0.006160515301517883
461,14,299.02288528360424,358.59474458841584,299.02,358.59,-0.002885283604257438,-0.004744588415860562,0.005553015461253015
461,15,296.38115424878447,514.9936594692997,296.38,514.99,-0.001154248784473566,-0.003659469299691409,0.0038371872265818142
461,16,323.80180905653845,895.8725871408864,323.8,895.87,-0.0018090565384341062,-0.002587140886362249,0.0031568946015251183
461,17,1054.5192860209668,254.3864137306404,1054.52,254.39,0.000713979033207579,0.00358626935957318,0.003656650650427718
461,18,1157.2344065808948,315.30237252709026,1157.23,315.3,-0.004406580894737999,-0.0023725270902446027,0.0050046818056510315
461,19,1316.9364415354953,414.6290461973116,1316.94,414.63,0.0035584645047492813,0.0009538026884001738,0.003684075080662709
461,20,1511.8502615639777,534.78723603868,1511.85,534.79,-0.0002615639778014156,0.0027639613199426094,0.002776310121838371
461,21,1342.2784352318563,351.8085156232071,1342.28,351.81,0.0015647681436803396,0.0014843767929164642,0.0021568203000773578
461,22,1354.764182380778,294.8583093411619,1354.76,294.86,-0.004182380778047445,0.0016906588381289112,0.004511167950711229
461,23,1592.824848659285,410.12157347387927,1592.82,410.12,-0.004848659285016765,-0.0015734738792616554,0.005097579514916664
461,24,1221.8876884183035,192.42429098479937,1221.89,192.42,0.0023115816966310376,-0.004290984799382613,0.004874008667281202
461,25,1341.1525431830644,240.28689253158888,1341.15,240.29,-0.002543183064290133,0.0031074684111160877,0.004015487520161966
461,26,1455.7742822983223,289.1268580361526,1455.77,289.13,-0.004282298322323186,0.003141963847383522,0.005311310171665466
461,27,1705.1879818649227,398.0562727962241,1705.19,398.06,0.002018135077378247,0.0037272037758953047,0.004238504120275539
461,31,552.5572236709896,404.8327690504387,552.56,404.83,0.0027763290103166582,-0.002769050438701015,0.003921178790312444
462,13,293.9905348855382,234.52901611697112,293.99,234.53,-0.0005348855381726025,0.0009838830288799727,0.0011198787226589422
462,14,298.5171639627032,358.4460584413119,298.52,358.45,0.002836037296788163,0.003941558688097757,0.004855820470372894
462,15,295.78586568658835,514.9952446019747,295.79,515.0,0.0041343134116687,0.004755398025281465,0.006301298101562451
462,16,323.10135679240386,895.9044403556647,323.1,895.9,-0.0013567924038397905,-0.004440355664769413,0.004643021005419551
462,17,1054.3894645157252,254.0398102979803,1054.39,254.04,0.0005354842749056843,0.00018970201969636946,0.0005680935353866898
462,18,1157.175804935671,315.2267793953177,1157.18,315.23,0.004195064328996523,0.0032206046823262113,0.005288748362726342
462,19,1316.9523311516214,414.72178464798367,1316.95,414.72,-0.0023311516213198047,-0.0017846479836407525,0.002935853590882038
462,20,1511.8876961729834,535.09042702901,1511.89,535.09,0.002303827016703508,-0.0004270290099839258,0.002343069076715588
462,21,1342.2088264238923,351.8563867174053,1342.21,351.86,0.0011735761077034113,0.0036132825946992853,0.003799090942545215
462,22,1354.8231367855835,294.6437320058714,1354.82,294.64,-0.0031367855835924274,-0.003732005871427191,0.00487517093257255
462,23,1593.1186364944638,410.3411801054094,1593.12,410.34,0.0013635055361191917,-0.0011801054094462415,0.0018032737242115978
462,24,1221.6657663137275,192.3182182385995,1221.67,192.32,0.004233686272527848,0.0017817614004798088,0.0045933400856490595
462,25,1341.1144073872983,240.21516939869167,1341.11,240.22,-0.0044073872984427,0.004830601308327687,0.006539095640720603
462,26,1455.8307117237418,289.0951435271145,1455.83,289.1,-0.0007117237419151934,0.004856472885535368,0.00490834794740002
462,27,1705.390986398692,398.04220459716805,1705.39,398.04,-0.0009863986917935108,-0.0022045971680313414,0.002415208283453781
462,31,552.4179177532423,404.874576787829,552.42,404.87,0.002082246757709072,-0.004576787829023488,0.0050281943470680875
463,13,293.49290116415364,234.39676208772835,293.49,234.4,-0.002901164153627178,0.003237912271657706,0.004347508404275127
463,14,297.88787297202737,358.33454383098393,297.89,358.33,0.002127027972619544,-0.004543830983948283,0.005017035778923091
463,15,295.0893992649413,514.996433451481,295.09,515.0,0.0006007350586969551,0.003566548518961099,0.003616787379547109
463,16,322.3260175943029,895.9283302667486,322.33,895.93,0.003982405697058766,0.0016697332513331276,0.004318282559834826
463,17,1054.292098386794,253.77985772348524,1054.29,253.78,-0.00209838679393215,0.00014227651476517167,0.002103204636644416
463,18,1157.1318537017532,315.1700845464883,1157.13,315.17,-0.0018537017531343736,-8.454648826727862e-05,0.0018556288147826814
463,19,1316.964248363716,414.79133848598775,1316.96,414.79,-0.00424836371598758,-0.0013384859877305644,0.004454227093747114
463,20,1512.1657721297374,535.3178202717575,1512.17,535.32,0.004227870262639044,0.002179728242595047,0.0047566902536610505
463,21,1342.1566198179194,351.892290038054,1342.16,351.89,0.0033801820807184413,-0.002290038054013621,0.004082879521568147
463,22,1354.8673525891877,294.48279900440355,1354.87,294.48,0.002647410812187445,-0.0027990044035277606,0.003852688627368527
463,23,1593.3389773708477,410.50588507905707,1593.34,410.51,0.0010226291522030806,0.004114920942924982,0.004240087823319019
463,24,1221.4993247352957,192.23866367894965,1221.5,192.24,0.0006752647043413162,0.0013363210503598566,0.001497242923030206
463,25,1341.0858055404738,240.16137704901877,1341.09,240.16,0.004194459526161154,-0.0013770490187710038,0.00441472023085294
463,26,1455.8730337928064,289.07135764533587,1455.87,289.07,-0.0030337928064909647,-0.0013576453358723484,0.003323717745346657
463,27,1705.793239799019,398.031653447876,1705.79,398.03,-0.003239799018956546,-0.001653447876037717,0.003637332478892387
463,31,552.0634383149317,404.90593259087177,552.06,404.91,-0.0034383149317136485,0.004067409128253985,0.005325957809281714
464,13,292.3696758731152,234.29757156579626,290.1,231.0,-2.2696758731152045,-3.297571565796261,4.0031745903157
464,14,296.91590472902055,358.25090787323796,308.1,366.0,11.18409527097947,7.7490921267620365,13.606337340349558
464,15,294.067049448706,514.9973250886108,326.4,525.0,32.332950551294005,10.00267491138925,33.84484003116811
464,16,321.7445131957272,895.9462477000615,369.6,908.2,47.8554868042728,12.253752299938583,49.399413586622444
464,17,1054.2190737900955,253.5848932926139,1050.1,254.2,-4.1190737900956265,0.6151067073860759,4.164747909504738
464,18,1157.098890276315,315.1275634098662,1145.4,317.5,-11.698890276314842,2.372436590133816,11.937021783990332
464,19,1316.973186272787,414.8435038644908,1283.5,414.3,-33.47318627278696,-0.5435038644907877,33.477598416006636
464,20,1512.624329097303,535.4883652038181,1459.8,535.5,-52.82432909730301,0.011634796181851925,52.824330378611094
464,21,1342.3674648634396,351.9192175285405,1339.4,350.2,-2.9674648634395453,-1.7192175285405256,3.4295125930938455
464,22,1354.9005144418907,294.36209925330263,1361.0,289.5,6.099485558109336,-4.862099253302631,7.800239305466875
464,23,1593.7542330281358,410.6294138092928,1584.4,406.5,-9.354233028135695,-4.129413809292828,10.225152025913502
464,24,1221.3744935514717,191.92899775921222,1243.3,179.7,21.925506448528267,-12.228997759212234,25.105302611585316
464,25,1341.3143541553554,240.1210327867641,1354.5,229.2,13.185645844644569,-10.921032786764101,17.12104592219672
464,26,1456.1547753446048,289.0535182340019,1466.2,281.2,10.045224655395259,-7.8535182340019105,12.750854364675384
464,27,1706.3449298492642,398.023740085907,1710.5,389.2,4.15507015073581,-8.82374008590699,9.753101919962573
464,31,551.5475787361987,404.9294494431538,582.7,413.8,31.15242126380133,8.870550556846183,32.39073969175303
465,13,291.7772569048364,234.2231786743472,291.78,234.22,0.0027430951635665224,-0.003178674347196875,0.004198635692925683
465,14,296.18692854676544,357.93818090492846,296.19,357.94,0.0030714532345541556,0.0018190950715393228,0.0035697243382860587
465,15,293.30028708652947,514.9979938164581,293.3,515.0,-0.0002870865294539726,0.002006183541880091,0.0020266206056152873
465,16,320.5583848967954,895.9596857750461,320.56,895.96,0.0016151032045854663,0.00031422495396782324,0.0016453861805540738
465,17,1054.1643053425717,253.43866996946042,1054.16,253.44,-0.004305342571569781,0.0013300305395773648,0.004506102073275699
465,18,1157.0741677072363,314.84567255739967,1157.07,314.85,-0.004167707236319984,0.004327442600356335,0.006008039868963317
465,19,1316.9798897045903,414.8826278983681,1316.98,414.88,0.00011029540974050178,-0.0026278983681322643,0.0026302119516575166
465,20,1512.968246822977,535.6162739028637,1512.97,535.62,0.0017531770229197718,0.003726097136336648,0.004117939963514524
465,21,1342.5255986475797,351.6894131464054,1342.53,351.69,0.00440135242024553,0.0005868535945978692,0.004440304073900078
465,22,1355.175385831418,294.271574439977,1355.18,294.27,0.0046141685820657585,-0.0015744399769914708,0.004875388491686753
465,23,1594.3156747711018,410.7220603569696,1594.32,410.72,0.004325228898096611,-0.002060356969593613,0.004790895100404829
465,24,1221.5308701636038,191.69674831940915,1221.53,191.7,-0.0008701636038495053,0.0032516805908358037,0.0033660973489016387
465,25,1341.4857656165166,239.84077459007307,1341.49,239.84,0.004234383483435522,-0.0007745900730640187,0.004304647867837841
465,26,1456.6160815084536,288.79013867550145,1456.62,288.79,0.003918491546301084,-0.0001386755014323171,0.0039209446429566645
465,27,1707.2586973869481,398.01780506443026,1707.26,398.02,0.0013026130518483114,0.0021949355697188366,0.0025523602641599257
465,31,551.160684052149,404.6970870823654,551.16,404.7,-0.0006840521490403262,0.002912917634603218,0.0029921591683246223
466,13,291.0829426786273,234.1673840057604,291.08,234.17,-0.0029426786273347716,0.002615994239590691,0.003937357408890452
466,14,295.64019641007405,357.70363567869634,295.64,357.7,-0.00019641007406789868,-0.0036356786963551713,0.0036409801565411197
466,15,292.4752153148971,514.9984953623436,292.48,515.0,0.004784685102890762,0.0015046376563532249,0.0050156899835158185
466,16,319.6687886725966,895.9697643312845,319.67,895.97,0.0012113274034390997,0.00023566871550428914,0.0012340396354209831
466,17,1054.1232290069288,253.32900247709532,1054.12,253.33,-0.0032290069289047096,0.0009975229046972345,0.0033795765551782125
466,18,1157.0556257804271,314.63425441804975,1157.06,314.63,0.004374219572810034,-0.004254418049754349,0.006101956228393482
466,19,1317.2349172784427,414.9119709237761,1317.23,414.91,-0.004917278442690076,-0.0019709237760707765,0.005297562440785916
466,20,1513.226185117233,535.7122054271478,1513.23,535.71,0.0038148827670738683,-0.002205427147714545,0.004406499680062792
466,21,1342.6441989856849,351.517059859804,1342.64,351.52,-0.004198985684752188,0.002940140195960339,0.005126002843605874
466,22,1355.3815393735636,294.2036808299827,1355.38,294.2,-0.0015393735634461336,-0.0036808299827271185,0.003989759432544745
466,23,1594.7367560783264,410.7915452677272,1594.74,410.79,0.003243921673629302,-0.001545267727180999,0.003593171325348829
466,24,1221.6481526227028,191.52256123955686,1221.65,191.52,0.0018473772972811275,-0.002561239556854389,0.003157966267410941
466,25,1341.6143242123874,239.6305809425548,1341.61,239.63,-0.004324212387473381,-0.0005809425547909086,0.004363061657133122
466,26,1456.9620611313403,288.59260400662606,1456.96,288.59,-0.0020611313402696396,-0.002604006626086175,0.003321010826622284
466,27,1707.944023040211,398.01335379832267,1707.94,398.01,-0.004023040210995532,-0.0033537983226779033,0.005237634554690131
466,31,550.8705130391118,404.522815311774,550.87,404.52,-0.0005130391117518229,-0.002815311774043039,0.002861675997602185
467,13,290.3122070089705,233.8755380043203,290.31,233.88,-0.0022070089705152895,0.0044619956796907445,0.004977980920163699
467,14,294.9801473075555,357.52772675902224,294.98,357.53,-0.0001473075554940806,0.002273240977729074,0.0022780087925054807
467,15,291.6064114861729,514.9988715217578,291.61,515.0,0.00358851382713965,0.0011284782422080752,0.003761767487592699
467,16,318.75159150444745,895.9773232484633,318.75,895.98,-0.0015915044474468232,0.0026767515366827865,0.00311414277055126
467,17,1054.0924217551965,253.2467518578215,1054.09,253.25,-0.0024217551965648454,0.0032481421785064413,0.00405158312809714
467,18,1157.0417193353203,314.4756908135373,1157.04,314.48,-0.0017193353203310835,0.0043091864627058385,0.004639526044124038
467,19,1317.176187958832,414.68397819283206,1317.18,414.68,0.0038120411679756216,-0.003978192832050809,0.005509780038742144
467,20,1513.4196388379246,535.7841540703608,1513.42,535.78,0.0003611620754782052,-0.0041540703608689,0.0041697408322116615
467,21,1342.7331492392636,351.387794894853,1342.73,351.39,-0.0031492392636209843,0.0022051051469702543,0.0038445021327509687
467,22,1355.5361545301726,294.15276062248705,1355.54,294.15,0.0038454698274108523,-0.0027606224870737606,0.0047337801712441785
467,23,1595.052567058745,410.84365895079543,1595.05,410.84,-0.0025670587449440063,-0.0036589507954545297,0.004469643332923874
467,24,1221.7361144670272,191.39192092966766,1221.74,191.39,0.003885532972844885,-0.0019209296676763188,0.00433443621146094
467,25,1341.7107431592906,239.47293570691608,1341.71,239.47,-0.0007431592905504658,-0.002935706916076697,0.0030283098963336005
467,26,1457.2215458485052,288.44445300496955,1457.22,288.44,-0.0015458485052022297,-0.004453004969548147,0.004713692911068397
467,27,1708.4580172801584,398.010015348742,1708.46,398.01,0.0019827198416351166,-1.5348742010701244e-05,0.001982779250016222
467,31,550.6528847793338,404.3921114838305,550.65,404.39,-0.002884779333840015,-0.0021114838305038575,0.0035749567509873017
468,13,289.2341552567279,233.65665350324022,289.23,233.66,-0.004155256727869983,0.003346496759775164,0.0053352787216502965
468,14,293.98511048066666,357.3957950692667,293.99,357.4,0.00488951933334647,0.004204930733294532,0.0064489411365722515
468,15,290.70480861462966,514.9991536413183,290.7,515.0,-0.004808614629666863,0.0008463586816560564,0.004882529843704056
468,16,318.0636936283356,895.9829924363476,318.06,895.98,-0.0036936283356112654,-0.002992436347540206,0.004753689680207388
468,17,1053.8193163163974,252.93506389336613,1053.82,252.94,0.0006836836025740922,0.004936106633863346,0.004983229070522288
468,18,1157.0312895014902,314.356768110153,1157.03,314.36,-0.0012895014901914692,0.003231889847029379,0.0034796445330719634
468,19,1317.382140969124,414.51298364462406,1317.38,414.51,-0.002140969123956893,-0.002983644624066528,0.003672313171892866
468,20,1513.8147291284436,535.8381155527707,1513.81,535.84,-0.004729128443614172,0.0018844472293721992,0.005090756053523795
468,21,1342.7998619294476,351.2908461711398,1342.8,351.29,0.00013807055233883148,-0.0008461711397558247,0.0008573616944900335
468,22,1355.6521158976293,294.1145704668653,1355.65,294.11,-0.0021158976292099396,-0.004570466865288836,0.0050364858923657675
468,23,1595.5394252940587,410.63274421309654,1595.54,410.63,0.0005747059412897215,-0.0027442130965482647,0.002803746143683611
468,24,1221.8020858502705,191.04394069725075,1221.8,191.04,-0.002085850270532319,-0.003940697250754965,0.004458684354513951
468,25,1341.783057369468,239.35470178018704,1341.78,239.35,-0.0030573694680242625,-0.0047017801870481435,0.0056084084187339135
468,26,1457.416159386379,288.33333975372716,1457.42,288.33,0.0038406136211506237,-0.003339753727175321,0.005089623556329991
468,27,1709.093512960119,398.0075115115565,1709.09,398.01,-0.0035129601189964887,0.0024884884434754895,0.004305050932447941
468,31,550.2396635845004,404.2940836128729,550.24,404.29,0.0003364154996461366,-0.004083612872875619,0.004097446702999031
469,13,288.1756164425459,233.49249012743016,288.18,233.49,0.004383557454104903,-0.002490127430149869,0.0050414591708971964
469,14,292.9888328605,357.29684630195004,292.99,357.3,0.0011671395000121265,0.003153698049970899,0.003362740846821058
469,15,289.77860646097224,514.9993652309888,289.78,515.0,0.0013935390277310944,0.0006347690111851989,0.0015313009891496706
469,16,317.5477702212517,896.4872443272607,317.55,896.49,0.0022297787483012144,0.002755672739340298,0.003544805426637546
469,17,1053.614487237298,252.70129792002461,1053.61,252.7,-0.00448723729800804,-0.0012979200246263645,0.004671177042134092
469,18,1156.7734671261176,314.2675760826147,1156.77,314.27,-0.0034671261175844847,0.002423917385272034,0.004230406482344276
469,19,1317.536605726843,414.38473773346806,1317.54,414.38,0.003394273157027783,-0.004737733468061833,0.005828139383964024
469,20,1514.1110468463326,535.878586664578,1514.11,535.88,-0.0010468463326560595,0.0014133354219438843,0.001758807624249093
469,21,1342.8498964470857,351.21813462835485,1342.85,351.22,0.00010355291419728019,0.0018653716451808577,0.0018682437155477037
469,22,1355.489086923222,294.085927850149,1355.49,294.09,0.0009130767780334281,0.0040721498509697085,0.004173261747283116
469,23,1595.654568970544,410.47455815982244,1595.65,410.47,-0.0045689705439144745,-0.004558159822408925,0.006453860302003839
469,24,1221.6015643877029,190.78295552293807,1221.6,190.78,-0.0015643877029560826,-0.002955522938066224,0.0033440132659120557
469,25,1341.837293027101,239.26602633514028,1341.84,239.27,0.0027069728989772557,0.0039736648597283875,0.004808088465620984
469,26,1457.5621195397841,288.25000481529537,1457.56,288.25,-0.002119539784189328,-4.815295369553496e-06,0.002119545254018144
469,27,1709.3201347200893,398.0056336336674,1709.32,398.01,-0.00013472008936332713,0.0043663663325901325,0.004368444168448839
469,31,549.9297476883753,404.2205627096547,549.93,404.22,0.0002523116246493373,-0.0005627096546731991,0.0006166873692525404
470,13,287.1317123319094,233.3693675955726,287.13,233.37,-0.0017123319094025646,0.0006324044273924301,0.0018253810363164675
470,14,291.991624645375,357.2226347264625,291.99,357.22,-0.0016246453749886314,-0.002634726462474646,0.0030953604194885144
470,15,288.8339548457292,515.2495239232417,288.83,515.25,-0.003954845729197132,0.00047607675833205576,0.003983397271371856
470,16,316.66082766593877,897.1154332454455,316.66,897.12,-0.0008276659387433938,0.00456675455450295,0.004641150511158781
470,17,1053.2108654279734,252.52597344001845,1053.21,252.53,-0.0008654279733946169,0.004026559981554101,0.004118513185870221
470,18,1156.5801003445881,314.20068206196106,1156.58,314.2,-0.0001003445881906373,-0.0006820619610721224,0.0006894037678463166
470,19,1317.4024542951322,414.28855330010106,1317.4,414.29,-0.0024542951321109285,0.0014466998989632884,0.0028489480853753353
470,20,1514.3332851347495,535.9089399984335,1514.33,535.91,-0.0032851347496034577,0.0010600015664294915,0.003451914489654277
470,21,1342.8874223353143,351.16360097126613,1342.89,351.16,0.0025776646857593732,-0.0036009712661098092,0.004428470310565427
470,22,1355.3668151924164,293.8144458876118,1355.37,293.81,0.003184807583465954,-0.004445887611780108,0.005468904460701621
470,23,1595.9909267279081,410.3559186198668,1595.99,410.36,-0.0009267279081086599,0.004081380133186485,0.004185270410288538
470,24,1221.2011732907772,190.58721664220354,1221.2,190.59,-0.0011732907771602186,0.0027833577964599954,0.003020544962566171
470,25,1341.6279697703258,238.9495197513552,1341.63,238.95,0.0020302296743466286,0.00048024864477724805,0.0020862577241098474
470,26,1457.671589654838,287.9375036114715,1457.67,287.94,-0.001589654837971466,0.002496388528470561,0.0029595537144923557
470,27,1709.740101040067,398.00422522525054,1709.74,398.0,-0.00010104006696565193,-0.0042252252505363685,0.00422643319039856
470,31,549.1973107662815,404.16542203224105,549.2,404.17,0.0026892337185699944,0.0045779677589621315,0.005309403619540575
471,13,285.848784248932,233.27702569667946,285.85,233.28,0.0012157510680026462,0.002974303320542049,0.003213180807539008
471,14,290.74371848403126,357.1669760448469,290.74,357.17,-0.0037184840312534106,0.003023955153139468,0.004792851787702741
471,15,287.62546613429686,515.4371429424313,287.63,515.44,0.0045338657031379626,0.0028570575688036115,0.005358984620760606
471,16,315.9956207494541,897.8365749340842,316.0,897.84,0.004379250545923696,0.0034250659158487906,0.005559578389759614
471,17,1052.65814907098,252.39448008001384,1052.66,252.39,0.0018509290200654505,-0.004480080013848919,0.004847376111651435
471,18,1156.185075258441,314.1505115464708,1156.19,314.15,0.004924741559079848,-0.0005115464708183026,0.004951238149749502
471,19,1317.3018407213492,414.2164149750758,1317.3,414.22,-0.0018407213492537267,0.0035850249242344034,0.004029970073459646
471,20,1514.7499638510621,535.9317049988251,1514.75,535.93,3.614893785197637e-05,-0.0017049988251756076,0.0017053819922697754
471,21,1342.9155667514858,351.1227007284496,1342.92,351.12,0.004433248514260413,-0.0027007284496107786,0.005191110338620168
471,22,1355.2751113943123,293.61083441570884,1355.28,293.61,0.0048886056877108786,-0.0008344157088231441,0.004959305913638519
471,23,1596.243195045931,410.26693896490013,1596.24,410.27,-0.003195045931079221,0.0030610350998472313,0.0044247321257001124
471,24,1220.6508799680828,190.44041248165266,1220.65,190.44,-0.0008799680826996337,-0.00041248165265983516,0.0009718461505562793
471,25,1341.4709773277443,238.71213981351642,1341.47,238.71,-0.0009773277442945982,-0.002139813516407685,0.0023524394582579568
471,26,1457.7536922411286,287.70312770860363,1457.75,287.7,-0.003692241128646856,-0.0031277086036425317,0.004838926085545317
471,27,1710.0550757800502,397.7531689189379,1710.06,397.75,0.004924219949771214,-0.0031689189378880656,0.005855765479305882
471,31,548.6479830747111,404.12406652418076,548.65,404.12,0.002016925288899074,-0.004066524180757369,0.004539229729115394
472,13,284.636588186699,233.7077692725096,284.64,233.71,0.003411813300999711,0.002230727490399431,0.004076348260060993
472,14,289.55778886302346,358.12523203363514,289.56,358.13,0.0022111369765411837,0.004767966364852327,0.005255723545373254
472,15,287.46909960072264,516.0778572068234,287.47,516.08,0.0009003992773841674,0.0021427931766311303,0.0023242808471720584
472,16,316.74671556209057,899.6274312005631,316.75,899.63,0.0032844379094285614,0.0025687994368581712,0.0041696837922910075
472,17,1051.2436118032351,252.79586006001037,1051.24,252.8,-0.003611803235116895,0.004139939989642016,0.005494017266721866
472,18,1154.8888064438306,314.1128836598531,1154.89,314.11,0.0011935561694826902,-0.0028836598530688207,0.003120908598134698
472,19,1316.2263805410118,413.66231123130683,1316.23,413.66,0.0036194589881688444,-0.002311231306805439,0.004294446823584362
472,20,1513.3124728882967,534.1987787491189,1513.31,534.2,-0.0024728882967792742,0.0012212508811444422,0.002758012009227657
472,21,1341.9366750636143,350.8420255463372,1341.94,350.84,0.003324936385752153,-0.002025546337222295,0.0038933327540210646
472,22,1353.9563335457342,293.20812581178166,1353.96,293.21,0.0036664542658400023,0.0018741882183235248,0.004117701830050236
472,23,1594.4323962844483,408.9502042236751,1594.43,408.95,-0.002396284448195729,-0.00020422367509809192,0.0024049711986082662
472,24,1219.738159976062,190.5803093612395,1219.74,190.58,0.0018400239380298444,-0.00030936123948777094,0.0018658489941633183
472,25,1340.3532329958082,238.53410486013732,1340.35,238.53,-0.0032329958082755184,-0.004104860137317701,0.005225144844238002
472,26,1456.5652691808464,287.2773457814527,1456.57,287.28,0.00473081915356488,0.0026542185472635538,0.005424530022073265
472,27,1708.0413068350376,396.3148766892034,1708.04,396.31,-0.0013068350376670423,-0.004876689203399565,0.005048753846468265
472,31,546.9859873060333,404.34304989313557,546.99,404.34,0.004012693966728875,-0.0030498931355964487,0.005040194540806997
473,13,283.4774411400242,233.7808269543822,283.48,233.78,0.0025588599758066266,-0.0008269543822052583,0.0026891667717033785
473,14,288.4183416472676,358.59392402522633,288.42,358.59,0.0016583527324200986,-0.003924025226353933,0.004260059596083984
473,15,287.101824700542,516.5583929051176,287.1,516.56,-0.0018247005419880225,0.0016070948823880826,0.002431519284095717
473,16,316.8100366715679,901.2205734004224,316.81,901.22,-3.6671567897883506e-05,-0.0005734004223540978,0.000574571882576886
473,17,1050.1827088524265,253.09689504500778,1050.18,253.1,-0.0027088524263945146,0.003104954992210196,0.004120512950062706
473,18,1153.916604832873,314.0846627448898,1153.92,314.08,0.003395167127109744,-0.004662744889799342,0.005767872201111647
473,19,1315.4197854057588,413.2467334234801,1315.42,413.25,0.00021459424124259385,0.0032665765198771624,0.0032736177004328527
473,20,1512.2343546662225,532.8990840618392,1512.23,532.9,-0.0043546662225253385,0.0009159381608014883,0.004449950631638009
473,21,1341.2025062977107,350.6315191597529,1341.2,350.63,-0.0025062977106244944,-0.0015191597528882994,0.0029307634788698356
473,22,1352.9672501593006,292.90609435883624,1352.97,292.91,0.0027498406993800018,0.0039056411637830024,0.004776573748221935
473,23,1593.0742972133362,407.96265316775634,1593.07,407.96,-0.00429721333625821,-0.0026531677563639278,0.005050281338769615
473,24,1219.0536199820465,190.43523202092962,1219.05,190.44,-0.0036199820465299126,0.004767979070379624,0.00598647596109573
473,25,1339.7649247468562,238.400578645103,1339.76,238.4,-0.004924746856204365,-0.0005786451029905493,0.0049586249861135615
473,26,1455.6739518856348,286.9580093360895,1455.67,286.96,-0.003951885634705832,0.001990663910476087,0.004424945522180613
473,27,1706.7809801262783,395.23615751690255,1706.78,395.24,-0.0009801262783639686,0.003842483097457716,0.003965516848506365
473,31,545.739490479525,404.50728741985165,545.74,404.51,0.0005095204750205085,0.0027125801483407486,0.0027600185100171777
474,13,282.35808085501816,233.83562021578666,282.36,233.84,0.00191914498185497,0.004379784213341509,0.004781801670585535
474,14,287.3137562354507,359.1954430189197,287.31,359.2,-0.0037562354506803786,0.004556981080270361,0.005905538191129582
474,15,286.5763685254065,517.1687946788381,286.58,517.17,0.003631474593476014,0.0012053211618194837,0.0038262784564367046
474,16,316.8575275036759,902.4154300503168,316.86,902.42,0.002472496324116946,0.004569949683173036,0.005195929000622039
474,17,1049.38703163932,253.32267128375582,1049.39,253.32,0.002968360680142723,-0.0026712837558307,0.0039933597423200354
474,18,1153.1874536246546,314.06349705866734,1153.19,314.06,0.0025463753454459948,-0.0034970586673352955,0.004325904150889167
474,19,1314.8148390543192,412.93505006761006,1314.81,412.94,-0.004839054319290881,0.00494993238993402,0.006922302894988462
474,20,1511.425765999667,531.9243130463794,1511.43,531.92,0.004234000333099175,-0.0043130463794796015,0.006043933147564261
474,21,1340.651879723283,350.4736393698147,1340.65,350.47,-0.001879723282854684,-0.003639369814663951,0.004096141143563428
474,22,1352.2254376194755,292.67957076912717,1352.23,292.68,0.004562380524475884,0.00042923087283952555,0.004582527162201597
474,23,1592.0557229100023,407.22198987581726,1592.06,407.22,0.0042770899976858345,-0.0019898758172303133,0.004717319643219253
474,24,1218.540214986535,190.32642401569723,1218.54,190.33,-0.00021498653495655162,0.0035759843027847182,0.00358244091981645
474,25,1339.3236935601421,238.30043398382725,1339.32,238.3,-0.003693560142210117,-0.00043398382723580653,0.0037189687396407974
474,26,1455.005463914226,286.7185070020671,1455.01,286.72,0.0045360857739069615,0.0014929979329281196,0.004775470340811338
474,27,1705.8357350947088,394.4271181376769,1705.84,394.43,0.004264905291165633,0.0028818623230790763,0.00514728545854952
474,31,544.5546178596437,404.6304655648887,544.55,404.63,-0.004617859643758493,-0.00046556488871374313,0.004641269045752073
475,13,281.2685606412636,233.87671516184,281.27,233.88,0.0014393587363770166,0.003284838159999026,0.0035863512529269396
475,14,286.485317176588,359.39658226418976,286.49,359.4,0.004682823411997106,0.003417735810216982,0.00579739192882349
475,15,286.1822763940549,517.6265960091287,286.18,517.63,-0.002276394054888442,0.0034039908713339173,0.0040950120567900756
475,16,316.8931456277569,903.3115725377376,316.89,903.31,-0.003145627756907743,-0.0015725377376156757,0.003516795262913931
475,17,1048.5402737294899,253.49200346281685,1048.54,253.49,-0.0002737294898906839,-0.0020034628168446034,0.0020220759362879343
475,18,1152.640590218491,314.0476227940005,1152.64,314.05,-0.0005902184909700736,0.002377205999493981,0.002449380785242092
475,19,1314.3611292907394,412.70128755070755,1314.36,412.7,-0.0011292907395272778,-0.0012875507075591486,0.001712625002421175
475,20,1510.81932449975,531.4432347847846,1510.82,531.44,0.0006755002498266549,-0.0032347847845812794,0.0033045624808852423
475,21,1340.2389097924622,350.355229527361,1340.24,350.36,0.00109020753779987,0.004770472638995216,0.004893461114066161
475,22,1351.6690782146065,292.5096780768454,1351.67,292.51,0.0009217853935297171,0.0003219231546154333,0.00097638252196682
475,23,1591.2917921825017,406.666492406863,1591.29,406.67,-0.0017921825017310766,0.003507593137044296,0.0039389246926732815
475,24,1218.1551612399012,190.2448180117729,1218.16,190.24,0.004838760098891726,-0.004818011772897535,0.006828384636091167
475,25,1338.7427701701067,238.22532548787044,1338.74,238.23,-0.0027701701067144313,0.004674512129554387,0.005433682551408882
475,26,1454.5040979356695,286.5388802515503,1454.5,286.54,-0.004097935669506114,0.0011197484496960897,0.004248165879765916
475,27,1704.8768013210315,393.8203386032577,1704.88,393.82,0.003198678968601598,-0.00033860325771684074,0.0032165508406227067
475,31,543.6659633947328,404.72284917366653,543.67,404.72,0.004036605267174309,-0.002849173666504612,0.004940847363042366
476,13,280.4514204809477,233.90753637138,280.45,233.91,-0.0014204809477291747,0.002463628620006375,0.0028438059181625053
476,14,285.613987882441,359.5474366981423,285.61,359.55,-0.003987882440981139,0.00256330185771958,0.0047406458185435384
476,15,285.63670729554116,517.9699470068465,285.64,517.97,0.003292704458829121,5.299315353113343e-05,0.0032931308700861477
476,16,316.66985922081767,904.4836794033032,316.67,904.48,0.00014077918234534081,-0.0036794033031810613,0.0036820955236986355
476,17,1047.9052052971174,253.61900259711263,1047.91,253.62,0.004794702882691126,0.0009974028873784846,0.0048973450208288916
476,18,1151.9804426638684,314.0357170955004,1151.98,314.04,-0.00044266386839808547,0.004282904499632423,0.004305719713747843
476,19,1313.7708469680547,412.52596566303066,1313.77,412.53,-0.0008469680547023017,0.00403433696931188,0.0041222845204622605
476,20,1510.6144933748126,531.0824260885885,1510.61,531.08,-0.004493374812682305,-0.0024260885884359595,0.005106498119669381
476,21,1339.9291823443466,350.2664221455208,1339.93,350.27,0.0008176556534635893,0.003577854479203779,0.0036700958355333877
476,22,1351.0018086609548,292.38225855763403,1351.0,292.38,-0.001808660954793595,-0.0022585576340361513,0.0028934990989557706
476,23,1590.7188441368762,406.24986930514723,1590.72,406.25,0.0011558631238131056,0.00013069485277128479,0.0011632285697711772
476,24,1217.6163709299258,190.1836135088297,1217.62,190.18,0.003629070074111951,-0.003613508829687362,0.005121288477038122
476,25,1338.05707762758,238.16899411590282,1338.06,238.17,0.0029223724200164725,0.0010058840971680638,0.0030906412567958358
476,26,1453.8780734517522,286.40416018866273,1453.88,286.4,0.0019265482478658669,-0.004160188662751807,0.004584621888557846
476,27,1703.9076009907735,393.36525395244325,1703.91,393.37,0.0023990092265648855,0.0047460475567504545,0.005317914316729859
476,31,542.7494725460496,404.7921368802499,542.75,404.79,0.000527453950439849,-0.0021368802499068806,0.002201014509783317
477,13,279.8385653607108,233.68065227853498,279.84,233.68,0.0014346392891866344,-0.0006522785349716287,0.0015759623019801793
477,14,284.96049091183073,359.6605775236067,284.96,359.66,-0.0004909118307523386,-0.0005775236066938305,0.000757976214574879
477,15,285.2275304716559,518.2274602551349,285.23,518.23,0.0024695283441360516,0.002539744865089233,0.00354243902166833
477,16,316.25239441561325,905.6127595524774,316.25,905.61,-0.0023944156132529315,-0.0027595524774142177,0.0036535402015842604
477,17,1047.178903972838,253.46425194783447,1047.18,253.46,0.0010960271620206186,-0.004251947834461589,0.004390937932477476
477,18,1151.2353319979013,314.0267878216253,1151.24,314.03,0.004668002098696888,0.0032121783746674737,0.0056664215783967155
477,19,1313.328135226041,412.394474247273,1313.33,412.39,0.0018647739589141565,-0.00447424727303769,0.004847295181658487
477,20,1510.2108700311094,530.8118195664414,1510.21,530.81,-0.000870031109343472,-0.0018195664414406565,0.002016872868091206
477,21,1339.44688675826,350.1998166091406,1339.45,350.2,0.003113241740038575,0.00018339085937668642,0.0031186385393663905
477,22,1350.2513564957162,292.2866939182255,1350.25,292.29,-0.001356495716208883,0.0033060817744967608,0.0035735496817244196
477,23,1590.0391331026572,405.9374019788604,1590.04,405.94,0.0008668973428029858,0.0025980211395904007,0.0027388364034234467
477,24,1216.9622781974444,190.13771013162227,1216.96,190.14,-0.0022781974444114894,0.0022898683777157203,0.003230120861977995
477,25,1337.542808220685,237.87674558692711,1337.54,237.88,-0.002808220684983098,0.0032544130728808796,0.004298523916939966
477,26,1453.1585550888142,286.30312014149706,1453.16,286.3,0.0014449111858994002,-0.0031201414970496444,0.0034384664164054893
477,27,1703.1807007430803,393.02394046433244,1703.18,393.02,-0.000700743080187749,-0.00394046433245876,0.004002286848766673
477,31,542.0621044095371,404.84410266018745,542.06,404.84,-0.0021044095371962612,-0.004102660187470519,0.004610895803864821
478,13,279.1289240205331,233.26048920890122,279.13,233.26,0.0010759794669183975,-0.0004892089012287215,0.0011819717265110076
478,14,284.22036818387306,358.99543314270505,284.22,359.0,-0.0003681838730358322,0.004566857294946658,0.004581674902999031
478,15,283.9206478537419,517.6705951913511,283.92,517.67,-0.0006478537418956876,-0.0005951913511808016,0.0008797540652981789
478,16,314.43929581170994,905.459569664358,314.44,905.46,0.0007041882900580276,0.0004303356420223281,0.0008252695999790724
478,17,1047.3841779796285,252.84818896087586,1047.38,252.85,-0.004177979628366302,0.0018110391241350499,0.004553611367276711
478,18,1151.676498998426,313.770090866219,1151.68,313.77,0.0035010015740226663,-9.086621901133185e-05,0.0035021805623163694
478,19,1313.9961014195308,412.79585568545474,1314.0,412.8,0.003898580469240187,0.0041443145452717545,0.005689839428779345
478,20,1511.658152523332,532.358864674831,1511.66,532.36,0.0018474766679901222,0.001135325169002499,0.002168440286966288
478,21,1339.835165068695,350.14986245685543,1339.84,350.15,0.0048349313049129705,0.00013754314454672567,0.004836887308986973
478,22,1350.9385173717872,292.46502043866917,1350.94,292.47,0.0014826282128979074,0.004979561330856086,0.005195595968263706
478,23,1591.529349826993,406.9530514841453,1591.53,406.95,0.0006501730069885525,-0.003051484145316863,0.0031199808377835787
478,24,1216.9717086480832,189.8532825987167,1216.97,189.85,-0.0017086480831949302,-0.0032825987167086623,0.0037006665085012815
478,25,1337.9071061655136,237.65755919019534,1337.91,237.66,0.0028938344864855026,0.0024408098046535542,0.0037857404213265515
478,26,1453.8689163166107,286.4773401061228,1453.87,286.48,0.0010836833891971764,0.0026598938771940084,0.0028721777671230683
478,27,1704.8855255573103,394.0179553482493,1704.89,394.02,0.004474442689797797,0.0020446517506798045,0.004919475395389526
478,31,542.2965783071529,404.6330769951406,542.3,404.63,0.003421692847041413,-0.0030769951405886786,0.004601725875658036
479,13,278.3466930153998,232.94536690667593,278.35,232.95,0.003306984600214946,0.0046330933240597005,0.005692249194782795
479,14,283.6652761379048,358.4965748570288,283.67,358.5,0.0047238620952043675,0.0034251429711957826,0.005834935943747838
479,15,282.69048589030643,517.5029463935134,282.69,517.5,-0.0004858903064359765,-0.002946393513411749,0.0029861888965307063
479,16,313.0794718587824,905.3446772482685,313.08,905.34,0.0005281412175577316,-0.004677248268421863,0.0047069719045410375
479,17,1047.5381334847214,252.3861417206569,1047.54,252.39,0.0018665152786070394,0.0038582793430919082,0.0042860469869803386
479,18,1152.0073742488196,313.5775681496642,1152.01,313.58,0.002625751180403313,0.002431850335767649,0.0035788916324698376
479,19,1314.4970760646481,413.0968917640911,1314.5,413.1,0.002923935351873297,0.003108235908939605,0.00426737957153521
479,20,1512.493614392499,533.5191485061232,1512.49,533.52,-0.003614392499002861,0.000851493876780296,0.003713337442118947
479,21,1340.1263738015214,350.1123968426416,1340.13,350.11,0.0036261984787415713,-0.002396842641587682,0.004346742464853503
479,22,1351.4538880288403,292.5987653290019,1351.45,292.6,-0.0038880288402651786,0.0012346709981443382,0.004079360334218163
479,23,1592.3970123702447,407.71478861310896,1592.4,407.71,0.0029876297553528275,-0.004788613108985373,0.005644178156526968
479,24,1216.7287814860624,189.6399619490375,1216.73,189.64,0.0012185139376015286,3.805096247333495e-05,0.0012191079082158106
479,25,1337.930329624135,237.4931693926465,1337.93,237.49,-0.0003296241350199125,-0.0031693926464981814,0.0031864873792413445
479,26,1454.151687237458,286.6080050795921,1454.15,286.61,-0.0016872374578724703,0.001994920407923928,0.002612752891721551
479,27,1705.9141441679826,394.76346651118695,1705.91,394.76,-0.004144167982531144,-0.0034665111869571774,0.00540285369751352
479,31,542.2224337303646,404.47480774635545,542.22,404.47,-0.002433730364600706,-0.004807746355425024,0.005388642547588593
480,13,277.51001976154987,232.70902518000696,277.51,232.71,-1.9761549879149243e-05,0.0009748199930470491,0.000975020275531681
480,14,282.9989571034286,358.1224311427716,283.0,358.12,0.0010428965713913385,-0.002431142771570194,0.0026453900344519735
480,15,281.5178644177298,517.3772097951351,281.52,517.38,0.002135582270170744,0.0027902048649366407,0.0035136810926695845
480,16,312.0596038940868,905.5085079362013,312.06,905.51,0.00039610591318250954,0.0014920637986506335,0.0015437468295358238
480,17,1047.403600113541,252.03960629049266,1047.4,252.04,-0.0036001135408696427,0.00039370950733541576,0.0036215776511513945
480,18,1152.2555306866147,313.43317611224813,1152.26,313.43,0.0044693133852433675,-0.003176112248127083,0.005482923594964497
480,19,1314.872807048486,413.3226688230683,1314.87,413.32,-0.0028070484861473233,-0.0026688230682907488,0.0038732593217370337
480,20,1513.3702107943743,534.1393613795924,1513.37,534.14,-0.00021079437442494964,0.000638620407585222,0.0006725104410145027
480,21,1340.344780351141,350.0842976319812,1340.34,350.08,-0.0047803511411075306,-0.0042976319812169095,0.006428172187975868
480,22,1351.5904160216303,292.4490739967514,1351.59,292.45,-0.00041602163037168793,0.0009260032485940428,0.0010151630476646783
480,23,1593.0477592776836,408.2860914598317,1593.05,408.29,0.0022407223164009338,0.003908540168310992,0.004505277210840381
480,24,1216.5465861145467,189.47997146177812,1216.55,189.48,0.003413885453255716,2.8538221869212066e-05,0.0034140047331628646
480,25,1337.9477472181013,237.3698770444849,1337.95,237.37,0.002252781898732792,0.00012295551510987934,0.0022561348235320645
480,26,1454.3637654280935,286.45600380969404,1454.36,286.46,-0.0037654280936294526,0.003996190305940672,0.005490718139696131
480,27,1706.685608125987,395.32259988339024,1706.69,395.32,0.004391874012981134,-0.0025998833902463048,0.005103719328957817
480,31,542.1668252977735,404.3561058097666,542.17,404.36,0.0031747022264880798,0.0038941902334386214,0.005024286198165578
481,13,276.63251482116243,232.78176888500522,276.63,232.78,-0.00251482116243551,-0.0017688850052195448,0.003074618617117258
481,14,281.99921782757144,358.5918233570787,282.0,358.59,0.0007821724285577147,-0.0018233570787060671,0.0019840425258707025
481,15,281.13839831329733,517.7829073463513,281.14,517.78,0.0016016867026564796,-0.0029073463513213937,0.003319346788151007
481,16,312.2947029205651,907.131380952151,312.29,907.13,-0.004702920565080149,-0.0013809521509529077,0.004901478418260683
481,17,1046.5527000851557,252.2797047178695,1046.55,252.28,-0.002700085155765919,0.00029528213050866725,0.0027161832384773317
481,18,1151.6916480149612,313.32488208418613,1151.69,313.32,-0.0016480149611197703,-0.004882084186135671,0.005152737070003728
481,19,1314.4046052863646,412.7420016173012,1314.4,412.74,-0.004605286364494532,-0.002001617301175429,0.005021467347236669
481,20,1513.0276580957807,533.1045210346942,1513.03,533.1,0.002341904219292701,-0.004521034694221271,0.005091588168606469
481,21,1340.0085852633558,349.8132232239859,1340.01,349.81,0.0014147366441648046,-0.003223223985912682,0.0035200358855707044
481,22,1350.9428120162227,292.08680549756355,1350.94,292.09,-0.002812016222605962,0.0031945024364290475,0.004255852564710181
481,23,1592.2858194582627,407.46456859487375,1592.29,407.46,0.004180541737241583,-0.0045685948737741455,0.006192656000255002
481,24,1216.15993958591,189.35997859633358,1216.16,189.36,6.041409005774767e-05,2.1403666437436186e-05,6.409351928604544e-05
481,25,1337.710810413576,237.27740778336369,1337.71,237.28,-0.0008104135758912889,0.002592216636315925,0.002715945001943514
481,26,1454.02282407107,286.09200285727053,1454.02,286.09,-0.0028240710701084026,-0.002002857270554159,0.003462197951480371
481,27,1705.7642060944904,394.4919499125427,1705.76,394.49,-0.0042060944904278585,-0.0019499125426705177,0.004636096395295442
481,31,540.8751189733301,404.5170793573249,540.88,404.52,0.004881026669863786,0.002920642675064755,0.005688108208124295
482,13,275.7243861158718,232.8363266637539,272.4,232.8,-3.324386115871846,-0.03632666375389704,3.324584586666579
482,14,280.99941337067855,358.943867517809,288.8,365.6,7.800586629321458,6.656132482191026,10.25442594112548
482,15,280.853798734973,518.0871805097635,308.7,523.7,27.84620126502699,5.612819490236575,28.40624346023899
482,16,312.2210271904238,908.3485357141133,351.2,917.3,38.97897280957619,8.951464285886686,39.99361241687458
482,17,1045.9145250638667,252.45977853840213,1045.91,252.46,-0.004525063866594792,0.000221461597874395,0.004530479912337642
482,18,1151.0187360112209,313.4936615631396,1140.9,316.0,-10.11873601122079,2.5063384368604034,10.42451681493489
482,19,1314.0534539647733,412.5565012129759,1281.0,412.6,-33.053453964773325,0.043498787024134344,33.05348258725338
482,20,1512.7707435718355,532.3283907760207,1459.3,536.3,-53.470743571835555,3.9716092239792715,53.618038923043336
482,21,1339.756438947517,349.60991741798944,1334.1,349.6,-5.656438947517017,-0.00991741798941348,5.656447641600424
482,22,1350.457109012167,292.06510412317266,1359.9,287.7,9.442890987833152,-4.365104123172671,10.40299592493622
482,23,1591.7143645936972,406.8484264461553,1587.9,405.6,-3.8143645936970643,-1.2484264461552925,4.013470548678501
482,24,1215.8699546894325,189.51998394725018,1239.9,174.4,24.03004531056763,-15.119983947250176,28.39114284760366
482,25,1337.283107810182,237.20805583752275,1354.3,227.1,17.01689218981801,-10.108055837522755,19.792610050581178
482,26,1453.5171180533025,286.0690021429529,1472.5,275.3,18.98288194669749,-10.7690021429529,21.82478440116139
482,27,1705.0731545708677,393.868962434407,1714.5,389.5,9.4268454291323,-4.368962434407024,10.390055221124298
482,31,539.9063392299976,404.6378095179937,564.4,414.7,24.493660770002407,10.062190482006315,26.47993759834289
483,13,274.5432895869039,232.87724499781544,274.54,232.88,-0.0032895869038611636,0.0027550021845570427,0.004290852949585776
483,14,279.7495600280089,359.20790063835676,279.75,359.21,0.00043997199111345253,0.0020993616432178897,0.0021449696179617213
483,15,279.89034905122975,518.3153853823226,279.89,518.32,-0.0003490512297616988,0.004614617677475508,0.004627800024878733
483,16,311.4157703928179,909.5114017855849,311.42,909.51,0.004229607182139716,-0.0014017855849033367,0.004455847813968814
483,17,1045.4358937979,252.5948339038016,1045.44,252.59,0.004106202100047085,-0.004833903801596762,0.0063425169806254926
483,18,1150.5140520084155,313.6202461723547,1150.51,313.62,-0.004052008415555974,-0.0002461723547071415,0.004059479403563774
483,19,1313.79009047358,412.4173759097319,1313.79,412.42,-9.047358003044792e-05,0.0026240902681138323,0.0026256494822982845
483,20,1512.5780576788766,531.9962930820155,1512.58,532.0,0.0019423211233515758,0.0037069179844593236,0.0041849554704591185
483,21,1339.8173292106376,349.4574380634921,1339.82,349.46,0.002670789362355208,0.0025619365079023737,0.0037008964439163585
483,22,1350.3428317591251,292.0488280923795,1350.34,292.05,-0.0028317591252289276,0.0011719076205167767,0.003064674079627815
483,23,1591.5357734452728,406.6363198346165,1591.54,406.64,0.004226554727210896,0.0036801653835141224,0.005604228948938865
483,24,1215.6524660170744,189.38998796043762,1215.65,189.39,-0.0024660170743118215,1.2039562363952427e-05,0.0024660464638484314
483,25,1337.2123308576365,237.15604187814205,1337.21,237.16,-0.0023308576364797773,0.003958121857948527,0.00459343291710089
483,26,1453.6378385399769,286.05175160721467,1453.64,286.05,0.0021614600232169323,-0.0017516072146577244,0.002782092246207148
483,27,1705.0548659281508,393.4017218258053,1705.05,393.4,-0.004865928150820764,-0.0017218258053048885,0.005161583175031069
483,31,538.6797544224981,404.72835713849526,538.68,404.73,0.0002455775018006534,0.0016428615047630046,0.0016611147561871858
484,13,273.6574671901779,232.9079337483616,273.66,232.91,0.0025328098221280015,0.0020662516384106766,0.003268718621769528
484,14,278.81217002100664,359.4059254787676,278.81,359.41,-0.002170021006634215,0.004074521232439565,0.004616352937420904
484,15,279.1677617884223,518.736539036742,279.17,518.74,0.0022382115777190847,0.0034609632580213656,0.004121632897288357
484,16,310.8118277946134,910.3835513391887,310.81,910.38,-0.0018277946134048761,-0.003551339188675229,0.0039941010480222345
484,17,1045.0769203484251,252.6961254278512,1045.08,252.7,0.00307965157480794,0.003874572148788502,0.004949400282699367
484,18,1150.1355390063118,313.71518462926605,1150.14,313.72,0.004460993688326198,0.004815370733979307,0.006564164835906438
484,19,1313.592567855185,412.31303193229894,1313.59,412.31,-0.002567855185134249,-0.0030319322989385,0.003973222082537968
484,20,1512.4335432591574,531.7472198115116,1512.43,531.75,-0.003543259157368084,0.0027801884883729144,0.00450379101281954
484,21,1339.6129969079782,349.34307854761903,1339.61,349.34,-0.00299690797828589,-0.0030785476190544614,0.004296383697145719
484,22,1350.2571238193439,292.0366210692846,1350.26,292.04,0.0028761806561306003,0.0033789307154279413,0.004437295115987017
484,23,1591.4018300839546,406.22723987596237,1591.4,406.23,-0.0018300839544735936,0.0027601240376498026,0.003311720396355036
484,24,1215.4893495128058,189.29249097032823,1215.49,189.29,0.0006504871942070167,-0.002490970328238973,0.002574503207610022
484,25,1337.1592481432274,237.11703140860652,1337.16,237.12,0.0007518567726947367,0.0029685913934827113,0.003062323214180138
484,26,1453.4783789049827,285.78881370541103,1453.48,285.79,0.0016210950172990124,0.0011862945889902221,0.0020087916534521854
484,27,1704.7911494461132,393.051291369354,1704.79,393.05,-0.0011494461132315337,-0.0012913693539644555,0.0017288323156343574
484,31,537.7598158168736,404.7962678538714,537.76,404.8,0.00018418312640733348,0.0037321461285841906,0.003736688125755097
485,13,272.49310039263344,232.9309503112712,272.49,232.93,-0.003100392633427873,-0.0009503112711968242,0.0032427651770637884
485,14,277.60912751575495,359.5544441090757,277.61,359.55,0.0008724842450646975,-0.004444109075677716,0.00452894405291202
485,15,278.12582134131674,519.0524042775564,278.13,519.05,0.004178658683258618,-0.0024042775564794283,0.004820968674422531
485,16,309.85887084596004,911.0376635043915,309.86,911.04,0.0011291540399724909,0.0023364956084606092,0.0025950338291324663
485,17,1044.8076902613188,252.5220940708884,1044.81,252.52,0.002309738681105955,-0.0020940708883756542,0.0031176955689322006
485,18,1149.8516542547338,313.5363884719495,1149.85,313.54,-0.0016542547339213343,0.0036115280504986913,0.003972366244977925
485,19,1313.6944258913888,412.2347739492242,1313.69,412.23,-0.00442589138879157,-0.004773949224158969,0.006509923638586507
485,20,1512.575157444368,531.5604148586337,1512.58,531.56,0.004842555631967116,-0.00041485863380330557,0.004860293482366839
485,21,1339.7097476809836,349.2573089107143,1339.71,349.26,0.00025231901645383914,0.0026910892856903956,0.0027028922341857946
485,22,1350.4428428645078,291.77746580196344,1350.44,291.78,-0.0028428645077838155,0.0025341980365283234,0.00380841677051776
485,23,1591.801372562966,405.9204299069718,1591.8,405.92,-0.0013725629660257255,-0.0004299069717603743,0.0014383146735236737
485,24,1215.6170121346045,189.21936822774617,1215.62,189.22,0.002987865395425615,0.0006317722538256021,0.0030539279300412035
485,25,1337.3694361074206,236.8377735564549,1337.37,236.84,0.0005638925792936789,0.0022264435451120335,0.002296742410579279
485,26,1453.858784178737,285.5916102790583,1453.86,285.59,0.001215821262803729,-0.0016102790582976922,0.0020177264404962723
485,27,1705.343362084585,392.7884685270155,1705.34,392.79,-0.00336208458497822,0.0015314729845385955,0.0036944583173883177
485,31,536.8198618626552,404.84720089040354,536.82,404.85,0.00013813734483392182,0.0027991095964807755,0.002802516094360305
486,13,271.11982529447505,232.9482127334534,271.12,232.95,0.00017470552495524316,0.0017872665465858972,0.0017957849896340504
486,14,276.2068456368162,359.6658330818068,276.21,359.67,0.0031543631837962494,0.004166918193220681,0.005226204581173868
486,15,276.8443660059876,519.2893032081673,276.84,519.29,-0.004366005987606059,0.000696791832638155,0.004421258547273977
486,16,308.39415313447,911.7782476282937,308.39,911.78,-0.004153134470016084,0.0017523717062886135,0.004507697030972318
486,17,1044.605767695989,252.39157055316628,1044.61,252.39,0.004232304010884036,-0.0015705531662888461,0.004514314398520004
486,18,1149.6387406910503,313.40229135396214,1149.64,313.4,0.0012593089497840992,-0.0022913539621640666,0.00261460551726858
486,19,1313.7708194185416,412.1760804619181,1313.77,412.18,-0.000819418541595951,0.003919538081902374,0.004004275904804035
486,20,1512.931368083276,531.4203111439754,1512.93,531.42,-0.0013680832760201156,-0.0003111439754093226,0.001403019038915527
486,21,1340.0323107607378,349.1929816830357,1340.03,349.19,-0.002310760737827877,-0.002981683035727656,0.0037722737060071508
486,22,1350.8321321483809,291.5830993514726,1350.83,291.58,-0.0021321483809515485,-0.00309935147259921,0.003761919226817237
486,23,1592.3510294222244,405.69032243022883,1592.35,405.69,-0.001029422224519294,-0.00032243022883449157,0.001078736005147003
486,24,1215.9627591009535,188.91452617080964,1215.96,188.91,-0.002759100953426241,-0.004526170809640462,0.005300835808553118
486,25,1337.7770770805655,236.62833016734118,1337.78,236.63,0.0029229194344679854,0.0016698326588198142,0.003366273775088993
486,26,1454.6440881340527,285.4437077092937,1454.64,285.44,-0.004088134052608439,-0.003707709293678363,0.005519053201276973
486,27,1706.2575215634388,392.5913513952616,1706.26,392.59,0.002478436561204944,-0.0013513952616222014,0.0028229270166003806
486,31,535.8648963969914,404.8854006678026,535.86,404.89,-0.004896396991398433,0.004599332197358308,0.0067177794068451245
487,13,269.8398689708563,232.96115955009006,268.7,229.6,-1.1398689708562983,-3.361159550090065,3.5491822708734815
487,14,274.90513422761217,359.7493748113551,283.8,364.2,8.894865772387845,4.450625188644892,9.946190309791845
487,15,275.6332745044907,519.4669774061255,303.5,529.5,27.866725495509286,10.033022593874534,29.61783132187879
487,16,307.29561485085253,912.5836857212203,346.3,920.4,39.00438514914748,7.816314278779714,39.779854571977666
487,17,1044.4543257719918,252.2936779148747,1044.45,252.29,-0.004325771991716465,-0.003677914874714361,0.005677971570020739
487,18,1149.4790555182876,313.30171851547163,1139.5,316.2,-9.979055518287623,2.898281484528354,10.391418796325484
487,19,1313.8281145639062,412.1320603464386,1281.0,413.9,-32.82811456390618,1.7679396535613705,32.87568579420943
487,20,1513.198526062457,531.3152333579815,1460.4,538.4,-52.79852606245686,7.084766642018508,53.27173990719464
487,21,1340.2742330705532,349.1447362622768,1334.4,349.7,-5.874233070553146,0.5552637377231804,5.900417950078668
487,22,1351.1240991112857,291.43732451360444,1358.2,287.9,7.075900888714386,-3.53732451360446,7.910817789676114
487,23,1592.7632720666684,405.5177418226716,1591.0,404.3,-1.763272066668378,-1.2177418226715986,2.1429007274665155
487,24,1216.222069325715,188.68589462810723,1242.6,175.8,26.377930674284926,-12.885894628107224,29.357137241632813
487,25,1338.0828078104241,236.4712476255059,1355.7,227.1,17.617192189575917,-9.371247625505902,19.95459202045997
487,26,1455.2330661005394,285.33278078197026,1466.4,275.9,11.166933899460673,-9.43278078197028,14.617720957646982
487,27,1706.943141172579,392.4435135464462,1719.3,387.7,12.356858827420865,-4.743513546446195,13.236044758390912
487,31,534.8986722977436,404.914050500852,563.9,419.4,29.00132770225639,14.485949499147978,32.41789230325639
488,13,268.6299017281422,232.72086966256754,268.63,232.72,9.827185778021885e-05,-0.0008696625675383984,0.0008751973145577259
488,14,273.67885067070915,359.8120311085163,273.68,359.81,0.0011493292908539843,-0.0020311085162916243,0.002333743692817891
488,15,274.72495587836806,519.8502330545941,274.72,519.85,-0.004955878368036792,-0.00023305459410494223,0.004961355141753958
488,16,306.2217111381394,913.4377642909152,306.22,913.44,-0.0017111381393988268,0.0022357090848572625,0.0028153843155453175
488,17,1044.3407443289939,252.22025843615603,1044.34,252.22,-0.0007443289939601527,-0.00025843615603093895,0.0007879180782250023
488,18,1149.3592916387156,313.2262888866037,1149.36,313.23,0.0007083612842961884,0.0037111133963207976,0.003778113067318318
488,19,1313.8710859229295,412.0990452598289,1313.87,412.1,-0.0010859229296329431,0.0009547401710960912,0.0014459451591976743
488,20,1513.3988945468427,531.2364250184861,1513.4,531.24,0.0011054531573790882,0.003574981513907005,0.00374199405503753
488,21,1340.455674802915,349.1085521967076,1340.46,349.11,0.004325197085108812,0.0014478032924216677,0.004561081472477858
488,22,1351.3430743334643,291.32799338520334,1351.34,291.33,-0.0030743334643830167,0.0020066147966417702,0.0036712435484896632
488,23,1593.3224540500014,405.6383063670037,1593.32,405.64,-0.002454050001460928,0.001693632996307315,0.0029817367650165354
488,24,1216.4165519942862,188.51442097108043,1216.42,188.51,0.0034480057138353004,-0.004420971080435265,0.005606579054707588
488,25,1338.562105857818,236.35343571912944,1338.56,236.35,-0.00210585781815098,-0.00343571912944185,0.0040297398286589505
488,26,1455.6747995754044,285.2495855864777,1455.67,285.25,-0.00479957540437681,0.0004144135223214107,0.0048174331993066245
488,27,1707.7073558794343,392.33263515983464,1707.71,392.33,0.0026441205657192768,-0.0026351598346536775,0.003733020348220945
488,31,534.1740042233077,404.935537875639,534.17,404.94,-0.004004223307788379,0.004462124360998132,0.00599536138290668
489,13,267.9724262961067,232.54065224692565,267.97,232.54,-0.0024262961066483513,-0.0006522469256537988,0.0025124368348600884
489,14,273.00913800303186,359.3590233313872,273.01,359.36,0.0008619969681262774,0.000976668612793219,0.0013026589547054613
489,15,273.29371690877605,519.6376747909455,273.29,519.64,-0.0037169087760275943,0.0023252090544474413,0.004384291048299065
489,16,304.66628335360457,912.8283232181864,304.67,912.83,0.0037166463954463325,0.0016767818136713686,0.004077383680676036
489,17,1045.0055582467453,251.66519382711704,1045.01,251.67,0.004441753254695868,0.004806172882950932,0.006544346396426018
489,18,1150.5194687290368,313.1697166649528,1150.52,313.17,0.0005312709631652979,0.00028333504724287195,0.0006021026368474928
489,19,1315.1533144421971,412.5742839448717,1315.15,412.57,-0.0033144421970519033,-0.004283944871701806,0.005416429704277389
489,20,1515.049170910132,532.9273187638646,1515.05,532.93,0.0008290898679206293,0.0026812361353449887,0.002806495541163103
489,21,1341.341756102186,349.3314141475307,1341.34,349.33,-0.0017561021861638437,-0.001414147530738319,0.0022547079915019408
489,22,1352.757305750098,291.4959950389025,1352.76,291.5,0.0026942499018787203,0.004004961097507476,0.004826872271598014
489,23,1595.491840537501,406.72872977525276,1595.49,406.73,-0.0018405375010388525,0.0012702247472589079,0.0022363025737317612
489,24,1216.8124139957147,188.13581572831032,1216.81,188.14,-0.002413995714732664,0.00418427168966673,0.004830683686984083
489,25,1339.6715793933636,236.26507678934706,1339.67,236.27,-0.0015793933634995483,0.0049232106529473185,0.00517034684812928
489,26,1457.0060996815532,285.43718918985826,1457.01,285.44,0.0039003184467674146,0.0028108101417387843,0.004807612467649174
489,27,1710.2805169095757,393.499476369876,1710.28,393.5,-0.0005169095757082687,0.0005236301240074681,0.0007357880239763208
489,31,534.6305031674808,404.95165340672924,534.63,404.95,-0.0005031674808151365,-0.0016534067292468535,0.0017282740888148005
490,13,266.97931972208,232.15548918519423,266.98,232.16,0.0006802779200256737,0.004510814805769314,0.004561822909805039
490,14,272.2568535022739,359.01926749854044,280.5,367.5,8.243146497726116,8.480732501459556,11.826761515490483
490,15,271.970287681582,519.4782560932092,303.2,529.5,31.229712318417967,10.021743906790789,32.798327433337896
490,16,302.99971251520344,912.6212424136397,343.1,923.8,40.10028748479658,11.178757586360234,41.62928869843851
490,17,1045.504168685059,251.24889537033778,1045.5,251.25,-0.0041686850590849645,0.0011046296622225782,0.004312556296734013
490,18,1151.3896015467776,313.12728749871457,1137.9,317.4,-13.489601546777521,4.272712501285412,14.150103250841074
490,19,1316.1149858316478,412.93071295865377,1286.5,414.6,-29.6149858316478,1.6692870413462515,29.661994286209186
490,20,1516.5368781825991,534.1954890728985,1465.0,538.4,-51.53687818259914,4.2045109271015235,51.70810115392151
490,21,1342.2563170766396,349.49856061064804,1333.8,352.0,-8.456317076639607,2.501439389351958,8.818531483147755
490,22,1353.8179793125737,291.62199627917687,1359.7,288.2,5.882020687426348,-3.4219962791768808,6.805014761336815
490,23,1597.3688804031258,407.54654733143957,1589.8,404.2,-7.568880403125831,-3.346547331439581,8.27570719626955
490,24,1217.359310496786,187.85186179623275,1241.9,173.5,24.540689503214026,-14.351861796232754,28.429234571323306
490,25,1340.5036845450227,235.9488075920103,1356.6,225.8,16.09631545497723,-10.148807592010286,19.028653834829843
490,26,1458.2545747611648,285.5778918923937,1466.7,276.3,8.445425238835242,-9.277891892393711,12.5460944294111
490,27,1712.4603876821818,394.374607277407,1716.7,386.8,4.239612317818228,-7.574607277406983,8.680379485503089
490,31,534.4728773756106,404.9637400550469,559.9,418.3,25.427122624389426,13.336259944953099,28.71226905479776
491,13,265.98448979156,232.11661688889566,265.98,232.12,-0.004489791559990408,0.0033831111043411966,0.005621714062141351
491,14,271.44264012670544,358.7644506239053,271.44,358.76,-0.0026401267054438904,-0.004450623905313478,0.005174777499308139
491,15,270.7277157611865,519.358692069907,270.73,519.36,0.0022842388135018155,0.001307930093048526,0.002632190738797268
491,16,301.74978438640255,912.7159318102298,301.75,912.72,0.00021561359744737274,0.004068189770237041,0.004073899511532594
491,17,1045.8781265137943,250.93667152775333,1045.88,250.94,0.001873486205795416,0.00332847224666466,0.0038195128040265282
491,18,1152.042201160083,313.0954656240359,1152.04,313.1,-0.002201160083131981,0.004534375964112769,0.005040403862340516
491,19,1317.086239373736,413.19803471899036,1317.09,413.2,0.00376062626401108,0.0019652810096317808,0.004243187403873324
491,20,1517.6526586369494,535.1466168046738,1517.65,535.15,-0.002658636949263382,0.0033831953261369563,0.0043028317469758735
491,21,1342.9422378074796,349.62392045798606,1342.94,349.62,-0.002237807479559706,-0.003920457986055226,0.004514174690460878
491,22,1354.6134844844303,291.7164972093826,1354.61,291.72,-0.0034844844303734135,0.0035027906174036616,0.004940766525032918
491,23,1598.7766603023442,408.1599104985797,1598.78,408.16,0.0033396976557469316,8.950142034791497e-05,0.003340896726336485
491,24,1217.7694828725896,187.63889634717458,1217.77,187.64,0.000517127410375906,0.001103652825406698,0.0012187987190632743
491,25,1341.127763408767,235.96160569400772,1341.13,235.96,0.002236591233213403,-0.0016056940077078252,0.0027532877784343336
491,26,1459.1909310708736,285.68341891929526,1459.19,285.68,-0.0009310708735483786,-0.0034189192952567282,0.0035434308401673235
491,27,1714.0952907616363,395.03095545805525,1714.1,395.03,0.004709238363602708,-0.000955458055273084,0.004805187411601522
491,31,534.3546580317079,404.9728050412852,534.35,404.97,-0.004658031707890586,-0.002805041285171228,0.005437418137611743
492,13,264.98836734367,232.08746266667174,264.99,232.09,0.0016326563300026464,0.002537333328263003,0.0030172217536356054
492,14,270.33198009502905,358.573337967929,270.33,358.57,-0.001980095029068707,-0.0033379679289851083,0.0038810831244738544
492,15,269.2957868208899,519.5190190524302,269.3,519.52,0.004213179110138299,0.0009809475698148162,0.004325868276870129
492,16,300.3123382898019,912.7869488576723,300.31,912.79,-0.0023382898019121967,0.0030511423276493588,0.003844095303358142
492,17,1046.1585948853458,250.702503645815,1046.16,250.7,0.0014051146542897186,-0.0025036458150111685,0.002870991041212538
492,18,1152.5316508700623,313.0715992180269,1152.53,313.07,-0.0016508700623489858,-0.0015992180269108758,0.0022984495340026196
492,19,1317.8146795303019,413.39852603924277,1317.81,413.4,-0.0046795303019280254,0.0014739607572096247,0.004906176124076323
492,20,1518.739493977712,535.8599626035054,1518.74,535.86,0.0005060222879365028,3.739649457656924e-05,0.0005074022602384703
492,21,1343.4566783556097,349.71794034348954,1343.46,349.72,0.003321644390325673,0.002059656510482455,0.003908389233041507
492,22,1355.4601133633228,291.78737290703697,1355.46,291.79,-0.00011336332272549043,0.002627092963052746,0.0026295377311346233
492,23,1600.082495226758,408.6199328739348,1600.08,408.62,-0.0024952267581284104,6.712606523251452e-05,0.0024961295004694
492,24,1218.0771121544421,187.47917226038095,1218.08,187.48,0.002887845557779656,0.0008277396190408126,0.00300413129581873
492,25,1341.845822556575,235.97120427050578,1341.85,235.97,0.004177443424850935,-0.001204270505780869,0.004347562652673797
492,26,1460.1431983031553,285.76256418947145,1460.14,285.76,-0.00319830315515901,-0.002564189471456757,0.0040992939291821665
492,27,1715.8214680712272,395.5232165935414,1715.82,395.52,-0.0014680712272365781,-0.0032165935414241176,0.0035357753235989503
492,31,534.0159935237809,404.9796037809639,534.02,404.98,0.004006476219046817,0.00039621903613351606,0.004026020518872482
493,13,263.9912755077525,232.0655970000038,263.99,232.07,-0.0012755077524957414,0.004402999996187873,0.004584029776638362
493,14,269.4989850712718,358.4300034759467,269.5,358.43,0.0010149287281819852,-3.4759466984723986e-06,0.0010149346804078343
493,15,268.2218401156674,519.6392642893227,268.22,519.64,-0.0018401156673917285,0.0007357106773042688,0.0019817406162462364
493,16,299.4842537173514,912.8402116432542,299.48,912.84,-0.004253717351389241,-0.00021164325414702034,0.004258979240679138
493,17,1046.3689461640092,250.52687773436125,1046.37,250.53,0.0010538359906604455,0.003122265638751287,0.0032953168306155732
493,18,1152.8987381525467,313.0536994135202,1152.9,313.05,0.0012618474534065172,-0.0036994135201666722,0.003908697914761447
493,19,1318.3610096477264,413.54889452943206,1318.36,413.55,-0.0010096477265051362,0.001105470567949851,0.0014971485257783733
493,20,1519.554620483284,536.394971952629,1519.55,536.39,-0.004620483284043075,-0.004971952629034604,0.006787427990298357
493,21,1343.8425087667074,349.78845525761716,1343.84,349.79,-0.0025087667074785713,0.0015447423828618412,0.002946207633885051
493,22,1356.0950850224922,291.8405296802777,1356.1,291.84,0.004914977507723961,-0.0005296802777365883,0.004943436567617263
493,23,1601.0618714200687,408.96494965545105,1601.06,408.96,-0.0018714200687099947,-0.004949655451071067,0.005291625663053656
493,24,1218.3078341158316,187.35937919528573,1218.31,187.36,0.002165884168334742,0.0006208047142877149,0.002253098471866005
493,25,1342.3843669174312,235.72840320287935,1342.38,235.73,-0.00436691743107076,0.0015967971206407583,0.004649702022095208
493,26,1460.8573987273664,285.82192314210357,1460.86,285.82,0.0026012726334556646,-0.001923142103578357,0.0032349798862004006
493,27,1717.1161010534204,395.8924124451561,1717.12,395.89,0.0038989465795111755,-0.00241244515609651,0.004584940137128882
493,31,533.7619951428358,404.98470283572294,533.76,404.98,-0.001995142835767183,-0.004702835722923737,0.005108547618640815
494,13,263.24345663081436,231.79919775000286,263.24,231.8,-0.0034566308143553215,0.0008022499971502839,0.003548506959930946
494,14,268.87423880345386,358.32250260696003,268.87,358.32,-0.004238803453858964,-0.0025026069600357914,0.004922448203573732
494,15,267.41638008675056,519.7294482169921,267.42,519.73,0.003619913249451656,0.0005517830079497799,0.0036617258801578466
494,16,298.6131902880136,912.8801587324406,298.61,912.88,-0.0031902880135703526,-0.00015873244058184355,0.0031942344305363273
494,17,1046.5267096230068,250.39515830077093,1046.53,250.4,0.0032903769931635907,0.004841699229075402,0.0058539415936588925
494,18,1153.17405361441,313.0402745601401,1153.17,313.04,-0.004053614409940565,-0.0002745601400988562,0.004062902048414274
494,19,1318.770757235795,413.91167089707403,1318.77,413.91,-0.0007572357949356956,-0.0016708970740069162,0.0018344762416168735
494,20,1520.1659653624629,536.7962289644718,1520.17,536.8,0.004034637537188246,0.003771035528188804,0.005522590787968147
494,21,1344.3818815750305,349.84134144321285,1344.38,349.84,-0.0018815750304383982,-0.001341443212879767,0.0023107995344794517
494,22,1356.571313766869,291.88039726020827,1356.57,291.88,-0.001313766869088795,-0.00039726020827401953,0.0013725155953187899
494,23,1601.7964035650516,409.22371224158826,1601.8,409.22,0.0035964349483492697,-0.0037122415882322457,0.0051686634584879945
494,24,1218.4808755868737,187.26953439646428,1218.48,187.27,-0.0008755868736898265,0.000465603535729997,0.0009916849428433401
494,25,1342.7882751880734,235.5463024021595,1342.79,235.55,0.0017248119265786954,0.0036975978404996113,0.00408009876989951
494,26,1461.6430490455248,285.6164423565777,1461.64,285.62,-0.0030490455246763304,0.003557643422311685,0.004685456790097029
494,27,1718.0870757900652,396.1693093338671,1718.09,396.17,0.002924209934690225,0.0006906661329253438,0.0030046669448228463
494,31,533.5714963571268,404.9885271267922,533.57,404.99,-0.0014963571267117004,0.0014728732078310713,0.0020996285712019365
495,13,262.6825924731108,231.59939831250216,262.68,231.6,-0.002592473110780702,0.0006016874978342912,0.0026613802199556267
495,14,268.4056791025904,358.24187695522005,268.41,358.24,0.004320897409627378,-0.0018769552200410544,0.004710956943399499
495,15,266.81228506506295,519.7970861627441,266.81,519.8,-0.002285065062949343,0.0029138372558463743,0.0037029677146135117
495,16,297.9598927160102,912.9101190493304,297.96,912.91,0.00010728398979154008,-0.00011904933046480437,0.000160257909476286
495,17,1046.645032217255,250.2963687255782,1046.65,250.3,0.004967782745097793,0.0036312744218207627,0.006153455885034123
495,18,1153.3805402108076,313.0302059201051,1153.38,313.03,-0.0005402108074576972,-0.00020592010514519643,0.0005781269810319408
495,19,1319.0780679268462,414.1837531728055,1319.08,414.18,0.0019320731537391111,-0.0037531728054887026,0.004221280940574713
495,20,1520.6244740218472,537.0971717233538,1520.62,537.1,-0.004474021847272525,0.00282827664625529,0.005293016179611104
495,21,1344.7864111812728,349.8810060824096,1344.79,349.88,0.003588818727166654,-0.0010060824096171928,0.0037271734157942288
495,22,1356.9284853251518,291.91029794515623,1356.93,291.91,0.001514674848294817,-0.00029794515620551465,0.0015437004930242313
495,23,1602.5973026737888,409.6677841811912,1602.6,409.67,0.002697326211091422,0.0022158188087928465,0.003490762335427744
495,24,1218.6106566901553,187.20215079734822,1218.61,187.2,-0.0006566901554379001,-0.0021507973482357556,0.002248815508979563
495,25,1343.091206391055,235.65972680161963,1343.09,235.66,-0.0012063910551205481,0.00027319838036987676,0.001236938451545425
495,26,1462.2322867841435,285.7123317674333,1462.23,285.71,-0.002286784143507248,-0.0023317674333043215,0.003265964035627888
495,27,1718.815306842549,396.3769820004003,1718.82,396.38,0.004693157450901708,0.003017999599705945,0.005579789283008765
495,31,533.4286222678451,404.99139534509413,533.43,404.99,0.0013777321548786858,-0.0013953450941244228,0.001960901278056537
496,13,262.2619443548331,231.4495487343766,262.26,231.45,-0.0019443548330855265,0.00045126562338282383,0.0019960351649683265
496,14,267.80425932694277,358.18140771641504,267.8,358.18,-0.004259326942758435,-0.0014077164150307908,0.004485925936800011
496,15,266.1092137987972,519.8478146220581,266.11,519.85,0.0007862012027999299,0.002185377941941624,0.002322496303637331
496,16,297.2199195370076,912.9325892869979,297.22,912.93,8.046299240049848e-05,-0.0025892869979315947,0.0025905369039648236
496,17,1046.7337741629412,250.22227654418364,1046.73,250.22,-0.0037741629412266775,-0.0022765441836440914,0.004407602446570306
496,18,1153.5354051581057,313.02265444007884,1153.54,313.02,0.004594841894231649,-0.0026544400788566236,0.005306470028675056
496,19,1319.3085509451346,414.3878148796041,1319.31,414.39,0.0014490548653611768,0.0021851203958931364,0.002621928898230285
496,20,1520.9683555163854,537.5728787925153,1520.97,537.57,0.001644483614654746,-0.0028787925152755633,0.0033153842469425083
496,21,1345.0898083859547,349.9107545618072,1345.09,349.91,0.00019161404520673386,-0.0007545618071844729,0.000778511055272811
496,22,1357.4463639938638,291.68272345886714,1357.45,291.68,0.0036360061362756824,-0.0027234588671376514,0.0045428811148900995
496,23,1603.1979770053417,409.75083813589345,1603.2,409.75,0.0020229946583185665,-0.0008381358934457239,0.0021897440862958203
496,24,1218.9579925176165,186.90161309801118,1218.96,186.9,0.002007482383532988,-0.0016130980111768167,0.0025752807058373054
496,25,1343.5684047932914,235.49479510121472,1343.57,235.49,0.0015952067085436283,-0.0047951012147109395,0.00505348197803306
496,26,1462.6742150881078,285.534248825575,1462.67,285.53,-0.0042150881076850055,-0.0042488255750186,0.005984938305653592
496,27,1719.6114801319118,396.5327365003002,1719.61,396.53,-0.0014801319118760148,-0.0027365003002159938,0.003111145186203301
496,31,533.3214667008838,404.9935465088206,533.32,404.99,-0.001466700883725025,-0.0035465088205910433,0.003837829633640587
497,13,261.9464582661248,231.33716155078247,261.95,231.34,0.0035417338751813077,0.002838449217534844,0.004538796404679435
497,14,267.35319449520705,358.1360557873113,267.35,358.14,-0.0031944952070261934,0.003944212688679727,0.005075589952040598
497,15,265.58191034909794,519.8858609665435,265.58,519.89,-0.0019103490979546223,0.004139033456453944,0.004558621680914214
497,16,296.6649396527557,913.1994419652484,296.66,913.2,-0.004939652755695079,0.0005580347516342954,0.00497107353907358
497,17,1046.8003306222058,250.16670740813774,1046.8,250.17,-0.00033062220586543845,0.003292591862248173,0.0033091497721248913
497,18,1153.6515538685794,313.0169908300591,1153.65,313.02,-0.0015538685793217155,0.0030091699408671957,0.003386681457536562
497,19,1319.4814132088509,414.54086115970307,1319.48,414.54,-0.0014132088508631568,-0.0008611597030494522,0.0016549185147052361
497,20,1521.226266637289,537.9296590943865,1521.23,537.93,0.003733362711045629,0.00034090561348421033,0.003748895006469375
497,21,1345.317356289466,349.9330659213554,1345.32,349.93,0.0026437105339027767,-0.0030659213554145026,0.004048342765213342
497,22,1357.8347729953978,291.76204259415033,1357.83,291.76,-0.0047729953978432604,-0.0020425941503390277,0.005191692973475238
497,23,1603.6484827540062,410.0631286019201,1603.65,410.06,0.0015172459939094551,-0.003128601920082019,0.0034770943876137714
497,24,1219.2184943882123,186.67620982350837,1219.22,186.68,0.0015056117877065844,0.0037901764916341563,0.00407827226813233
497,25,1343.9263035949684,235.37109632591103,1343.93,235.37,0.003696405031632821,-0.0010963259110212675,0.0038555597078838047
497,26,1463.005661316081,285.4006866191812,1463.01,285.4,0.004338683919058894,-0.000686619181237802,0.004392678459612531
497,27,1720.2086100989338,396.64955237522514,1720.21,396.65,0.001389901066204402,0.00044762477483573093,0.0014602030382391594
497,31,533.2411000256628,404.99515988161545,533.24,405.0,-0.0011000256628221905,0.004840118384549896,0.004963547364065875
498,13,261.4598436995936,231.25287116308687,258.8,225.9,-2.65984369959358,-5.35287116308686,5.97729020500716
498,14,266.7648958714053,358.1020418404835,274.6,365.9,7.835104128594708,7.797958159516497,11.054275560320168
498,15,264.9364327618234,519.9143957249076,295.0,531.1,30.063567238176574,11.185604275092373,32.07702944605889
498,16,295.9987047395668,913.6495814739363,339.3,927.1,43.30129526043322,13.450418526063686,45.34220914068363
498,17,1046.8502479666545,249.8750305561033,1040.8,249.4,-6.050247966654524,-0.4750305561032917,6.068867644564265
498,18,1153.7386654014344,312.76274312254435,1139.0,316.8,-14.738665401434446,4.037256877455661,15.281613164519111
498,19,1319.8610599066383,414.6556458697773,1286.9,416.2,-32.961059906638184,1.5443541302227004,32.99721957754209
498,20,1521.6696999779667,538.1972443207899,1464.9,539.2,-56.76969997796664,1.0027556792101677,56.778555410828595
498,21,1345.7380172170995,349.9497994410166,1335.6,349.9,-10.13801721709956,-0.04979944101660294,10.138139527474095
498,22,1358.3760797465484,291.5715319456127,1365.0,284.0,6.623920253451615,-7.571531945612719,10.060040533095304
498,23,1604.4863620655046,410.29734645144003,1592.8,403.2,-11.686362065504682,-7.097346451440046,13.672724124249545
498,24,1219.4138707911593,186.5071573676313,1242.7,171.3,23.286129208840748,-15.207157367631282,27.811894015595716
498,25,1344.1947276962264,235.27832224443327,1355.1,224.6,10.905272303773472,-10.678322244433275,15.262749751450663
498,26,1463.5042459870606,285.3005149643859,1473.1,275.7,9.595754012939324,-9.600514964385923,13.573812384818023
498,27,1721.1564575742004,396.73716428141887,1722.7,388.1,1.5435424257996146,-8.637164281418848,8.774003079806898
498,31,532.9308250192471,404.99636991121156,556.3,417.3,23.36917498075286,12.303630088788452,26.410180852140826
499,13,260.8448827746952,230.93965337231515,260.84,230.94,-0.004882774695204262,0.0003466276848484995,0.004895062765279982
499,14,266.323671903554,357.8265313803626,266.32,357.83,-0.003671903553993161,0.003468619637374104,0.005051158074996749
499,15,264.45232457136757,519.9357967936808,264.45,519.94,-0.0023245713675805746,0.0042032063192891655,0.00480318388212317
499,16,295.2490285546751,913.9871861054522,295.25,913.99,0.0009714453249216604,0.002813894547784912,0.0029768621979134008
499,17,1046.8876859749907,249.65627291707747,1046.89,249.66,0.0023140250093547365,0.0037270829225235502,0.00438701024107374
499,18,1153.8039990510758,312.57205734190825,1153.8,312.57,-0.003999051075879834,-0.002057341908255239,0.004497228617155121
499,19,1320.1457949299788,414.74173440233295,1320.15,414.74,0.00420507002127124,-0.0017344023329428637,0.004548710293732912
499,20,1522.002274983475,538.3979332405925,1522.0,538.4,-0.002274983474990222,0.0020667594075121087,0.003073604441046113
499,21,1346.0535129128245,349.9623495807624,1346.05,349.96,-0.0035129128245898755,-0.0023495807624271947,0.004226237839063956
499,22,1358.7820598099113,291.42864895920957,1358.78,291.43,-0.002059809911315824,0.0013510407904391286,0.0024633570768740143
499,23,1605.1147715491284,410.47300983858,1605.11,410.47,-0.004771549128463448,-0.0030098385799988137,0.005641525446454139
499,24,1219.5604030933696,186.38036802572347,1219.56,186.38,-0.00040309336964128306,-0.00036802572347482965,0.0005458270768182317
499,25,1344.3960457721698,235.20874168332494,1344.4,235.21,0.003954227830263335,0.0012583166750630426,0.004149611859966037
499,26,1463.8781844902956,285.22538622328943,1463.88,285.23,0.0018155097045564617,0.004613776710584716,0.0049581257570247865
499,27,1721.8673431806503,396.80287321106414,1721.87,396.8,0.0026568193495677406,-0.00287321106412719,0.00391331456380144
499,31,532.6981187644353,404.99727743340867,532.7,405.0,0.001881235564724193,0.002722566591330633,0.0033092923857243038
500,13,260.3836620810214,230.70474002923635,260.38,230.7,-0.0036620810213889854,-0.004740029236359078,0.005989884353537739
500,14,265.7427539276655,357.86989853527194,265.74,357.87,-0.00275392766548066,0.00010146472806127349,0.002755796196698933
500,15,263.83924342852566,519.9518475952606,263.84,519.95,0.0007565714743122953,-0.0018475952605285784,0.001996499096536421
500,16,294.6867714160063,914.2403895790892,294.69,914.24,0.0032285839936889715,-0.000389579089187464,0.003252003454954617
500,17,1046.915764481243,249.4922046878081,1046.92,249.49,0.004235518757013779,-0.00220468780810279,0.004774962562388592
500,18,1153.8529992883068,312.4290430064312,1153.85,312.43,-0.0029992883069098752,0.0009569935688205078,0.003148264131030006
500,19,1320.3593461974842,414.8063008017497,1320.36,414.81,0.0006538025156714866,0.003699198250274094,0.00375653103598643
500,20,1522.5017062376062,538.5484499304443,1522.5,538.55,-0.001706237606185823,0.0015500695556056598,0.0023052033307233996
500,21,1346.2901346846184,349.97176218557183,1346.29,349.97,-0.00013468461838783696,-0.0017621855718061852,0.0017673250792970062
500,22,1359.0865448574334,291.3214867194072,1359.09,291.32,0.0034551425665085844,-0.0014867194071825907,0.003761428551839431
500,23,1605.5860786618464,410.354757378935,1605.59,410.35,0.003921338153531906,-0.004757378934982626,0.006165188338190605
500,24,1219.670302320027,186.0352760192926,1219.67,186.04,-0.0003023200270035886,0.004723980707382225,0.0047336445919024086
500,25,1344.5470343291274,234.90655626249372,1344.55,234.91,0.002965670872526971,0.003443737506273692,0.004544725705284207
500,26,1464.4086383677218,285.1690396674671,1464.41,285.17,0.0013616322783036594,0.0009603325329408108,0.0016662175833734702
500,27,1722.4005073854878,396.8521549082981,1722.4,396.85,-0.000507385487708234,-0.00215490829805276,0.0022138359935084543
500,31,532.5235890733265,404.9979580750565,532.52,405.0,-0.0035890733265659946,0.0020419249435121856,0.004129274127301884
501,13,259.78774656076604,230.52855502192727,259.79,230.53,0.002253439233982135,0.001444978072726144,0.002676929213092747
501,14,265.0570654457491,357.902423901454,265.06,357.9,0.0029345542508849576,-0.0024239014539944037,0.003806166957723105
501,15,263.37943257139426,520.2138856964455,263.38,520.21,0.0005674286057342215,-0.0038856964454225817,0.00392690871915495
501,16,294.51507856200476,914.6802921843168,294.52,914.68,0.004921437995221822,-0.000292184316890598,0.004930103813901875
501,17,1046.6868233609323,249.36915351585608,1046.69,249.37,0.003176639067760334,0.0008464841439206339,0.0032874870604658346
501,18,1153.8897494662301,312.3217822548234,1153.89,312.32,0.0002505337699858501,-0.0017822548234107671,0.0017997776044484683
501,19,1320.5195096481132,414.8547256013123,1320.52,414.85,0.0004903518868104584,-0.004725601312259187,0.0047509738723049534
501,20,1522.8762796782046,538.6613374478333,1522.88,538.66,0.0037203217955266155,-0.0013374478332934814,0.003953423955137092
501,21,1346.4676010134638,349.9788216391789,1346.47,349.98,0.002398986536263692,0.0011783608211430874,0.002672764603548071
501,22,1359.0649086430751,291.2411150395554,1359.06,291.24,-0.004908643075168584,-0.0011150395553727321,0.005033695466498377
501,23,1605.9395589963847,410.2660680342012,1605.94,410.27,0.0004410036153785768,0.0039319657987562096,0.003956619672316955
501,24,1219.5027267400203,185.77645701446946,1219.5,185.78,-0.002726740020307261,0.003542985530543774,0.004470778188189143
501,25,1344.6602757468456,234.6799171968703,1344.66,234.68,-0.00027574684554565465,8.28031297146481e-05,0.00028791089093488625
501,26,1464.5564787757912,285.1267797506003,1464.56,285.13,0.003521224208725471,0.0032202493997033343,0.004771690070028019
501,27,1722.8003805391158,396.8891161812236,1722.8,396.89,-0.00038053911589486233,0.0008838187764013128,0.0009622606966126993
501,31,532.1426918049949,404.9984685562924,532.14,405.0,-0.002691804994924496,0.0015314437076199283,0.003096955595469386
502,13,258.84080992057454,230.39641626644544,258.84,230.4,-0.0008099205745679683,0.0035837335545636506,0.0036741145228767606
502,14,264.2927990843118,357.9268179260905,264.29,357.93,-0.0027990843117891018,0.0031820739094996497,0.004237979158752701
502,15,262.7845744285457,520.410414272334,262.78,520.41,-0.004574428545708997,-0.00041427233406921005,0.004593149038140661
502,16,294.13630892150354,915.2602191382376,294.14,915.26,0.0036910784964447885,-0.00021913823763952678,0.003697577860453094
502,17,1046.5151175206993,249.27686513689207,1046.52,249.28,0.00488247930070429,0.0031348631079310962,0.0058022384324735625
502,18,1153.9173120996725,312.24133669111757,1153.92,312.24,0.0026879003276008007,-0.0013366911175580753,0.0030019246017971785
502,19,1320.889632236085,414.8910442009842,1320.89,414.89,0.0003677639151646872,-0.0010442009842108746,0.0011070709068186275
502,20,1523.4072097586534,538.7460030858749,1523.41,538.75,0.002790241346701805,0.003996914125082185,0.004874501953648781
502,21,1346.6007007600979,349.98411622938414,1346.6,349.98,-0.0007007600979704875,-0.004116229384123926,0.004175453155961978
502,22,1359.2986814823064,291.18083627966655,1359.3,291.18,0.0013185176935621712,-0.00083627966654376,0.0015613624143391725
502,23,1606.2046692472886,410.1995510256509,1606.2,410.2,-0.004669247288575207,0.0004489743490694309,0.004690783325627953
502,24,1219.3770450550153,185.5823427608521,1219.38,185.58,0.00295494498482185,-0.002342760852087622,0.0037709717942989345
502,25,1344.7452068101343,234.50993789765272,1344.75,234.51,0.004793189865722525,6.210234727177522e-05,0.0047935921593729456
502,26,1464.9173590818434,285.09508481295023,1464.92,285.1,0.00264091815665779,0.004915187049789438,0.005579741252476012
502,27,1723.3502854043368,396.9168371359177,1723.35,396.92,-0.00028540433686430333,0.003162864082298711,0.0031757148547368387
502,31,531.6070188537462,404.99885141721927,531.61,405.0,0.002981146253773659,0.001148582780729157,0.003194757485408907
503,13,258.13060744043094,230.2973121998341,258.13,230.3,-0.0006074404309401871,0.0026878001659156325,0.0027555858921537724
503,14,263.46959931323386,357.9451134445679,263.47,357.95,0.0004006867661701108,0.004886555432108253,0.004902955626522693
503,15,262.08843082140925,520.5578107042505,262.09,520.56,0.0015691785907279154,0.002189295749417397,0.0026935733381543425
503,16,293.60223169112766,915.6951643536783,293.6,915.7,-0.0022316911276334395,0.004835646321794229,0.005325778876243349
503,17,1046.3863381405245,249.20764885266905,1046.39,249.21,0.0036618594756419043,0.0023511473309554276,0.004351678824454676
503,18,1153.9379840747542,312.1810025183382,1153.94,312.18,0.0020159252458142873,-0.0010025183381685565,0.002251443451449678
503,19,1321.1672241770636,414.91828315073815,1321.17,414.92,0.002775822936428085,0.001716849261867992,0.003263857282783196
503,20,1523.80540731899,538.8095023144062,1523.81,538.81,0.00459268100985355,0.0004976855937002256,0.004619568140903018
503,21,1346.7005255700733,349.9880871720381,1346.7,349.99,-0.000525570073250492,0.0019128279619167188,0.0019837173976620247
503,22,1359.4740111117299,291.13562720974994,1359.47,291.14,-0.004011111729823824,0.004372790250045,0.005933827759551071
503,23,1606.6535019354665,410.1496632692382,1606.65,410.15,-0.0035019354663745617,0.00033673076177365147,0.003518087494161662
503,24,1219.2827837912614,185.4367570706391,1219.28,185.44,-0.0027837912614359084,0.0032429293609084198,0.004273884021249151
503,25,1345.0589051076008,234.38245342323955,1345.06,234.38,0.001094892399123637,-0.0024534232395581057,0.0026866475314157798
503,26,1465.1880193113825,285.07131360971266,1465.19,285.07,0.001980688617550186,-0.001313609712667585,0.0023766989453667627
503,27,1723.7627140532527,396.93762785193826,1723.76,396.94,-0.002714053252702797,0.002372148061738244,0.003604604206471931
503,31,531.2052641403097,405.2491385629145,531.21,405.25,0.004735859690299549,0.0008614370855184461,0.00481356841215648
504,13,257.3479555803232,230.22298414987557,253.5,229.3,-3.8479555803231733,-0.9229841498755604,3.9571027139893347
504,14,262.8521994849254,357.9588350834259,271.5,369.5,8.647800515074607,11.541164916574076,14.421613688491483
504,15,261.31632311605694,520.6683580281879,292.1,531.3,30.783676883943087,10.631641971812087,32.567876404699895
504,16,292.70167376834576,916.0213732652587,336.0,929.5,43.298326231654244,13.478626734741283,45.34775003368128
504,17,1046.0397536053933,249.15573663950178,1042.4,248.4,-3.6397536053932527,-0.7557366395017766,3.7173840501431408
504,18,1153.7034880560657,312.13575188875365,1138.4,315.8,-15.30348805606559,3.6642481112463656,15.7360560784116
504,19,1321.1254181327977,414.9387123630536,1285.3,414.9,-35.82541813279772,-0.03871236305360526,35.825439048765965
504,20,1523.8540554892425,538.8571267358047,1466.1,538.1,-57.754055489242546,-0.757126735804718,57.7590180521499
504,21,1346.775394177555,349.99106537902856,1338.0,350.7,-8.775394177554972,0.7089346209714336,8.803983829396644
504,22,1359.6055083337974,291.1017204073124,1363.3,286.7,3.694491666202566,-4.401720407312439,5.746686977362783
504,23,1606.7401264515997,410.3622474519286,1592.1,404.5,-14.640126451599826,-5.862247451928624,15.7702012576402
504,24,1219.2120878434462,185.32756780297933,1241.1,171.4,21.88791215655374,-13.927567802979326,25.943358369332206
504,25,1345.0441788307007,234.28684006742967,1359.7,223.3,14.655821169299315,-10.986840067429654,18.316761417176334
504,26,1465.3910144835368,285.0534852072845,1472.7,276.3,7.308985516463281,-8.753485207284484,11.403717488346434
504,27,1724.0720355399394,396.9532208889537,1724.8,388.9,0.7279644600605479,-8.053220888953717,8.086055833432747
504,31,530.6539481052323,405.43685392218583,556.7,418.9,26.046051894767743,13.463146077814145,29.31984177340486
505,13,256.76096668524235,230.16723811240666,256.76,230.17,-0.0009666852423606542,0.0027618875933228537,0.0029261755647856436
505,14,262.13914961369403,357.9691263125694,262.14,357.97,0.000850386305955908,0.0008736874306123354,0.001219215565750093
505,15,260.7372423370427,520.7512685211409,260.74,520.75,0.002757662957321827,-0.0012685211409007024,0.0030354325673776685
505,16,292.02625532625933,916.516029948944,292.03,916.52,0.0037446737406412467,0.003970051055944168,0.005457461572072818
505,17,1045.779815204045,249.11680247962633,1045.78,249.12,0.00018479595496501133,0.0031975203736749336,0.0032028559263628637
505,18,1153.5276160420492,312.1018139165652,1153.53,312.1,0.0023839579507693998,-0.0018139165651973599,0.0029955882254632435
505,19,1321.0940635995983,414.9540342722902,1321.09,414.95,-0.004063599598339351,-0.00403427229019826,0.005726097677047192
505,20,1523.8905416169318,538.8928450518536,1523.89,538.89,-0.0005416169317413733,-0.0028450518535692026,0.002896147259765376
505,21,1346.8315456331661,349.99329903427144,1346.83,349.99,-0.001545633166188054,-0.00329903427143563,0.003643159207134287
505,22,1359.454131250348,291.07629030548435,1359.45,291.08,-0.004131250347882087,0.0037096945156349648,0.005552392532612226
505,23,1606.8050948387,410.52168558894647,1606.81,410.52,0.004905161300030159,-0.001685588946486405,0.005186696200456578
505,24,1219.1590658825846,185.2456758522345,1219.16,185.25,0.0009341174154542387,0.004324147765487396,0.004423892996403117
505,25,1345.0331341230255,234.21513005057224,1345.03,234.22,-0.0031341230255748087,0.004869949427757092,0.0057912981764324505
505,26,1465.5432608626525,285.0401139054634,1465.54,285.04,-0.0032608626524961437,-0.00011390546336542684,0.003262851466590025
505,27,1724.3040266549547,396.9649156667153,1724.3,396.96,-0.004026654954714104,-0.004915666715305633,0.006354347282002087
505,31,530.2404610789242,405.57764044163935,530.24,405.58,-0.00046107892421787255,0.0023595583606379478,0.0024041858147020065
506,13,255.82072501393176,230.12542858430498,250.2,227.6,-5.620725013931775,-2.52542858430499,6.162007726111925
506,14,261.35436221027055,357.97684473442706,267.6,365.4,6.2456377897294715,7.423155265572916,9.701094036102306
506,15,259.802931752782,521.0634513908557,288.4,531.6,28.597068247217976,10.536548609144347,30.47640347759073
506,16,291.2696914946945,916.887022461708,332.1,929.4,40.83030850530554,12.51297753829192,42.7046683573614
506,17,1045.3348614030338,249.08760185971974,1042.4,250.6,-2.934861403033665,1.5123981402802542,3.301629838388898
506,18,1153.145712031537,312.0763604374239,1136.3,317.9,-16.845712031537005,5.823639562576091,17.823938723084527
506,19,1321.0705476996986,414.9655257042176,1287.5,415.0,-33.570547699698636,0.03447429578238825,33.57056540088074
506,20,1523.9179062126989,538.9196337888902,1468.4,538.2,-55.51790621269879,-0.719633788890178,55.522570032664476
506,21,1346.8736592248747,349.9949742757036,1333.7,351.5,-13.173659224874655,1.505025724296388,13.259351409624792
506,22,1359.340598437761,291.0572177291133,1363.0,287.4,3.6594015622390543,-3.657217729113313,5.17363134672914
506,23,1606.853821129025,410.39126419170987,1591.5,402.4,-15.353821129024936,-7.991264191709888,17.308960877065882
506,24,1219.1192994119385,185.18425688917588,1241.0,170.6,21.880700588061472,-14.58425688917589,26.295733631786508
506,25,1345.024850592269,234.16134753792917,1354.5,225.4,9.475149407730896,-8.761347537929169,12.90502487324998
506,26,1465.6574456469893,285.03008542909754,1471.5,274.1,5.842554353010655,-10.930085429097517,12.393635820664313
506,27,1724.7280199912161,396.97368675003645,1729.8,387.5,5.071980008783839,-9.47368675003645,10.745963048853234
506,31,529.6803458091931,405.68323033122954,552.7,416.9,23.019654190806932,11.21676966877044,25.60703811194461
507,13,254.86554376044882,230.09407143822875,254.87,230.09,0.004456239551188901,-0.0040714382287490025,0.0060361146599529625
507,14,260.2657716577029,357.9826335508203,260.27,357.98,0.004228342297096788,-0.00263355082029193,0.004981412300189379
507,15,258.6021988145865,521.2975885431417,258.6,521.3,-0.002198814586449771,0.002411456858226302,0.00326341994917463
507,16,290.20226862102083,917.415266846281,290.2,917.42,-0.00226862102084624,0.004733153718916583,0.0052487508478798375
507,17,1045.0011460522753,248.8157013947898,1045.0,248.82,-0.0011460522753168334,0.004298605210180995,0.004448757418735493
507,18,1152.8592840236527,312.05727032806794,1152.86,312.06,0.0007159763472373015,0.0027296719320588636,0.002822008325018415
507,19,1321.0529107747739,414.9741442781632,1321.05,414.97,-0.0029107747739089973,-0.004144278163153103,0.0050643510223929615
507,20,1524.1884296595242,538.9397253416677,1524.19,538.94,0.0015703404758369288,0.0002746583323869345,0.0015941789139244452
507,21,1346.905244418656,349.99623070677774,1346.91,350.0,0.004755581344170423,0.003769293222262604,0.006068206103653416
507,22,1359.5054488283208,290.79291329683497,1359.51,290.79,0.004551171679167965,-0.002913296834947232,0.005403745192158315
507,23,1607.3903658467686,410.29344814378237,1607.39,410.29,-0.0003658467685454525,-0.0034481437823501437,0.0034674975705564818
507,24,1219.089474558954,184.8881926668819,1219.09,184.89,0.0005254410459656356,0.0018073331180801233,0.0018821639919238394
507,25,1345.2686379442018,234.1210106534469,1345.27,234.12,0.0013620557981539605,-0.0010106534468832251,0.0016960590753218965
507,26,1465.993084235242,284.7725640718231,1465.99,284.77,-0.0030842352418858354,-0.0025640718231443316,0.004010856684242566
507,27,1725.296014993412,396.98026506252734,1725.3,396.98,0.003985006587981843,-0.0002650625273190599,0.003993812170050998
507,31,529.0102593568948,405.7624227484222,529.01,405.76,-0.0002593568948441316,-0.0024227484221910345,0.0024365910440885103
508,13,253.8991578203366,230.07055357867156,246.6,228.0,-7.299157820336603,-2.0705535786715643,7.587153419322072
508,14,259.1993287432772,357.98697516311523,265.4,367.3,6.200671256722785,9.313024836884779,11.188420605535926
508,15,257.70164911093985,521.2231914073564,285.7,532.6,27.998350889060134,11.37680859264367,30.221506022377262
508,16,289.15170146576565,917.8114501347108,331.6,930.2,42.44829853423437,12.388549865289292,44.2191611885192
508,17,1044.7508595392064,248.61177604609236,1038.9,249.3,-5.85085953920634,0.6882239539076522,5.891197633610173
508,18,1152.8944630177396,312.04295274605096,1140.5,317.9,-12.394463017739554,5.85704725394902,13.708673022328064
508,19,1321.0396830810805,414.98060820862236,1285.2,416.4,-35.839683081080466,1.4193917913776204,35.867778805073996
508,20,1524.141322244643,538.9547940062507,1466.4,540.4,-57.741322244643015,1.445205993749255,57.759405423914075
508,21,1346.9289333139918,349.99717303008333,1336.7,352.2,-10.228933313991774,2.202826969916657,10.463437456279983
508,22,1359.6290866212407,290.5946849726262,1364.7,285.5,5.070913378759315,-5.094684972626226,7.188183182500547
508,23,1607.7927743850764,410.2200861078368,1595.4,403.6,-12.392774385076336,-6.620086107836755,14.050138683820077
508,24,1219.3171059192155,184.66614450016144,1241.2,171.5,21.88289408078458,-13.166144500161437,25.53837141146569
508,25,1345.4514784581513,234.09075799008517,1354.2,223.1,8.748521541848731,-10.990757990085172,14.047540367082501
508,26,1466.4948131764313,284.57942305386734,1473.8,275.1,7.305186823568647,-9.479423053867322,11.967673790734448
508,27,1725.722011245059,396.9851987968955,1724.3,391.1,-1.4220112450591387,-5.885198796895452,6.054558684169666
508,31,528.2576945176711,405.82181706131666,547.9,414.1,19.64230548232888,8.278182938683358,21.315451612091998
509,13,252.67436836525246,230.05291518400367,252.67,230.05,-0.0043683652524748595,-0.0029151840036547583,0.005251753302868894
509,14,258.1494965574579,357.99023137233644,258.15,357.99,0.0005034425420831212,-0.00023137233642955835,0.000554064573171745
509,15,256.5262368332049,521.1673935555173,256.53,521.17,0.0037631667950677183,0.0026064444826943145,0.0045776606655439055
509,16,288.11377609932424,918.108587601033,288.11,918.11,-0.003776099324227289,0.0014123989669769799,0.004031599800122456
509,17,1044.5631446544048,248.45883203456927,1044.56,248.46,-0.003144654404877656,0.0011679654307386045,0.0033545483412103123
509,18,1152.6708472633047,312.0322145595382,1152.67,312.03,-0.0008472633046494593,-0.002214559538231242,0.002371102919692963
509,19,1321.0297623108104,414.98545615646674,1321.03,414.99,0.00023768918958921859,0.0045438435332698646,0.004550056066213465
509,20,1524.3559916834824,538.966095504688,1524.36,538.97,0.004008316517456478,0.0039044953119855563,0.0055956844930206365
509,21,1346.946699985494,349.9978797725625,1346.95,350.0,0.003300014506066873,0.0021202274375013985,0.003922430385231271
509,22,1359.9718149659307,290.44601372946966,1359.97,290.45,-0.0018149659306345711,0.003986270530333513,0.004380006172412277
509,23,1608.0945807888074,410.1650645808776,1608.09,410.17,-0.004580788807516001,0.0049354191224324495,0.006733645967314866
509,24,1219.4878294394116,184.49960837512108,1219.49,184.5,0.002170560588410808,0.00039162487891530873,0.002205607243764788
509,25,1345.8386088436134,233.81806849256387,1345.84,233.82,0.001391156386489456,0.0019315074361259121,0.002380343896893912
509,26,1466.8711098823235,284.43456729040054,1466.87,284.43,-0.0011098823235897726,-0.004567290400530055,0.0047002106734689054
509,27,1726.2915084337942,396.9888990976716,1726.29,396.99,-0.0015084337942425918,0.0011009023284032082,0.0018674470402923631
509,31,527.4432708882533,405.86636279598747,527.44,405.87,-0.003270888253268822,0.003637204012534312,0.004891621714131998
510,13,251.50577627393935,230.03968638800274,251.51,230.04,0.00422372606064414,0.00031361199725665756,0.004235352915659777
510,14,257.1121224180934,357.99267352925233,257.11,357.99,-0.0021224180933927528,-0.002673529252319895,0.003413563713506913
510,15,255.6446776249037,521.375545166638,255.64,521.38,-0.004677624903706601,0.004454833362046884,0.0064595444903942055
510,16,287.0853320744932,918.5814407007748,287.09,918.58,0.00466792550679429,-0.0014407007747649914,0.004885196747254831
510,17,1044.1723584908036,248.34412402592696,1044.17,248.34,-0.002358490803544555,-0.00412402592695571,0.004750796640207528
510,18,1152.5031354474786,312.02416091965364,1152.5,312.02,-0.0031354474785985076,-0.004160919653656947,0.005210017586845402
510,19,1321.0223217331077,414.9890921173501,1321.02,414.99,-0.0023217331076921255,0.0009078826499262505,0.002492929106370826
510,20,1524.266993762612,538.9745716285161,1524.27,538.97,0.0030062373880355153,-0.004571628516032433,0.005471494359114656
510,21,1346.9600249891205,349.99840982942186,1346.96,350.0,-2.4989120447571622e-05,0.0015901705781402597,0.001590366914810438
510,22,1359.9788612244479,290.33451029710227,1359.98,290.33,0.0011387755521354848,-0.004510297102285676,0.004651837240169528
510,23,1608.0709355916056,410.12379843565816,1608.07,410.12,-0.0009355916056392743,-0.003798435658154631,0.003911961797063371
510,24,1219.3658720795588,184.37470628134082,1219.37,184.37,0.004127920441078459,-0.004706281340816076,0.006260096742606055
510,25,1345.87895663271,233.6135513694229,1345.88,233.61,0.0010433672900944657,-0.003551369422893913,0.0037014645857964
510,26,1466.9033324117427,284.3259254678004,1466.9,284.33,-0.003332411742576369,0.0040745321995814265,0.005263723080433348
510,27,1726.4686313253455,396.99167432325373,1726.47,396.99,0.0013686746544863126,-0.0016743232537237418,0.0021625514254679087
510,31,526.83245316619,405.8997720969906,526.83,405.9,-0.0024531661899800383,0.00022790300937458596,0.002463729720838544
511,13,250.62933220545452,230.02976479100204,250.63,230.03,0.000667794545478273,0.00023520899796380945,0.0007080062342194965
511,14,256.33409181357007,357.9945051469392,256.33,357.99,-0.004091813570084923,-0.004505146939209226,0.006085991064419778
511,15,254.73350821867777,521.5316588749785,254.73,521.53,-0.0035082186777799507,-0.0016588749784887113,0.0038806525849887706
511,16,286.3139990558699,918.9360805255811,286.31,918.94,-0.00399905586988325,0.003919474418921709,0.005599529227625242
511,17,1043.8792688681028,248.25809301944523,1043.88,248.26,0.0007311318972824665,0.0019069805547644592,0.002042334127285157
511,18,1152.377351585609,312.0181206897402,1152.38,312.02,0.0026484143911602587,0.001879310259766953,0.003247446048785121
511,19,1320.7667412998308,414.99181908801256,1320.77,414.99,0.0032587001692263584,-0.0018190880125530384,0.0037320514452952092
511,20,1524.2002453219588,539.230928721387,1524.2,539.23,-0.0002453219588005595,-0.0009287213870265987,0.0009605760137492257
511,21,1346.9700187418402,349.9988073720664,1346.97,350.0,-1.874184022199188e-05,0.0011926279336194057,0.0011927751861202515
511,22,1359.7341459183358,290.2508827228267,1359.73,290.25,-0.004145918335780152,-0.0008827228267023202,0.004238848715835398
511,23,1608.053201693704,410.09284882674365,1608.05,410.09,-0.003201693704113495,-0.0028488267436728165,0.004285633720982868
511,24,1219.274404059669,184.2810297110056,1219.27,184.28,-0.0044040596690138045,-0.0010297110056001202,0.004522836092905423
511,25,1345.9092174745324,233.46016352706718,1345.91,233.46,0.0007825254676845361,-0.00016352706717270848,0.0007994293022356696
511,26,1466.927499308807,284.2444441008503,1466.93,284.24,0.002500691193063176,-0.004444100850264476,0.005099361608121665
511,27,1726.601473494009,396.99375574244027,1726.6,396.99,-0.0014734940091329918,-0.003755742440262111,0.004034449884747215
511,31,526.1243398746425,405.92482907274297,526.12,405.92,-0.004339874642482755,-0.004829072742950302,0.0064926462608993546
512,13,249.4719991540909,230.02232359325154,249.47,230.02,-0.001999154090896127,-0.0023235932515319746,0.0030652410472443523
512,14,255.25056886017757,357.9958788602044,255.25,358.0,-0.0005688601775659663,0.004121139795586259,0.004160215753586001
512,15,253.55013116400832,521.8987441562339,253.55,521.9,-0.00013116400830881503,0.001255843766102771,0.001262674764907744
512,16,285.48549929190244,919.9520603941859,285.49,919.95,0.00450070809756653,-0.0020603941858325925,0.00494990884567723
512,17,1043.4094516510772,248.1935697645839,1043.41,248.19,0.0005483489228481631,-0.0035697645839150027,0.003611634771922902
512,18,1151.7830136892067,312.01359051730515,1151.78,312.01,-0.003013689206682102,-0.003590517305156027,0.004687657960335534
512,19,1320.575055974873,414.9938643160094,1320.58,414.99,0.004944025126860652,-0.003864316009412505,0.0062750555914375195
512,20,1524.150183991469,539.4231965410403,1524.15,539.42,-0.00018399146892988938,-0.0031965410403245187,0.0032018318948873526
512,21,1346.7275140563802,349.99910552904976,1346.73,350.0,0.0024859436198312324,0.000894470950242976,0.00264196781997968
512,22,1359.300609438752,290.18816204212004,1359.3,290.19,-0.0006094387520079181,0.0018379578799567753,0.0019363637987073019
512,23,1607.789901270278,410.06963662005774,1607.79,410.07,9.872972191260487e-05,0.00036337994225732473,0.00037655350273749536
512,24,1218.7058030447517,184.2107722832542,1218.71,184.21,0.004196955248289669,-0.0007722832541787739,0.004267417811842561
512,25,1345.4319131058992,233.3451226453004,1345.43,233.35,-0.0019131058991206373,0.00487735469960171,0.005239137624359287
512,26,1466.6956244816051,284.18333307563773,1466.7,284.18,0.004375518394908795,-0.003333075637726779,0.005500414023597952
512,27,1726.4511051205068,396.9953168068302,1726.45,397.0,-0.001105120506736057,0.004683193169796596,0.004811817702286532
512,31,525.3432549059819,405.9436218045572,525.34,405.94,-0.0032549059818620663,-0.0036218045572127266,0.004869484695674516
513,13,248.60399936556817,229.76674269493867,241.3,228.7,-7.30399936556816,-1.0667426949386822,7.381486754673825
513,14,254.1879266451332,357.9969091451533,261.4,365.3,7.212073354866789,7.303090854846687,10.2639728229436
513,15,252.66259837300623,522.1740581171754,279.6,533.6,26.93740162699379,11.425941882824645,29.26048110205391
513,16,284.61412446892683,920.7140452956394,326.0,934.2,41.38587553107317,13.485954704360665,43.52771149235333
513,17,1042.8070887383078,248.14517732343793,1039.9,248.1,-2.9070887383077206,-0.04517732343794023,2.907439753967155
513,18,1151.087260266905,312.01019288797886,1133.6,315.7,-17.487260266905196,3.6898071120211284,17.872295548317314
513,19,1320.1812919811548,414.99539823700707,1282.9,417.2,-37.28129198115471,2.2046017629929224,37.346418847293805
513,20,1524.1126379936018,539.5673974057802,1464.2,541.0,-59.91263799360172,1.4326025942198157,59.929763403048185
513,21,1346.2956355422853,349.9993291467873,1335.3,350.7,-10.9956355422853,0.7006708532126709,11.017937221790179
513,22,1358.725457079064,290.14112153159004,1362.4,285.8,3.674542920936119,-4.3411215315900336,5.687495215807776
513,23,1607.5924259527085,410.3022274650433,1594.4,403.7,-13.19242595270839,-6.602227465043313,14.752271351146783
513,24,1218.0293522835639,184.15807921244064,1241.4,168.8,23.370647716436224,-15.358079212440629,27.965295846483848
513,25,1344.8239348294244,233.2588419839753,1358.7,223.8,13.876065170575657,-9.458841983975276,16.793298553169244
513,26,1466.021718361204,284.13749980672833,1471.1,276.1,5.078281638795943,-8.037499806728306,9.507383843418207
513,27,1726.0883288403802,396.99648760512264,1724.6,390.4,-1.4883288403802908,-6.596487605122661,6.762305188443112
513,31,524.5074411794865,405.95771635341794,546.3,413.2,21.792558820513477,7.242283646582052,22.964457153677497
514,13,247.70299952417614,229.825057021204,247.7,229.83,-0.002999524176146906,0.004942978796009356,0.005781884179148513
514,14,253.3909449838499,358.247681858865,253.39,358.25,-0.0009449838499051566,0.002318141134992402,0.002503352312065849
514,15,251.7469487797547,522.3805435878816,251.75,522.38,0.003051220245311015,-0.0005435878815660544,0.0030992632625159934
514,16,283.71059335169514,921.5355339717296,283.71,921.54,-0.0005933516951586171,0.00446602827037168,0.004505271883683232
514,17,1042.355316553731,248.35888299257846,1042.36,248.36,0.004683446268927582,0.001117007421555627,0.004814807839752491
514,18,1150.8154452001788,312.0076446659841,1150.82,312.01,0.004554799821107736,0.0023553340158741776,0.005127748018057931
514,19,1319.8859689858662,414.9965486777553,1319.89,415.0,0.004031014133943245,0.00345132224470035,0.005306665637178742
514,20,1524.0844784952014,539.6755480543352,1524.08,539.68,-0.004478495201510668,0.0044519456647549305,0.006314803201358242
514,21,1345.971726656714,349.9994968600905,1345.97,350.0,-0.0017266567140268307,0.0005031399094832523,0.0017984696763105983
514,22,1358.294092809298,290.35584114869255,1358.29,290.36,-0.004092809298072098,0.0041588513074657385,0.005834992043524558
514,23,1607.4443194645314,410.47667059878245,1607.44,410.48,-0.004319464531363337,0.0033294012175701937,0.0054536855708102365
514,24,1217.522014212673,184.1185594093305,1217.52,184.12,-0.002014212672975191,0.0014405906695174053,0.002476359054958402
514,25,1344.3679511220682,233.44413148798145,1344.37,233.44,0.002048877931656534,-0.004131487981453574,0.004611625930160043
514,26,1465.766288770903,284.10312485504625,1465.77,284.1,0.0037112290970071626,-0.003124855046223729,0.004851591539936405
514,27,1725.8162466302851,396.997365703842,1725.82,397.0,0.0037533697147864586,0.002634296158021243,0.004585553452315398
514,31,523.6305808846148,405.96828726506345,523.63,405.97,-0.0005808846148056546,0.0017127349365750888,0.0018085596198861643
515,13,246.7772496431321,229.868792765903,246.78,229.87,0.0027503568678923784,0.00120723409699508,0.0030036439645387903
515,14,252.54320873788743,358.43576139414876,252.54,358.44,-0.003208737887433699,0.004238605851242028,0.0053161808088547586
515,15,250.81021158481602,522.5354076909111,250.81,522.54,-0.0002115848160144651,0.004592309088820912,0.004597180755814919
515,16,282.7829450137714,921.9016504787971,282.78,921.9,-0.0029450137714093216,-0.001650478797159849,0.0033759719154141045
515,17,1041.7664874152983,248.51916224443386,1041.77,248.52,0.0035125847016388434,0.0008377555661525093,0.0036111058797557785
515,18,1150.361583900134,312.2557334994881,1150.36,312.26,-0.0015839001341646508,0.0042665005119033594,0.004551018155652471
515,19,1319.6644767393996,414.9974115083165,1319.66,415.0,-0.004476739399478902,0.0025884916835252625,0.005171216959916318
515,20,1523.813358871401,539.7566610407514,1523.81,539.76,-0.003358871401133001,0.0033389592485946196,0.004736102401038719
515,21,1345.7287949925355,349.9996226450679,1345.73,350.0,0.0012050074644776032,0.0003773549320840175,0.0012627112632010835
515,22,1357.9705696069736,290.51688086151944,1357.97,290.52,-0.0005696069736131903,0.0031191384805424605,0.003170721836615364
515,23,1607.0832395983984,410.60750294908684,1607.08,410.61,-0.003239598398522503,0.0024970509131776453,0.004090264178107678
515,24,1217.1415106595048,184.08891955699787,1217.14,184.09,-0.0015106595046745497,0.001080443002138054,0.0018572692911725665
515,25,1344.0259633415512,233.5830986159861,1344.03,233.58,0.004036658448740127,-0.0030986159860901807,0.0050888144455303805
515,26,1465.5747165781772,284.3273436412847,1465.57,284.33,-0.00471657817729465,0.002656358715285023,0.005413164631415049
515,27,1725.3621849727137,396.9980242778815,1725.36,397.0,-0.002184972713848765,0.0019757221185159324,0.0029457738626474236
515,31,522.7229356634612,406.2262154487976,522.72,406.23,-0.002935663461130389,0.0037845512024432537,0.0047896709449533935
516,13,245.83293723234908,229.90159457442726,239.6,226.8,-6.232937232349087,-3.101594574427253,6.961996512963797
516,14,251.40740655341557,358.57682104561155,255.6,364.8,4.192593446584425,6.223178954388459,7.503718818471684
516,15,249.85765868861202,522.6515557681834,275.8,532.0,25.94234131138799,9.348444231816643,27.57532379269433
516,16,281.8372087603285,922.1762378590979,320.2,936.7,38.36279123967148,14.523762140902136,41.02003679208634
516,17,1041.0748655614739,248.6393716833254,1037.4,248.6,-3.67486556147378,-0.03937168332541319,3.6750764651029884
516,18,1149.7711879251005,312.44180012461607,1138.8,316.1,-10.971187925100594,3.658199875383957,11.565007168875093
516,19,1319.2483575545498,414.99805863123737,1286.4,417.9,-32.84835755454969,2.901941368762607,32.976292358894405
516,20,1523.3600191535509,539.8174957805636,1470.0,542.7,-53.360019153550866,2.8825042194364414,53.43781876763295
516,21,1345.2965962444016,349.9997169838009,1332.9,350.0,-12.396596244401508,0.00028301619909143483,12.396596247632159
516,22,1357.4779272052301,290.6376606461396,1361.9,285.5,4.422072794769974,-5.1376606461395795,6.77866393304286
516,23,1606.562429698799,410.7056272118151,1595.6,404.1,-10.962429698799042,-6.60562721181509,12.798795871588204
516,24,1216.6061329946285,184.3166896677484,1238.5,167.5,21.893867005371476,-16.816689667748392,27.606927823107178
516,25,1343.5194725061633,233.6873239619896,1363.2,223.5,19.680527493836735,-10.187323961989591,22.160882923344705
516,26,1465.1810374336328,284.49550773096354,1470.3,274.3,5.118962566367145,-10.195507730963527,11.408424766285886
516,27,1725.0216387295354,396.9985182084111,1726.5,389.0,1.4783612704645748,-7.998518208411099,8.133993212210934
516,31,521.7922017475959,406.4196615865982,542.5,416.8,20.70779825240413,10.38033841340183,23.163858358205726
517,13,243.1247029242618,230.92619593082046,243.12,230.93,-0.004702924261806629,0.0038040691795515613,0.006048837816895368
517,14,248.3055549150617,360.6826157842087,248.31,360.68,0.0044450849383110835,-0.002615784208671812,0.00515762611432206
517,15,248.64324401645902,524.9886668261375,248.64,524.99,-0.0032440164590354925,0.0013331738624628997,0.0035072774817580974
517,17,1039.0561491711055,248.72952876249406,1039.06,248.73,0.0038508288944285596,0.00047123750593414115,0.003879555124130203
517,18,1147.8283909438255,312.33135009346205,1147.83,312.33,0.0016090561744022125,-0.0013500934620651606,0.002100431890991225
517,19,1317.6862681659122,414.248543973428,1317.69,414.25,0.003731834087830066,0.0014560265719865129,0.0040058206446895814
517,20,1524.5200143651632,538.6131218354227,1524.52,538.61,-1.4365163224283606e-05,-0.0031218354226894007,0.0031218684732500774
517,21,1344.9724471833013,349.4997877378507,1344.97,349.5,-0.002447183301228506,0.00021226214931857612,0.0024563715781300254
517,22,1356.1084454039226,289.9782454846047,1356.11,289.98,0.0015545960773124534,0.001754515395305134,0.0023441615208764943
517,23,1605.9218222740992,408.7792204088613,1605.92,408.78,-0.0018222740991404862,0.0007795911386665466,0.0019820305839935146
517,24,1215.2045997459713,184.2375172508113,1215.2,184.24,-0.0045997459712907585,0.002482749188715161,0.005227016982416582
517,25,1341.8896043796226,233.2654929714922,1341.89,233.27,0.0003956203775032918,0.004507028507816813,0.004524358678682459
517,26,1463.8857780752246,283.87163079822267,1463.89,283.87,0.00422192477549288,-0.0016307982226635431,0.004525942073531562
517,27,1724.5162290471517,394.99888865630834,1724.52,395.0,0.0037709528482992027,0.0011113436916616592,0.003931306422182331
517,31,519.3441513106969,407.31474618994866,519.34,407.31,-0.004151310696897781,-0.00474618994866205,0.006305529282380553
518,13,240.59352719319637,231.44464694811535,240.59,231.44,-0.0035271931963620773,-0.004646948115350824,0.00583397108590928
518,14,245.47916618629625,362.2619618381565,245.48,362.26,0.0008338137037355864,-0.001961838156489648,0.0021316787386461305
518,15,247.23243301234427,526.9915001196032,247.23,526.99,-0.002433012344283725,-0.0015001196031789732,0.002858305073164659
518,17,1037.2921118783293,248.79714657187054,1037.29,248.8,-0.0021118783292877197,0.0028534281294696484,0.0035499411499014667
518,18,1146.1212932078693,312.2485125700965,1146.12,312.25,-0.0012932078693665972,0.0014874299034772775,0.0019709983031829625
518,19,1316.5147011244342,413.686407980071,1316.51,413.69,-0.004701124434177473,0.003592019928987611,0.005916348376816955
518,20,1525.6400107738723,537.709841376567,1525.64,537.71,-1.0773872190839029e-05,0.00015862343298067572,0.00015898889839406855
518,21,1344.4793353874759,349.124840803388,1344.48,349.12,0.0006646125241331902,-0.00484080338799231,0.004886213999451162
518,22,1354.8313340529419,289.23368411345353,1354.83,289.23,-0.0013340529419565428,-0.003684113453516602,0.003918212499383479
518,23,1605.4413667055744,407.33441530664595,1605.44,407.33,-0.0013667055743553647,-0.004415306645967121,0.004621992741761442
518,24,1213.9034498094784,183.92813793810848,1213.9,183.93,-0.0034498094782975386,0.0018620618915292653,0.003920262736658997
518,25,1340.6672032847168,232.69911972861914,1340.67,232.7,0.002796715283238882,0.0008802713808506724,0.0029319778442966943
518,26,1462.9143335564186,283.153723098667,1462.91,283.15,-0.0043335564184872055,-0.0037230986670238053,0.005713245567679205
518,27,1724.3871717853638,393.49916649223127,1724.39,393.5,0.002828214636338089,0.0008335077687320336,0.0029484798167417805
518,31,517.0081134830227,408.2360596424615,517.01,408.24,0.0018865169772652735,0.0039403575385108525,0.004368679873463997
519,13,238.19514539489728,231.8334852110865,238.2,231.83,0.00485460510270741,-0.0034852110864846964,0.005976109689470957
519,14,243.1093746397222,363.4464713786174,243.11,363.45,0.0006253602778087952,0.0035286213825997947,0.003583607726691299
519,15,245.9243247592582,528.4936250897024,245.92,528.49,-0.004324759258224731,-0.003625089702381956,0.005643121298706614
519,17,1035.719083908747,248.8478599289029,1035.72,248.85,0.0009160912529750931,0.0021400710971022363,0.0023279019490583886
519,18,1144.840969905902,312.1863844275724,1144.84,312.19,-0.0009699059021386347,0.0036155724275772627,0.003743405059309011
519,19,1315.6360258433256,413.2648059850533,1315.64,413.26,0.0039741566745306045,-0.004805985053280892,0.0062362980690531065
519,20,1526.4800080804043,537.2823810324253,1526.48,537.28,-8.080404313659528e-06,-0.002381032425319063,0.002381046136334752
519,21,1344.109501540607,348.843630602541,1344.11,348.84,0.0004984593929293624,-0.003630602541022654,0.003664660499593333
519,22,1354.1235005397064,288.92526308509014,1354.12,288.93,-0.0035005397064651333,0.004736914909869938,0.005890003488953731
519,23,1605.3310250291809,406.50081147998446,1605.33,406.5,-0.0010250291809370538,-0.0008114799844634035,0.0013073578649158053
519,24,1212.9275873571087,183.69610345358137,1212.93,183.7,0.0024126428913859854,0.0038965464186162535,0.004583003350837361
519,25,1339.7504024635377,232.27433979646435,1339.75,232.27,-0.00040246353773909505,-0.004339796464336132,0.0043584183198809474
519,26,1462.435750167314,282.6152923240003,1462.44,282.62,0.004249832686127775,0.004707675999725325,0.0063421834708931165
519,27,1724.5403788390229,392.62437486917344,1724.54,392.62,-0.00037883902291468985,-0.0043748691734322165,0.004391241201520413
519,31,515.0060851122671,408.92704473184614,515.01,408.93,0.003914887732889838,0.0029552681538689285,0.004905094884138654
520,13,236.39635904617296,232.12511390831486,236.4,232.13,0.0036409538270447683,0.004886091685136762,0.006093474930303279
520,14,241.33203097979165,364.33485353396304,241.33,364.33,-0.00203097979164113,-0.004853533963057544,0.005261337362744164
520,15,244.69324356944367,529.6202188172767,244.69,529.62,-0.003243569443668548,-0.00021881727673189744,0.003250941976796365
520,17,1034.7893129315603,248.88589494667718,1034.79,248.89,0.0006870684396744764,0.004105053322803087,0.004162153988484014
520,18,1143.8807274294265,312.1397883206793,1143.88,312.14,-0.0007274294264334458,0.00021167932067100992,0.000757602603771286
520,19,1314.9770193824943,413.19860448878995,1314.98,413.2,0.002980617505727423,0.0013955112100347833,0.0032911293278723506
520,20,1527.1100060603032,537.211785774319,1527.11,537.21,-6.060303348931484e-06,-0.0017857743189324538,0.0017857846021946068
520,21,1344.0821261554552,348.63272295190575,1344.08,348.63,-0.002126155455243861,-0.0027229519057527796,0.0034547075275493185
520,22,1353.5926254047797,288.6939473138176,1353.59,288.69,-0.0026254047797920066,-0.003947313817604936,0.00474067892104175
520,23,1605.2482687718857,405.8756086099884,1605.25,405.88,0.001731228114294936,0.004391390011619478,0.004720323825531096
520,24,1212.4456905178315,183.52207759018603,1212.45,183.52,0.004309482168537215,-0.0020775901860190515,0.004784142299512306
520,25,1339.3128018476532,231.95575484734826,1339.31,231.96,-0.002801847653245204,0.004245152651748185,0.005086420284310008
520,26,1462.0768126254854,282.46146924300024,1462.08,282.46,0.003187374514482144,-0.0014692430002583023,0.003509705299505687
520,27,1724.905284129267,391.9682811518801,1724.91,391.97,0.004715870732979965,0.001718848119935501,0.0050193501202429385
520,31,513.2545638342003,409.4452835488846,513.25,409.45,-0.0045638342003258,0.004716451115371001,0.006563039976394155
521,13,236.79726928462972,231.34383543123613,236.8,231.34,0.0027307153702906817,-0.0038354312361263965,0.00470822038572918
521,14,241.99902323484375,363.0011401504723,242.0,363.0,0.000976765156252668,-0.0011401504722812206,0.0015013371606379393
521,15,244.01993267708275,528.2151641129576,244.02,528.22,6.732291726052608e-05,0.004835887042418108,0.004836355638517066
521,16,279.6279065702464,923.3821783943234,279.63,923.38,0.0020934297535859514,-0.0021783943234368053,0.003021233185568541
521,17,1035.5919846986703,248.6644212100079,1035.59,248.66,-0.0019846986704123992,-0.004421210007905074,0.004846248729309788
521,18,1144.9105455720699,312.1048412405095,1144.91,312.1,-0.0005455720697682409,-0.0048412405094495625,0.004871884497157816
521,19,1315.7327645368707,413.8989533665925,1315.73,413.9,-0.002764536870699885,0.0010466334074976658,0.00295602868713233
521,20,1526.3325045452275,538.4088393307393,1526.33,538.41,-0.0025045452275662683,0.0011606692606846991,0.0027604166224726545
521,21,1344.0615946165913,348.97454221392934,1344.06,348.97,-0.001594616591319209,-0.004542213929312311,0.0048139910108920304
521,22,1354.4444690535847,289.0204604853632,1354.44,289.02,-0.004469053584671201,-0.0004604853631917649,0.004492714848771995
521,23,1605.9362015789143,407.1567064574913,1605.94,407.16,0.0037984210857757716,0.0032935425087430303,0.005027467056258382
521,24,1213.0842678883737,183.39155819263954,1213.08,183.39,-0.0042678883737607975,-0.0015581926395498158,0.00454343872775124
521,25,1340.23460138574,232.21681613551118,1340.23,232.22,-0.004601385739988473,0.0031838644888182444,0.005595511041122797
521,26,1462.8076094691141,282.8461019322502,1462.81,282.85,0.0023905308858047647,0.0038980677498443583,0.00457269833887642
521,27,1725.4289630969504,393.47621086391007,1725.43,393.48,0.0010369030496804044,0.003789136089949352,0.003928450106924254
521,31,513.6909228756502,408.83396266166346,513.69,408.83,-0.0009228756501897806,-0.003962661663479139,0.0040687082624489635
522,13,236.8479519634723,230.5078765734271,236.85,230.51,0.002048036527696695,0.0021234265728935497,0.002950151526489848
522,14,241.9992674261328,361.7508551128542,242.0,361.75,0.0007325738671966064,-0.0008551128541967046,0.001126002870472285
522,15,243.01494950781205,527.1613730847182,243.01,527.16,-0.004949507812057163,-0.0013730847182387151,0.005136437405933765
522,16,277.7209299276848,924.2866337957425,277.72,924.29,-0.0009299276847514193,0.0033662042574178486,0.0034922910247465323
522,17,1036.1939885240026,248.2483159075059,1036.19,248.25,-0.003988524002579652,0.0016840924940879631,0.004329490876280654
522,18,1145.4329091790523,312.07863093038213,1145.43,312.08,-0.0029091790522670635,0.0013690696178514372,0.003215225400601546
522,19,1316.299573402653,414.4242150249444,1316.3,414.42,0.00042659734685912554,-0.004215024944357992,0.004236557633020863
522,20,1525.7493784089206,539.3066294980545,1525.75,539.31,0.0006215910793798685,0.003370501945482829,0.0034273399064680124
522,21,1344.0461959624436,349.230906660447,1344.05,349.23,0.003804037556392359,-0.0009066604469580852,0.003910592652849666
522,22,1355.0833517901885,289.2653453640224,1355.08,289.27,-0.0033517901886170876,0.004654635977601629,0.005735863801773299
522,23,1606.4521511841858,408.11752984311846,1606.45,408.12,-0.0021511841857773106,0.002470156881543062,0.0032755562001853876
522,24,1213.3132009162803,183.29366864447965,1213.31,183.29,-0.003200916280320598,-0.003668644479660088,0.004868759323663667
522,25,1340.925951039305,232.16261210163339,1340.93,232.16,0.0040489606951723545,-0.0026121016333888747,0.0048184185843701275
522,26,1463.3557071018356,283.13457644918765,1463.36,283.13,0.004292898164294456,-0.004576449187652543,0.006274779822126696
522,27,1726.0717223227127,394.6071581479325,1726.07,394.61,-0.0017223227127942664,0.0028418520674904357,0.00332302854343845
522,31,513.7681921567377,408.3754719962476,513.77,408.38,0.0018078432623269691,0.004528003752398035,0.004875563069315349
523,13,236.63596397260423,229.88090743007032,236.64,229.88,0.004036027395756037,-0.000907430070327564,0.00413677972242032
523,14,241.99945056959962,360.81314133464065,242.0,360.81,0.000549430400383244,-0.0031413346406452547,0.0031890213372417473
523,15,242.26121213085904,526.3710298135386,242.26,526.37,-0.0012121308590451463,-0.0010298135385937712,0.001590527316244694
523,16,276.2906974457636,925.2149753468069,276.29,925.21,-0.0006974457635919862,-0.004975346806872949,0.00502399307740499
523,17,1036.645491393002,247.93623693062943,1036.65,247.94,0.004508606998115283,0.0037630693705636986,0.005872667890416482
523,18,1145.8246818842892,312.0589731977866,1145.82,312.06,-0.004681884289311711,0.0010268022134027888,0.004793157965679066
523,19,1316.7246800519897,414.8181612687083,1316.72,414.82,-0.004680051989680578,0.0018387312916843257,0.0050283018395013085
523,20,1525.3120338066906,539.9799721235408,1525.31,539.98,-0.002033806690633355,2.787645917123882e-05,0.002033997726606627
523,21,1344.0346469718327,349.4231799953352,1344.03,349.42,-0.0046469718326989096,-0.0031799953351878685,0.005630871828208636
523,22,1355.5625138426415,289.4490090230168,1355.56,289.45,-0.002513842641519659,0.0009909769831892845,0.0027021177264385564
523,23,1606.8391133881394,408.83814738233883,1606.84,408.84,0.0008866118605510565,0.0018526176611430856,0.002053843418970658
523,24,1213.4849006872103,183.22025148335973,1213.48,183.22,-0.004900687210238175,-0.00025148335973312896,0.004907135520119114
523,25,1341.4444632794787,232.12195907622504,1341.44,232.12,-0.004463279478613913,-0.0019590762250345506,0.0048743043975229645
523,26,1463.7667803263766,283.35093233689076,1463.77,283.35,0.003219673623334529,-0.0009323368907416807,0.0033519472428178163
523,27,1726.5537917420345,395.4553686109494,1726.55,395.46,-0.0037917420345365827,0.004631389050587131,0.005985572002270961
523,31,513.8261441175532,408.0316039971857,513.83,408.03,0.0038558824468282182,-0.0016039971857253477,0.004176198799814588
524,13,236.22697297945317,229.41068057255274,236.23,229.41,0.003027020546824133,-0.0006805725527385675,0.003102584791820614
524,14,241.7495879271997,360.10985600098047,241.75,360.11,0.000412072800287433,0.00014399901954220695,0.00043650854558169137
524,15,241.44590909814428,525.778272360154,241.45,525.78,0.004090901855704487,0.0017276398459671327,0.004440745143596934
524,16,274.7180230843227,925.9112315101052,274.72,925.91,0.001976915677346369,-0.0012315101051854072,0.002329122739254337
524,17,1036.7341185447515,247.70217769797208,1036.73,247.7,-0.00411854475146356,-0.0021776979720868894,0.004658838838963996
524,18,1146.118511413217,312.04422989833995,1146.12,312.04,0.0014885867828979826,-0.00422989833992915,0.004484186724073157
524,19,1317.0435100389923,415.11362095153123,1317.04,415.11,-0.003510038992317277,-0.0036209515312179974,0.005042981629851297
524,20,1524.9840253550178,540.4849790926556,1524.98,540.48,-0.004025355017802212,-0.004979092655617023,0.006402721819083259
524,21,1344.0259852288746,349.5673849965014,1344.03,349.57,0.004014771125412153,0.0026150034985903403,0.00479130780550393
524,22,1355.9218853819812,289.5867567672626,1355.92,289.59,-0.001885381981082901,0.003243232737361268,0.0037514295679492568
524,23,1607.3793350411045,409.37861053675414,1607.38,409.38,0.000664958895640666,0.0013894632458573142,0.0015403825643261473
524,24,1213.6136755154077,182.91518861251978,1213.61,182.92,-0.0036755154078491614,0.004811387480202711,0.006054656307172851
524,25,1341.833347459609,232.09146930716878,1341.83,232.09,-0.003347459609130965,-0.001469307168775913,0.003655728298298374
524,26,1464.3250852447825,283.2631992526681,1464.33,283.26,0.00491475521744178,-0.0031992526680824085,0.005864301875040507
524,27,1727.165343806526,396.09152645821206,1727.17,396.09,0.004656193474147585,-0.0015264582120835257,0.004900021667496155
524,31,513.8696080881649,407.52370299788925,513.87,407.52,0.0003919118350950157,-0.0037029978892633153,0.003723679397367087
525,13,235.42022973458987,229.05801042941454,235.42,229.06,-0.00022973458987962658,0.001989570585465117,0.0020027903276017608
525,14,240.81219094539978,359.58239200073535,240.81,359.58,-0.002190945399775046,-0.0023920007353694928,0.003243749260162325
525,15,240.3344318236082,525.3337042701155,240.33,525.33,-0.004431823608200602,-0.0037042701154632596,0.005776043419376139
525,16,273.038517313242,926.9334236325789,273.04,926.93,0.0014826867580381986,-0.0034236325789152033,0.0037309007032982518
525,17,1036.8005889085637,247.52663327347906,1036.8,247.53,-0.0005889085637136304,0.003366726520937391,0.0034178444615281193
525,18,1146.3388835599128,311.783172423755,1146.34,311.78,0.0011164400871166436,-0.003172423755017917,0.003363140043103022
525,19,1317.5326325292442,415.08521571364844,1317.53,415.09,-0.0026325292442379578,0.004784286351537048,0.0054607331115219095
525,20,1525.2380190162635,540.8637343194918,1525.24,540.86,0.0019809837365301064,-0.0037343194917411893,0.004227225878847138
525,21,1344.269488921656,349.67553874737604,1344.27,349.68,0.0005110783440613886,0.004461252623968903,0.004490431610506718
525,22,1356.4414140364859,289.44006757544696,1356.44,289.44,-0.0014140364858121757,-6.757544696256446e-05,0.0014156502478508727
525,23,1608.2845012808284,409.7839579025656,1608.28,409.78,-0.004501280828435483,-0.003957902565616678,0.005993873690307121
525,24,1213.9602566365559,182.43639145938982,1213.96,182.44,-0.0002566365558323014,0.0036085406101733497,0.003617654994199933
525,25,1342.3750105947067,231.81860198037657,1342.38,231.82,0.004989405293372329,0.001398019623422897,0.005181565791245664
525,26,1465.2438139335868,283.19739943950105,1465.24,283.2,-0.003813933586798157,0.002600560498933646,0.004616167708513315
525,27,1728.1240078548944,396.31864484365906,1728.12,396.32,-0.00400785489455302,0.001355156340935082,0.004230762291144371
525,31,513.4022060661237,407.3927772484169,513.4,407.39,-0.0022060661236764645,-0.0027772484169190648,0.0035468065229601053
526,13,234.5651723009424,228.54350782206092,234.57,228.54,0.004827699057585733,-0.0035078220609250366,0.005967536661112904
526,14,239.85914320904982,359.1867940005515,239.86,359.19,0.0008567909501948634,0.003205999448482544,0.003318512196151491
526,15,239.25082386770617,525.0002782025866,239.25,525.0,-0.0008238677061740418,-0.0002782025866281401,0.0008695715476503732
526,16,271.7788879849315,927.9500677244341,271.78,927.95,0.0011120150684860164,-6.77244340749894e-05,0.0011140754514442624
526,17,1036.6004416814228,247.1449749551093,1036.6,247.14,-0.00044168142289890966,-0.0049749551093043465,0.004994523082229916
526,18,1146.5041626699347,311.58737931781627,1146.5,311.59,-0.00416266993465797,0.002620682183703593,0.0049189222491199044
526,19,1317.899474396933,415.0639117852363,1317.9,415.06,0.0005256030669897882,-0.003911785236311971,0.003946938347511571
526,20,1525.4285142621975,541.1478007396188,1525.43,541.15,0.00148573780256811,0.0021992603811895606,0.0026540842191328383
526,21,1344.4521166912418,349.506654060532,1344.45,349.51,-0.0021166912417811545,0.0033459394679766774,0.003959254063128192
526,22,1356.8310605273643,289.33005068158525,1356.83,289.33,-0.0010605273644159752,-5.0681585264555906e-05,0.0010617376859469684
526,23,1608.9633759606213,410.0879684269242,1608.96,410.09,-0.003375960621269769,0.002031573075782944,0.003940101429990139
526,24,1213.970192477417,182.07729359454237,1213.97,182.08,-0.00019247741693106946,0.002706405457644223,0.002713241245668157
526,25,1342.78125794603,231.61395148528243,1342.78,231.61,-0.0012579460301367362,-0.003951485282414069,0.0041468860789599426
526,26,1465.9328604501902,283.14804957962576,1465.93,283.15,-0.0028604501901554613,0.0019504203742144455,0.003462125781439957
526,27,1729.0930058911708,396.4889836327443,1729.09,396.49,-0.003005891170914765,0.0010163672557155223,0.0031730717183628297
526,31,512.8016545495927,407.0445829363127,512.8,407.04,-0.00165454959278577,-0.004582936312658603,0.00487245724464283
527,13,233.4238792257068,227.90763086654567,233.42,227.91,-0.0038792257068109848,0.0023691334543229914,0.004545457667691513
527,14,238.89435740678738,358.6400955004136,238.89,358.64,-0.0043574067873919375,-9.55004136358184e-05,0.004358453193486645
527,15,237.93811790077962,524.7502086519399,237.94,524.75,0.0018820992203814058,-0.00020865193994268338,0.00189362961198914
527,16,270.3341659886986,928.7125507933256,270.33,928.71,-0.004165988698616729,-0.0025507933255539683,0.004884875477091814
527,17,1036.450331261067,246.85873121633196,1036.45,246.86,-0.000331261067003652,0.0012687836680527198,0.0013113145659336331
527,18,1146.378122002451,311.44053448836223,1146.38,311.44,0.0018779975491725054,-0.0005344883622342422,0.0019525758894500822
527,19,1318.1746057976998,415.04793383892724,1318.17,415.05,-0.004605797699696268,0.002066161072775685,0.005048008917304029
527,20,1525.8213856966481,541.360850554714,1525.82,541.36,-0.0013856966481853306,-0.0008505547140202907,0.001625914672525652
527,21,1344.5890875184314,349.379990545399,1344.59,349.38,0.0009124815685481735,9.4546010132035e-06,0.0009125305487601245
527,22,1357.1232953955232,289.2475380111889,1357.12,289.25,-0.0032953955233097076,0.002461988811091942,0.004113516811803688
527,23,1609.722531970466,410.31597632019316,1609.72,410.32,-0.0025319704659523268,0.004023679806834934,0.004754037613270015
527,24,1213.9776443580627,181.55797019590676,1213.98,181.56,0.0023556419373562676,0.0020298040932402728,0.0031095262651996613
527,25,1343.0859434595227,231.46046361396182,1343.09,231.46,0.00405654047722237,-0.00046361396181282544,0.004082947287062531
527,26,1466.4496453376428,282.8610371847193,1466.45,282.86,0.00035466235726744344,-0.0010371847192800487,0.001096146673383874
527,27,1729.8197544183781,396.6167377245582,1729.82,396.62,0.00024558162181165244,0.003262275441784368,0.003271505982119096
527,31,511.85124091219456,406.7834372022345,511.85,406.78,-0.0012409121945324841,-0.003437202234522374,0.0036543429334895522
528,13,232.3179094192801,227.43072314990926,232.32,227.43,0.0020905807198801085,-0.0007231499092483773,0.002212119693321401
528,14,237.67076805509055,358.2300716253102,237.67,358.23,-0.0007680550905604377,-7.162531017002038e-05,0.0007713875855837672
528,15,236.7035884255847,524.812656488955,236.7,524.81,-0.003588425584723609,-0.002656488955040004,0.0044647207914211735
528,16,269.0006244915239,929.7844130949942,269.0,929.78,-0.0006244915239221882,-0.004413094994220046,0.004457061486165597
528,17,1036.3377484458003,246.39404841224896,1036.34,246.39,0.002251554199574457,-0.004048412248977229,0.004632400894923737
528,18,1146.2835915018381,311.0804008662717,1146.28,311.08,-0.003591501838172917,-0.00040086627171831424,0.003613803982149666
528,19,1318.3809543482748,415.0359503791954,1318.38,415.04,-0.0009543482747176313,0.004049620804607912,0.004160553964386203
528,20,1526.116039272486,541.5206379160355,1526.12,541.52,0.003960727513913298,-0.0006379160355436397,0.0040117700965874815
528,21,1344.6918156388235,349.28499290904927,1344.69,349.28,-0.0018156388234729093,-0.004992909049292393,0.005312785061698615
528,22,1357.3424715466424,288.9356535083917,1357.34,288.94,-0.0024715466424822807,0.004346491608316683,0.005000053210430143
528,23,1610.2918989778495,410.48698224014487,1610.29,410.49,-0.001898977849577932,0.0030177598551404117,0.0035655282100250877
528,24,1213.9832332685469,181.16847764693006,1213.98,181.17,-0.003233268546864565,0.0015223530699302046,0.0035737353519349493
528,25,1343.3144575946421,231.09534771047137,1343.31,231.1,-0.004457594642190088,0.004652289528621623,0.006443131835699482
528,26,1466.837234003232,282.64577788853944,1466.84,282.65,0.002765996767948309,0.004222111460535416,0.005047470981143427
528,27,1730.6148158137835,396.71255329341864,1730.61,396.71,-0.00481581378357987,-0.0025532934186571765,0.005450813671359159
528,31,511.13843068414593,406.5875779016759,511.14,406.59,0.0015693158540557306,0.0024220983240752503,0.0028860548403103507
529,13,231.48843206446008,227.07304236243195,231.49,227.07,0.0015679355399242922,-0.0030423624319553255,0.0034226292561027995
529,14,236.7530760413179,357.9225537189826,236.75,357.92,-0.003076041317910949,-0.00255371898259682,0.0039979383226321375
529,15,235.52769131918853,524.8594923667163,235.53,524.86,0.0023086808114669566,0.000507633283746145,0.002363831347622461
529,16,267.75046836864294,930.5883098212456,267.75,930.59,-0.00046836864294164116,0.0016901787544156832,0.0017538738288625966
529,17,1036.0033113343502,246.04553630918673,1036.0,246.05,-0.003311334350200923,0.004463690813281573,0.005557829689311727
529,18,1146.2126936263785,311.0603006497038,1146.21,311.06,-0.0026936263784591574,-0.0003006497037745248,0.0027103529864411953
529,19,1318.5357157612061,415.0269627843966,1318.54,415.03,0.004284238793843542,0.0030372156033990905,0.005251607436224158
529,20,1526.3370294543645,541.6404784370267,1526.34,541.64,0.0029705456354349735,-0.0004784370266861515,0.0030088275724451303
529,21,1344.7688617291176,349.2137446817869,1344.77,349.21,0.0011382708823930443,-0.0037446817869408733,0.003913860279462021
529,22,1357.5068536599817,288.7017401312938,1357.51,288.7,0.003146340018247429,-0.0017401312937863622,0.003595485006232098
529,23,1610.718924233387,410.61523668010864,1610.72,410.62,0.0010757666129848076,0.004763319891367246,0.004883286822736063
529,24,1213.98742495141,180.87635823519753,1213.99,180.88,0.0025750485899607156,0.003641764802466696,0.004460193506692727
529,25,1343.4858431959815,230.82151078285352,1343.49,230.82,0.004156804018521143,-0.0015107828535292356,0.004422836700457238
529,26,1467.127925502424,282.4843334164046,1467.13,282.48,0.002074497576131762,-0.004333416404563195,0.0048043769553100186
529,27,1731.2111118603375,396.78441497006395,1731.21,396.78,-0.0011118603374598024,-0.004414970063976398,0.004552822649282968
529,31,510.35382301310943,406.4406834262569,510.35,406.44,-0.003823013109411022,-0.000683426256898656,0.0038836195338043914
530,13,230.36632404834506,226.80478177182397,230.37,226.8,0.0036759516549409454,-0.004781771823957115,0.006031414622280019
530,14,235.56480703098845,357.69191528923693,235.56,357.69,-0.004807030988445149,-0.001915289236933404,0.00517454150480841
530,15,234.1457684893914,524.8946192750373,234.15,524.89,0.004231510608605049,-0.004619275037271109,0.0062644539986093815
530,16,266.3128512764822,931.4412323659342,266.31,931.44,-0.002851276482203957,-0.0012323659341291204,0.003106204013514134
530,17,1035.7524835007625,245.78415223189006,1035.75,245.78,-0.0024835007625370054,-0.0041522318900604205,0.004838264741243147
530,18,1146.1595202197839,311.04522548727783,1146.16,311.05,0.0004797802162102016,0.00477451272217877,0.004798558199096228
530,19,1318.6517868209046,415.02022208829743,1318.65,415.02,-0.001786820904499109,-0.0002220882974484084,0.0018005699532699492
530,20,1526.5027720907733,541.98035882777,1526.5,541.98,-0.0027720907733055355,-0.00035882777001461363,0.0027952181710877854
530,21,1344.8266462968381,349.1603085113402,1344.83,349.16,0.0033537031617925095,-0.00030851134016529613,0.0033678634391001755
530,22,1357.6301402449863,288.52630509847035,1357.63,288.53,-0.0001402449861416244,0.003694901529627259,0.003697562165776219
530,23,1611.2891931750403,410.7114275100815,1611.29,410.71,0.0008068249596817623,-0.0014275100814984398,0.0016397413053116517
530,24,1213.9905687135574,180.65726867639813,1213.99,180.66,-0.0005687135574135027,0.002731323601864233,0.002789903892338682
530,25,1343.864382396986,230.61613308714016,1343.86,230.62,-0.0043823969861023215,0.003866912859848526,0.005844520374629608
530,26,1467.595944126818,282.36325006230345,1467.6,282.36,0.004055873181869174,-0.003250062303436607,0.005197404375611469
530,27,1731.9083338952532,396.83831122754793,1731.91,396.84,0.001666104746846031,0.0016887724520415759,0.002372310566143774
530,31,509.5153672598321,406.3305125696927,509.52,406.33,0.00463274016789228,-0.0005125696927166246,0.004661009456447627
531,13,228.7747430362588,226.85358632886798,228.77,226.85,-0.00474303625878747,-0.003586328867982047,0.005946271748036246
531,14,233.67360527324132,358.2689364669277,233.67,358.27,-0.0036052732413338617,0.0010635330722834624,0.0037588692103501914
531,15,233.10932636704354,525.1709644562779,233.11,525.17,0.0006736329564773769,-0.0009644562779840271,0.0011764171335862353
531,16,264.73463845736165,932.8309242744506,264.73,932.83,-0.004638457361636483,-0.0009242744505399969,0.004729647973754569
531,17,1034.314362625572,246.08811417391755,1034.31,246.09,-0.004362625571957324,0.0018858260824572426,0.004752772022133188
531,18,1144.3696401648378,311.0339191154584,1144.37,311.03,0.0003598351620439644,-0.003919115458415945,0.003935599994948424
531,19,1317.2388401156784,414.51516656622306,1317.24,414.52,0.0011598843216233945,0.004833433776923357,0.004970655260169564
531,20,1524.62707906808,540.4852691208275,1524.63,540.49,0.002920931920016301,0.004730879172484492,0.005559951530905433
531,21,1343.8699847226285,348.87023138350514,1343.87,348.87,1.5277371403499274e-05,-0.00023138350513818295,0.0002318873099741165
531,22,1356.4726051837397,288.39472882385274,1356.47,288.39,-0.002605183739660788,-0.004728823852758524,0.0053989589133286555
531,23,1609.7168948812803,409.5335706325611,1609.72,409.53,0.003105118719759048,-0.003570632561149978,0.004731931862415446
531,24,1213.242926535168,180.49295150729859,1213.24,180.49,-0.0029265351679441665,-0.0029515072985759616,0.0041564411968366835
531,25,1343.1482867977395,230.46209981535512,1343.15,230.46,0.0017132022605892416,-0.002099815355109058,0.002710034411449395
531,26,1466.6969580951136,282.0224375467276,1466.7,282.02,0.003041904886458724,-0.002437546727605877,0.003898053281770733
531,27,1730.43125042144,395.878733420661,1730.43,395.88,-0.001250421439863203,0.001266579339016971,0.0017798249911983575
531,31,507.38652544487405,406.4978844272695,507.39,406.5,0.0034745551259334206,0.0021155727304744687,0.004067945587280809
532,13,227.3310572771941,226.89018974665098,227.33,226.89,-0.001057277194092876,-0.00018974665098880905,0.0010741689144219237
532,14,232.005203954931,358.7017023501958,232.01,358.7,0.004796045068985677,-0.0017023501957851295,0.005089208631293425
532,15,232.08199477528265,525.6282233422085,232.08,525.63,-0.0019947752826396936,0.0017766577915381276,0.0026712621242520186
532,16,263.30097884302126,933.8731932058379,263.3,933.87,-0.000978843021243847,-0.0031932058378743022,0.003339864845060696
532,17,1032.985771969179,246.31608563043815,1032.99,246.32,0.004228030820968343,0.003914369561840658,0.005761816874018374
532,18,1143.0272301236284,311.02543933659376,1143.03,311.03,0.0027698763715306995,0.004560663406209642,0.005335903467858448
532,19,1316.1791300867587,414.1363749246673,1316.18,414.14,0.0008699132413312327,0.0036250753327067287,0.0037279914451675195
532,20,1523.47030930106,539.3639518406206,1523.47,539.36,-0.00030930106004234403,-0.0039518406206298096,0.003963926265283338
532,21,1343.1524885419713,348.65267353762886,1343.15,348.65,-0.0024885419711608847,-0.002673537628879785,0.0036524847152678746
532,22,1355.6044538878048,288.04604661788954,1355.6,288.05,-0.004453887804857004,0.003953382110466919,0.005955362851213502
532,23,1608.5376711609601,408.65017797442084,1608.54,408.65,0.002328839039819286,-0.00017797442086475712,0.0023356297154875725
532,24,1212.682194901376,180.36971363047394,1212.68,180.37,-0.0021949013760149683,0.00028636952606575505,0.0022135039091656303
532,25,1342.6112150983047,230.34657486151633,1342.61,230.35,-0.0012150983047831687,0.003425138483663659,0.0036342863842246556
532,26,1466.0227185713352,281.7668281600457,1466.02,281.77,-0.002718571335208253,0.0031718399542910447,0.00417746320154385
532,27,1729.32343781608,394.90905006549576,1729.32,394.91,-0.003437816080122502,0.0009499345042627283,0.0035666447766966817
532,31,505.53989408365555,406.62341332045213,505.54,406.62,0.00010591634446655007,-0.00341332045212539,0.003414963364506658
533,13,225.7482929578956,226.66764230998822,225.75,226.67,0.0017070421044138584,0.002357690011763225,0.0029107894011435745
533,14,230.25390296619827,359.02627676264683,230.25,359.03,-0.003902966198268132,0.0037232373531423946,0.00539403759095711
533,15,230.811496081462,525.9711675066563,230.81,525.97,-0.001496081461993981,-0.0011675066563157088,0.0018977174535382063
533,16,261.4757341322659,935.1548949043784,261.48,935.15,0.004265867734090989,-0.004894904378375031,0.006492897380845753
533,17,1031.7393289768843,246.23706422282862,1031.74,246.24,0.0006710231157285307,0.002935777171387599,0.003011487941513729
533,18,1141.7704225927214,311.0190795024453,1141.77,311.02,-0.000422592721406545,0.0009204975546595051,0.001012867393255365
533,19,1315.134347565069,413.85228119350046,1315.13,413.85,-0.004347565068883341,-0.0022811935004369843,0.004909701194025004
533,20,1522.602731975795,538.5229638804655,1522.6,538.52,-0.0027319757950863277,-0.002963880465472357,0.004030915424385162
533,21,1342.6143664064784,348.48950515322167,1342.61,348.49,-0.00436640647853892,0.0004948467783378874,0.0043943576174292
533,22,1354.7033404158535,287.7845349634172,1354.7,287.78,-0.003340415853472223,-0.004534963417199833,0.005632430316432627
533,23,1607.90325337072,407.98763348081565,1607.9,407.99,-0.0032533707199036144,0.0023665191843633693,0.004023037918176515
533,24,1212.0116461760322,180.27728522285545,1212.01,180.28,-0.0016461760321817565,0.0027147771445470426,0.003174887474145291
533,25,1341.9584113237286,230.25993114613726,1341.96,230.26,0.0015886762714671931,6.885386272870164e-05,0.0015901676483740844
533,26,1465.5170389285013,281.5751211200343,1465.52,281.58,0.0029610714987029496,0.004878879965701799,0.005707137122950291
533,27,1728.7425783620602,394.43178754912185,1728.74,394.43,-0.00257836206014872,-0.0017875491218433126,0.0031374006400549403
533,31,503.90492056274167,406.7175599903391,503.9,406.72,-0.0049205627416881725,0.0024400096609156208,0.005492320533276566
534,13,224.56121971842168,226.25073173249118,224.56,226.25,-0.001219718421680227,-0.0007317324911753076,0.0014223731812811032
534,14,229.19042722464872,358.5197075719851,229.19,358.52,-0.0004272246487175835,0.00029242801485906966,0.000517721010145695
534,15,229.1086220610965,525.9783756299922,229.11,525.98,0.0013779389035164513,0.0016243700077893664,0.002130092379224372
534,16,259.85680059919946,935.3661711782838,259.86,935.37,0.003199400800554031,0.0038288217161834837,0.004989593291732705
534,17,1031.8044967326632,245.92779816712147,1031.8,245.93,-0.004496732663255898,0.0022018328785406993,0.00500686255751197
534,18,1142.0778169445412,310.764309626834,1142.08,310.76,0.0021830554587722872,-0.0043096268340150345,0.0048310055459022125
534,19,1315.6007606738017,414.13921089512536,1315.6,414.14,-0.0007606738017784664,0.0007891048746273555,0.0010960434005424968
534,20,1523.7020489818462,539.6422229103491,1523.7,539.64,-0.002048981846201059,-0.0022229103491326896,0.0030231865682327176
534,21,1342.9607748048588,348.61712886491625,1342.96,348.62,-0.0007748048587927769,0.002871135083751142,0.0029738425039594093
534,22,1355.52750531189,287.8384012225629,1355.53,287.84,0.0024946881098912854,0.0015987774370955776,0.0029630319031355126
534,23,1609.17744002804,408.7407251106117,1609.18,408.74,0.002559971959954055,-0.0007251106117109885,0.002660684467381822
534,24,1212.2587346320242,179.9579639171416,1212.26,179.96,0.001265367975747722,0.002036082858410282,0.0023972462369060196
534,25,1342.4688084927964,229.94494835960296,1342.47,229.94,0.0011915072036572383,-0.004948359602963137,0.0050897890110106325
534,26,1466.387779196376,281.6813408400257,1466.39,281.68,0.002220803624140899,-0.0013408400257048925,0.002594189798671186
534,27,1730.3069337715451,395.07384066184136,1730.31,395.07,0.003066228454827069,-0.003840661841366,0.004914513232957672
534,31,503.17869042205626,406.5381699927543,503.18,406.54,0.001309577943743534,0.0018300072457009264,0.0022503157356374313
535,13,223.67091478881628,225.93804879936837,223.67,225.94,-0.000914788816288592,0.001951200631623351,0.0021549994160681455
535,14,228.39282041848654,358.1397806789888,228.39,358.14,-0.0028204184865501247,0.00021932101117272396,0.002828933040072798
535,15,227.83146654582237,525.9837817224942,227.83,525.98,-0.0014665458223532823,-0.0037817224941818495,0.0040561289022987
535,16,258.6426004493996,935.7746283837129,258.64,935.77,-0.002600449399608351,-0.004628383712883988,0.0053088862178062544
535,17,1031.8533725494974,245.4458486253411,1031.85,245.45,-0.003372549497498767,0.004151374658874829,0.005348644844390706
535,18,1142.3083627084059,310.57323222012553,1142.31,310.57,0.0016372915940792154,-0.0032322201255396976,0.0036232541594520135
535,19,1316.2005705053512,414.604408171344,1316.2,414.6,-0.0005705053511064762,-0.004408171343982303,0.00444493542737663
535,20,1524.5265367363847,540.7316671827618,1524.53,540.73,0.0034632636152309715,-0.0016671827618210955,0.0038436562320134865
535,21,1343.4705811036442,348.7128466486872,1343.47,348.71,-0.0005811036442082695,-0.0028466486872389396,0.0029053554333112685
535,22,1356.1456289839175,287.87880091692216,1356.15,287.88,0.004371016082586721,0.001199083077835894,0.004532502820935047
535,23,1610.13308002103,409.3055438329588,1610.13,409.31,-0.003080021029973068,0.004456167041212211,0.005417006022173351
535,24,1212.4440509740182,179.4684729378562,1212.44,179.47,-0.0040509740181278175,0.0015270621437935006,0.004329238880744956
535,25,1342.8516063695972,229.70871126970223,1342.85,229.71,-0.001606369597311641,0.0012887302977730997,0.0020594293053089988
535,26,1467.040834397282,281.76100563001927,1467.04,281.76,-0.0008343972820057388,-0.0010056300192786694,0.0013067174751617051
535,27,1731.4802003286588,395.805380496381,1731.48,395.81,-0.00020032865882058104,0.00461950361898289,0.004623845289079304
535,31,502.6340178165422,406.65362749456574,502.63,406.65,-0.004017816542216224,-0.0036274945657623903,0.005413092146965726
536,13,222.5031860916122,225.70353659952627,222.5,225.7,-0.003186091612207065,-0.0035365995262850447,0.004760117222369195
536,14,227.2946153138649,358.10483550924164,227.29,358.1,-0.004615313864917425,-0.0048355092416159096,0.00668455471197984
536,15,226.37359990936676,525.9878362918706,226.37,525.99,-0.0035999093667555826,0.002163708129387487,0.004200116702906252
536,16,256.9819503370497,935.8309712877847,256.98,935.83,-0.0019503370496636308,-0.0009712877846368428,0.002178810356106144
536,17,1031.640029412123,245.08438646900584,1031.64,245.08,-2.941212301266205e-05,-0.004386469005822846,0.0043865676117010415
536,18,1142.4812720313043,310.4299241650941,1142.48,310.43,-0.0012720313043246279,7.583490588558561e-05,0.0012742898305065805
536,19,1316.4004278790135,414.953306128508,1316.4,414.95,-0.00042787901338670054,-0.00330612850802936,0.0033337015705820487
536,20,1524.8949025522886,541.2987503870713,1524.89,541.3,-0.004902552288513107,0.0012496129286319047,0.005059303451366512
536,21,1343.6029358277333,348.7846349865154,1343.6,348.78,-0.002935827733381302,-0.004634986515441142,0.005486545769280706
536,22,1356.6092217379382,287.90910068769165,1356.61,287.91,0.0007782620616580971,0.0008993123083769206,0.0011893083976053213
536,23,1610.8498100157726,409.7291578747191,1610.85,409.73,0.00018998422729055164,0.0008421252809398538,0.0008632896358796484
536,24,1212.5830382305137,179.35135470339216,1212.58,179.35,-0.0030382305137663934,-0.0013547033921668117,0.0033265696949755117
536,25,1343.138704777198,229.53153345227668,1343.14,229.53,0.0012952228021276824,-0.001533452276675007,0.0020072563344005786
536,26,1467.5306257979614,281.82075422251444,1467.53,281.82,-0.0006257979614474607,-0.0007542225144447912,0.0009800381063240452
536,27,1732.3601502464942,396.35403537228575,1732.36,396.35,-0.00015024649428596604,-0.00403537228572759,0.004038168333968204
536,31,501.9755133624067,406.74022062092433,501.98,406.74,0.004486637593345222,-0.00022062092432406644,0.0044920586022744865
537,13,221.37738956870916,225.5276524496447,221.38,225.53,0.0026104312908330485,0.00234755035529588,0.0035107469568184642
537,14,226.22096148539867,358.07862663193123,226.22,358.08,-0.0009614853986761318,0.0013733680687550986,0.0016764826346083962
537,15,225.03019993202508,525.9908772189029,225.03,525.99,-0.00019993202508317154,-0.0008772189029286892,0.0008997142981576269
537,16,255.73646275278725,936.3732284658386,255.74,936.37,0.0035372472127619403,-0.0032284658385606235,0.004789061444056138
537,17,1031.2300220590923,245.06328985175438,1031.23,245.06,-2.2059092316339957e-05,-0.00328985175437424,0.0032899257087832677
537,18,1142.3609540234784,310.57244312382056,1142.36,310.57,-0.0009540234784708446,-0.002443123820569326,0.002622787601028126
537,19,1316.30032090926,415.214979596381,1316.3,415.21,-0.00032090926015371224,-0.004979596381019746,0.004989926138843876
537,20,1525.1711769142164,541.9740627903035,1525.17,541.97,-0.0011769142163302604,-0.004062790303464681,0.0042298217601368145
537,21,1343.7022018707999,348.8384762398866,1343.7,348.84,-0.002201870799808603,0.0015237601134003853,0.0026777004877767286
537,22,1356.7069163034537,287.93182551576876,1356.71,287.93,0.003083696546354986,-0.0018255157687576684,0.0035835306908110287
537,23,1611.1373575118296,410.0468684060393,1611.14,410.05,0.0026424881705224834,0.003131593960688406,0.0040975144253524425
537,24,1212.4372786728852,179.2635160275441,1212.44,179.26,0.0027213271148411877,-0.003516027544122835,0.004446129885304783
537,25,1343.1040285828985,229.3986500892075,1343.1,229.4,-0.004028582898627064,0.0013499107924985765,0.004248733848903056
537,26,1467.6479693484712,281.8655656668858,1467.65,281.87,0.0020306515289121307,0.004434333114204492,0.004877177031808839
537,27,1732.7701126848706,396.7655265292143,1732.77,396.77,-0.00011268487060078769,0.004473470785683276,0.0044748898031598565
537,31,501.231635021805,406.8051654656932,501.23,406.81,-0.0016350218049865362,0.004834534306780824,0.005103529980927141
538,13,220.28304217653186,225.39573933723352,205.8,221.3,-14.483042176531853,-4.0957393372335105,15.051032901623813
538,14,225.165721114049,358.0589699739484,224.1,363.2,-1.065721114049012,5.141030026051567,5.250328677491881
538,15,223.7726499490188,525.9931579141772,245.5,536.3,21.727350050981187,10.306842085822723,24.048050524313997
538,16,254.55234706459044,936.7799213493789,293.9,956.5,39.34765293540954,19.720078650621076,44.01271740658743
538,17,1030.6725165443193,244.7974673888158,1029.9,244.8,-0.77251654431916,0.002532611184221878,0.7725206957526944
538,18,1142.0207155176088,310.67933234286545,1134.0,313.6,-8.020715517608778,2.9206676571345724,8.53593445252728
538,19,1316.225240681945,415.41123469728575,1282.6,416.9,-33.625240681945115,1.4887653027142278,33.65818225996916
538,20,1525.1283826856622,542.4805470927276,1468.3,544.6,-56.82838268566229,2.1194529072723753,56.867892165036565
538,21,1343.5266514031,348.8788571799149,1343.53,348.88,0.00334859689996847,0.0011428200850787107,0.00353823952628108
538,22,1356.5301872275902,287.9488691368266,1360.9,281.4,4.369812772409887,-6.5488691368266245,7.872925163952524
538,23,1611.1030181338722,410.2851513045295,1603.7,404.0,-7.403018133872138,-6.285151304529506,9.711220541789206
538,24,1212.0779590046639,179.19763702065808,1236.9,163.9,24.822040995336238,-15.297637020658073,29.15735614883423
538,25,1342.828021437174,229.29898756690562,1356.0,214.7,13.171978562826098,-14.598987566905635,19.662946301056095
538,26,1467.7359770113535,281.8991742501644,1475.0,268.8,7.264022988646502,-13.099174250164367,14.978464407800757
538,27,1733.077584513653,397.07414489691075,1738.2,385.4,5.1224154863471085,-11.674144896910775,12.748521462853509
538,31,500.67372626635375,406.8538740992699,522.4,422.4,21.726273733646224,15.54612590073009,26.715407555765957
539,13,218.9622816323989,225.29680450292514,218.96,225.3,-0.002281632398904776,0.0031954970748699907,0.0039264548844007655
539,14,223.87429083553675,358.0442274804613,223.87,358.04,-0.004290835536750137,-0.00422748046128163,0.006023525600008336
539,15,222.3294874617641,526.244868435633,222.33,526.24,0.0005125382359096875,-0.004868435632943147,0.004895340739456238
539,16,253.41426029844283,937.5849410120342,253.41,937.58,-0.004260298442829935,-0.00494101203412356,0.006524089418710706
539,17,1030.2543874082394,244.84810054161184,1030.25,244.85,-0.00438740823938133,0.0018994583881521976,0.00478093016340052
539,18,1141.7655366382066,310.75949925714906,1141.77,310.76,0.004463361793341392,0.0005007428509316014,0.004491363033759216
539,19,1316.1689305114587,415.55842602296434,1316.17,415.56,0.001069488541361352,0.0015739770356617555,0.0019029475686139646
539,20,1525.3462870142466,542.8604103195457,1525.35,542.86,0.003712985753281828,-0.00041031954572190443,0.0037355890209811965
539,21,1343.394988552325,348.90914288493616,1343.39,348.91,-0.004988552324903139,0.0008571150638658764,0.005061649981083473
539,22,1356.6476404206926,287.96165185262,1356.65,287.96,0.0023595793074946414,-0.001651852620000227,0.0028803179662249974
539,23,1611.3272636004042,410.7138634783971,1611.33,410.71,0.002736399595733019,-0.0038634783971360775,0.004734379375658967
539,24,1211.8084692534978,179.14822776549357,1211.81,179.15,0.001530746502112379,0.0017722345064328238,0.00234179418385145
539,25,1342.8710160778805,229.2242406751792,1342.87,229.22,-0.0010160778806493909,-0.004240675179204345,0.004360704098544725
539,26,1467.8019827585151,281.9243806876233,1467.8,281.92,-0.0019827585151688254,-0.0043806876232679315,0.004808508644281231
539,27,1733.5581883852396,397.3056086726831,1733.56,397.31,0.0018116147602995625,0.00439132731690961,0.004750337213711443
539,31,500.00529469976533,406.8904055744524,500.01,406.89,0.004705300234661536,-0.0004055744524293914,0.004722747180907454
540,13,217.97171122429918,225.22260337719385,217.97,225.22,-0.0017112242991856874,-0.002603377193850065,0.003115423151930117
540,14,222.90571812665257,358.03317061034596,222.91,358.03,0.0042818733474234705,-0.003170610345989644,0.005327964839361466
540,15,221.24711559632308,526.1836513267247,221.25,526.18,0.002884403676915781,-0.00365132672470736,0.004653167891014406
540,16,252.3106952238321,938.1887057590257,252.31,938.19,-0.0006952238321105142,0.0012942409744027827,0.0014691480104324045
540,17,1029.9407905561795,244.63607540620887,1029.94,244.64,-0.0007905561794814275,0.0039245937911118745,0.004003425470537718
540,18,1141.574152478655,310.5696244428618,1141.57,310.57,-0.004152478654987135,0.00037555713817027936,0.004169427076248536
540,19,1316.126697883594,415.66881951722326,1316.13,415.67,0.0033021164060755837,0.0011804827767605275,0.003506780909253068
540,20,1525.509715260685,543.1453077396593,1525.51,543.15,0.000284739315020488,0.0046922603406756025,0.004700891785841858
540,21,1343.2962414142437,348.93185716370215,1343.3,348.93,0.003758585756258981,-0.0018571637021409515,0.004192376879969498
540,22,1356.4857303155195,287.971238889465,1356.49,287.97,0.0042696844805050205,-0.0012388894649575377,0.004445790443717315
540,23,1611.4954477003032,411.03539760879784,1611.5,411.04,0.0045522996967974905,0.004602391202183753,0.006473440917116718
540,24,1211.3563519401234,179.11117082412017,1211.36,179.11,0.0036480598764683236,-0.0011708241201517922,0.0038313404942170435
540,25,1342.6532620584103,229.1681805063844,1342.65,229.17,-0.0032620584102005523,0.0018194936155850883,0.003735181667431325
540,26,1467.6014870688864,281.94328551571743,1467.6,281.94,-0.0014870688864903059,-0.0032855157174367378,0.003606381483244855
540,27,1733.6686412889298,397.4792065045123,1733.67,397.48,0.0013587110702246719,0.0007934954876986922,0.0015734455380944264
540,31,499.253971024824,406.9178041808393,499.25,406.92,-0.003971024824011238,0.0021958191607041044,0.004537693239899405
541,13,217.2287834182244,225.16695253289538,217.23,225.17,0.0012165817755942498,0.003047467104607904,0.0032813300611757024
541,14,222.17928859498943,358.0248779577595,222.18,358.02,0.000711405010576982,-0.00487795775950417,0.0049295607301848895
541,15,220.43533669724232,526.3877384950435,220.44,526.39,0.004663302757677457,0.002261504956436511,0.005182740325131973
541,16,251.48302141787408,938.8915293192692,251.48,938.89,-0.0030214178740948228,-0.0015293192692524826,0.0033864115811883568
541,17,1029.2055929171347,244.47705655465666,1029.21,244.48,0.0044070828653275385,0.002943445343333906,0.0052996462024419745
541,18,1140.930614358991,310.42721833214637,1140.93,310.43,-0.0006143589910152514,0.0027816678536396466,0.002848703743426732
541,19,1315.8450234126956,415.75161463791744,1315.85,415.75,0.00497658730432704,-0.0016146379174415415,0.00523196681966056
541,20,1525.3822864455137,543.3589808047445,1525.38,543.36,-0.0022864455136186734,0.001019195255480554,0.0025033162116562565
541,21,1342.9721810606827,348.9488928727766,1342.97,348.95,-0.00218106068268753,0.0011071272234062235,0.0024459673731210252
541,22,1355.8642977366396,287.97842916709874,1355.86,287.98,-0.0042977366397281,0.001570832901279573,0.00457581208401348
541,23,1611.1215857752275,411.27654820659836,1611.12,411.28,-0.001585775227567865,0.003451793401609393,0.0037986261674139584
541,24,1210.5172639550926,178.83337811809014,1210.52,178.83,0.0027360449073512427,-0.0033781180901257812,0.00434713969937449
541,25,1342.2399465438077,229.1261353797883,1342.24,229.13,5.345619229046861e-05,0.0038646202116865425,0.0038649899023244978
541,26,1467.2011153016647,281.9574641367881,1467.2,281.96,-0.0011153016646403557,0.0025358632119036884,0.00277028879950016
541,27,1733.2514809666973,397.6094048783842,1733.25,397.61,-0.001480966697272379,0.00059512161578823,0.0015960676978149302
541,31,498.440478268618,406.9383531356295,498.44,406.94,-0.00047826861799649123,0.0016468643705138675,0.0017149061565660993
542,13,215.9215875636683,224.87521439967153,215.92,224.88,-0.0015875636683233552,0.0047856003284607596,0.005042056019595978
542,14,220.88446644624207,357.7686584683196,220.88,357.77,-0.004466446242076927,0.0013415316803957467,0.004663566155086528
542,15,219.07650252293175,526.5408038712826,219.08,526.54,0.003497477068265198,-0.0008038712826419214,0.0035886703501571845
542,16,250.11226606340557,939.6686469894519,250.11,939.67,-0.0022660634055569062,0.001353010548086786,0.0026392576420725335
542,17,1028.404194687851,244.3577924159925,1028.4,244.36,-0.0041946878509406815,0.0022075840075217457,0.004740130094954687
542,18,1140.1979607692433,310.3204137491098,1140.2,310.32,0.0020392307567362877,-0.00041374910978220214,0.0020807812006707524
542,19,1315.3837675595216,415.81371097843805,1315.38,415.81,-0.003767559521520525,-0.0037109784380504607,0.005288276251849501
542,20,1525.2867148341352,543.5192356035584,1525.29,543.52,0.0032851658647814475,0.0007643964415819937,0.003372924054737736
542,21,1342.479135795512,348.96166965458247,1342.48,348.96,0.0008642044879252353,-0.0016696545824856912,0.001880052079535454
542,22,1355.3982233024797,287.73382187532405,1355.4,287.73,0.001776697520426751,-0.003821875324035773,0.00421466310297325
542,23,1611.0911893314205,411.2074111549488,1611.09,411.21,-0.0011893314206190553,0.002588845051207045,0.002848969625536739
542,24,1209.8879479663194,178.6250335885676,1209.89,178.63,0.0020520336806839623,0.004966411432405948,0.005373647247688842
542,25,1341.6799599078558,229.09460153484122,1341.68,229.09,4.0092144217851455e-05,-0.004601534841214061,0.004601709494843726
542,26,1466.9008364762485,281.71809810259106,1466.9,281.72,-0.0008364762484234234,0.0019018974089703988,0.0020777165996412605
542,27,1733.188610725023,397.70705365878814,1733.19,397.71,0.0013892749771002855,0.0029463412118388987,0.003257454757717643
542,31,497.3303587014635,406.9537648517221,497.33,406.95,-0.000358701463540001,-0.003764851722110052,0.0037819010073534133
543,13,214.44119067275125,224.65641079975364,214.44,224.66,-0.0011906727512496218,0.003589200246352675,0.003781542014705965
543,14,219.41334983468155,357.57649385123966,219.41,357.58,-0.003349834681557695,0.003506148760322958,0.0048491722513518696
543,15,217.30737689219882,526.655602903462,217.31,526.66,0.0026231078011846876,0.0043970965380140115,0.005120073485922909
543,16,248.3341995475542,940.5014852420888,248.33,940.5,-0.004199547554179617,-0.0014852420888473716,0.0044544521236959895
543,17,1027.5531460158882,244.01834431199438,1027.55,244.02,-0.003146015888205511,0.0016556880056270984,0.0035550975712093963
543,18,1139.3984705769326,310.24031031183233,1139.4,310.24,0.0015294230674953724,-0.00031031183232244075,0.00156058590044453
543,19,1315.0378256696413,415.61028323382857,1315.04,415.61,0.0021743303586845286,-0.0002832338285543301,0.0021927001414545344
543,20,1525.2150361256013,543.6394267026687,1525.22,543.64,0.004963874398754342,0.0005732973312433387,0.004996870908540616
543,21,1342.1093518466341,348.72125224093685,1342.11,348.72,0.0006481533657733962,-0.0012522409368216358,0.0014100390595353414
543,22,1355.0486674768597,287.550366406493,1355.05,287.55,0.0013325231402632198,-0.0003664064930148925,0.0013819810553912905
543,23,1611.3183919985654,411.1555583662116,1611.32,411.16,0.0016080014345334348,0.004441633788417221,0.004723746322980426
543,24,1209.1659609747396,178.2187751914257,1209.17,178.22,0.004039025260453855,0.001224808574306735,0.004220649369265306
543,25,1341.2599699308919,228.8209511511309,1341.26,228.82,3.0069108106545173e-05,-0.000951151130919925,0.0009516263053912367
543,26,1466.6756273571864,281.5385735769433,1466.68,281.54,0.004372642813677885,0.0014264230567277991,0.00459942256297174
543,27,1733.3914580437672,397.53029024409113,1733.39,397.53,-0.0014580437671156687,-0.00029024409116118477,0.0014866516940019385
543,31,495.99776902609767,406.7153236387916,496.0,406.72,0.0022309739023285147,0.004676361208453272,0.005181273849623997
544,13,213.33089300456345,224.24230809981523,213.33,224.24,-0.0008930045634372163,-0.0023080998152238408,0.0024748296723928337
544,14,218.31001237601117,357.4323703884297,218.31,357.43,-1.2376011170545098e-05,-0.0023703884297106015,0.0023704207376241005
544,15,216.2305326691491,526.7417021775965,216.23,526.74,-0.0005326691491234214,-0.001702177596484944,0.001783576461047614
544,16,247.25064966066566,941.6261139315666,247.25,941.63,-0.0006496606656583026,0.0038860684334167672,0.003939998331180083
544,17,1026.6648595119161,243.7637582339958,1026.66,243.76,-0.004859511916038173,-0.003758233995796445,0.006143222186220934
544,18,1138.5488529326994,309.9302327338743,1138.55,309.93,0.0011470673005078424,-0.00023273387427025227,0.0011704394252276325
544,19,1314.528369252231,415.4577124253714,1314.53,415.46,0.0016307477690133965,0.002287574628553557,0.00280933016346319
544,20,1525.161277094201,543.9795700270015,1525.16,543.98,-0.0012770942009865394,0.00042997299851776916,0.0013475334421259493
544,21,1341.5820138849756,348.54093918070265,1341.58,348.54,-0.002013884975667679,-0.0009391807026304377,0.002222114553170788
544,22,1354.5365006076447,287.41277480486974,1354.54,287.41,0.0034993923552519846,-0.002774804869716263,0.004466014881412412
544,23,1610.988793998924,411.1166687746587,1610.99,411.12,0.0012060010760706064,0.0033312253412987047,0.0035428097422800075
544,24,1208.3744707310548,177.91408139356926,1208.37,177.91,-0.0044707310548801615,-0.004081393569265401,0.006053528692614817
544,25,1340.6949774481689,228.6157133633482,1340.69,228.62,-0.004977448168801857,0.004286636651812614,0.0065688845367971125
544,26,1466.2567205178898,281.4039301827075,1466.26,281.4,0.0032794821102015703,-0.003930182707506447,0.005118724355297406
544,27,1733.2935935328255,397.3977176830683,1733.29,397.4,-0.0035935328255618515,0.0022823169316552594,0.00425704695122227
544,31,494.9983267695733,406.78649272909365,495.0,406.79,0.0016732304267179643,0.003507270906368376,0.0038859553872314114
545,13,211.4981697534226,223.93173107486143,211.5,223.93,0.0018302465774127086,-0.001731074861424986,0.002519210731556308
545,14,216.48250928200838,357.3242777913223,216.48,357.32,-0.002509282008389846,-0.004277791322294888,0.004959434926957952
545,15,214.42289950186182,526.8062766331974,214.42,526.81,-0.002899501861833187,0.0037233668025464794,0.004719170625552684
545,16,245.18798724549924,942.4695854486749,245.19,942.47,0.0020127545007539993,0.00041455132509327086,0.0020550020636101725
545,17,1025.7486446339371,243.57281867549685,1025.75,243.57,0.001355366062853136,-0.002818675496854439,0.0031276107048195164
545,18,1137.9116396995246,309.69767455040574,1137.91,309.7,-0.0016396995245031576,0.0023254495942524045,0.0028454051286353854
545,19,1314.1462769391733,415.34328431902856,1314.15,415.34,0.003723060826814617,-0.003284319028580285,0.00496466850873813
545,20,1525.1209578206508,544.2346775202511,1525.12,544.23,-0.0009578206509104348,-0.004677520251107126,0.004774580201319039
545,21,1341.1865104137316,348.405704385527,1341.19,348.41,0.0034895862684152235,0.004295614473051046,0.00553439391675346
545,22,1354.1523754557336,287.3095811036523,1354.15,287.31,-0.0023754557334996207,0.0004188963476963181,0.002412107811008773
545,23,1611.241595499193,411.08750158099406,1611.24,411.09,-0.0015954991929447715,0.002498419005917185,0.002964408069719085
545,24,1207.7808530482912,177.43556104517694,1207.78,177.44,-0.0008530482912192383,0.004438954823058339,0.004520178238554864
545,25,1340.5212330861266,228.46178502251115,1340.52,228.46,-0.0012330861266036663,-0.0017850225111430973,0.002169517633233259
545,26,1466.1925403884175,281.3029476370306,1466.19,281.3,-0.002540388417401118,-0.002947637030615624,0.0038912899372216215
545,27,1733.720195149619,397.29828826230124,1733.72,397.3,-0.0001951496190031321,0.0017117376987698663,0.0017228259700814313
545,31,493.49874507717993,406.58986954682024,493.5,406.59,0.001254922820066895,0.00013045317973592319,0.0012616851098542225
546,13,209.62362731506693,223.69879830614607,209.62,223.7,-0.0036273150669217102,0.001201693853914776,0.0038211886518796476
546,14,214.6118819615063,357.2432083434917,214.61,357.24,-0.001881961506285279,-0.0032083434916785336,0.003719576195178096
546,15,212.31717462639637,526.8547074748981,212.32,526.85,0.0028253736036276678,-0.0047074748980548975,0.005490269202497539
546,16,242.89099043412443,943.1021890865062,242.89,943.1,-0.0009904341244464376,-0.002189086506177773,0.002402719185921982
546,17,1025.0614834754529,243.42961400662264,1025.06,243.43,-0.0014834754529147176,0.0003859933773640023,0.0015328699575532804
546,18,1137.4337297746433,309.5232559128043,1137.43,309.52,-0.0037297746432614076,-0.00325591280432036,0.004950978396120612
546,19,1314.10970770438,415.25746323927143,1314.11,415.26,0.0002922956198290194,0.002536760728560239,0.0025535449327036925
546,20,1525.340718365488,544.4260081401883,1525.34,544.43,-0.0007183654881828261,0.0039918598116628345,0.004055982461818713
546,21,1341.3898828102988,348.30427828914526,1341.39,348.3,0.00011718970131369133,-0.004278289145247527,0.004279893858080689
546,22,1354.3642815918001,287.2321858277392,1354.36,287.23,-0.004281591800236129,-0.002185827739197066,0.004807272745465209
546,23,1611.9311966243947,411.06562618574554,1611.93,411.07,-0.0011966243946517352,0.004373814254449826,0.004534551915493318
546,24,1207.5856397862185,177.07667078388272,1207.59,177.08,0.0043602137814104935,0.003329216117293754,0.005485904134712025
546,25,1340.6409248145949,228.09633876688338,1340.64,228.1,-0.0009248145947822195,0.0036612331166168133,0.0037762295969569785
546,26,1466.644405291313,281.22721072777296,1466.64,281.23,-0.004405291312878035,0.002789272227062156,0.0052140800826204195
546,27,1734.7901463622143,397.22371619672595,1734.79,397.22,-0.0001463622143091925,-0.003716196725918053,0.0037190778431624074
546,31,492.1240588078849,406.4424021601152,492.12,406.44,-0.00405880788491686,-0.002402160115195784,0.004716385763028793
547,13,208.2177204863002,223.52409872960956,208.22,223.52,0.002279513699789959,-0.004098729609552265,0.0046899645115662195
547,14,212.95891147112974,356.93240625761877,212.96,356.93,0.0010885288702695561,-0.0024062576187589,0.002641017006618013
547,15,210.4878809697973,526.6410306061736,210.49,526.64,0.002119030202720751,-0.0010306061735718686,0.0023563611957947354
547,16,240.91824282559332,943.5766418148796,240.92,943.58,0.001757174406662898,0.003358185120418966,0.0037901278604335308
547,17,1024.5461126065898,243.072210504967,1024.55,243.07,0.0038873934101957275,-0.002210504966996041,0.004471930202356398
547,18,1137.0752973309825,309.3924419346032,1137.08,309.39,0.004702669017433436,-0.0024419346032118483,0.005298881060553423
547,19,1314.0822807782852,415.1930974294536,1314.08,415.19,-0.0022807782852396485,-0.003097429453589484,0.003846559346530918
547,20,1525.505538774116,544.5695061051413,1525.51,544.57,0.004461225883915176,0.0004938948587778214,0.004488481761001364
547,21,1341.292412107724,348.22820871685894,1341.29,348.23,-0.0024121077240124578,0.0017912831410740182,0.003004489800904067
547,22,1354.52321119385,286.9241393708044,1354.52,286.92,-0.003211193850120253,-0.004139370804409737,0.005238907958673243
547,23,1612.448397468296,411.0492196393092,1612.45,411.05,0.0016025317040657683,0.0007803606908396432,0.0017824339175250396
547,24,1207.4392298396638,176.80750308791204,1207.44,176.81,0.0007701603362875176,0.00249691208796321,0.0026129900341576697
547,25,1340.7306936109462,227.82225407516253,1340.73,227.82,-0.0006936109462003515,-0.002254075162539948,0.002358378888785354
547,26,1466.9833039684847,280.92040804582973,1466.98,280.92,-0.0033039684847153694,-0.00040804582971532,0.0033290703127360406
547,27,1735.5926097716606,397.16778714754446,1735.59,397.17,-0.002609771660672777,0.002212852455556913,0.0034216405584039664
547,31,490.8430441059137,406.33180162008637,490.84,406.33,-0.0030441059137160664,-0.001801620086382627,0.003537289322288816
548,13,206.66329036472516,223.39307404720716,206.66,223.39,-0.0032903647251600887,-0.0030740472071784097,0.0045029175271749326
548,14,211.2191836033473,356.69930469321406,211.22,356.7,0.0008163966527092725,0.0006953067859285511,0.0010723595577571902
548,15,208.86591072734797,526.7307729546302,208.87,526.73,0.004089272652038289,-0.0007729546301789014,0.004161683515480636
548,16,239.188682119195,943.9324813611597,239.19,943.93,0.001317880805004279,-0.002481361159766493,0.0028096197289662604
548,17,1023.9095844549423,242.80415787872525,1023.91,242.8,0.00041554505764906935,-0.0041578787252376515,0.0041785922496362865
548,18,1136.5564729982368,309.2943314509524,1136.56,309.29,0.0035270017631319206,-0.0043314509524066125,0.005585804220543343
548,19,1313.8117105837139,415.14482307209016,1313.81,415.14,-0.0017105837139297364,-0.0048230720901756285,0.005117433050797319
548,20,1525.629154080587,544.677129578856,1525.63,544.68,0.0008459194129954994,0.0028704211439389837,0.002992473424586196
548,21,1341.219309080793,348.1711565376442,1341.22,348.17,0.0006909192070452264,-0.0011565376441922126,0.0013472003091959553
548,22,1354.3924083953875,286.69310452810333,1354.39,286.69,-0.0024083953874196595,-0.003104528103335724,0.003929180968922862
548,23,1612.836298101222,411.03691472948185,1612.84,411.04,0.003701898777990209,0.0030852705181700912,0.004819019478356043
548,24,1207.329422379748,176.60562731593404,1207.33,176.61,0.0005776202519882645,0.004372684065970134,0.004410670141406642
548,25,1340.7980202082097,227.6166905563719,1340.8,227.62,0.0019797917902906192,0.003309443628097597,0.003856422261689962
548,26,1466.9874779763636,280.69030603437227,1466.99,280.69,0.002522023636402082,-0.00030603437227227914,0.0025405236191743757
548,27,1736.1944573287456,397.12584036065834,1736.19,397.13,-0.004457328745502309,0.0041596393416512,0.0060967515119195745
548,31,489.6322830794353,406.24885121506475,489.63,406.25,-0.0022830794353012607,0.0011487849352533885,0.002555808783019703
549,13,204.74746777354386,223.29480553540537,204.75,223.29,0.002532226456139597,-0.0048055354053815336,0.005431881935162873
549,14,209.41438770251045,356.77447851991053,209.41,356.77,-0.004387702510456393,-0.004478519910549039,0.006269694881686788
549,15,206.899433045511,526.7980797159727,206.9,526.8,0.0005669544890167799,0.001920284027278285,0.0020022307904026416
549,16,237.14151158939626,944.6993610208698,237.14,944.7,-0.0015115893962729388,0.0006389791302581216,0.0016410962286929468
549,17,1023.1821883412067,242.60311840904393,1023.18,242.6,-0.0021883412067609243,-0.003118409043935344,0.0038096341297433806
549,18,1136.1673547486776,309.2207485882143,1136.17,309.22,0.0026452513225194707,-0.0007485882142646005,0.0027491342044045197
549,19,1313.6087829377855,415.1086173040676,1313.61,415.11,0.0012170622144367371,0.0013826959324205745,0.0018420337877851363
549,20,1525.9718655604404,544.7578471841421,1525.97,544.76,-0.0018655604403647885,0.002152815857925816,0.0028486719493109294
549,21,1341.1644818105947,348.12836740323314,1341.16,348.13,-0.004481810594597846,0.0016325967668535668,0.004769905492668615
549,22,1354.2943062965405,286.5198283960775,1354.29,286.52,-0.004306296540562471,0.00017160392246751144,0.00430971435265338
549,23,1613.1272235759166,411.0276860471114,1613.13,411.03,0.0027764240835495,0.002313952888584936,0.0036142646087834037
549,24,1206.997066784811,176.45422048695053,1207.0,176.45,0.0029332151889320812,-0.004220486950544,0.005139675227511371
549,25,1340.5985151561572,227.46251791727894,1340.6,227.46,0.0014848438427179644,-0.0025179172789364657,0.0029231265215218217
549,26,1466.9906084822728,280.5177295257792,1466.99,280.52,-0.0006084822728098516,0.002270474220779306,0.0023505964910097267
549,27,1736.8958429965592,397.09438027049373,1736.9,397.09,0.00415700344092329,-0.004380270493754779,0.0060388282974685415
549,31,488.2242123095765,406.18663841129853,488.22,406.19,-0.004212309576473672,0.0033615887014661894,0.005389232836487671
550,13,203.3106008301579,222.97110415155402,203.31,222.97,-0.0006008301579072395,-0.0011041515540171076,0.0012570391930601177
550,14,207.81079077688284,356.58085888993287,207.81,356.58,-0.0007907768828374628,-0.0008588899328856314,0.001167484473233978
550,15,205.17457478413326,526.8485597869795,205.17,526.85,-0.004574784133268395,0.0014402130204871355,0.0047961300451911165
550,16,235.3561336920472,945.7745207656524,235.36,945.77,0.00386630795281917,-0.0045207656523871265,0.005948584644252443
550,17,1022.636641255905,242.45233880678296,1022.64,242.45,0.003358744094953181,-0.0023388067829728243,0.004092820428929487
550,18,1135.8755160615083,309.1655614411607,1135.88,309.17,0.004483938491830486,0.004438558839297002,0.006309239967573004
550,19,1313.456587203339,415.0814629780507,1313.46,415.08,0.0034127966609958094,-0.001462978050710717,0.003713150390997579
550,20,1526.2288991703304,544.8183853881065,1526.23,544.82,0.0011008296696672915,0.0016146118935012055,0.0019541743853237216
550,21,1341.1233613579461,348.09627555242486,1341.12,348.1,-0.0033613579462326015,0.003724447575166323,0.0050169948159095555
550,22,1354.2207297224054,286.3898712970581,1354.22,286.39,-0.0007297224053672835,0.0001287029418790553,0.0007409853143911406
550,23,1613.5954176819373,411.02076453533357,1613.6,411.02,0.004582318062603008,-0.0007645353335874461,0.004645659598287573
550,24,1206.7478000886083,176.09066536521289,1206.75,176.09,0.002199911391699061,-0.0006653652128818521,0.002298330045454876
550,25,1340.698886367118,227.0968884379592,1340.7,227.1,0.0011136328821521602,0.0031115620408002087,0.0033048444032903104
550,26,1467.2429563617047,280.3882971443344,1467.24,280.39,-0.0029563617047188018,0.0017028556655986904,0.003411713931001458
550,27,1737.6718822474195,397.0707852028703,1737.67,397.07,-0.0018822474194166716,-0.0007852028703041469,0.002039460442233335
550,31,486.91815923218235,406.13997880847387,486.92,406.14,0.0018407678176686204,2.1191526116126624e-05,0.0018408897955455197
551,13,201.73295062261843,222.7283281136655,201.73,222.73,-0.0029506226184423667,0.001671886334492001,0.0033913681239176596
551,14,206.10809308266212,356.43564416744965,206.11,356.44,0.0019069173378909454,0.00435583255034544,0.004754956460389301
551,15,203.63093108809994,526.8864198402347,203.63,526.89,-0.0009310880999464644,0.0035801597653062345,0.00369925249137978
551,16,233.51710026903538,946.5808905742392,233.52,946.58,0.0028997309646285885,-0.0008905742391789317,0.0030334076782910302
551,17,1021.9774809419288,242.0892541050872,1021.98,242.09,0.0025190580712433075,0.0007458949127965298,0.002627168206878234
551,18,1135.4066370461312,308.87417108087055,1135.41,308.87,0.0033629538688728644,-0.004171080870548849,0.005357926310880498
551,19,1313.3424404025043,415.061097233538,1313.34,415.06,-0.0024404025043622823,-0.001097233538018827,0.002675721551329849
551,20,1526.4216743777479,544.8637890410799,1526.42,544.86,-0.001674377747804101,-0.003789041079926392,0.0041425080745499205
551,21,1341.0925210184596,348.0722066643186,1341.09,348.07,-0.002521018459674451,-0.002206664318634921,0.0033503584120442792
551,22,1354.1655472918042,286.0424034727936,1354.17,286.04,0.0044527081959131465,-0.002403472793560013,0.005059969540158841
551,23,1613.9465632614529,411.0155734015002,1613.95,411.02,0.0034367385471796297,0.004426598499776446,0.0056041008306322825
551,24,1206.5608500664562,175.56799902390966,1206.56,175.57,-0.0008500664562234306,0.0020009760903292317,0.002174055724691876
551,25,1340.7741647753385,226.82266632846938,1340.77,226.82,-0.004164775338495019,-0.0026663284693881906,0.004945165429670303
551,26,1467.6822172712787,280.04122285825076,1467.68,280.04,-0.0022172712785959448,-0.001222858250741865,0.0025321283980663284
551,27,1738.2539116855646,397.0530889021527,1738.25,397.05,-0.003911685564617073,-0.003088902152683204,0.0049842351936164216
551,31,485.68861942413673,406.1049841063554,485.69,406.1,0.0013805758632656762,-0.004984106355379936,0.00517177975903561
552,13,200.29971296696382,222.29624608524912,200.3,222.3,0.0002870330361872675,0.0037539147508880433,0.003764872364476347
552,14,204.8310698119966,356.3267331255872,204.83,356.33,-0.0010698119965866226,0.00326687441275908,0.0034375814371125288
552,15,202.22319831607496,527.164814880176,202.22,527.16,-0.0031983160749575745,-0.004814880176013503,0.005780337085732963
552,16,232.13782520177654,947.1856679306794,232.14,947.19,0.002174798223450125,0.004332069320639675,0.00484732626419445
552,17,1021.4831107064466,241.8169405788154,1021.48,241.82,-0.0031107064465913936,0.003059421184588018,0.00436308979755989
552,18,1134.8049777845983,308.6556283106529,1134.8,308.66,-0.004977784598395374,0.004371689347124175,0.006624953377630758
552,19,1313.2568303018782,415.0458229251535,1313.26,415.05,0.0031696981218374276,0.004177074846495543,0.0052435618101444635
552,20,1526.566255783311,544.8978417808099,1526.57,544.9,0.00374421668902869,0.0021582191900506587,0.004321697431184174
552,21,1340.8193907638447,347.80415499823897,1340.82,347.8,0.0006092361552418879,-0.004154998238959706,0.004199426039188233
552,22,1354.124160468853,285.7818026045952,1354.12,285.78,-0.004160468853115162,-0.001802604595241064,0.004534190600815717
552,23,1614.2099224460896,411.01168005112515,1614.21,411.01,7.7553910386996e-05,-0.0016800511251631178,0.0016818401803317022
552,24,1206.170637549842,175.17599926793224,1206.17,175.18,-0.0006375498419401993,0.004000732067765966,0.0040512130132849
552,25,1340.580623581504,226.61699974635204,1340.58,226.62,-0.000623581503987225,0.0030002536479685205,0.003064372014665221
552,26,1467.761662953459,279.78091714368804,1467.76,279.78,-0.0016629534591174888,-0.0009171436880706096,0.0018990962987059348
552,27,1738.6904337641736,397.0398166766145,1738.69,397.04,-0.0004337641735219222,0.0001833233854995342,0.0004709127540236801
552,31,484.76646456810255,406.07873807976654,484.77,406.08,0.0035354318974327725,0.0012619202334462898,0.0037538941616628236
553,13,198.97478472522286,221.97218456393685,198.97,221.97,-0.004784725222862107,-0.0021845639368507364,0.0052598398314474964
553,14,203.37330235899745,356.2450498441904,203.37,356.25,-0.0033023589974447987,0.004950155809581247,0.005950598078104048
553,15,200.9173987370562,527.373611160132,200.92,527.37,0.002601262943784377,-0.0036111601319817055,0.004450510802314706
553,16,230.6033689013324,947.8892509480096,230.6,947.89,-0.0033689013324078587,0.0007490519903967652,0.0034511701018374624
553,17,1020.862333029835,241.61270543411155,1020.86,241.61,-0.002333029834971967,-0.0027054341115331226,0.0035724504115125714
553,18,1134.3537333384488,308.4917212329897,1134.35,308.49,-0.0037333384489102173,-0.0017212329896665324,0.004111016781628085
553,19,1312.9426227264087,415.03436719386514,1312.94,415.03,-0.002622726408617382,-0.004367193865164154,0.005094219868673362
553,20,1526.6746918374831,544.9233813356075,1526.67,544.92,-0.004691837483051131,-0.003381335607514302,0.005783318204803164
553,21,1340.6145430728834,347.6031162486792,1340.61,347.6,-0.004543072883507193,-0.003116248679191358,0.005509130335671888
553,22,1354.0931203516398,285.5863519534464,1354.09,285.59,-0.0031203516398363718,0.0036480465535646545,0.004800503933255809
553,23,1614.6574418345672,411.0087600383439,1614.66,411.01,0.00255816543290166,0.0012399616560969662,0.0028428357832776183
553,24,1205.8779781623816,174.8819994509492,1205.88,174.88,0.0020218376184857334,-0.0019994509491993995,0.0028435244774361345
553,25,1340.435467686128,226.21274980976403,1340.44,226.21,0.004532313872005034,-0.0027498097640261676,0.005301256716355369
553,26,1467.8212472150944,279.58568785776606,1467.82,279.59,-0.0012472150945086469,0.004312142233914074,0.004488888073618641
553,27,1739.2678253231302,397.0298625074609,1739.27,397.03,0.002174676869799441,0.00013749253906780723,0.0021790189733777005
553,31,483.8248484260769,406.0590535598249,483.82,406.06,-0.00484842607693281,0.0009464401750847173,0.004939937694799042
554,13,197.48108854391714,221.72913842295264,197.48,221.73,-0.0010885439171488542,0.0008615770473454631,0.0013882517308018377
554,14,201.7799767692481,356.1837873831428,201.78,356.18,2.323075190702184e-05,-0.0037873831428214544,0.0037874543876279597
554,15,199.43804905279217,527.530208370099,199.44,527.53,0.0019509472078311774,-0.00020837009901697456,0.001962043094814334
554,16,229.2025266759993,948.6669382110072,229.2,948.67,-0.002526675999320105,0.0030617889927953,0.003969715788560021
554,17,1020.1467497723762,241.20952907558365,1020.15,241.21,0.0032502276237664773,0.00047092441636209514,0.0032841664714537023
554,18,1133.7653000038367,308.36879092474226,1133.77,308.37,0.004699996163253672,0.001209075257747827,0.004853022451369581
554,19,1312.7069670448066,415.02577539539885,1312.71,415.03,0.0030329551934755727,0.004224604601120063,0.005200586624741026
554,20,1526.7560188781124,544.9425360017055,1526.76,544.94,0.003981121887591144,-0.002536001705493618,0.004720236872671096
554,21,1340.7109073046627,347.4523371865094,1340.71,347.45,-0.0009073046626326686,-0.0023371865094077293,0.0025071183718748634
554,22,1354.06984026373,285.4397639650848,1354.07,285.44,0.0001597362700067606,0.00023603491518997544,0.00028500553879602344
554,23,1614.9930813759254,410.7565700287579,1614.99,410.76,-0.003081375925376051,0.0034299712420988726,0.00461081124262449
554,24,1205.6584836217862,174.66149958821188,1205.66,174.66,0.0015163782138643,-0.0014995882118853388,0.002132643358067108
554,25,1340.5766007645962,225.909562357323,1340.58,225.91,0.0033992354037764017,0.000437642676985206,0.003427292290278974
554,26,1468.1159354113208,279.43926589332455,1468.12,279.44,0.004064588679057124,0.0007341066754520398,0.004130350316966175
554,27,1739.9508689923478,397.0223968805957,1739.95,397.02,-0.0008689923477049888,-0.0023968805957110817,0.0025495458988741776
554,31,482.8686363195577,406.0442901698687,482.87,406.04,0.0013636804422958448,-0.0042901698686819145,0.0045016865562638175
555,13,195.86081640793785,221.54685381721447,195.86,221.55,-0.000816407937833219,0.0031461827855423508,0.0032503827530000395
555,14,200.08498257693606,356.13784053735714,200.08,356.14,-0.00498257693604387,0.00215946264285094,0.005430409913576054
555,15,197.82853678959412,527.6476562775742,197.83,527.65,0.0014632104058875939,0.0023437224257349953,0.0027629729460837775
555,16,227.6518950069995,949.0002036582554,227.65,949.0,-0.0018950069994900787,-0.00020365825537282944,0.0019059192567099728
555,17,1019.6100623292822,240.90714680668773,1019.61,240.91,-6.232928217286826e-05,0.002853193312262192,0.0028538740365604584
555,18,1133.3239750028774,308.27659319355666,1133.32,308.28,-0.003975002877496081,0.0034068064433085965,0.0052351674298221915
555,19,1312.530225283605,415.01933154654915,1312.53,415.02,-0.00022528360500473354,0.0006684534508281104,0.0007053954342125683
555,20,1526.8170141585842,544.9569020012791,1526.82,544.96,0.0029858414156933577,0.0030979987209320825,0.0043026555793563735
555,21,1340.783180478497,347.33925288988206,1340.78,347.34,-0.0031804784969153843,0.0007471101179135076,0.003267050198210899
555,22,1354.0523801977974,285.32982297381363,1354.05,285.33,-0.002380197797492656,0.000177026186349849,0.0023867718420164216
555,23,1615.494811031944,410.56742752156845,1615.49,410.57,-0.004811031943972921,0.0025724784315457327,0.005455609374460002
555,24,1205.4938627163397,174.2461246911589,1205.49,174.25,-0.003862716339654071,0.003875308841088554,0.005471617323465673
555,25,1340.682450573447,225.68217176799226,1340.68,225.68,-0.0024505734470494644,-0.0021717679922517164,0.003274429176444796
555,26,1468.5869515584907,279.3294494199934,1468.59,279.33,0.0030484415092359995,0.000550580006574819,0.0030977627376661673
555,27,1740.7131517442608,397.01679766044674,1740.71,397.02,-0.003151744260776468,0.003202339553240563,0.004493158187687851
555,31,481.9014772396683,406.03321762740154,481.9,406.03,-0.0014772396683042643,-0.0032176274015682793,0.0035405314760547928
556,13,194.3956123059534,221.41014036291085,194.4,221.41,0.004387694046613433,-0.00014036291085517405,0.004389938586521536
556,14,198.56373693270206,356.10338040301787,198.56,356.1,-0.0037369327020542187,-0.0033804030178430367,0.005039026749554377
556,15,196.37140259219558,527.9857422081807,196.37,527.99,-0.0014025921955749254,0.0042577918193273945,0.004482862483259884
556,16,226.23892125524964,950.0001527436915,226.24,950.0,0.0010787447503730618,-0.00015274369150120037,0.0010895048745879264
556,17,1019.2075467469616,240.6803601050158,1019.21,240.68,0.0024532530384249185,-0.0003601050158010821,0.002479541508615291
556,18,1132.9929812521582,308.2074448951675,1132.99,308.21,-0.002981252158178904,0.0025551048324814474,0.003926375572409805
556,19,1312.3976689627038,415.01449865991185,1312.4,415.01,0.002331037296244176,-0.004498659911860159,0.005066722400039202
556,20,1527.1127606189382,545.2176765009593,1527.11,545.22,-0.0027606189382822777,0.002323499040699062,0.0036082772502306734
556,21,1340.8373853588728,347.25443966741153,1340.84,347.25,0.002614641127138384,-0.0044396674115319,0.005152377601529399
556,22,1354.039285148348,285.2473672303602,1354.04,285.25,0.0007148516519919212,0.002632769639774324,0.0027280925315086003
556,23,1615.871108273958,410.42557064117636,1615.87,410.43,-0.0011082739581524947,0.004429358823642815,0.0045659052503201885
556,24,1205.1203970372549,173.93459351836918,1205.12,173.93,-0.0003970372549702006,-0.004593518369176763,0.004610645246578685
556,25,1340.7618379300852,225.5116288259942,1340.76,225.51,-0.001837930085230255,-0.0016288259942029981,0.002455821882300481
556,26,1468.940213668868,279.24708706499507,1468.94,279.25,-0.00021366886790019635,0.0029129350049288405,0.002920760984409634
556,27,1741.5348638081955,397.0125982453351,1741.53,397.01,-0.004863808195523234,-0.002598245335093452,0.0055143004075017404
556,31,480.9261079297512,406.0249132205512,480.93,406.02,0.003892070248809887,-0.0049132205512023575,0.006268009812247286
557,13,193.04670922946505,221.30760527218314,193.05,221.31,0.0032907705349600747,0.002394727816863451,0.004069876168954162
557,14,197.17280269952653,356.0775353022634,197.17,356.08,-0.002802699526540664,0.0024646977365705425,0.0037322727082472443
557,15,194.77855194414667,528.2393066561356,194.78,528.24,0.001448055853330743,0.0006933438644409762,0.001605487922322486
557,16,224.67919094143724,950.7501145577686,224.68,950.75,0.0008090585627655855,-0.00011455776859747857,0.0008171286559228898
557,17,1018.6556600602212,240.51027007876186,1018.66,240.51,0.004339939778787993,-0.00027007876187212787,0.004348335293088697
557,18,1132.7447359391185,308.1555836713756,1132.74,308.16,-0.004735939118518218,0.004416328624415655,0.0064755754843213885
557,19,1312.298251722028,415.0108739949339,1312.3,415.01,0.0017482779719557584,-0.0008739949338973929,0.0019545697766270836
557,20,1527.3345704642036,545.4132573757195,1527.33,545.41,-0.004570464203652591,-0.003257375719499578,0.005612453974408619
557,21,1340.8780390191546,347.19082975055863,1340.88,347.19,0.0019609808455243183,-0.000829750558636988,0.002129303140952848
557,22,1354.0294638612609,285.1855254227702,1354.03,285.19,0.0005361387391076278,0.004474577229814258,0.004506582533710456
557,23,1616.1533312054685,410.5691779808823,1616.15,410.57,-0.0033312054683847236,0.0008220191177201741,0.0034311288670776765
557,24,1204.840297777941,173.7009451387769,1204.84,173.7,-0.0002977779411139636,-0.0009451387768990571,0.0009909384490533794
557,25,1340.8213784475638,225.38372161949565,1340.82,225.38,-0.0013784475638658478,-0.003721619495649975,0.003968698698154052
557,26,1469.205160251651,279.18531529874633,1469.21,279.19,0.004839748349013462,0.004684701253665935,0.006735695206723484
557,27,1742.1511478561465,397.0094486840013,1742.15,397.01,-0.0011478561464173254,0.0005513159986776373,0.00127339038133086
557,31,479.9445809473134,406.01868491541336,479.94,406.02,-0.0045809473133999745,0.0013150845866221061,0.004765975845314103
558,13,191.5350319220988,221.23070395413737,191.54,221.23,0.004968077901196466,-0.0007039541373785596,0.005017703604228639
558,14,195.8796020246449,356.05815147669756,195.88,356.06,0.0003979753550993337,0.0018485233024421177,0.001890878838777872
558,15,193.33391395811,528.4294799921017,193.33,528.43,-0.00391395810999029,0.0005200078982170453,0.003948351086335519
558,16,223.00939320607793,951.5625859183265,223.01,951.56,0.0006067939220599783,-0.0025859183265311003,0.0026561574605693723
558,17,1018.2417450451659,240.3827025590714,1018.24,240.38,-0.0017450451658760358,-0.0027025590713947167,0.0032169874363020437
558,18,1132.3085519543388,308.1166877535317,1132.31,308.12,0.0014480456611636328,0.0033122464682833197,0.0036149430014137353
558,19,1312.223688791521,415.0081554962004,1312.22,415.01,-0.0036887915209717903,0.0018445037995888924,0.00412424261554667
558,20,1527.5009278481527,545.5599430317895,1527.5,545.56,-0.0009278481527417171,5.69682104014646e-05,0.0009295953805514323
558,21,1340.9085292643658,347.143122312919,1340.91,347.14,0.0014707356342569256,-0.003122312919003889,0.003451362233966714
558,22,1354.0220978959455,285.1391440670776,1354.02,285.14,-0.0020978959455533186,0.0008559329223771783,0.0022657865225961136
558,23,1616.6149984041012,410.67688348566173,1616.61,410.68,-0.004998404101343112,0.003116514338273646,0.00589039091919958
558,24,1204.880223333456,173.52570885408267,1204.88,173.53,-0.00022333345577862929,0.0042911459173353705,0.004296953701907206
558,25,1340.8660338356729,225.28779121462173,1340.87,225.29,0.003966164327039223,0.0022087853782579714,0.004539734828851207
558,26,1469.4038701887382,278.8889864740597,1469.4,278.89,-0.0038701887381193956,0.0010135259402659358,0.004000699401386981
558,27,1742.61336089211,397.007086513001,1742.61,397.01,-0.0033608921100949374,0.0029134869989775325,0.00444792111765817
558,31,478.95843571048505,406.01401368656,478.96,406.01,0.0015642895149312608,-0.004013686560028873,0.004307746683439068
559,13,190.4012739415741,221.173027965603,190.4,221.17,-0.0012739415740838922,-0.0030279656030245405,0.00328504228698492
559,14,194.65970151848367,356.0436136075232,194.66,356.04,0.00029848151632450026,-0.0036136075231638642,0.003625913753394287
559,15,192.0004354685825,528.5721099940763,192.0,528.57,-0.00043546858250920195,-0.002109994076249677,0.0021544623199678623
559,16,221.50704490455846,952.4219394387449,221.51,952.42,0.0029550954415356046,-0.0019394387448983252,0.003534686932925928
559,17,1017.9313087838744,240.28702691930354,1017.93,240.29,-0.001308783874492292,0.002973080696449415,0.0032484033089706077
559,18,1131.9814139657542,308.0875158151488,1131.98,308.09,-0.0014139657541818451,0.002484184851198279,0.0028584040177907057
559,19,1312.1677665936409,415.00611662215033,1312.17,415.01,0.0022334063592097664,0.003883377849660974,0.004479813331891867
559,20,1527.6256958861145,545.6699572738421,1527.63,545.67,0.004304113885609695,4.272615785794187e-05,0.0043043259477952515
559,21,1340.9313969482744,347.10734173468927,1340.93,347.11,-0.001396948274305032,0.002658265310742536,0.0030029716854111225
559,22,1354.016573421959,285.1043580503082,1354.02,285.1,0.0034265780409441504,-0.004358050308155725,0.005543828961926663
559,23,1616.961248803076,410.7576626142463,1616.96,410.76,-0.0012488030758959212,0.002337385753662602,0.0026500719393616474
559,24,1204.910167500092,173.39428164056199,1204.91,173.39,-0.0001675000919476588,-0.004281640561998756,0.004284915656457605
559,25,1340.8995253767546,225.2158434109663,1340.9,225.22,0.00047462324550906487,0.00415658903369831,0.0041835988837648636
559,26,1469.5529026415536,278.9167398555448,1469.55,278.92,-0.00290264155364639,0.0032601444552256,0.004365073866258503
559,27,1742.9600206690825,397.00531488475076,1742.96,397.01,-2.0669082459789934e-05,0.004685115249230876,0.004685160841374117
559,31,477.9688267828638,406.26051026492,477.97,406.26,0.0011732171362268673,-0.0005102649200239284,0.0012793782620255034
560,13,189.30095545618056,220.87977097420224,189.3,220.88,-0.0009554561805487083,0.00022902579775063714,0.000982521922902508
560,14,193.49477613886276,356.0327102056424,193.49,356.03,-0.004776138862752077,-0.0027102056424155307,0.005491513184949271
560,15,190.75032660143688,528.6790824955572,190.75,528.68,-0.00032660143688190146,0.0009175044427820467,0.0009739008682089346
560,16,220.38028367841883,953.5664545790587,220.38,953.57,-0.0002836784188389174,0.0035454209413501303,0.0035567517620265533
560,17,1017.4484815879058,240.21527018947765,1017.45,240.22,0.0015184120942421941,0.004729810522348998,0.0049675630710907205
560,18,1131.7360604743158,308.06563686136155,1131.74,308.07,0.003939525684245382,0.004363138638439068,0.005878506731736298
560,19,1312.1258249452308,415.00458746661275,1312.13,415.0,0.004175054769348208,-0.004587466612747448,0.0062028970852441015
560,20,1527.719271914586,545.7524679553816,1527.72,545.75,0.0007280854140390147,-0.002467955381575848,0.0025731133157297125
560,21,1340.6985477112057,347.08050630101695,1340.7,347.08,0.0014522887943257956,-0.0005063010169692461,0.0015380128289154047
560,22,1354.0124300664693,284.8282685377311,1354.01,284.83,-0.0024300664692873397,0.0017314622688786585,0.002983820476118674
560,23,1616.970936602307,410.81824696068475,1616.97,410.82,-0.0009366023068650975,0.0017530393152469514,0.001987553954494449
560,24,1204.682625625069,173.0457112304215,1204.68,173.05,-0.0026256250689584704,0.004288769578522533,0.005028662993321735
560,25,1340.924644032566,224.91188255822473,1340.92,224.91,-0.004644032565920497,-0.0018825582247359307,0.005011094086409775
560,26,1469.6646769811653,278.6875548916586,1469.66,278.69,-0.004676981165175675,0.0024451083414192,0.005277566448722912
560,27,1743.2200155018118,397.00398616356307,1743.22,397.0,-1.5501811731155613e-05,-0.003986163563070022,0.003986193705493254
560,31,476.97662008714786,406.44538269869,476.98,406.45,0.003379912852153666,0.004617301309963295,0.005722174610682751
561,13,187.97571659213543,220.65982823065167,187.98,220.66,0.004283407864562605,0.0001717693483271887,0.0042868505506048985
561,14,192.12108210414706,356.0245326542318,192.12,356.02,-0.0010821041470592263,-0.004532654231809374,0.004660032593257498
561,15,189.31274495107766,528.7593118716679,189.31,528.76,-0.0027449510776591524,0.0006881283320581133,0.0028298899307434597
561,16,218.7852127588141,954.424840934294,218.79,954.42,0.004787241185880475,-0.004840934294065846,0.006808254035452341
561,17,1016.8363611909293,240.16145264210823,1016.84,240.16,0.0036388090707077936,-0.0014526421082337038,0.003918048053263127
561,18,1131.302045355737,308.04922764602117,1131.3,308.05,-0.0020453557369819464,0.0007723539788457856,0.0021863235715337006
561,19,1312.094368708923,415.00344059995956,1312.09,415.0,-0.0043687089230388665,-0.0034405999595605863,0.005560876346041846
561,20,1527.7894539359395,546.0643509665362,1527.79,546.06,0.0005460640604724176,-0.004350966536208034,0.00438509928705631
561,21,1340.7739107834043,347.0603797257627,1340.77,347.06,-0.003910783404307949,-0.000379725762684302,0.003929175293907953
561,22,1354.009322549852,284.6212014032983,1354.01,284.62,0.0006774501480322215,-0.0012014032982960998,0.0013792420339540214
561,23,1617.22820245173,410.86368522051356,1617.23,410.86,0.0017975482699057466,-0.003685220513546028,0.004100247555465596
561,24,1204.5119692188018,173.03428342281612,1204.51,173.03,-0.0019692188018325396,-0.00428342281611549,0.004714396431263448
561,25,1340.9434830244245,224.68391191866854,1340.94,224.68,-0.003483024424440373,-0.0039119186685354634,0.005237801715460835
561,26,1469.748507735874,278.5156661687439,1469.75,278.52,0.0014922641260000091,0.004333831256076337,0.004583551633601478
561,27,1743.6650116263588,397.0029896226723,1743.67,397.0,0.004988373641253929,-0.0029896226723167274,0.005815644014860882
561,31,475.7324650653609,406.3340370240175,475.73,406.33,-0.0024650653608659923,-0.004037024017520707,0.004730127921249109
562,13,186.73178744410157,220.49487117298875,186.73,220.49,-0.0017874441015806042,-0.004871172988742956,0.005188765045994497
562,14,190.8408115781103,356.01839949067386,190.84,356.02,-0.0008115781103015252,0.001600509326124211,0.0017945164062028438
562,15,187.98455871330825,529.069483903751,187.98,529.07,-0.004558713308256301,0.000516096249043585,0.004587834169316712
562,16,217.33890956911057,955.0686307007205,217.34,955.07,0.0010904308894339465,0.001369299279531333,0.0017504342437111814
562,17,1016.377270893197,239.87108948158118,1016.38,239.87,0.002729106803030845,-0.0010894815811752778,0.002938536039947345
562,18,1130.9765340168028,307.7869207345159,1130.98,307.79,0.0034659831972021493,0.0030792654841320655,0.004636260933667854
562,19,1312.0707765316922,415.0025804499697,1312.07,415.0,-0.0007765316922814236,-0.0025804499696846506,0.0026947585263178897
562,20,1527.8420904519546,546.2982632249021,1527.84,546.3,-0.0020904519547002565,0.0017367750978110053,0.0027177890122830634
562,21,1340.5804330875533,347.045284794322,1340.58,347.05,-0.0004330875533469225,0.004715205677996437,0.004735053264185511
562,22,1354.006991912389,284.4659010524737,1354.01,284.47,0.003008087611078736,0.004098947526301799,0.005084285780648155
562,23,1617.4211518387976,410.89776391538516,1617.42,410.9,-0.0011518387975684163,0.0022360846148217206,0.0025153144972798647
562,24,1204.3839769141014,172.7757125671121,1204.38,172.78,-0.003976914101258444,0.0042874328879065615,0.005847899326860121
562,25,1340.9576122683184,224.5129339390014,1340.96,224.51,0.002387731681665173,-0.002933939001422914,0.003782758338527334
562,26,1469.8113808019054,278.38674962655796,1469.81,278.39,-0.0013808019054977194,0.003250373442028831,0.003531506960898206
562,27,1743.998758719769,397.0022422170042,1744.0,397.0,0.0012412802309427207,-0.002242217004209124,0.0025628721594519207
562,31,474.54934879902066,406.5005277680131,474.55,406.5,0.0006512009793482321,-0.0005277680131143825,0.0008382134520340267
563,13,185.29884058307618,220.37115337974157,185.3,220.37,0.001159416923826484,-0.0011533797415665958,0.0016353997772751146
563,14,189.38060868358272,356.0137996180054,189.38,356.01,-0.0006086835827261439,-0.003799618005416505,0.0038480634988219253
563,15,186.73841903498118,529.3021129278133,186.74,529.3,0.0015809650188316482,-0.0021129278133003027,0.0026389229498011784
563,16,216.00418217683293,955.8014730255404,216.0,955.8,-0.004182176832927098,-0.0014730255404629133,0.004434005785373784
563,17,1016.0329531698977,239.65331711118588,1016.03,239.65,-0.0029531698977507403,-0.0033171111858791846,0.004441220447632152
563,18,1130.732400512602,307.5901905508869,1130.73,307.59,-0.0024005126019801537,-0.00019055088694130973,0.0024080636189228156
563,19,1312.0530823987692,415.0019353374773,1312.05,415.0,-0.0030823987692656374,-0.0019353374772776988,0.003639603456934
563,20,1527.881567838966,546.4736974186766,1527.88,546.47,-0.0015678389659115055,-0.0036974186765519335,0.004016095603038542
563,21,1340.685324815665,347.0339635957415,1340.69,347.03,0.004675184335155791,-0.003963595741538484,0.006129228317661865
563,22,1354.0052439342917,284.3494257893553,1354.01,284.35,0.004756065708306778,0.0005742106447428341,0.0047906031860578515
563,23,1617.8158638790983,410.92332293653885,1617.82,410.92,0.00413612090164861,-0.0033229365388365295,0.005305601130332868
563,24,1204.287982685576,172.58178442533406,1204.29,172.58,0.0020173144239379326,-0.0017844253340513205,0.002693275191626767
563,25,1340.9682092012388,224.38470045425106,1340.97,224.38,0.0017907987612488796,-0.004700454251064912,0.00503003283981772
563,26,1470.1085356014291,278.29006221991847,1470.11,278.29,0.0014643985707607499,-6.221991844768127e-05,0.0014657197864181826
563,27,1744.4990690398267,397.0016816627532,1744.5,397.0,0.0009309601732638839,-0.0016816627531852646,0.0019221541196413373
563,31,473.4120115992655,406.6253958260098,473.41,406.63,-0.0020115992654723414,0.0046041739901738765,0.005024435265444516
564,13,183.97413043730714,220.02836503480617,183.97,220.03,-0.0041304373071398,0.0016349651938298848,0.004442254330094967
564,14,187.78545651268703,356.01034971350407,187.79,356.01,0.00454348731295795,-0.0003497135040788635,0.004556926211597569
564,15,185.05381427623587,529.47658469586,185.05,529.48,-0.0038142762358575055,0.0034153041400486472,0.00511986382362468
564,16,214.2531366326247,955.8511047691553,214.25,955.85,-0.003136632624688218,-0.0011047691552903416,0.003325504339004752
564,17,1015.5247148774233,239.48998783338942,1015.52,239.49,-0.004714877423339203,1.216661058833779e-05,0.0047148931211138745
564,18,1130.5493003844515,307.4426429131652,1130.55,307.44,0.0006996155484557676,-0.002642913165175287,0.0027339443875649553
564,19,1312.039811799077,415.00145150310794,1312.04,415.0,0.00018820092304849823,-0.0014515031079440632,0.0014636532580524601
564,20,1527.9111758792246,546.6052730640074,1527.91,546.61,-0.001175879224547316,0.00472693599260765,0.004870997416231266
564,21,1340.7639936117487,347.0254726968061,1340.76,347.03,-0.003993611748683179,0.004527303193867738,0.0060370033136006584
564,22,1354.2539329507188,284.26206934201645,1354.25,284.26,-0.003932950718763095,-0.0020693420164548115,0.004444128456433771
564,23,1618.3618979093237,410.94249220240414,1618.36,410.94,-0.0018979093238158384,-0.002492202404141608,0.0031325919977929304
564,24,1204.215987014182,172.18633831900055,1204.22,172.19,0.004012985818008019,0.0036616809994427513,0.005432491409768961
564,25,1341.226156900929,224.2885253406883,1341.23,224.29,0.0038430990709912294,0.0014746593116967688,0.004116312737757863
564,26,1470.5814017010719,278.2175466649388,1470.58,278.22,-0.0014017010719271639,0.002453335061204598,0.002825529829532424
564,27,1745.3743017798702,397.0012612470649,1745.37,397.0,-0.004301779870274913,-0.0012612470649173702,0.004482862278842072
564,31,472.0590086994491,406.71904686950734,472.06,406.72,0.0009913005508792594,0.0009531304926895245,0.0013751852668888287
565,13,182.73059782798035,219.77127377610464,182.73,219.77,-0.000597827980357124,-0.0012737761046253127,0.0014070905652488446
565,14,186.58909238451528,356.007762285128,186.59,356.01,0.0009076154847207363,0.0022377148719670004,0.002414774050781386
565,15,183.7903607071769,529.607438521895,183.79,529.61,-0.0003607071768954029,0.0025614781050080637,0.002586750809393814
565,16,212.68985247446852,956.3883285768665,212.69,956.39,0.00014752553147445724,0.00167142313352997,0.0016779210570631638
565,17,1015.3935361580675,239.36749087504205,1015.39,239.37,-0.0035361580675044024,0.0025091249579531905,0.004335910738587693
565,18,1130.4119752883387,307.3319821848739,1130.41,307.33,-0.001975288338599057,-0.001982184873895676,0.0027983603940354503
565,19,1312.0298588493076,415.00108862733094,1312.03,415.0,0.0001411506923432171,-0.0010886273309438366,0.0010977399435325612
565,20,1528.1833819094186,546.7039547980055,1528.18,546.7,-0.0033819094185219,-0.003954798005452176,0.0052036274442945705
565,21,1340.8229952088116,347.0191045226046,1340.82,347.02,-0.002995208811626071,0.0008954773953746553,0.0031262046623452915
565,22,1354.690449713039,284.1965520065123,1354.69,284.2,-0.0004497130389609083,0.0034479934876685547,0.003477197277753481
565,23,1618.7714234319928,410.9568691518031,1618.77,410.96,-0.0014234319928618788,0.003130848196860825,0.0034392396063794997
565,24,1204.4119902606365,171.8897537392504,1204.41,171.89,-0.0019902606363757513,0.00024626074957723176,0.0020054380462854373
565,25,1341.6696176756968,223.96639400551624,1341.67,223.97,0.0003823243032456958,0.0036059944837631974,0.003626205742891999
565,26,1471.186051275804,278.16315999870415,1471.19,278.16,0.003948724196106923,-0.003159998704120426,0.005057471165213208
565,27,1746.0307263349027,397.00094593529866,1746.03,397.0,-0.0007263349027653021,-0.0009459352986596059,0.001192625666429043
565,31,471.29425652458684,406.7892851521305,471.29,406.79,-0.004256524586821797,0.0007148478695171434,0.004316133574713794
566,13,181.29794837098527,219.57845533207848,181.3,219.58,0.002051629014744094,0.0015446679215358472,0.0025681083703694625
566,14,185.19181928838645,356.005821713846,185.19,356.01,-0.001819288386457174,0.004178286154001398,0.004557179546366123
566,15,182.34277053038267,529.7055788914213,182.34,529.71,-0.002770530382662173,0.004421108578753774,0.005217474452873193
566,16,211.26738935585138,957.2912464326498,211.27,957.29,0.002610644148631991,-0.0012464326498502487,0.0028929322877314576
566,17,1015.0451521185506,239.02561815628155,1015.05,239.03,0.004847881449336455,0.004381843718448408,0.006534715672447142
566,18,1130.058981466254,307.2489866386554,1130.06,307.25,0.00101853374599159,0.0010133613445759693,0.0014367714523905594
566,19,1312.0223941369807,415.0008164704982,1312.02,415.0,-0.00239413698068347,-0.0008164704981936666,0.002529528801317901
566,20,1528.6375364320638,546.7779660985041,1528.64,546.78,0.0024635679362745577,0.0020339014959063206,0.0031946709175891736
566,21,1340.8672464066087,346.7643283919534,1340.87,346.76,0.0027535933911622124,-0.004328391953436039,0.005130034450802652
566,22,1354.7678372847793,283.89741400488424,1354.77,283.9,0.0021627152207202016,0.002585995115737205,0.0033711582378392613
566,23,1619.3285675739946,410.9676518638523,1619.33,410.97,0.0014324260052944737,0.002348136147702462,0.0027505613297635887
566,24,1204.3089926954774,171.4173153044378,1204.31,171.42,0.0010073045225453825,0.00268469556218065,0.002867447063632188
566,25,1341.7522132567726,223.72479550413718,1341.75,223.72,-0.002213256772620298,-0.004795504137177886,0.005281606334368346
566,26,1471.639538456853,277.87236999902814,1471.64,277.87,0.00046154314713930944,-0.002369999028132952,0.002414522203257281
566,27,1746.7730447511772,397.000709451474,1746.77,397.0,-0.0030447511771853897,-0.0007094514739947044,0.003126312704277209
566,31,470.2206923934401,406.84196386409786,470.22,406.84,-0.0006923934400901999,-0.0019638640978882904,0.0020823474423963284
567,13,179.97346127823894,219.18384149905887,179.97,219.18,-0.0034612782389444874,-0.0038414990588648834,0.005170837656187867
567,14,183.89386446628984,355.7543662853845,183.89,355.75,-0.0038644662898548177,-0.00436628538449213,0.0058308273653276555
567,15,181.00707789778698,529.779184168566,181.01,529.78,0.002922102213005928,0.0008158314340107609,0.0030338527109888174
567,16,209.95054201688853,958.2184348244873,209.95,958.22,-0.0005420168885450494,0.0015651755127237266,0.0016563685257508477
567,17,1014.783864088913,238.51921361721116,1014.78,238.52,-0.003864088913019259,0.0007863827888456854,0.003943295705157182
567,18,1129.7942360996904,306.93673997899157,1129.79,306.94,-0.004236099690388073,0.003260021008429703,0.005345304253483514
567,19,1312.2667956027356,415.00061235287365,1312.27,415.0,0.0032043972644260066,-0.0006123528736452499,0.0032623822385064675
567,20,1529.2281523240479,547.083474573878,1529.23,547.08,0.0018476759521490749,-0.003474573877952025,0.003935297962987881
567,21,1341.1504348049566,346.5732462939651,1341.15,346.57,-0.00043480495651238016,-0.003246293965105451,0.0032752831721986737
567,22,1355.0758779635844,283.6730605036632,1355.08,283.67,0.0041220364155378775,-0.003060503663164127,0.005133991320918004
567,23,1620.246425680496,410.72573889788924,1620.25,410.73,0.0035743195039685816,0.004261102110774573,0.0055617219559141685
567,24,1204.231744521608,171.06298647832836,1204.23,171.06,-0.0017445216080886894,-0.0029864783283528595,0.0034586714858178763
567,25,1342.0641599425794,223.29359662810288,1342.06,223.29,-0.00415994257946295,-0.0035966281028834146,0.005499168662159728
567,26,1472.2296538426397,277.6542774992711,1472.23,277.65,0.0003461573603544821,-0.00427749927109744,0.0042914828360797064
567,27,1747.829783563383,397.0005320886055,1747.83,397.0,0.00021643661693815375,-0.0005320886054960283,0.0005744241405532511
567,31,469.1655192950801,406.6314728980734,469.17,406.63,0.004480704919899381,-0.0014728980734162178,0.004716581952418904
568,13,178.98009595867921,218.88788112429415,178.98,218.89,-9.595867922485013e-05,0.002118875705832579,0.0021210474593667365
568,14,182.67039834971737,355.56577471403835,182.67,355.57,-0.00039834971738628155,0.004225285961638292,0.004244022143551958
568,15,180.00530842334024,529.8343881264245,180.01,529.83,0.004691576659752172,-0.004388126424487382,0.006423904192281806
568,16,208.7129065126664,959.1638261183655,208.71,959.16,-0.002906512666385197,-0.003826118365509501,0.004804893092124598
568,17,1014.3378980666847,238.1394102129084,1014.34,238.14,0.0021019333153162734,0.0005897870915987369,0.0021831107336672036
568,18,1129.5956770747678,306.70255498424365,1129.6,306.7,0.0043229252321452805,-0.0025549842436589643,0.005021516409219818
568,19,1312.4500967020517,415.0004592646552,1312.45,415.0,-9.670205167822132e-05,-0.00045926465520551574,0.0004693349660102246
568,20,1529.6711142430358,547.3126059304085,1529.67,547.31,-0.0011142430357722333,-0.002605930408549284,0.0028341508140832523
568,21,1341.3628261037175,346.42993472047385,1341.36,346.43,-0.0028261037175525416,6.5279526154427e-05,0.0028268575554667133
568,22,1355.3069084726883,283.50479537774737,1355.31,283.5,0.003091527311653408,-0.0047953777473708215,0.005705540189909997
568,23,1620.684819260372,410.79430417341695,1620.68,410.79,-0.004819260371959899,-0.00430417341692646,0.006461515250753454
568,24,1204.173808391206,170.54723985874625,1204.17,170.55,-0.003808391205893713,0.0027601412537592296,0.004703426763311208
568,25,1342.0481199569344,222.97019747107714,1342.05,222.97,0.0018800430655119271,-0.00019747107714351841,0.0018903853455017328
568,26,1472.4222403819797,277.4907081244533,1472.42,277.49,-0.002240381979618178,-0.0007081244532969322,0.002349627982459126
568,27,1748.6223376725372,397.0003990664541,1748.62,397.0,-0.0023376725373509544,-0.00039906645412202124,0.0023714904441490743
568,31,468.37413947131006,406.4736046735551,468.37,406.47,-0.004139471310054432,-0.0036046735550598896,0.005488979337300502
569,13,177.48507196900943,218.41591084322062,177.49,218.42,0.00492803099058392,0.004089156779372161,0.006403646821182508
569,14,181.25279876228802,355.4243310355288,181.25,355.42,-0.0027987622880232266,-0.00433103552876446,0.005156640291534891
569,15,178.75398131750518,530.1257910948184,178.75,530.13,-0.0039813175051790495,0.004208905181599221,0.005793597492468553
569,16,207.53467988449978,960.3728695887742,207.53,960.37,-0.004679884499779519,-0.0028695887741605475,0.005489613708091383
569,17,1014.0034235500135,237.8545576596813,1014.0,237.85,-0.0034235500135082475,-0.0045576596812964,0.005700259333180125
569,18,1129.4467578060758,306.5269162381827,1129.45,306.53,0.0032421939242794906,0.00308376181726544,0.004474528845393568
569,19,1312.5875725265387,415.00034444849143,1312.59,415.0,0.0024274734612390603,-0.0003444484914325585,0.0024517895848278066
569,20,1530.2533356822769,547.4844544478063,1530.25,547.48,-0.0033356822768837446,-0.004454447806324424,0.005564969138421597
569,21,1341.772119577788,346.3224510403554,1341.77,346.32,-0.002119577788107563,-0.0024510403554245386,0.003240402571249226
569,22,1355.4801813545162,283.12859653331054,1355.48,283.13,-0.00018135451614398335,0.0014034666894531256,0.0014151354030375802
569,23,1621.263614445279,410.5957281300627,1621.26,410.6,-0.003614445279026768,0.0042718699373267555,0.005595809810609631
569,24,1204.1303562934045,170.1604298940597,1204.13,170.16,-0.0003562934043657151,-0.00042989405969251493,0.0005583492567859499
569,25,1342.2860899677007,222.47764810330784,1342.29,222.48,0.0039100322992453584,0.002351896692147193,0.004562868684465383
569,26,1472.8166802864848,277.11803109334,1472.82,277.12,0.003319713515111289,0.0019689066600108163,0.003859675019771418
569,27,1749.4667532544029,396.7502992998406,1749.47,396.75,0.003246745597152767,-0.0002992998406057268,0.0032605118259588467
569,31,467.5306046034825,406.3552035051663,467.53,406.36,-0.0006046034825430979,0.004796494833726683,0.004834450130166822
570,13,176.11380397675708,218.06193313241545,176.11,218.06,-0.0038039767570694494,-0.0019331324154450158,0.004266994270440129
570,14,179.93959907171603,355.0682482766466,179.94,355.07,0.0004009282839660955,0.0017517233533794752,0.001797019253001768
570,15,177.5654859881289,530.0943433211138,177.57,530.09,0.004514011871094681,-0.004343321113765342,0.006264243088327872
570,16,206.15100991337482,961.2796521915807,206.15,961.28,-0.0010099133748155964,0.00034780841929205053,0.001068127202706617
570,17,1013.7525676625102,237.64091824476097,1013.75,237.64,-0.0025676625101596073,-0.0009182447609816791,0.0027269147781237013
570,18,1129.3350683545568,306.395187178637,1129.34,306.4,0.004931645443093657,0.004812821362975228,0.006890890816744753
570,19,1312.940679394904,415.0002583363686,1312.94,415.0,-0.0006793949039547442,-0.0002583363685744189,0.0007268528839097318
570,20,1530.9400017617077,547.6133408358547,1530.94,547.61,-1.761707608238794e-06,-0.0033408358547148964,0.00334083631921145
570,21,1342.079089683341,346.24183828026656,1342.08,346.24,0.0009103166589738976,-0.001838280266554193,0.002051329022367683
570,22,1355.860136015887,282.84644739998294,1355.86,282.85,-0.00013601588716483093,0.0035526000170875704,0.0035552028357003543
570,23,1622.1977108339593,410.696796097547,1622.2,410.7,0.00228916604078222,0.0032039024529808557,0.003937673436242179
570,24,1204.0977672200534,169.87032242054477,1204.1,169.87,0.0022327799465529097,-0.00032242054476228077,0.0022559391165130364
570,25,1342.7145674757755,222.10823607748088,1342.71,222.11,-0.0045674757755023165,0.001763922519131711,0.004896249341414349
570,26,1473.3625102148635,276.838523320005,1473.36,276.84,-0.0025102148636051425,0.0014766799949939013,0.002912346557173334
570,27,1750.6000649408022,396.81272447488044,1750.6,396.81,-6.494080230368127e-05,-0.0027244748804378105,0.002725248737627534
570,31,466.6479534526119,406.26640262887474,466.65,406.27,0.002046547388090403,0.003597371125238169,0.0041387721880283505
571,13,175.08535298256783,217.79644984931159,175.09,217.8,0.004647017432176881,0.0035501506884259015,0.005847934757287116
571,14,178.95469930378704,355.051186207485,178.95,355.05,-0.004699303787049303,-0.0011862074849773308,0.004846704476279956
571,15,176.42411449109667,530.3207574908354,176.42,530.32,-0.004114491096686379,-0.0007574908353262799,0.004183638291047015
571,16,205.11325743503113,962.2097391436855,205.11,962.21,-0.003257435031116529,0.0002608563145258813,0.0032678630630387753
571,17,1013.5644257468826,237.48068868357072,1013.56,237.48,-0.004425746882702697,-0.0006886835707291539,0.004479008878127492
571,18,1129.5013012659176,306.2963903839777,1129.5,306.3,-0.001301265917618366,0.0036096160222882645,0.0038370067522373896
571,19,1313.205509546178,415.00019375227646,1313.21,415.0,0.004490453821972551,-0.00019375227645923587,0.004494631850541379
571,20,1531.4550013212806,547.7100056268911,1531.46,547.71,0.00499867871940296,-5.626891038446047e-06,0.004998681886429139
571,21,1342.5593172625058,346.1813787101999,1342.56,346.18,0.0006827374941167363,-0.001378710199901434,0.0015384967667125768
571,22,1356.1451020119152,282.6348355499872,1356.15,282.63,0.004897988084849203,-0.004835549987205923,0.006882792380864903
571,23,1622.8982831254693,410.7725970731602,1622.9,410.77,0.0017168745307571953,-0.0025970731602456,0.003113269528009229
571,24,1204.07332541504,169.65274181540858,1204.07,169.65,-0.0033254150400807703,-0.002741815408569437,0.004309981081566852
571,25,1343.0359256068316,221.83117705811065,1343.04,221.83,0.004074393168366441,-0.0011770581106418376,0.004241007602711749
571,26,1474.0218826611476,276.62889249000375,1474.02,276.63,-0.0018826611476470134,0.001107509996245426,0.002184259917831006
571,27,1751.4500487056016,396.8595433561603,1751.45,396.86,-4.870560155723069e-05,0.0004566438396977901,0.00045923396211189864
571,31,465.9859650894589,406.19980197165603,465.99,406.2,0.004034910541122372,0.00019802834395932223,0.00403976710960814
572,13,174.31401473692586,217.5973373869837,174.31,217.6,-0.004014736925853413,0.00266261301629811,0.004817428843104071
572,14,177.96602447784028,355.03838965561374,177.97,355.04,0.003975522159720413,0.001610344386278939,0.004289287293344682
572,15,175.5680858683225,530.4905681181265,175.57,530.49,0.0019141316774948791,-0.0005681181264662882,0.00199666178518269
572,16,204.33494307627336,963.1573043577641,204.33,963.16,-0.004943076273349334,0.002695642235835294,0.0056303188282519345
572,17,1013.423319310162,237.36051651267803,1013.42,237.36,-0.0033193101620554444,-0.0005165126780184437,0.003359256658619333
572,18,1129.3759759494383,306.2222927879833,1129.38,306.22,0.004024050561838521,-0.0022927879832650433,0.004631399319907268
572,19,1313.4041321596335,415.0001453142073,1313.4,415.0,-0.004132159633400079,-0.0001453142073160052,0.00413471395077688
572,20,1532.0912509909604,548.0325042201683,1532.09,548.03,-0.0012509909604432323,-0.002504220168361826,0.0027993029551552314
572,21,1342.6694879468794,346.13603403264995,1342.67,346.14,0.0005120531207012391,0.003965967350040955,0.003998886772591937
572,22,1356.3588265089365,282.4761266624904,1356.36,282.48,0.001173491063354959,0.0038733375096171585,0.004047199616918
572,23,1623.4237123441021,410.82944780487014,1623.42,410.83,-0.003712344102041243,0.0005521951298419481,0.003753187737561441
572,24,1204.05499406128,169.23955636155642,1204.05,169.24,-0.004994061280058304,0.0004436384435848595,0.005013727469418734
572,25,1343.2769442051238,221.623382793583,1343.28,221.62,0.0030557948762179876,-0.0033827935830004208,0.004558637378725021
572,26,1474.2664119958608,276.47166936750284,1474.27,276.47,0.0035880041391465056,-0.0016693675028136568,0.003957342740019212
572,27,1752.0875365292013,396.8946575171202,1752.09,396.89,0.0024634707986024296,-0.00465751712022211,0.005268885470450933
572,31,465.23947381709417,406.149851478742,465.24,406.15,0.0005261829058440526,0.00014852125798370253,0.0005467421828207081
573,13,173.4855110526944,217.19800304023778,173.49,217.2,0.00448894730561733,0.0019969597622093715,0.004913094361448027
573,14,177.2245183583802,355.02879224171033,177.22,355.03,-0.004518358380209975,0.00120775828963815,0.004676990756694242
573,15,174.6760644012419,530.6179260885949,174.68,530.62,0.003935598758118886,0.0020739114050911667,0.004448600465435633
573,16,203.75120730720502,964.1179782683231,203.75,964.12,-0.0012073072050213796,0.002021731676904892,0.0023547801724783574
573,17,1013.3174894826216,237.02038738450852,1013.32,237.02,0.002510517378482291,-0.00038738450851383277,0.0025402291757040544
573,18,1129.5319819620786,306.16671959098744,1129.53,306.17,-0.0019819620786165615,0.0032804090125750918,0.0038326566466170657
573,19,1313.8030991197252,415.0001089856555,1313.8,415.0,-0.0030991197252205893,-0.0001089856555154256,0.0031010354632540833
573,20,1532.8184382432203,548.2743781651262,1532.82,548.27,0.001561756779665302,-0.004378165126240674,0.004648377578409541
573,21,1343.0021159601595,346.10202552448743,1343.0,346.1,-0.002115960159471797,-0.0020255244874078926,0.002929169992602157
573,22,1356.5191198817024,282.3570949968678,1356.52,282.36,0.0008801182975730626,0.0029050031322412906,0.003035399712732182
573,23,1624.0677842580767,410.8720858536526,1624.07,410.87,0.0022157419232371467,-0.0020858536526020544,0.003043073730697957
573,24,1204.04124554596,168.92966727116732,1204.04,168.93,-0.0012455459600460017,0.0003327288326886446,0.0012892219415947218
573,25,1343.4577081538428,221.46753709518725,1343.46,221.47,0.0022918461572771776,0.002462904812745137,0.003364291741997017
573,26,1474.6998089968956,276.35375202562716,1474.7,276.35,0.00019100310441899637,-0.0037520256271363905,0.003756884146814474
573,27,1752.815652396901,396.9209931378401,1752.82,396.92,0.0043476030989495484,-0.0009931378401120128,0.004459593644656212
573,31,464.6796053628206,406.3623886090565,464.68,406.36,0.0003946371793972503,-0.0023886090564815277,0.0024209898240323507
574,13,172.6141332895208,216.89850228017832,172.61,216.9,-0.004133289520780181,0.0014977198216854504,0.00439627648435136
574,14,176.41838876878515,355.02159418128275,176.42,355.02,0.0016112312148379715,-0.0015941812827691137,0.0022666009772343305
574,15,174.00704830093142,530.9634445664462,174.01,530.96,0.0029516990685749533,-0.0034445664462054992,0.004536250146734749
574,16,203.31340548040376,965.0884837012424,203.31,965.09,-0.0034054804037566555,0.001516298757678669,0.003727795421278972
574,17,1012.9881171119662,236.7652905383814,1012.99,236.77,0.0018828880338332965,0.0047094616186029725,0.005071912468196504
574,18,1129.398986471559,305.8750396932406,1129.4,305.88,0.0010135284410353051,0.004960306759414834,0.005062793996232115
574,19,1313.852324339794,415.00008173924164,1313.85,415.0,-0.0023243397940859722,-8.17392416365692e-05,0.0023257765976109875
574,20,1533.3638286824153,548.4557836238447,1533.36,548.46,-0.003828682415360163,0.004216376155341095,0.005695317104518157
574,21,1343.0015869701197,346.07651914336554,1343.0,346.08,-0.0015869701196606911,0.003480856634439533,0.003825550557791333
574,22,1356.6393399112767,282.26782124765083,1356.64,282.27,0.0006600887234071706,0.0021787523491525462,0.002276549784587863
574,23,1624.5508381935574,410.90406439023945,1624.55,410.9,-0.0008381935574561794,-0.004064390239477689,0.004149920054473646
574,24,1203.78093415947,168.6972504533755,1203.78,168.7,-0.0009341594700345013,0.002749546624499999,0.0029039043640854425
574,25,1343.343281115382,221.35065282139044,1343.34,221.35,-0.003281115382151256,-0.000652821390445979,0.0033454288094074587
574,26,1474.7748567476717,276.26531401922034,1474.77,276.27,-0.004856747671738049,0.004685980779640886,0.006748808325482119
574,27,1753.3617392976757,396.6907448533801,1753.36,396.69,-0.0017392976758401346,-0.0007448533801266422,0.0018920790055039927
574,31,464.25970402211544,406.27179145679236,464.26,406.27,0.0002959778845479377,-0.0017914567923753566,0.0018157423680382836
575,13,171.71059996714058,216.67387671013375,171.71,216.67,-0.0005999671405731988,-0.003876710133766892,0.003922861459574948
575,14,175.56379157658887,355.01619563596205,175.56,355.02,-0.003791576588866974,0.003804364037932828,0.005371148737687376
575,15,173.25528622569857,531.2225834248347,173.26,531.22,0.004713774301421836,-0.002583424834710968,0.005375290879696308
575,16,202.73505411030283,965.8163627759318,202.74,965.82,0.004945889697182793,0.003637224068256728,0.006139317862711208
575,17,1012.7410878339747,236.57396790378607,1012.74,236.57,-0.0010878339746795973,-0.0039679037860764765,0.0041143217195580666
575,18,1129.2992398536694,305.65627976993045,1129.3,305.66,0.0007601463305491052,0.0037202300695753365,0.003797095497142491
575,19,1314.1392432548455,415.00006130443126,1314.14,415.0,0.0007567451546037773,-6.130443125584861e-05,0.0007592242503423464
575,20,1534.0228715118114,548.5918377178835,1534.02,548.59,-0.0028715118114632787,-0.001837717883518053,0.0034092208938077324
575,21,1343.2511902275896,345.80738935752413,1343.25,345.81,-0.0011902275896318315,0.0026106424758722824,0.00286916291833513
575,22,1356.7295049334575,281.95086593573814,1356.73,281.95,0.0004950665424985345,-0.0008659357381475274,0.000997464577868586
575,23,1625.163128645168,410.6780482926796,1625.16,410.68,-0.003128645167862487,0.0019517073204156077,0.0036874899390985684
575,24,1203.5857006196024,168.2729378400316,1203.59,168.27,0.0042993803974695766,-0.0029378400315920317,0.0052072618383724786
575,25,1343.5074608365367,221.01298961604283,1343.51,221.01,0.002539163463325167,-0.002989616042839316,0.003922391512468849
575,26,1475.0811425607537,275.94898551441526,1475.08,275.95,-0.0011425607538058102,0.0010144855847329382,0.001527948323003181
575,27,1754.0213044732568,396.51805864003506,1754.02,396.52,-0.0013044732568232575,0.0019413599649169555,0.002338916200112659
575,31,463.6947780165866,406.20384359259424,463.69,406.2,-0.004778016586612921,-0.003843592594250822,0.006132099683838151
576,13,170.78294997535545,216.50540753260032,170.78,216.51,-0.0029499753554489416,0.004592467399675115,0.005458306643532848
576,14,174.67284368244165,355.01214672697154,174.67,355.01,-0.0028436824416644413,-0.0021467269715458315,0.0035629996518934683
576,15,172.44146466927393,531.416937568626,172.44,531.42,-0.0014646692739290756,0.0030624313739053832,0.003394663753874887
576,16,202.30129058272712,966.8622720819488,202.3,966.86,-0.001290582727108358,-0.002272081948831328,0.0026130365779520985
576,17,1012.555815875481,236.18047592783955,1012.56,236.18,0.004184124518928911,-0.0004759278395454203,0.004211104997308481
576,18,1129.474429890252,305.4922098274478,1129.47,305.49,-0.004429890251913093,-0.00220982744781395,0.004950481289037114
576,19,1314.3544324411341,415.00004597832344,1314.35,415.0,-0.00443244113421315,-4.597832344188646e-05,0.004432679597544952
576,20,1534.7671536338585,548.6938782884126,1534.77,548.69,0.0028463661415116803,-0.0038782884125794226,0.0048107090145520035
576,21,1343.6883926706923,345.60554201814307,1343.69,345.61,0.0016073293077170092,0.004457981856944571,0.004738893303324416
576,22,1357.0471287000933,281.7131494518036,1357.05,281.71,0.002871299906701097,-0.003149451803608372,0.004261855208412617
576,23,1625.8723464838758,410.50853621950966,1625.87,410.51,-0.0023464838759537088,0.0014637804903259166,0.0027656174543796764
576,24,1203.689275464702,167.70470338002372,1203.69,167.7,0.0007245352981044562,-0.004703380023727277,0.004758858586446557
576,25,1343.6305956274025,220.5097422120321,1343.63,220.51,-0.0005956274023901642,0.0002577879678824502,0.0006490197522903427
576,26,1475.5608569205654,275.71173913581146,1475.56,275.71,-0.0008569205654112011,-0.0017391358114764444,0.0019387898870647337
576,27,1755.0159783549425,396.38854398002627,1755.02,396.39,0.004021645057491696,0.0014560199737161383,0.004277104526698843
576,31,463.27108351244,406.4028826944457,463.27,406.4,-0.001083512440004597,-0.0028826944457023274,0.003079598427543397
577,13,170.0872124815166,216.37905564945024,170.09,216.38,0.0027875184834158517,0.0009443505497586102,0.0029431373152155847
577,14,174.00463276183123,355.0091100452287,174.0,355.01,-0.004632761831231846,0.000889954771309931,0.004717467719009422
577,15,171.83109850195544,531.5627031764695,171.83,531.56,-0.0010985019554254905,-0.002703176469594837,0.0029178535898575914
577,16,201.72596793704534,967.6467040614616,201.73,967.65,0.004032062954649973,0.0032959385383719564,0.005207757916703324
577,17,1012.4168619066107,235.88535694587966,1012.42,235.89,0.003138093389225105,0.0046430541203221765,0.005604068315406143
577,18,1129.605822417689,305.36915737058587,1129.61,305.37,0.004177582310830985,0.0008426294141372637,0.00426171541674679
577,19,1314.5158243308506,415.0000344837426,1314.52,415.0,0.00417566914939016,-3.4483742581414845e-05,0.004175811534740423
577,20,1535.3253652253939,548.7704087163095,1535.33,548.77,0.004634774606074643,-0.0004087163094936841,0.004652760972880565
577,21,1343.7662945030193,345.4541565136073,1343.77,345.45,0.0037054969807286398,-0.0041565136073131725,0.005568421072617321
577,22,1357.28534652507,281.5348620888527,1357.29,281.53,0.004653474929909862,-0.004862088852746638,0.006730136472264342
577,23,1626.4042598629069,410.3814021646323,1626.4,410.38,-0.004259862906792478,-0.0014021646322817105,0.004484695936257904
577,24,1203.7669565985266,167.5285275350178,1203.77,167.53,0.003043401473405538,0.0014724649822142055,0.0033808942089592333
577,25,1343.7229467205518,220.3823066590241,1343.72,220.38,-0.0029467205517903494,-0.0023066590241000995,0.0037421702077545917
577,26,1475.920642690424,275.5338043518586,1475.92,275.53,-0.0006426904240015574,-0.0038043518586050595,0.0038582566069631855
577,27,1755.7619837662069,396.2914079850197,1755.76,396.29,-0.0019837662068766804,-0.0014079850196822008,0.0024326426328573993
577,31,462.70331263433,406.30216202083426,462.7,406.3,-0.0033126343300295957,-0.002162020834248324,0.003955740169957381
578,13,169.31540936113743,216.03429173708767,169.32,216.03,0.0045906388625667205,-0.0042917370876693894,0.0062843434339781915
578,14,173.25347457137343,354.7568325339215,173.25,354.76,-0.00347457137343099,0.0031674660784801745,0.004701647326989625
578,15,171.12332387646657,531.6720273823521,171.12,531.67,-0.003323876466566844,-0.002027382352139284,0.0038933833572822887
578,16,200.794475952784,968.2350280460962,200.79,968.24,-0.00447595278401991,0.004971953903805115,0.006689878843920756
578,17,1012.562646429958,235.66401770940973,1012.56,235.66,-0.0026464299580766237,-0.004017709409737336,0.004810985390135514
578,18,1129.704366813267,305.2768680279394,1129.7,305.28,-0.00436681326686994,0.003131972060600674,0.005373854026310591
578,19,1314.886868248138,415.0000258628069,1314.89,415.0,0.0031317518621563067,-2.586280692185028e-05,0.0031318586511688827
578,20,1535.9940239190455,549.0778065372322,1535.99,549.08,-0.00402391904549404,0.002193462767877463,0.004582925201086565
578,21,1344.0747208772646,345.34061738520546,1344.07,345.34,-0.004720877264617229,-0.0006173852054871531,0.004761076206020469
578,22,1357.7140098938025,281.40114656663957,1357.71,281.4,-0.004009893802503939,-0.0011465666395906737,0.004170595085402291
578,23,1627.0531948971802,410.53605162347424,1627.05,410.54,-0.0031948971802648884,0.00394837652578417,0.005079079166721858
578,24,1204.0752174488948,167.39639565126333,1204.08,167.4,0.004782551105108723,0.0036043487366725913,0.005988666369779667
578,25,1344.042210040414,220.28672999426806,1344.04,220.29,-0.002210040413956449,0.0032700057319345888,0.003946798210981385
578,26,1476.440482017818,275.4003532638939,1476.44,275.4,-0.00048201781805801147,-0.00035326389394185753,0.0005976090324688627
578,27,1756.5714878246552,396.46855598876476,1756.57,396.47,-0.0014878246552143537,0.0014440112352644974,0.002073352515187374
578,31,462.27748447574754,406.2266215156257,462.28,406.23,0.002515524252430623,0.0033784843743092097,0.004212127601583093
579,13,168.73655702085307,215.77571880281576,168.74,215.78,0.0034429791469392512,0.004281197184241137,0.005493883393066581
579,14,172.69010592853007,354.5676244004411,172.69,354.57,-0.00010592853007551639,0.0023755995588885526,0.0023779600748699385
579,15,170.59249290734994,532.0040205367641,170.59,532.0,-0.0024929073499322385,-0.004020536764073768,0.004730676793717252
579,16,200.345856964588,969.1762710345722,200.35,969.18,0.004143035411999563,0.0037289654277401496,0.005574040328734953
579,17,1012.6719848224685,235.4980132820573,1012.67,235.5,-0.001984822468557468,0.001986717942713767,0.00280830347640553
579,18,1129.7782751099503,305.20765102095453,1129.78,305.21,0.0017248900496724673,0.0023489790454505055,0.0029142663295286956
579,19,1315.1651511861035,415.0000193971052,1315.17,415.0,0.004848813896614956,-1.9397105177176854e-05,0.004848852694369625
579,20,1536.4955179392841,549.3083549029241,1536.5,549.31,0.004482060715872649,0.0016450970758796757,0.004774433228126319
579,21,1344.5560406579484,345.2554630389041,1344.56,345.26,0.003959342051530257,0.004536961095880088,0.006021661354356061
579,22,1358.035507420352,281.3008599249797,1358.04,281.3,0.004492579648058381,-0.0008599249796930053,0.0045741384833483546
579,23,1627.7898961728852,410.6520387176057,1627.79,410.65,0.00010382711479905993,-0.0020387176057283796,0.0020413597296102307
579,24,1204.306413086671,167.0472967384475,1204.31,167.05,0.0035869133289452293,0.002703261552511549,0.004491499777429817
579,25,1344.5316575303104,219.96504749570104,1344.53,219.97,-0.0016575303104673367,0.004952504298955773,0.005222519081946313
579,26,1477.0803615133636,275.3002649479204,1477.08,275.3,-0.00036151336371403886,-0.0002649479204137606,0.0004482067744639915
579,27,1757.4286158684913,396.60141699157356,1757.43,396.6,0.0013841315087574912,-0.0014169915735351424,0.0019808294103745754
579,31,461.95811335681066,406.41996613671927,461.96,406.42,0.0018866431893229674,3.3863280748391844e-05,0.001886947070164339
580,13,168.3024177656398,215.58178910211183,168.3,215.58,-0.002417765639791014,-0.0017891021118146,0.0030077362011076557
580,14,172.26757944639755,354.4257183003308,172.27,354.43,0.0024205536024624053,0.004281699669206773,0.004918539600295917
580,15,170.19436968051247,532.253015402573,170.19,532.25,-0.004369680512468221,-0.0030154025730553258,0.0053091204976562
580,16,200.009392723441,970.3822032759292,200.01,970.38,0.0006072765589806295,-0.002203275929218762,0.0022854342343113163
580,17,1012.7539886168514,235.37350996154296,1012.75,235.37,-0.003988616851415827,-0.003509961542960127,0.005313087089485485
580,18,1129.8337063324627,304.9057382657159,1129.83,304.91,-0.0037063324627979455,0.004261734284114027,0.005647944708757583
580,19,1315.6238633895775,415.00001454782887,1315.62,415.0,-0.0038633895776456484,-1.4547828868671786e-05,0.0038634169679165895
580,20,1537.1216384544632,549.481266177193,1537.12,549.48,-0.0016384544633183395,-0.0012661771929742827,0.0020706853243252633
580,21,1344.9170304934614,345.1915972791781,1344.92,345.19,0.0029695065386476927,-0.0015972791780995976,0.003371834790712903
580,22,1358.276630565264,281.2256449437348,1358.28,281.23,0.0033694347359869425,0.004355056265239909,0.005506324138068952
580,23,1628.3424221296639,410.4890290382043,1628.34,410.49,-0.0024221296639552747,0.0009709617957014416,0.002609497828649003
580,24,1204.2298098150031,166.78547255383563,1204.23,166.79,0.00019018499688172597,0.004527446164360072,0.004531438966180349
580,25,1344.6487431477328,219.7237856217758,1344.65,219.72,0.0012568522672609106,-0.0037856217757905597,0.003988810580995112
580,26,1477.3102711350227,274.97519871094033,1477.31,274.98,-0.00027113502278552915,0.004801289059685132,0.004808938639162809
580,27,1757.8214619013684,396.45106274368015,1757.82,396.45,-0.0014619013684296078,-0.0010627436801655676,0.001807368180739114
580,31,461.718585017608,406.31497460253945,461.72,406.31,0.0014149823920206472,-0.0049746025394483695,0.0051719286146673215
581,13,167.72681332422985,215.18634182658388,167.73,215.19,0.003186675770137981,0.0036581734161131862,0.004851508549548451
581,14,171.70068458479815,354.3192887252481,171.7,354.32,-0.0006845847981651332,0.0007112747518931428,0.0009872021670151703
581,15,169.64577726038436,532.4397615519298,169.65,532.44,0.004222739615642013,0.00023844807026307535,0.004229466555456449
581,16,199.50704454258076,971.286652456947,199.51,971.29,0.0029554574192331984,0.003347543052996116,0.004465509270907756
581,17,1013.0654914626385,235.03013247115723,1013.07,235.03,0.004508537361516574,-0.00013247115722947456,0.004510483094712643
581,18,1130.125279749347,304.67930369928695,1130.13,304.68,0.0047202506530084065,0.0006963007130593724,0.0047713311465704495
581,19,1316.2178975421832,415.00001091087165,1316.22,415.0,0.0021024578168180597,-1.091087165150384e-05,0.0021024861280445005
581,20,1537.8412288408474,549.6109496328947,1537.84,549.61,-0.0012288408474887547,-0.000949632894730712,0.0015530139932439476
581,21,1345.437772870096,345.1436979593836,1345.44,345.14,0.0022271299039857695,-0.003697959383600846,0.0043168288374672925
581,22,1358.707472923948,280.9192337078011,1358.71,280.92,0.0025270760520470503,0.0007662921989322058,0.00264070390369198
581,23,1629.006816597248,410.36677177865323,1629.01,410.37,0.0031834027520289965,0.0032282213467738075,0.004533813642552138
581,24,1204.6723573612524,166.3391044153767,1204.67,166.34,-0.0023573612522795884,0.0008955846232936437,0.0025217501643162842
581,25,1345.2365573607997,219.29283921633186,1345.24,219.29,0.0034426392003297224,-0.002839216331864236,0.004462388826936922
581,26,1477.982703351267,274.73139903320526,1477.98,274.73,-0.0027033512669731863,-0.0013990332052458143,0.003043912282248933
581,27,1758.6160964260262,396.3382970577601,1758.62,396.34,0.00390357397373009,0.0017029422398877614,0.004258861589765142
581,31,461.28893876320603,406.4862309519046,461.29,406.49,0.0010612367939870637,0.0037690480954211125,0.003915603028718496
582,13,166.7951099931724,214.8897563699379,166.8,214.89,0.004890006827622528,0.00024363006207295257,0.0048960721380858566
582,14,170.7755134385986,354.2394665439361,170.78,354.24,0.004486561401392919,0.0005334560639198571,0.004518164293228131
582,15,168.73433294528826,532.5798211639474,168.73,532.58,-0.004332945288268775,0.0001788360526688848,0.004336634317632139
582,16,198.38028340693558,971.7149893427102,198.38,971.71,-0.0002834069355799329,-0.004989342710132405,0.004997385333380465
582,17,1013.2991185969789,234.77259935336792,1013.3,234.77,0.0008814030210260171,-0.0025993533679127268,0.0027447238871611524
582,18,1130.3439598120103,304.5094777744652,1130.34,304.51,-0.003959812010407404,0.0005222255347803184,0.003994099481352877
582,19,1316.6634231566375,415.00000818315374,1316.66,415.0,-0.003423156637381908,-8.18315373862788e-06,0.003423166418399333
582,20,1538.3809216306356,549.9582122246711,1538.38,549.96,-0.0009216306355028792,0.0017877753289212706,0.002011353687196013
582,21,1345.828329652572,345.1077734695377,1345.83,345.11,0.0016703474279893271,0.0022265304623374504,0.002783432849900852
582,22,1359.2806046929609,280.6894252808508,1359.28,280.69,-0.0006046929609055951,0.0005747191491991543,0.0008342395803514572
582,23,1630.005112447936,410.52507883398994,1630.01,410.53,0.004887552064019474,0.004921166010035449,0.006935851791728918
582,24,1205.2542680209392,166.00432831153253,1205.25,166.0,-0.0042680209392074175,-0.004328311532532325,0.0060786744821684025
582,25,1345.9274180205998,218.96962941224888,1345.93,218.97,0.0025819794002472918,0.0003705877511208655,0.0026084387868190785
582,26,1478.7370275134504,274.54854927490396,1478.74,274.55,0.002972486549651876,0.0014507250960491547,0.0033076093469707308
582,27,1759.7120723195196,396.2537227933201,1759.71,396.25,-0.002072319519584198,-0.0037227933200938423,0.004260715702248276
582,31,460.4667040724045,406.3646732139284,460.47,406.36,0.003295927595502235,-0.0046732139284131335,0.00571857212383543
583,13,166.09633249487928,214.66731727745344,166.1,214.67,0.0036675051207168963,0.0026827225465524407,0.004543962375753729
583,14,170.08163507894895,354.1795999079521,170.08,354.18,-0.0016350789489365525,0.000400092047925682,0.0016833172060157964
583,15,167.80074970896618,532.6848658729605,167.8,532.68,-0.0007497089661683276,-0.004865872960522211,0.004923289875875111
583,16,197.53521255520167,972.2862420070326,197.54,972.29,0.004787444798324714,0.003757992967393875,0.00608622533595234
583,17,1013.4743389477342,234.57944951502594,1013.47,234.58,-0.004338947734140675,0.0005504849740702866,0.004373728517670211
583,18,1130.7579698590077,304.3821083308489,1130.76,304.38,0.002030140992246743,-0.0021083308488982766,0.0029268637509827335
583,19,1316.997567367478,415.0000061373653,1317.0,415.0,0.0024326325219590217,-6.137365289760055e-06,0.002432640264022901
583,20,1539.0356912229768,550.2186591685033,1539.04,550.22,0.004308777023197763,0.001340831496690953,0.004512581139232343
583,21,1346.371247239429,345.08083010215324,1346.37,345.08,-0.0012472394291762612,-0.0008301021532588493,0.0014982242083669934
583,22,1359.7104535197207,280.5170689606381,1359.71,280.52,-0.0004535197206223529,0.002931039361897092,0.0029659183869391093
583,23,1630.753834335952,410.64380912549245,1630.75,410.64,-0.0038343359519785736,-0.003809125492466592,0.005404772817611698
583,24,1205.6907010157045,165.7532462336494,1205.69,165.75,-0.0007010157044078369,-0.0032462336494063493,0.0033210624692053717
583,25,1346.44556351545,218.72722205918666,1346.45,218.73,0.004436484550069508,0.00277794081333127,0.005234438873974654
583,26,1479.3027706350877,274.411411956178,1479.3,274.41,-0.002770635087699702,-0.0014119561779466494,0.0031096686379153723
583,27,1760.5340542396398,396.44029209499007,1760.53,396.44,-0.004054239639799562,-0.0002920949900726555,0.004064748275126964
583,31,459.8500280543034,406.5235049104463,459.85,406.52,-2.8054303356839227e-05,-0.003504910446338272,0.0035050227218647216
584,13,165.32224937115944,214.50048795809008,165.32,214.5,-0.002249371159450675,-0.0004879580900762903,0.0023016893167061825
584,14,169.31122630921172,354.1346999309641,169.31,354.13,-0.0012263092117166252,-0.004699930964079613,0.004857281683190236
584,15,166.85056228172465,532.7636494047204,166.85,532.76,-0.0005622817246546674,-0.0036494047203632363,0.0036924674068825707
584,16,196.65140941640124,972.9646815052745,196.65,972.96,-0.001409416401230601,-0.0046815052744477725,0.004889063941772508
584,17,1013.6057542108006,234.43458713626944,1013.61,234.43,0.004245789199444516,-0.004587136269435632,0.006250483587730757
584,18,1131.0684773942558,304.28658124813666,1131.07,304.29,0.0015226057441850571,0.0034187518633643776,0.0037424848103209097
584,19,1317.4981755256085,415.00000460302397,1317.5,415.0,0.0018244743914692663,-4.603023967320041e-06,0.0018244801980171759
584,20,1539.5267684172327,550.4139943763776,1539.53,550.41,0.0032315827672846353,-0.003994376377590925,0.005137914929975721
584,21,1346.7784354295718,345.06062257661495,1346.78,345.06,0.0015645704281723738,-0.000622576614944137,0.0016838890302471792
584,22,1360.2828401397906,280.3878017204786,1360.28,280.39,-0.0028401397905781778,0.0021982795213943973,0.0035914936842778153
584,23,1631.565375751964,410.73285684411934,1631.57,410.73,0.004624248035952405,-0.002856844119321522,0.005435552246102657
584,24,1206.0180257617783,165.56493467523705,1206.02,165.56,0.0019742382216918486,-0.004934675237052488,0.005314944614120454
584,25,1347.0841726365875,218.54541654438998,1347.08,218.55,-0.004172636587554734,0.004583455610031706,0.006198303108184654
584,26,1479.9770779763157,274.3085589671335,1479.98,274.31,0.0029220236842775194,0.0014410328665235284,0.0032580359319503804
584,27,1761.4005406797298,396.58021907124254,1761.4,396.58,-0.0005406797297382582,-0.00021907124255449162,0.000583375333266847
584,31,459.1375210407275,406.64262868283475,459.14,406.64,0.002478959272480097,-0.0026286828347679148,0.003613199762041746
585,13,164.4916870283696,214.37536596856756,164.49,214.38,-0.0016870283695880062,0.004634031432431129,0.004931562839157022
585,14,168.48341973190878,354.1010249482231,168.48,354.1,-0.0034197319087923006,-0.0010249482230619833,0.0035700259365962802
585,15,165.88792171129347,532.8227370535403,165.89,532.82,0.002078288706513831,-0.002737053540272427,0.003436676596646935
585,16,195.4885570623009,973.4735111289558,195.49,973.47,0.0014429376990960918,-0.003511128955778986,0.003796063190672984
585,17,1013.7043156581004,234.32594035220208,1013.7,234.33,-0.00431565810038137,0.0040596477979306655,0.00592500169473652
585,18,1131.3013580456918,304.2149359361025,1131.3,304.21,-0.0013580456918589334,-0.004935936102526739,0.005119350867971785
585,19,1317.8736316442064,415.00000345226795,1317.87,415.0,-0.0036316442065071897,-3.4522679470683215e-06,0.0036316458473825905
585,20,1540.1450763129246,550.5604957822832,1540.15,550.56,0.004923687075461203,-0.000495782283223889,0.0049485850997454195
585,21,1347.3338265721789,345.0454669324612,1347.33,345.05,-0.0038265721789230156,0.004533067538829982,0.005932230267960082
585,22,1360.9621301048428,280.29085129035894,1360.96,280.29,-0.002130104842763103,-0.0008512903589235066,0.0022939141039626867
585,23,1632.424031813973,410.7996426330895,1632.42,410.8,-0.004031813972915188,0.0003573669105207955,0.004047620908747425
585,24,1206.5135193213337,165.1737010064278,1206.51,165.17,-0.0035193213336697227,-0.003701006427803577,0.00510715882152359
585,25,1347.8131294774407,218.40906240829247,1347.81,218.41,-0.0031294774407797377,0.0009375917075260531,0.0032669109663979084
585,26,1480.7328084822368,274.2314192253501,1480.73,274.23,-0.002808482236787313,-0.00141922535010508,0.003146708291013127
585,27,1762.5504055097974,396.6851643034319,1762.55,396.69,-0.0004055097974742239,0.004835696568079584,0.004852669316405585
585,31,458.60314078054563,406.73197151212605,458.6,406.73,-0.003140780545606958,-0.0019715121260333035,0.0037082829582920853
586,13,163.8687652712772,214.03152447642566,163.87,214.03,0.0012347287228067216,-0.0015244764256578947,0.0019617806685026202
586,14,167.8625647989316,354.0757687111673,167.86,354.08,-0.00256479893158712,0.004231288832670543,0.004947928732808597
586,15,165.1659412834701,532.8670527901552,165.17,532.87,0.0040587165298973105,0.002947209844819554,0.005015897301526713
586,16,194.61641779672567,973.8551333467169,194.62,973.86,0.003582203274334006,0.004866653283102096,0.006042887925204114
586,17,1014.0282367435753,234.24445526415155,1014.03,234.24,0.00176325642462416,-0.00445526415154518,0.004791497874258316
586,18,1131.7260185342689,304.1612019520769,1131.73,304.16,0.003981465731158096,-0.0012019520768831171,0.0041589371434911
586,19,1318.4052237331548,415.00000258920096,1318.41,415.0,0.004776266845283317,-2.589200960301241e-06,0.004776267547082581
586,20,1540.8588072346934,550.9203718367123,1540.86,550.92,0.0011927653065413324,-0.0003718367123610733,0.0012493804933438532
586,21,1347.7503699291342,345.03410019934586,1347.75,345.03,-0.00036992913419453544,-0.004100199345884903,0.004116853439256844
586,22,1361.471597578632,280.2181384677692,1361.47,280.22,-0.0015975786320723273,0.0018615322308050963,0.002453071489374145
586,23,1633.3180238604798,410.84973197481713,1633.32,410.85,0.0019761395201385312,0.0002680251828905966,0.0019942329105991814
586,24,1206.8851394910002,164.88027575482084,1206.89,164.88,0.004860508999854574,-0.0002757548208478511,0.004868325015740849
586,25,1348.3598471080804,218.30679680621935,1348.36,218.31,0.00015289191946976644,0.0032031937806493715,0.003206840553477825
586,26,1481.5496063616777,274.17356441901256,1481.55,274.17,0.00039363832229355467,-0.0035644190125481146,0.00358608895954807
586,27,1763.6628041323481,396.7638732275739,1763.66,396.76,-0.0028041323480465508,-0.003873227573933491,0.00478174132140581
586,31,458.20235558540924,406.5489786340945,458.2,406.55,-0.002355585409247851,0.0010213659055011703,0.0025674833851812152
587,13,163.1515739534579,213.77364335731926,163.15,213.77,-0.001573953457892685,-0.0036433573192482527,0.003968801083870563
587,14,167.14692359919871,354.0568265333755,167.15,354.06,0.0030764008012909017,0.0031734666245029075,0.004419856593490017
587,15,164.37445596260255,532.9002895926164,164.37,532.9,-0.00445596260254888,-0.000289592616468326,0.0044653629862338355
587,16,193.96231334754424,974.1413500100377,193.96,974.14,-0.002313347544230737,-0.0013500100377541457,0.0026784517846015696
587,17,1014.2711775576815,234.18334144811365,1014.27,234.18,-0.001177557681558028,-0.003341448113644674,0.003542868553810015
587,18,1132.0445139007015,304.1209014640577,1132.04,304.12,-0.0045139007015677635,-0.0009014640576765487,0.004603035627810914
587,19,1318.8039177998662,415.00000194190073,1318.8,415.0,-0.003917799866258065,-1.9419007344367856e-06,0.003917800347520299
587,20,1541.64410542602,551.1902788775342,1541.64,551.19,-0.004105426019805236,-0.0002788775341286964,0.00411488705593915
587,21,1348.3127774468508,345.0255751495094,1348.31,345.03,-0.002777446850814158,0.004424850490579502,0.005224319369360868
587,22,1362.103698183974,280.1636038508269,1362.1,280.16,-0.0036981839741656586,-0.0036038508268916303,0.00516374916986323
587,23,1634.2385178953598,410.88729898111285,1634.24,410.89,0.0014821046402175853,0.002701018887137252,0.0030809312217617998
587,24,1207.4138546182503,164.66020681611565,1207.41,164.66,-0.0038546182502159354,-0.00020681611565009916,0.0038601625303334515
587,25,1349.0198853310603,218.2300976046645,1349.02,218.23,0.00011466893965916825,-9.760466451780303e-05,0.00015058431610958308
587,26,1482.4122047712583,274.1301733142594,1482.41,274.13,-0.002204771258220717,-0.0001733142594275705,0.0022115727737510903
587,27,1764.997103099261,396.82290492068046,1765.0,396.82,0.0028969007389605395,-0.002904920680464329,0.00410251118842831
587,31,457.9017666890569,406.4117339755709,457.9,406.41,-0.0017666890569216775,-0.0017339755708576376,0.002475451777792869
588,13,162.8636804650934,213.58023251798943,162.86,213.58,-0.0036804650933959238,-0.00023251798941714696,0.003687802586786399
588,14,166.61019269939902,354.04261990003164,166.61,354.04,-0.00019269939900823374,-0.002619900031618272,0.0026269772047072576
588,15,164.03084197195193,533.1752171944623,164.03,533.18,-0.0008419719519281443,0.004782805537615786,0.004856351055935096
588,16,193.47173501065816,974.8560125075282,193.47,974.86,-0.0017350106581659475,0.003987492471765108,0.004348604166434656
588,17,1014.4533831682611,233.88750608608524,1014.45,233.89,-0.0033831682610525604,0.0024939139147477363,0.004203026778021499
588,18,1132.5333854255261,304.0906760980433,1132.53,304.09,-0.0033854255261758226,-0.0006760980433000441,0.0034522767208665346
588,19,1319.3529383498997,415.00000145642554,1319.35,415.0,-0.002938349899750392,-1.4564255366167345e-06,0.0029383502606970605
588,20,1542.483079069515,551.3927091581506,1542.48,551.39,-0.0030790695150244574,-0.002709158150651092,0.004101244562762892
588,21,1348.9845830851382,345.01918136213203,1348.98,345.02,-0.004583085138165188,0.0008186378679511108,0.004655624269903464
588,22,1362.5777736379805,280.1227028881202,1362.58,280.12,0.002226362019428052,-0.0027028881202113553,0.003501755564275072
588,23,1634.9288884215198,410.9154742358346,1634.93,410.92,0.0011115784802768758,0.004525764165407509,0.00466027338239951
588,24,1207.8103909636877,164.49515511208674,1207.81,164.5,-0.00039096368777791213,0.004844887913264984,0.004860636943576638
588,25,1349.5149139982952,218.1725732034984,1349.51,218.17,-0.004913998295251076,-0.0025732034984002894,0.00554695912098782
588,26,1483.0591535784438,274.09762998569454,1483.06,274.1,0.0008464215561616584,0.002370014305483892,0.002516624179120398
588,27,1765.7478273244458,396.86717869051034,1765.75,396.87,0.0021726755542204046,0.0028213094896614166,0.0035609417715487157
588,31,457.6763250167927,406.5588004816782,457.68,406.56,0.0036749832073041944,0.0011995183218118655,0.0038657917401652897
589,13,162.64776034882004,213.43517438849207,162.65,213.44,0.0022396511799627206,0.004825611507925487,0.0053200153978472
589,14,166.20764452454927,354.0319649250237,166.21,354.03,0.002355475450741551,-0.0019649250237421256,0.0030674411074989045
589,15,163.77313147896393,533.3814128958468,163.77,533.38,-0.0031314789639225182,-0.0014128958467836128,0.0034354672426538477
589,16,193.3538012579936,975.6420093806462,193.35,975.64,-0.0038012579936150814,-0.002009380646200043,0.00429967125665973
589,17,1014.5900373761958,233.66562956456391,1014.59,233.67,-3.7376195791694045e-05,0.004370435436072739,0.004370595254755601
589,18,1132.9000390691447,304.06800707353244,1132.9,304.07,-3.9069144577297266e-05,0.001992926467551115,0.0019933093846976604
589,19,1319.7647037624247,415.00000109231917,1319.76,415.0,-0.0047037624246968335,-1.0923191666734056e-06,0.0047037625515273405
589,20,1543.1123093021363,551.5445318686129,1543.11,551.54,-0.00230930213638203,-0.0045318686129576236,0.005086325734969111
589,21,1349.4884373138536,345.014386021599,1349.49,345.01,0.0015626861463715613,-0.004386021599032119,0.00465608993246886
589,22,1363.1833302284854,280.09202716609013,1363.18,280.09,-0.0033302284853107267,-0.0020271660901585165,0.003898695181911962
589,23,1635.4466663161397,410.93660567687596,1635.45,410.94,0.00333368386031907,0.0033943231240414207,0.004757612589414376
589,24,1208.1077932227658,164.12136633406504,1208.11,164.12,0.0022067772340506053,-0.0013663340650396094,0.0025955220164760122
589,25,1349.8861854987215,217.8794299026238,1349.89,217.88,0.003814501278611715,0.0005700973761975092,0.0038568680328574497
589,26,1483.5443651838327,273.8232224892709,1483.54,273.82,-0.004365183832760522,-0.0032224892709109554,0.005425796438766392
589,27,1766.5608704933343,396.90038401788274,1766.56,396.9,-0.0008704933343324228,-0.0003840178827658747,0.0009514349054986181
589,31,457.5072437625945,406.66910036125864,457.51,406.67,0.0027562374054923566,0.00089963874137311,0.0028993438051418863
590,13,162.48582026161503,213.32638079136905,162.49,213.33,0.004179738384976872,0.0036192086309654314,0.005528913462996481
590,14,166.15573339341194,354.0239736937678,166.16,354.02,0.004266606588060995,-0.003973693767818531,0.0058304522927201214
590,15,163.57984860922295,533.5360596718851,163.58,533.54,0.00015139077706294302,0.003940328114822478,0.003943235323923768
590,16,193.0153509434952,976.2315070354846,193.02,976.23,0.004649056504803184,-0.001507035484564767,0.004887216215453349
590,17,1014.9425280321468,233.74922217342294,1014.94,233.75,-0.0025280321467562317,0.0007778265770639337,0.0026449878485580833
590,18,1133.4250293018586,304.0510053051493,1133.43,304.05,0.004970698141505636,-0.0010053051493059684,0.005071338921546132
590,19,1320.5735278218185,415.2500008192394,1320.57,415.25,-0.0035278218185794685,-8.192394034267636e-07,0.0035278219137023555
590,20,1543.8342319766023,551.9083989014597,1543.83,551.91,-0.004231976602341092,0.0016010985402772349,0.004524725682120447
590,21,1350.1163279853902,345.0107895161993,1350.12,345.01,0.003672014609719554,-0.0007895161992905741,0.0037559322575009364
590,22,1363.8874976713641,280.0690203745676,1363.89,280.07,0.002502328635955564,0.0009796254324214715,0.002687250377276034
590,23,1636.3349997371047,410.952454257657,1636.33,410.95,-0.004999737104753876,-0.0024542576570070196,0.005569627614448767
590,24,1208.5808449170745,164.0910247505488,1208.58,164.09,-0.0008449170745734591,-0.001024750548793918,0.0013281560714611849
590,25,1350.414639124041,217.90957242696786,1350.41,217.91,-0.004639124040977549,0.0004275730321410265,0.004658786383318099
590,26,1484.1582738878747,273.8674168669532,1484.16,273.87,0.001726112125425061,0.002583133046812236,0.0031067731502433336
590,27,1767.4206528700006,396.92528801341206,1767.42,396.93,-0.0006528700005219434,0.004711986587949468,0.0047570008243216855
590,31,457.3804328219459,406.751825270944,457.38,406.75,-0.0004328219458784588,-0.0018252709439821047,0.0018758861521369944
591,13,162.61436519621128,212.99478559352679,162.61,212.99,-0.00436519621126763,-0.004785593526776211,0.006477410236073337
591,14,166.11680004505894,353.76798027032584,166.12,353.77,0.0031999549410670625,0.002019729674145765,0.003784048041645939
591,15,163.6848864569172,533.6520447539139,163.68,533.65,-0.004886456917205351,-0.002044753913878594,0.005297025558936435
591,16,193.01151320762142,976.9236302766135,193.01,976.92,-0.0015132076214285917,-0.0036302766135349884,0.003933027535668755
591,17,1015.4568960241102,233.5619166300672,1015.46,233.56,0.0031039758898714354,-0.001916630067199776,0.003648031954273069
591,18,1134.068771976394,304.038253978862,1134.07,304.04,0.001228023606017814,0.0017460211380466717,0.0021346268506328664
591,19,1321.430145866364,415.43750061442955,1321.43,415.44,-0.00014586636393687513,0.002499385570445156,0.002503638397588123
591,20,1544.8756739824516,552.1812991760947,1544.88,552.18,0.004326017548464733,-0.0012991760947898001,0.004516889012904579
591,21,1350.8372459890427,345.00809213714945,1350.84,345.01,0.002754010957232822,0.0019078628505440065,0.0033503010326005555
591,22,1364.665623253523,280.0517652809257,1364.67,280.05,0.004376746476964399,-0.0017652809256674118,0.0047193353843677475
591,23,1637.2512498028286,410.9643406932428,1637.25,410.96,-0.0012498028286245244,-0.0043406932427956235,0.004517037185865249
591,24,1209.1856336878059,163.8182685629116,1209.19,163.82,0.004366312194179045,0.0017314370883809715,0.004697079578637965
591,25,1351.0609793430308,217.68217932022588,1351.06,217.68,-0.0009793430308491224,-0.0021793202258777455,0.0023892570851611118
591,26,1484.8687054159059,273.9005626502149,1484.87,273.9,0.0012945840940119524,-0.0005626502149311818,0.0014115676536499598
591,27,1768.5654896525004,396.94396601005906,1768.57,396.94,0.004510347499490308,-0.003966010059059499,0.006006036159957714
591,31,457.53532461645943,406.563868953208,457.54,406.56,0.004675383540586608,-0.0038689532079843048,0.006068608586583931
592,13,162.71077389715845,212.7460891951451,137.8,208.6,-24.910773897158435,-4.146089195145095,25.25344950238381
592,14,166.08760003379422,353.5759852027444,159.9,365.0,-6.187600033794212,11.424014797255609,12.992094067783118
592,15,163.76366484268792,533.7390335654354,183.4,545.1,19.63633515731209,11.360966434564602,22.68605776104774
592,16,193.00863490571606,977.1927227074601,231.3,993.8,38.29136509428395,16.607277292539834,41.73763649100241
592,17,1015.8426720180826,233.6714374725504,1015.84,233.67,-0.0026720180825350326,-0.0014374725504069374,0.0030341403999432225
592,18,1134.5515789822955,304.02869048414647,1134.55,304.03,-0.0015789822955412092,0.001309515853506582,0.0020513451343490835
592,19,1322.072609399773,415.57812546082215,1289.5,414.5,-32.572609399773,-1.0781254608221502,32.5904470300647
592,20,1545.6567554868388,552.385974382071,1487.8,550.3,-57.85675548683889,-2.085974382071072,57.8943472593527
592,21,1351.627934491782,345.00606910286206,1351.63,345.01,0.0020655082180383033,0.003930897137934153,0.004440526602532934
592,22,1365.2492174401423,280.03882396069423,1378.9,275.8,13.650782559857817,-4.238823960694219,14.293757136116234
592,23,1637.9384373521216,411.2232555199321,1636.9,400.7,-1.0384373521214911,-10.523255519932093,10.574368012891473
592,24,1209.8892252658543,163.8637014221837,1243.6,146.0,33.710774734145616,-17.86370142218371,38.151384793703606
592,25,1351.7957345072732,217.7616344901694,1370.7,203.0,18.904265492726836,-14.7616344901694,23.98493499346749
592,26,1485.6515290619295,273.9254219876612,1498.3,258.2,12.648470938070432,-15.725421987661207,20.180998829622652
592,27,1769.1741172393754,397.2079745075443,1780.7,380.4,11.525882760624654,-16.807974507544316,20.380235044226655
592,31,457.40149346234455,406.672901714906,481.2,425.3,23.79850653765544,18.627098285094007,30.2214775275032
593,13,163.03308042286884,212.55956689635883,163.03,212.56,-0.003080422868833921,0.0004331036411713285,0.0031107207870252297
593,14,166.56570002534568,353.68198890205827,166.57,353.68,0.0042999746543159745,-0.0019889020582581907,0.004737669619665712
593,15,164.07274863201593,533.8042751740766,164.07,533.8,-0.0027486320159368915,-0.0042751740766107105,0.005082528046588384
593,16,193.50647617928706,977.6445420305951,193.51,977.64,0.0035238207129282273,-0.00454203059507563,0.005748682835525464
593,17,1016.632004013562,233.75357810441278,1016.63,233.75,-0.0020040135619865396,-0.003578104412781613,0.004101085410643532
593,18,1135.4136842367216,304.27151786310986,1135.41,304.27,-0.003684236721483103,-0.0015178631098820006,0.003984659162370757
593,19,1322.8044570498298,415.9335940956166,1322.8,415.93,-0.004457049829852622,-0.003594095616620052,0.005725628043035695
593,20,1546.4925666151291,552.7894807865532,1546.49,552.79,-0.0025666151291261485,0.0005192134467506548,0.0026186057023435067
593,21,1352.4709508688366,345.00455182714654,1352.47,345.0,-0.0009508688365258422,-0.004551827146542564,0.0046500840762590335
593,22,1365.9369130801067,280.0291179705207,1365.94,280.03,0.0030869198933487496,0.0008820294792712957,0.0032104595356826798
593,23,1638.7038280140912,411.41744163994906,1638.7,411.42,-0.0038280140911410854,0.0025583600509548887,0.004604226105687753
593,24,1210.6669189493907,163.8977760666378,1210.67,163.9,0.003081050609353042,0.0022239333622167123,0.0037998358460564164
593,25,1352.5968008804548,217.82122586762705,1352.6,217.82,0.0031991195451155363,-0.0012258676270562319,0.0034259476503596363
593,26,1486.488646796447,273.9440664907459,1486.49,273.94,0.0013532035529806308,-0.004066490745913143,0.004285732941096148
593,27,1769.8805879295314,397.4059808806582,1769.88,397.41,-0.0005879295313206967,0.0040191193418195326,0.004061893821555021
593,31,457.8011200967584,406.7546762861795,457.8,406.75,-0.0011200967583704369,-0.004676286179517319,0.0048085620699806556
594,13,163.02481031715163,212.41967517226914,163.02,212.42,-0.004810317151623167,0.00032482773085007466,0.0048212720472847435
594,14,166.67427501900926,353.7614916765437,166.67,353.76,-0.004275019009270409,-0.0014916765437078539,0.004527790459006639
594,15,164.30456147401196,534.1032063805574,164.3,534.1,-0.004561474011950395,-0.003206380557344346,0.005575654350855572
594,16,194.12985713446528,978.4834065229463,194.13,978.48,0.00014286553471265506,-0.0034065229463067226,0.0034095174357558237
594,17,1017.4740030101715,233.5651835783096,1017.47,233.57,-0.004003010171459209,0.004816421690406969,0.006262747666370458
594,18,1136.3102631775412,304.2036383973324,1136.31,304.2,-0.00026317754122828774,-0.003638397332395016,0.0036479031739598206
594,19,1324.1033427873724,415.95019557171247,1324.1,415.95,-0.003342787372503153,-0.00019557171248152372,0.0033485035034309715
594,20,1547.8694249613468,553.0921105899149,1547.87,553.09,0.0005750386530962714,-0.0021105899148778917,0.0021875235407508285
594,21,1353.6032131516274,345.0034138703599,1353.6,345.0,-0.0032131516275057947,-0.003413870359906923,0.004688161069715306
594,22,1366.95268481008,280.0218384778905,1366.95,280.02,-0.002684810079927047,-0.0018384778905442545,0.003253952384300964
594,23,1640.0278710105683,411.56308122996177,1640.03,411.56,0.0021289894316396385,-0.003081229961765075,0.0037452068136902767
594,24,1211.500189212043,163.67333204997834,1211.5,163.67,-0.00018921204309663153,-0.0033320499783542346,0.003337417902436441
594,25,1353.697600660341,217.6159194007203,1353.7,217.62,0.002399339658950339,0.0040805992797174895,0.004733721715589418
594,26,1487.6164850973353,273.95804986805945,1487.62,273.96,0.0035149026646195125,0.0019501319405321738,0.004019646169407593
594,27,1771.1604409471486,397.55448566049364,1771.16,397.55,-0.0004409471484905225,-0.004485660493628529,0.004507281270551203
594,31,458.10084007256876,406.8160072146346,458.1,406.82,-0.0008400725687351951,0.0039927853653694,0.004080203045762478
595,13,163.26860773786373,212.31475637920187,137.4,207.1,-25.868607737863726,-5.214756379201873,26.38898539902377
595,14,166.75570626425696,353.82111875740776,158.5,365.2,-8.255706264256958,11.378881242592229,14.05829378888878
595,15,164.47842110550897,534.077404785418,183.1,545.5,18.621578894491023,11.422595214581975,21.845797810103996
595,16,194.59739285084896,979.1125548922098,230.9,994.6,36.302607149151044,15.487445107790222,39.468218122844206
595,17,1018.1055022576286,233.42388768373218,1023.5,233.4,5.3944977423714136,-0.023887683732169762,5.394550631320867
595,18,1137.232697383156,304.1527287979993,1134.5,303.5,-2.732697383155937,-0.6527287979993162,2.809571118808872
595,19,1325.0775070905293,415.9626466787844,1293.2,416.0,-31.877507090529207,0.03735332121561896,31.877528975398103
595,20,1549.15206872101,553.3190829424361,1496.2,554.7,-52.95206872100994,1.38091705756392,52.97007186850354
595,21,1354.4524098637205,345.0025604027699,1346.3,342.3,-8.15240986372055,-2.7025604027699046,8.588691362291925
595,22,1367.96451360756,280.0163788584179,1382.9,271.2,14.935486392439998,-8.81637885841792,17.343508582576906
595,23,1641.0209032579262,411.6723109224713,1634.2,401.5,-6.8209032579261475,-10.172310922471297,12.247474464452514
595,24,1212.1251419090322,163.50499903748374,1248.1,144.5,35.9748580909677,-19.004999037483742,40.68636630469747
595,25,1354.5232004952559,217.46193955054022,1371.5,200.5,16.976799504744122,-16.961939550540222,23.998314831263897
595,26,1488.4623638230014,273.9685374010446,1501.4,257.0,12.937636176998694,-16.968537401044614,21.33808078012255
595,27,1772.3703307103615,397.66586424537024,1784.6,385.4,12.229669289638423,-12.265864245370267,17.32097678018702
595,31,458.3256300544266,406.86200541097594,482.2,420.3,23.87436994557339,13.437994589024072,27.39644573430536
596,13,163.4514558033978,212.2360672844014,139.6,207.1,-23.851455803397812,-5.136067284401406,24.398178847843084
596,14,167.0667796981927,353.61583906805583,162.9,359.8,-4.166779698192698,6.184160931944177,7.456936333740252
596,15,164.60881582913174,534.0580535890635,184.3,545.5,19.69118417086827,11.441946410936453,22.7741272439098
596,16,194.6980446381367,979.3344161691573,232.0,998.0,37.30195536186329,18.665583830842706,41.71138805607718
596,17,1019.0791266932215,233.56791576279915,1023.2,233.6,4.120873306778549,0.03208423720084852,4.120998205386255
596,18,1138.424523037367,304.1145465984995,1136.3,303.1,-2.1245230373669983,-1.0145465984994644,2.3543370482643153
596,19,1326.308130317897,415.97198500908826,1299.4,416.0,-26.90813031789685,0.028014990911742643,26.908144901583896
596,20,1550.8640515407574,553.4893122068271,1499.1,552.5,-51.764051540757464,-0.9893122068270941,51.773504522649155
596,21,1355.8393073977904,345.00192030207745,1351.3,341.9,-4.5393073977904805,-3.101920302077474,5.497928811113853
596,22,1369.2233852056702,280.0122841438134,1383.7,271.7,14.476614794329862,-8.312284143813429,16.693305352472958
596,23,1642.5156774434447,411.7542331918535,1643.6,401.4,1.0843225565552075,-10.354233191853496,10.410854931173283
596,24,1213.3438564317742,163.62874927811282,1248.6,143.9,35.25614356822575,-19.728749278112815,40.40073275798328
596,25,1355.642400371442,217.59645466290516,1376.4,204.1,20.757599628558182,-13.496454662905165,24.75948769274868
596,26,1489.846772867251,273.97640305078346,1504.4,255.3,14.553227132749043,-18.67640305078345,23.67708704407483
596,27,1773.7777480327711,397.74939818402765,1787.2,383.2,13.42225196722893,-14.549398184027666,19.794995210637673
596,31,458.4942225408199,406.8965040582319,479.2,420.4,20.70577745918007,13.503495941768051,24.719903374374983
597,13,163.58859185254835,212.17705046330104,163.59,212.18,0.00140814745165585,0.002949536698963584,0.003268431731601237
597,14,167.05008477364453,353.4618793010419,167.05,353.46,-8.477364451664471e-05,-0.0018793010419244638,0.0018812121031353721
597,15,164.7066118718488,534.0435401917977,164.71,534.04,0.0033881281512151418,-0.0035401917976969344,0.004900241864799857
597,16,194.77353347860253,980.0008121268679,194.77,980.0,-0.0035334786025202902,-0.0008121268679133209,0.003625606305717079
597,17,1020.3093450199161,233.42593682209935,1020.31,233.43,0.0006549800838229203,0.004063177900661685,0.00411563039674728
597,18,1139.5683922780252,304.0859099488746,1139.57,304.09,0.001607721974778542,0.004090051125388072,0.0043946886302073844
597,19,1327.7310977384227,415.9789887568162,1327.73,415.98,-0.0010977384226862341,0.0010112431838251723,0.0014925288678864918
597,20,1552.6480386555681,553.6169841551203,1552.65,553.62,0.0019613444319475093,0.0030158448796555604,0.0035975258607654453
597,21,1357.3794805483428,345.0014402265581,1357.38,345.0,0.0005194516572828434,-0.0014402265580883977,0.0015310396999676545
597,22,1370.6675389042525,280.0092131078601,1370.67,280.01,0.002461095747548825,0.0007868921398994644,0.0025838327187413792
597,23,1644.1367580825836,411.8156748938901,1644.14,411.82,0.003241917416517026,0.004325106109888566,0.005405235554285477
597,24,1214.5078923238307,163.47156195858463,1214.51,163.47,0.002107676169316619,-0.0015619585846309292,0.002623359192868455
597,25,1356.9818002785814,217.44734099717886,1356.98,217.45,-0.0018002785814132949,0.002659002821133072,0.003211121139647195
597,26,1491.3850796504382,273.98230228808757,1491.39,273.98,0.004920349561871262,-0.0023022880875487317,0.005432344820524146
597,27,1775.5833110245783,397.81204863802077,1775.58,397.81,-0.003311024578351862,-0.0020486380207671573,0.0038935589758706496
597,31,458.87066690561494,406.6723780436739,458.87,406.67,-0.0006669056149348762,-0.0023780436739002653,0.0024697884148664915
598,13,163.44144388941126,211.88278784747578,163.44,211.88,-0.0014438894112629441,-0.0027878474757869753,0.003139571655530267
598,14,167.03756358023338,353.34640947578146,167.04,353.35,0.0024364197666102427,0.0035905242185663155,0.0043391249628514225
598,15,164.5299589038866,534.0326551438483,164.53,534.03,4.109611339231378e-05,-0.0026551438483011225,0.0026554618705052512
598,16,194.5801501089519,980.5006090951509,194.58,980.5,-0.00015010895188538598,-0.0006090951509349907,0.0006273193766564589
598,17,1021.2320087649371,233.3194526165745,1021.23,233.32,-0.002008764937045271,0.0005473834254985377,0.0020820098911419715
598,18,1140.6762942085188,304.06443246165594,1140.68,304.06,0.003705791481252163,-0.004432461655937914,0.005777508704786257
598,19,1329.2983233038171,415.9842415676121,1329.3,415.98,0.0016766961828125204,-0.004241567612098152,0.004560943531491932
598,20,1554.486028991676,553.7127381163402,1554.49,553.71,0.003971008324015202,-0.002738116340196939,0.004823503726737599
598,21,1358.784610411257,345.00108016991857,1358.78,345.0,-0.004610411257090163,-0.0010801699185662983,0.004735257016517606
598,22,1372.2506541781895,280.0069098308951,1372.25,280.01,-0.0006541781895066379,0.003090169104893903,0.003158653858919487
598,23,1646.1025685619377,411.8617561704176,1646.1,411.86,-0.002568561937778213,-0.001756170417593239,0.003111534181691177
598,24,1215.880919242873,163.35367146893847,1215.88,163.35,-0.0009192428728965751,-0.0036714689384780286,0.0037847974352110485
598,25,1358.486350208936,217.33550574788416,1358.49,217.34,0.0036497910639354814,0.00449425211584753,0.0057895834816663015
598,26,1492.7888097378286,273.9867267160657,1492.79,273.99,0.001190262171348877,0.0032732839343339037,0.003482974555076822
598,27,1777.4374832684337,397.8590364785156,1777.44,397.86,0.002516731566402086,0.0009635214844365692,0.0026948676086768248
598,31,458.9030001792112,406.50428353275544,458.9,406.5,-0.0030001792111988834,-0.004283532755437136,0.005229696756621058
599,13,163.83108291705844,211.66209088560683,163.83,211.66,-0.0010829170584258918,-0.002090885606833126,0.0023546787416315875
599,14,167.52817268517504,353.2598071068361,167.53,353.26,0.0018273148249647875,0.00019289316389858868,0.0018374676166438687
599,15,165.14746917791496,534.0244913578862,165.15,534.02,0.002530822085049067,-0.004491357886195146,0.005155323082800868
599,16,195.18511258171392,981.3754568213632,195.19,981.38,0.004887418286074308,0.004543178636822631,0.006672880159956049
599,17,1022.1740065737029,233.23958946243087,1022.17,233.24,-0.004006573702895366,0.0004105375691381141,0.004027551853472097
599,18,1141.507220656389,304.04832434624194,1141.51,304.05,0.002779343610882279,0.001675653758070439,0.003245391567174557
599,19,1330.4737424778627,416.2381811757091,1330.47,416.24,-0.003742477862715532,0.0018188242909218388,0.004161041018082272
599,20,1556.114521743757,554.0345535872552,1556.11,554.03,-0.004521743757095464,-0.004553587255259117,0.0064172676035903365
599,21,1359.8384578084429,345.0008101274389,1359.84,345.0,0.0015421915570641431,-0.0008101274389105129,0.001742027917674006
599,22,1373.1879906336421,280.00518237317135,1373.19,280.01,0.0020093663579245913,0.004817626828639732,0.005219873697742931
599,23,1647.3269264214532,411.8963171278132,1647.33,411.9,0.003073578546718636,0.003682872186800523,0.00479691907656966
599,24,1216.6606894321549,163.01525360170385,1216.66,163.02,-0.0006894321547861182,0.004746398296163079,0.004796208240044714
599,25,1359.3647626567022,217.25162931091313,1359.36,217.25,-0.0047626567022689414,-0.0016293109131311212,0.005033642112359145
599,26,1493.8416073033713,273.99004503704924,1493.84,273.99,-0.001607303371429225,-4.50370492330876e-05,0.0016079342224143926
599,27,1778.8281124513253,397.8942773588867,1778.83,397.89,0.0018875486746310344,-0.004277358886724869,0.004675322346635105
599,31,459.4272501344084,406.3782126495666,459.43,406.38,0.0027498655916247117,0.0017873504334033896,0.0032796924160336757
600,13,163.87331218779383,211.24656816420512,163.87,211.25,-0.0033121877938242505,0.003431835794884819,0.004769495246313919
600,14,167.64612951388128,352.9448553301271,167.65,352.94,0.0038704861187284223,-0.004855330127099933,0.006209258686702758
600,15,165.11060188343623,534.0183685184146,165.11,534.02,-0.0006018834362180314,0.0016314815853775144,0.0017389640117666475
600,16,195.13883443628544,982.2815926160224,195.14,982.28,0.001165563714550899,-0.0015926160224353225,0.001973566458874744
600,17,1023.3805049302771,232.92969209682315,1023.38,232.93,-0.0005049302770885333,0.000307903176860691,0.0005914042196684168
600,18,1142.8804154922918,304.03624325968144,1142.88,304.04,-0.00041549229172233026,0.003756740318578977,0.003779647029249894
600,19,1332.105306858397,416.4286358817818,1332.11,416.43,0.00469314160295653,0.0013641182181913791,0.004887371135754171
600,20,1558.0858913078177,554.2759151904414,1558.09,554.28,0.0041086921821715805,0.004084809558548841,0.005793705254623317
600,21,1361.3788433563323,345.0006075955792,1361.38,345.0,0.0011566436678549508,-0.0006075955791970955,0.0013065209383124358
600,22,1374.8909929752317,279.7538867798785,1374.89,279.75,-0.0009929752316111262,-0.0038867798784849583,0.004011615339783803
600,23,1649.49519481609,411.92223784585985,1649.5,411.92,0.004805183910093547,-0.0022378458598382167,0.005300730751718762
600,24,1217.9955170741162,162.76144020127788,1218.0,162.76,0.0044829258838490205,-0.001440201277887354,0.004708588344813325
600,25,1361.0235719925267,217.18872198318485,1361.02,217.19,-0.0035719925267585495,0.0012780168151493854,0.0037937392623931744
600,26,1495.6312054775285,273.74253377778695,1495.63,273.74,-0.0012054775284013886,-0.002533777786936753,0.0028059233676376175
600,27,1781.121084338494,397.92070801916503,1781.12,397.92,-0.0010843384941381373,-0.0007080191650175038,0.0012950216631013732
600,31,459.82043760080626,406.28365948717493,459.82,406.28,-0.00043760080626498166,-0.003659487174957121,0.0036855584175697737
601,13,164.1549841408454,210.93492612315384,164.15,210.93,-0.004984140845380125,-0.00492612315383667,0.007007734961694274
601,14,167.73459713541095,352.7086414975953,167.73,352.71,-0.004597135410961073,0.0013585024046847138,0.0047936606857647305
601,15,165.3329514125772,534.0137763888109,165.33,534.01,-0.0029514125771754607,-0.003776388810933895,0.004792906075864226
601,16,195.3541258272141,982.9611944620168,195.35,982.96,-0.004125827214096489,-0.0011944620167696485,0.004295251996109729
601,17,1024.2853786977078,232.69726907261736,1024.29,232.7,0.004621302292207474,0.0027309273826290337,0.005367904548811866
601,18,1143.9103116192189,304.0271824447611,1143.91,304.03,-0.0003116192187917477,0.0028175552388916003,0.002834735271895046
601,19,1333.5789801437977,416.5714769113364,1333.58,416.57,0.001019856202219671,-0.0014769113363968245,0.001794818589379825
601,20,1559.8144184808634,554.706936392831,1559.81,554.71,-0.00441848086347818,0.0030636071689968958,0.005376677601163386
601,21,1362.7841325172492,345.0004556966844,1362.78,345.0,-0.004132517249217926,-0.0004556966844120325,0.004157566389520174
601,22,1376.1682447314238,279.56541508490886,1376.17,279.57,0.0017552685762893816,0.00458491509112946,0.0049094209605385864
601,23,1651.3713961120675,411.9416783843949,1651.37,411.94,-0.0013961120675958227,-0.0016783843948928734,0.0021831406464785084
601,24,1219.2466378055872,162.5710801509584,1219.25,162.57,0.003362194412829922,-0.0010801509584155156,0.003531441258555875
601,25,1362.267678994395,217.14154148738862,1362.27,217.14,0.0023210056049265404,-0.0015414873886356872,0.002786261004899449
601,26,1496.9734041081465,273.8069003333402,1496.97,273.81,-0.003404108146469298,0.0030996666598070988,0.00460389896444072
601,27,1783.0908132538705,397.9405310143738,1783.09,397.94,-0.0008132538705467596,-0.0005310143737915496,0.000971266247293973
601,31,460.1153282006047,406.2127446153812,460.12,406.21,0.004671799395282505,-0.0027446153812320517,0.005418359823844993
