frame,cid,orig_x,orig_y,cvat_x,cvat_y,dx,dy,dist_px
0,17,812.0,516.0,812.0,516.0,0.0,0.0,0.0
0,18,940.0,581.0,940.0,581.0,0.0,0.0,0.0
0,19,1146.0,675.0,1146.0,675.0,0.0,0.0,0.0
0,20,1387.0,786.0,1387.0,786.0,0.0,0.0,0.0
0,21,1191.0,609.0,1191.0,609.0,0.0,0.0,0.0
0,22,1205.0,548.0,1205.0,548.0,0.0,0.0,0.0
0,23,1497.0,655.0,1497.0,655.0,0.0,0.0,0.0
0,24,1043.0,441.0,1043.0,441.0,0.0,0.0,0.0
0,25,1191.0,488.0,1191.0,488.0,0.0,0.0,0.0
0,26,1332.0,540.0,1332.0,540.0,0.0,0.0,0.0
0,27,1642.0,641.0,1642.0,641.0,0.0,0.0,0.0
0,28,1891.0,729.0,1891.0,729.0,0.0,0.0,0.0
0,31,103.0,713.0,103.0,713.0,0.0,0.0,0.0
1,17,812.5,516.0,812.5,516.0,0.0,0.0,0.0
1,18,940.5,580.75,940.5,580.75,0.0,0.0,0.0
1,19,1146.5,675.0,1146.5,675.0,0.0,0.0,0.0
1,20,1387.5,786.25,1387.5,786.25,0.0,0.0,0.0
1,21,1191.5,609.0,1191.5,609.0,0.0,0.0,0.0
1,22,1205.75,548.0,1205.75,548.0,0.0,0.0,0.0
1,23,1497.5,655.0,1497.5,655.0,0.0,0.0,0.0
1,24,1043.75,441.0,1043.75,441.0,0.0,0.0,0.0
1,25,1191.5,488.0,1191.5,488.0,0.0,0.0,0.0
1,26,1332.75,540.0,1332.75,540.0,0.0,0.0,0.0
1,27,1642.75,641.0,1642.75,641.0,0.0,0.0,0.0
1,28,1891.75,729.0,1891.75,729.0,0.0,0.0,0.0
1,31,103.0,712.75,103.0,712.75,0.0,0.0,0.0
2,17,813.125,515.75,813.12,515.75,-0.0049999999999954525,0.0,0.0049999999999954525
2,18,941.375,580.5625,941.38,580.56,0.0049999999999954525,-0.0025000000000545697,0.005590169943769811
2,19,1147.375,675.0,1147.38,675.0,0.005000000000109139,0.0,0.005000000000109139
2,20,1388.375,786.4375,1388.38,786.44,0.005000000000109139,0.0025000000000545697,0.005590169943871496
2,21,1192.375,609.0,1192.38,609.0,0.005000000000109139,0.0,0.005000000000109139
2,22,1206.8125,547.75,1206.81,547.75,-0.0025000000000545697,0.0,0.0025000000000545697
2,23,1498.375,655.0,1498.38,655.0,0.005000000000109139,0.0,0.005000000000109139
2,24,1044.5625,440.75,1044.56,440.75,-0.0025000000000545697,0.0,0.0025000000000545697
2,25,1192.375,487.75,1192.38,487.75,0.005000000000109139,0.0,0.005000000000109139
2,26,1333.8125,540.0,1333.81,540.0,-0.0025000000000545697,0.0,0.0025000000000545697
2,27,1644.0625,641.0,1644.06,641.0,-0.0025000000000545697,0.0,0.0025000000000545697
2,28,1893.0625,729.25,1893.06,729.25,-0.0025000000000545697,0.0,0.0025000000000545697
2,31,103.0,712.5625,103.0,712.56,0.0,-0.0025000000000545697,0.0025000000000545697
3,17,814.09375,515.5625,814.09,515.56,-0.0037499999999681677,-0.0025000000000545697,0.004506939094333771
3,18,942.53125,580.421875,942.53,580.42,-0.0012500000000272848,-0.0018750000000409273,0.0022534695472141817
3,19,1148.53125,675.0,1148.53,675.0,-0.0012500000000272848,0.0,0.0012500000000272848
3,20,1389.53125,786.578125,1389.53,786.58,-0.0012500000000272848,0.0018750000000409273,0.0022534695472141817
3,21,1193.53125,609.0,1193.53,609.0,-0.0012500000000272848,0.0,0.0012500000000272848
3,22,1208.109375,547.5625,1208.11,547.56,0.0006249999998999556,-0.0025000000000545697,0.002576941016039714
3,23,1499.53125,655.0,1499.53,655.0,-0.0012500000000272848,0.0,0.0012500000000272848
3,24,1045.671875,440.5625,1045.67,440.56,-0.0018749999999272404,-0.0024999999999977263,0.0031249999999545253
3,25,1193.53125,487.5625,1193.53,487.56,-0.0012500000000272848,-0.0024999999999977263,0.0027950849718849057
3,26,1335.109375,540.0,1335.11,540.0,0.0006249999998999556,0.0,0.0006249999998999556
3,27,1645.296875,641.0,1645.3,641.0,0.0031249999999545253,0.0,0.0031249999999545253
3,28,1894.296875,729.4375,1894.3,729.44,0.0031249999999545253,0.0025000000000545697,0.00400195264839411
3,31,103.25,712.421875,103.25,712.42,0.0,-0.0018750000000409273,0.0018750000000409273
4,17,815.5703125,515.171875,815.57,515.17,-0.0003124999999499778,-0.0018750000000409273,0.0019008632907503405
4,18,943.8984375,580.31640625,943.9,580.32,0.0015624999999772626,0.003593750000050022,0.003918730063781949
4,19,1149.8984375,674.75,1149.9,674.75,0.0015625000000909495,0.0,0.0015625000000909495
4,20,1391.1484375,786.93359375,1391.15,786.93,0.0015625000000909495,-0.003593750000050022,0.003918730063827279
4,21,1194.8984375,608.75,1194.9,608.75,0.0015625000000909495,0.0,0.0015625000000909495
4,22,1209.33203125,547.421875,1209.33,547.42,-0.0020312500000727596,-0.0018750000000409273,0.0027643446896053075
4,23,1500.8984375,655.0,1500.9,655.0,0.0015625000000909495,0.0,0.0015625000000909495
4,24,1047.00390625,440.171875,1047.0,440.17,-0.00390625,-0.0018749999999840838,0.004332945194950003
4,25,1194.6484375,487.421875,1194.65,487.42,0.0015625000000909495,-0.0018749999999840838,0.002440703023766827
4,26,1336.58203125,539.75,1336.58,539.75,-0.0020312500000727596,0.0,0.0020312500000727596
4,27,1646.72265625,641.0,1646.72,641.0,-0.002656249999972715,0.0,0.002656249999972715
4,31,103.6875,712.31640625,103.69,712.32,0.0024999999999977263,0.003593750000050022,0.004377789289452858
5,17,816.927734375,514.62890625,816.93,514.63,0.002265624999949978,0.0010937499999954525,0.002515819091844322
5,18,945.423828125,579.9873046875,945.42,579.99,-0.0038281250000409273,0.002695312500009095,0.004681799919757745
5,19,1151.423828125,674.5625,1151.42,674.56,-0.0038281249999272404,-0.0025000000000545697,0.004572148402593772
5,20,1392.861328125,786.9501953125,1392.86,786.95,-0.0013281250001000444,-0.00019531249995452526,0.001342409396767331
5,21,1196.423828125,608.5625,1196.42,608.56,-0.0038281249999272404,-0.0025000000000545697,0.004572148402593772
5,22,1210.7490234375,547.06640625,1210.75,547.07,0.0009765625,0.003593750000050022,0.0037240721501154866
5,23,1502.423828125,655.0,1502.42,655.0,-0.0038281249999272404,0.0,0.0038281249999272404
5,24,1048.2529296875,439.62890625,1048.25,439.63,-0.0029296875,0.0010937499999954525,0.0031271964936898837
5,25,1195.986328125,487.06640625,1195.99,487.07,0.003671875000009095,0.003593749999993179,0.005137869702332161
5,26,1338.1865234375,539.5625,1338.19,539.56,0.0034765625000545697,-0.0025000000000545697,0.004282112424616912
5,27,1648.5419921875,640.75,1648.54,640.75,-0.00199218750003638,0.0,0.00199218750003638
5,31,104.015625,712.2373046875,104.02,712.24,0.004374999999996021,0.002695312500009095,0.005138612115413116
6,17,818.19580078125,514.2216796875,818.2,514.22,0.004199218750045475,-0.0016796874999727152,0.004522697006023957
6,18,946.81787109375,579.490478515625,946.82,579.49,0.002128906250050022,-0.00047851562499090505,0.0021820217746077795
6,19,1153.06787109375,674.421875,1153.07,674.42,0.0021289062499363354,-0.0018750000000409273,0.0028368762435417353
6,20,1394.89599609375,786.962646484375,1394.9,786.96,0.0040039062500909495,-0.00264648437496362,0.004799494224024439
6,21,1198.06787109375,608.171875,1198.07,608.17,0.0021289062499363354,-0.0018750000000409273,0.0028368762435417353
6,22,1212.561767578125,546.5498046875,1212.56,546.55,-0.0017675781250545697,0.00019531249995452526,0.0017783361326841206
6,23,1504.56787109375,654.75,1504.57,654.75,0.0021289062499363354,0.0,0.0021289062499363354
6,24,1049.689697265625,439.2216796875,1049.69,439.22,0.0003027343750545697,-0.0016796874999727152,0.001706750772492654
6,25,1197.48974609375,486.5498046875,1197.49,486.55,0.00025390625000909495,0.00019531250001136868,0.0003203363177261859
6,26,1339.889892578125,539.171875,1339.89,539.17,0.00010742187510004442,-0.0018750000000409273,0.0018780746682183556
6,27,1650.906494140625,640.5625,1650.91,640.56,0.0035058593750818545,-0.0025000000000545697,0.004305931950010611
6,31,103.76171875,711.927978515625,103.76,711.93,-0.001718749999994884,0.002021484374949978,0.0026533941736291873
7,17,819.3968505859375,513.666259765625,819.4,513.67,0.0031494140624772626,0.0037402343749590727,0.004889597336852496
7,18,948.3634033203125,578.8678588867188,948.36,578.87,-0.0034033203124863576,0.0021411132812545475,0.004020815244766521
7,19,1155.0509033203125,674.06640625,1155.05,674.07,-0.0009033203125454747,0.003593750000050022,0.003705539994375555
7,20,1397.4219970703125,787.2219848632812,1397.42,787.22,-0.0019970703124272404,-0.001984863281222715,0.0028156654769209426
7,21,1200.0509033203125,607.87890625,1200.05,607.88,-0.0009033203125454747,0.0010937499999954525,0.0014185473730359895
7,22,1214.4213256835938,545.912353515625,1214.42,545.91,-0.0013256835936772404,-0.0023535156250318323,0.0027011983984546522
7,23,1506.9259033203125,654.5625,1506.93,654.56,0.004096679687563665,-0.0025000000000545697,0.004799248322682373
7,24,1051.0172729492188,438.416259765625,1051.02,438.42,0.00272705078123181,0.003740234375015916,0.00462883993495862
7,25,1199.1173095703125,485.912353515625,1199.12,485.91,0.0026904296873908606,-0.002353515624974989,0.003574555594727196
7,26,1341.6674194335938,538.62890625,1341.67,538.63,0.0025805664063227596,0.0010937499999954525,0.0028027864777630876
7,27,1653.4298706054688,640.421875,1653.43,640.42,0.00012939453131366463,-0.0018750000000409273,0.0018794594821084493
7,31,102.8212890625,711.6959838867188,102.82,711.7,-0.0012890625000068212,0.004016113281295475,0.004217919868504111
8,17,821.7976379394531,513.9996948242188,821.8,514.0,0.0023620605468295253,0.00030517578125,0.0023816931549530355
8,18,950.0225524902344,577.6508941650391,950.02,577.65,-0.00255249023439319,-0.0008941650390852374,0.002704577141402128
8,19,1156.5381774902344,672.7998046875,1156.54,672.8,0.0018225097655886202,0.00019531249995452526,0.001832945394250569
8,20,1401.0664978027344,786.4164886474609,1401.07,786.42,0.0035021972655613354,0.0035113525390215727,0.004959332852329892
8,21,1201.5381774902344,606.9091796875,1201.54,606.91,0.0018225097655886202,0.0008203124999681677,0.001998613129965355
8,22,1216.0659942626953,545.9342651367188,1216.07,545.93,0.004005737304623835,-0.004265136718800022,0.005851266750346565
8,23,1512.1944274902344,653.921875,1512.19,653.92,-0.00442749023432043,-0.0018750000000409273,0.004808148788791405
8,24,1053.512954711914,440.06219482421875,1053.51,440.06,-0.002954711914071595,-0.0021948242187477263,0.003680703172813341
8,25,1201.3379821777344,487.43426513671875,1201.34,487.43,0.0020178222655431455,-0.004265136718743179,0.004718368142153917
8,26,1344.0005645751953,538.2216796875,1344.0,538.22,-0.0005645751953125,-0.0016796874999727152,0.0017720313904462126
8,27,1659.0724029541016,639.81640625,1659.07,639.82,-0.0024029541016261646,0.003593750000050022,0.004323103917023224
8,31,151.865966796875,707.0219879150391,151.87,707.02,0.0040332031250045475,-0.00198791503908069,0.004496502379644609
9,17,823.8482284545898,513.9997711181641,823.85,514.0,0.0017715454101789874,0.0002288818359375,0.0017862698662711514
9,18,951.5169143676758,576.7381706237793,951.52,576.74,0.00308563232420056,0.00182937622071222,0.0035871638096215616
9,19,1158.1536331176758,671.849853515625,1158.15,671.85,-0.0036331176756903005,0.00014648437502273737,0.0036360695424508998
9,20,1404.2998733520508,785.8123664855957,1404.3,785.81,0.00012664794917327526,-0.0023664855957576947,0.00236987210160347
9,21,1203.1536331176758,606.181884765625,1203.15,606.18,-0.0036331176756903005,-0.0018847656250500222,0.004092906730770137
9,22,1217.7994956970215,545.9506988525391,1217.8,545.95,0.0005043029784701503,-0.0006988525390170253,0.0008618099357656582
9,23,1516.8958206176758,653.44140625,1516.9,653.44,0.0041793823243096995,-0.0014062499999454303,0.004409623076306961
9,24,1055.8847160339355,441.29664611816406,1055.88,441.3,-0.004716033935437736,0.0033538818359488687,0.005787011270915937
9,25,1203.7534866333008,488.32569885253906,1203.75,488.33,-0.00348663330078125,0.004301147460921584,0.005536829530941778
9,26,1346.5004234313965,537.916259765625,1346.5,537.92,-0.000423431396484375,0.0037402343749590727,0.0037641263697110643
9,27,1664.0543022155762,639.3623046875,1664.05,639.36,-0.00430221557621735,-0.0023046874999863576,0.004880639644231128
9,31,187.89947509765625,703.5164909362793,187.9,703.52,0.0005249023437556843,0.003509063720684935,0.0035481052219892536
10,17,825.8861713409424,513.999828338623,839.5,511.1,13.613828659057617,-2.899828338623024,13.91924333976742
10,18,953.3876857757568,575.8036279678345,961.2,570.9,7.8123142242432095,-4.903627967834495,9.223763916386924
10,19,1159.8652248382568,670.8873901367188,1154.0,663.1,-5.865224838256836,-7.787390136718727,9.749067008938294
10,20,1407.224905014038,785.1092748641968,1408.3,787.2,1.0750949859618686,2.090725135803268,2.350948919547157
10,21,1204.8652248382568,605.3864135742188,1206.5,601.8,1.634775161743164,-3.5864135742187955,3.9414276797618935
10,22,1219.849621772766,545.7130241394043,1229.1,540.1,9.250378227233796,-5.613024139404274,10.820144977606176
10,23,1521.1718654632568,652.8310546875,1525.3,647.4,4.128134536743119,-5.431054687500023,6.821865563910453
10,24,1058.4135370254517,441.97248458862305,1073.4,444.3,14.98646297454843,2.3275154113769645,15.166126746065006
10,25,1206.3151149749756,488.9942741394043,1217.3,488.2,10.984885025024369,-0.7942741394043082,11.01356302118125
10,26,1349.1253175735474,537.6871948242188,1360.2,532.2,11.074682426452682,-5.4871948242187045,12.359526604434022
10,27,1668.7907266616821,638.771728515625,1685.4,633.1,16.609273338317962,-5.671728515624977,17.550967642324267
11,17,827.9146285057068,513.7498712539673,827.91,513.75,-0.004628505706818942,0.00012874603271484375,0.004630295953715629
11,18,955.2907643318176,575.1027209758759,955.29,575.1,-0.0007643318176633329,-0.002720975875831755,0.00282628958961231
11,19,1161.8989186286926,670.1655426025391,1161.9,670.17,0.0010813713074639963,0.004457397460896573,0.0045866933654882145
11,20,1410.1686787605286,784.5819561481476,1410.17,784.58,0.0013212394715083065,-0.0019561481475420806,0.0023605485201969186
11,21,1206.8989186286926,604.7898101806641,1206.9,604.79,0.0010813713074639963,0.0001898193359011202,0.001097904952574828
11,22,1221.8872163295746,545.5347681045532,1221.89,545.53,0.0027836704255150835,-0.004768104553249941,0.005521199332446724
11,23,1524.8788990974426,652.373291015625,1524.88,652.37,0.0011009025574821862,-0.0032910156249954525,0.0034702694830567593
11,24,1060.8101527690887,442.2293634414673,1060.81,442.23,-0.00015276908879968687,0.0006365585327330336,0.0006546336075148597
11,25,1208.4863362312317,489.2457056045532,1208.49,489.25,0.003663768768319642,0.004294395446777344,0.0056449122084419
11,26,1351.5939881801605,537.2653961181641,1351.59,537.27,-0.0039881801606043155,0.00460388183591931,0.006091084382320247
11,27,1672.5930449962616,638.3287963867188,1672.59,638.33,-0.003044996261678534,0.0012036132812909273,0.003274246045204325
11,31,232.56845474243164,699.1655261516571,232.57,699.17,0.0015452575683525538,0.0044738483428545806,0.0047331955323453015
12,17,829.6859713792801,513.3124034404755,829.69,513.31,0.004028620719964238,-0.002403440475518437,0.004691088469074684
12,18,956.9680732488632,574.3270407319069,956.97,574.33,0.00192675113680707,0.002959268093150058,0.003531237402147202
12,19,1163.6741889715195,669.6241569519043,1163.67,669.62,-0.004188971519397455,-0.0041569519042923275,0.005901502480294542
12,20,1413.1265090703964,784.1864671111107,1413.13,784.19,0.0034909296036857995,0.003532888889367314,0.004966678306726227
12,21,1208.9241889715195,604.092357635498,1208.92,604.09,-0.004188971519397455,-0.0023576354980150427,0.004806862545551273
12,22,1223.915412247181,545.1510760784149,1223.92,545.15,0.004587752819134039,-0.0010760784149397296,0.004712262798759374
12,23,1528.409174323082,652.0299682617188,1528.41,652.03,0.0008256769181116397,3.173828122271516e-05,0.0008262866885030324
12,24,1062.8576145768166,442.17202258110046,1062.86,442.17,0.0023854231833411177,-0.002022581100447951,0.003127471514100571
12,25,1210.6147521734238,489.1842792034149,1210.61,489.18,-0.004752173423867134,-0.004279203414910171,0.00639489907009391
12,26,1354.1954911351204,536.699047088623,1354.2,536.7,0.004508864879653629,0.0009529113769985997,0.004608459894084715
12,27,1676.4447837471962,637.7465972900391,1676.44,637.75,-0.00478374719614294,0.0034027099609375,0.005870491658700208
12,31,246.67634105682373,697.6241446137428,246.68,697.62,0.0036589431762763525,-0.004144613742823822,0.005528624444147329
13,17,833.5144785344601,513.7343025803566,833.51,513.73,-0.004478534460076844,-0.0043025803565797105,0.006210432242197106
13,18,960.4760549366474,574.4952805489302,960.48,574.5,0.003945063352603029,0.004719451069831848,0.0061511578793417765
13,19,1165.7556417286396,669.9681177139282,1165.76,669.97,0.004358271360388244,0.0018822860718046286,0.004747370862581739
13,20,1415.3448818027973,784.389850333333,1415.34,784.39,-0.004881802797399359,0.00014966666697091568,0.004884096504359675
13,21,1211.6931417286396,604.0692682266235,1211.69,604.07,-0.0031417286395480915,0.000731773376514866,0.0032258256492148905
13,22,1227.4365591853857,545.3633070588112,1227.44,545.36,0.003440814614350529,-0.0033070588111741017,0.004772404340674881
13,23,1531.5568807423115,652.0224761962891,1531.56,652.02,0.003119257688467769,-0.00247619628908069,0.003982626845327374
13,24,1066.3932109326124,442.37901693582535,1066.39,442.38,-0.003210932612319084,0.0009830641746475521,0.0033580505374889357
13,25,1214.4610641300678,489.3882094025612,1214.46,489.39,-0.0010641300677889376,0.0017905974387986134,0.0020829335056608608
13,26,1357.8966183513403,536.7742853164673,1357.9,536.77,0.003381648659797065,-0.004285316467303346,0.005458890444334684
13,27,1680.0835878103971,637.5599479675293,1680.08,637.56,-0.003587810397220892,5.203247064855532e-05,0.00358818767965224
13,31,228.0072557926178,698.7181084603071,228.01,698.72,0.0027442073821930535,0.001891539692906008,0.0033329561302726154
14,17,836.385858900845,513.8007269352674,836.39,513.8,0.004141099154935546,-0.0007269352674939,0.004204418758179817
14,18,963.6070412024856,574.6214604116976,963.61,574.62,0.0029587975144522716,-0.0014604116976215664,0.003299588619521962
14,19,1167.8167312964797,669.9760882854462,1167.82,669.98,0.0032687035202343395,0.003911714553851198,0.005097639988661777
14,20,1417.508661352098,784.2923877499998,1417.51,784.29,0.0013386479020027764,-0.002387749999797961,0.0027373944303062353
14,21,1214.2698562964797,603.8019511699677,1214.27,603.8,0.00014370352027981426,-0.001951169967696842,0.00195645468758745
14,22,1230.5774193890393,545.2724802941084,1230.58,545.27,0.00258061096064921,-0.002480294108408998,0.00357930325544389
14,23,1534.4176605567336,652.0168571472168,1534.42,652.02,0.0023394432664645137,0.003142852783184935,0.003917973763794169
14,24,1069.2949081994593,442.284262701869,1069.29,442.28,-0.004908199459350726,-0.00426270186903821,0.006500849879598252
14,25,1217.8457980975509,489.2911570519209,1217.85,489.29,0.0042019024490400625,-0.0011570519208703445,0.004358297068677011
14,26,1361.1724637635052,536.5807139873505,1361.17,536.58,-0.0024637635051476536,-0.0007139873504229399,0.002565133241346621
14,27,1683.5626908577979,637.169960975647,1683.56,637.17,-0.002690857797915669,3.902435298641649e-05,0.00269114075973918
14,31,214.00544184446335,699.2885813452303,214.01,699.29,0.004558155536642516,0.0014186547696226626,0.004773820613680195
15,17,839.2893941756338,513.6005452014506,839.29,513.6,0.0006058243661755114,-0.0005452014505635816,0.00081502624764396
15,18,966.4552809018642,574.4660953087732,966.46,574.47,0.004719098135865352,0.0039046912268076994,0.0061250714928592345
15,19,1169.8625484723598,669.9820662140846,1169.86,669.98,-0.0025484723598765413,-0.0020662140846070542,0.0032808462342028884
15,20,1419.8814960140735,784.4692908124998,1419.88,784.47,-0.0014960140733819571,0.0007091875002060988,0.0016555980847432299
15,21,1216.9523922223598,603.6014633774757,1216.95,603.6,-0.002392222359731022,-0.001463377475715788,0.0028043183583233507
15,22,1233.6830645417795,544.9543602205813,1233.68,544.95,-0.003064541779394858,-0.004360220581247631,0.005329440855736372
15,23,1537.5632454175502,652.0126428604126,1537.56,652.01,-0.003245417550260754,-0.002642860412606751,0.0041853848372717705
15,24,1072.4711811495945,441.96319702640176,1072.47,441.96,-0.001181149594458475,-0.0031970264017786576,0.003408238867532499
15,25,1221.3843485731632,489.21836778894067,1221.38,489.22,-0.004348573163042602,0.0016322110593591788,0.004644803709160243
15,26,1364.629347822629,536.4355354905128,1364.63,536.44,0.0006521773711938295,0.004464509487206669,0.004511893204061423
15,27,1687.4220181433484,636.8774707317352,1687.42,636.88,-0.002018143348323065,0.0025292682647659603,0.0032357534716867483
15,31,203.0040813833475,699.7164360089228,203.0,699.72,-0.0040813833475112915,0.0035639910772715666,0.005418461260193139
16,17,841.9670456317253,513.2004089010879,841.97,513.2,0.0029543682746862032,-0.0004089010878942645,0.0029825311401816823
16,18,969.0914606763981,574.0995714815799,969.09,574.1,-0.0014606763980964388,0.0004285184201080483,0.0015222363733428143
16,19,1172.1469113542698,669.9865496605635,1172.15,669.99,0.003088645730258577,0.003450339436540162,0.004630828724363364
16,20,1422.4111220105551,784.6019681093749,1422.41,784.6,-0.0011220105550364678,-0.001968109374843152,0.0022654717382829446
16,21,1219.7142941667698,603.2010975331068,1219.71,603.2,-0.004294166769795993,-0.0010975331067584193,0.004432205677453489
16,22,1236.7622984063346,544.465770165436,1236.76,544.47,-0.002298406334602987,0.004229834564057455,0.004813955973857495
16,23,1540.6724340631627,651.7594821453094,1540.67,651.76,-0.0024340631625818787,0.0005178546905426629,0.0024885411308546088
16,24,1075.3533858621959,441.4723977698013,1075.35,441.47,-0.0033858621959552693,-0.0023977698012913606,0.004148898990091691
16,25,1224.5382614298724,488.6637758417055,1224.54,488.66,0.0017385701275998144,-0.0037758417054760685,0.004156874628058304
16,26,1367.9720108669717,536.0766516178846,1367.97,536.08,-0.0020108669716591976,0.003348382115405002,0.003905796816076575
16,27,1691.0665136075113,636.6581030488014,1691.07,636.66,0.003486392488639467,0.0018969511985460485,0.003969049815069973
16,31,194.75306103751063,699.7873270066921,194.75,699.79,-0.0030610375106334686,0.0026729933078968315,0.004063845945107465
17,17,844.225284223794,512.650306675816,844.23,512.65,0.004715776206012379,-0.0003066758159775418,0.004725737538342348
17,18,971.5685955072986,573.5746786111849,971.57,573.57,0.0014044927014538189,-0.004678611184885995,0.004884874856920838
17,19,1174.3601835157024,669.7399122454226,1174.36,669.74,-0.00018351570247432392,8.775457740739512e-05,0.00020341799062667757
17,20,1425.0583415079163,784.4514760820311,1425.06,784.45,0.0016584920836066885,-0.0014760820311039424,0.002220228401298838
17,21,1222.2857206250774,602.6508231498301,1222.29,602.65,0.004279374922589341,-0.0008231498301256579,0.004357823467159084
17,22,1239.571723804751,543.849327624077,1239.57,543.85,-0.0017238047510090837,0.0006723759230453652,0.0018502951660458382
17,23,1543.754325547372,651.3196116089821,1543.75,651.32,-0.004325547371990979,0.00038839101796384057,0.004342949188071748
17,24,1077.765039396647,440.854298327351,1077.77,440.85,0.00496060335308357,-0.004298327350966247,0.0065637796765802905
17,25,1227.4036960724043,487.9978318812791,1227.4,488.0,-0.003696072404181905,0.0021681187208741903,0.004285054259255084
17,26,1371.2290081502288,535.5574887134135,1371.23,535.56,0.000991849771253328,0.0025112865864684863,0.0027000604230483106
17,27,1694.5498852056335,636.2435772866011,1694.55,636.24,0.00011479436648187402,-0.0035772866010574944,0.003579127990542034
17,31,188.31479577813298,699.590495255019,188.31,699.59,-0.004795778132972828,-0.0004952550190182592,0.00482128255079114
18,17,846.4189631678455,511.98773000686197,852.2,504.2,5.781036832154541,-7.7877300068619775,9.6989239359068
18,18,973.676446630474,573.1810089583887,976.9,564.8,3.22355336952603,-8.381008958388747,8.979566107935007
18,19,1176.5201376367768,669.304934184067,1172.3,658.9,-4.220137636776826,-10.404934184066974,11.228188502519263
18,20,1427.5437561309373,784.0886070615234,1431.7,786.7,4.156243869062791,2.6113929384766834,4.908537071088282
18,21,1224.714290468808,602.2381173623726,1227.1,595.0,2.3857095311918783,-7.238117362372577,7.621151679287004
18,22,1242.1787928535632,543.3869957180577,1249.8,534.3,7.6212071464367455,-9.086995718057779,11.859860435473047
18,23,1546.565744160529,650.9897087067366,1551.8,643.2,5.234255839470961,-7.789708706736519,9.384934519155825
18,24,1080.0737795474852,440.14072374551324,1091.5,436.8,11.426220452514826,-3.3407237455132304,11.904576807820765
18,25,1230.0527720543032,487.49837391095934,1235.8,480.4,5.74722794569675,-7.098373910959367,9.133320384153086
18,26,1374.1717561126716,534.9181165350601,1378.8,525.3,4.628243887328381,-9.618116535060153,10.673743821292978
18,27,1697.912413904225,635.6826829649508,1714.5,627.9,16.587586095774896,-7.782682964950823,18.322613531308257
18,31,183.23609683359973,699.4428714412643,109.8,687.8,-73.43609683359973,-11.642871441264333,74.35332389040617
19,17,848.5642223758841,511.2407975051465,848.56,511.24,-0.0042223758841828385,-0.0007975051464654825,0.004297030668492807
19,18,976.0073349728555,572.6357567187915,976.01,572.64,0.0026650271445305407,0.004243281208459848,0.005010768912567519
19,19,1178.8901032275826,668.9787006380502,1178.89,668.98,-0.0001032275824854878,0.0012993619498047337,0.0013034559487708657
19,20,1430.407817098203,783.8164552961425,1430.41,783.82,0.0021829017971413123,0.003544703857528475,0.004162929940983877
19,21,1227.285717851606,601.6785880217794,1227.29,601.68,0.004282148393940588,0.001411978220517085,0.004508933062592807
19,22,1244.6340946401724,542.7902467885433,1244.63,542.79,-0.004094640172297659,-0.00024678854333615163,0.004102070541289579
19,23,1549.1743081203967,650.4922815300524,1549.17,650.49,-0.004308120396672166,-0.0022815300524143822,0.004874964690363686
19,24,1082.0553346606139,439.35554280913493,1082.06,439.36,0.00466533938606517,0.004457190865082339,0.006452281921533218
19,25,1232.2895790407274,486.6237804332195,1232.29,486.62,0.00042095927256013965,-0.0037804332195037205,0.0038037983695618817
19,26,1376.8788170845037,534.1885874012951,1376.88,534.19,0.0011829154964289046,0.0014125987049737887,0.0018424777265913601
19,27,1700.9343104281688,635.2620122237131,1700.93,635.26,-0.004310428168764702,-0.0020122237131090515,0.00475697753512444
19,31,178.9270726251998,699.0821535809482,178.93,699.08,0.0029273748002083266,-0.002153580948174749,0.0036342033681724516
20,17,850.6731667819131,510.43059812885986,856.5,502.0,5.826833218086904,-8.430598128859856,10.24826669060365
20,18,978.2555012296416,571.9768175390936,981.5,562.9,3.2444987703584047,-9.076817539093668,9.639262882028667
20,19,1181.167577420687,668.4840254785377,1179.6,657.5,-1.56757742068703,-10.98402547853766,11.095319494408994
20,20,1432.8058628236522,783.6123414721069,1438.5,783.6,5.694137176347795,-0.012341472106868423,5.694150550784533
20,21,1229.7142883887045,601.0089410163346,1232.5,594.2,2.7857116112954827,-6.808941016334529,7.35675655062944
20,22,1247.2255709801293,542.0926850914075,1255.5,532.4,8.274429019870695,-9.692685091407498,12.74418769031873
20,23,1551.8807310902976,650.1192111475393,1562.2,643.1,10.319268909702487,-7.019211147539295,12.480249835820285
20,24,1084.2915009954604,438.2666571068512,1095.3,433.0,11.008499004539544,-5.2666571068511985,12.203471940972141
20,25,1234.7171842805456,485.71783532491463,1241.5,478.6,6.782815719454447,-7.1178353249146085,9.83209890087974
20,26,1379.6591128133778,533.3914405509713,1385.1,521.8,5.440887186622149,-11.591440550971356,12.804872019050102
20,27,1703.7007328211266,634.6965091677848,1723.2,627.7,19.499267178873424,-6.9965091677847795,20.716480421345388
20,31,175.44530446889985,698.5616151857112,115.7,686.3,-59.745304468899846,-12.261615185711207,60.990561671819414
21,17,853.2548750864348,509.5729485966449,853.25,509.57,-0.004875086434822151,-0.002948596644898771,0.005697428360347785
21,18,980.9416259222312,571.2326131543202,980.94,571.23,-0.0016259222311418853,-0.0026131543202154717,0.0030776937149401646
21,19,1183.6256830655152,667.8630191089032,1183.63,667.86,0.0043169344849047775,-0.0030191089032314267,0.00526791627842844
21,20,1435.3543971177392,783.2092561040802,1435.35,783.21,-0.0043971177392450045,0.0007438959198680095,0.004459599259168852
21,21,1232.5357162915284,600.5067057622509,1232.54,600.51,0.004283708471575665,0.003294237749059903,0.005403902350781365
21,22,1250.169178235097,541.3195138185556,1250.17,541.32,0.0008217649030939356,0.00048618144444390055,0.0009548140933598241
21,23,1554.6605483177232,649.5894083606545,1554.66,649.59,-0.0005483177230871661,0.0005916393455436264,0.0008066532344488459
21,24,1086.9686257465953,437.1999928301384,1086.97,437.2,0.0013742534047196386,7.169861589773063e-06,0.001374272108171717
21,25,1237.7878882104092,484.788376493686,1237.79,484.79,0.0021117895907991624,0.001623506314047063,0.002663724465397721
21,26,1382.7443346100333,532.7935804132285,1382.74,532.79,-0.004334610033311037,-0.003580413228519319,0.005622117308260016
21,27,1706.775549615845,634.2723818758386,1706.78,634.27,0.004450384155006759,-0.0023818758386369154,0.005047697657132164
21,31,172.3339783516749,697.9212113892834,172.33,697.92,-0.003978351674874148,-0.0012113892834122453,0.0041586952334764764
22,17,855.6911563148261,508.42971144748367,855.69,508.43,-0.0011563148260620437,0.00028855251633785883,0.0011917745305450207
22,18,983.4562194416734,570.4244598657401,983.46,570.42,0.0037805583266390386,-0.00445986574015933,0.005846624982104351
22,19,1185.9692622991365,667.3972643316774,1185.97,667.4,0.0007377008635103266,0.002735668322543461,0.0028333873252684026
22,20,1437.7657978383045,782.9069420780602,1437.77,782.91,0.004202161695502582,0.0030579219397850466,0.005197023138775493
22,21,1235.4017872186464,599.8800293216882,1235.4,599.88,-0.001787218646313704,-2.9321688202799123e-05,0.0017874591606888395
22,22,1252.8768836763227,540.4896353639167,1252.88,540.49,0.0031163236774318648,0.0003646360833045037,0.003137583900992946
22,23,1557.4954112382925,649.1920562704909,1557.5,649.19,0.004588761707509548,-0.0020562704908115848,0.005028417478659509
22,24,1089.7264693099464,435.8999946226038,1089.73,435.9,0.0035306900535942987,5.377396178118943e-06,0.003530694148597322
22,25,1240.840916157807,483.8412823702645,1240.84,483.84,-0.0009161578070688847,-0.0012823702645050616,0.0015760135223848969
22,26,1385.808250957525,531.8451853099214,1385.81,531.85,0.0017490424750121747,0.004814690078660533,0.005122537470136151
22,27,1709.8316622118837,633.954286406879,1709.83,633.95,-0.0016622118837403832,-0.004286406878918569,0.004597415826101461
22,31,169.25048376375616,697.1909085419625,169.25,697.19,-0.0004837637561649899,-0.0009085419624170754,0.001029308442232711
23,17,858.0183672361196,507.32228358561275,858.02,507.32,0.0016327638803659283,-0.002283585612758543,0.0028072550899099664
23,18,985.842164581255,569.5683448993051,985.84,569.57,-0.002164581254987752,0.0016551006949612201,0.002724843173451541
23,19,1188.4769467243523,666.7979482487581,1188.48,666.8,0.003053275647744158,0.002051751241879174,0.0036786105175269966
23,20,1440.3243483787282,782.4302065585451,1440.32,782.43,-0.004348378728309399,-0.00020655854518736305,0.004353281980001247
23,21,1238.0513404139847,599.1600219912661,1238.05,599.16,-0.001340413984735278,-2.1991266180521052e-05,0.001340594370517096
23,22,1255.657662757242,539.6172265229375,1255.66,539.62,0.002337242758130742,0.0027734770625329475,0.003626965498434054
23,23,1560.3715584287193,648.6440422028681,1560.37,648.64,-0.0015584287193632917,-0.004042202868163258,0.004332216996033737
23,24,1092.54485198246,434.67499596695285,1092.54,434.67,-0.004851982459967985,-0.004995966952833442,0.006964296058155544
23,25,1243.8806871183551,482.88096177769836,1243.88,482.88,-0.0006871183550174464,-0.0009617776983645854,0.0011820101416118902
23,26,1388.8561882181436,530.883888982441,1388.86,530.88,0.0038117818562568573,-0.003888982441026201,0.005445536277199802
23,27,1713.1237466589128,633.2157148051592,1713.12,633.22,-0.003746658912859857,0.004285194840804252,0.0056921303422328255
23,31,166.43786282281712,696.6431814064719,166.44,696.64,0.002137177182873984,-0.0031814064718673762,0.003832606613029415
24,17,860.2637754270897,506.2417126892096,860.26,506.24,-0.003775427089749428,-0.0017126892095689072,0.004145739263218033
24,18,988.3816234359413,568.6762586744788,988.38,568.68,-0.0016234359412692356,0.0037413255211049545,0.004078364980022753
24,19,1191.1077100432642,666.3484611865686,1191.11,666.35,0.0022899567356944317,0.0015388134314662238,0.0027589578880825912
24,20,1443.2432612840462,782.3226549189088,1443.24,782.32,-0.0032612840461752057,-0.0026549189087745617,0.00420530237224455
24,21,1240.7885053104885,598.3700164934496,1240.79,598.37,0.0014946895114462677,-1.649344960696908e-05,0.0014947805088063666
24,22,1258.4932470679314,538.7129198922031,1258.49,538.71,-0.003247067931397396,-0.0029198922030673202,0.0043668318754725025
24,23,1563.2786688215394,647.9830316521511,1563.28,647.98,0.0013311784605321009,-0.003031652151094022,0.0033110347112372024
24,24,1095.1586389868448,433.50624697521465,1095.16,433.51,0.0013610131552468374,0.003753024785339676,0.0039921863493740965
24,25,1246.6605153387663,481.9107213332738,1246.66,481.91,-0.0005153387662630848,-0.0007213332737592282,0.0008865076061973546
24,26,1391.6421411636077,529.9129167368308,1391.64,529.91,-0.002141163607575436,-0.0029167368307980723,0.0036182779515315623
24,27,1716.0928099941846,632.6617861038694,1716.09,632.66,-0.002809994184644893,-0.0017861038694491072,0.0033295997282254794
24,31,164.32839711711284,695.9823860548539,164.33,695.98,0.0016028828871696987,-0.002386054853900532,0.0028744549597799858
25,17,862.6978315703172,504.93128451690717,862.7,504.93,0.0021684296827970684,-0.0012845169071624696,0.002520331520657874
25,18,990.786217576956,567.7571940058591,990.79,567.76,0.0037824230439582607,0.0028059941408855593,0.004709599473644289
25,19,1193.8307825324482,665.7613458899264,1193.83,665.76,-0.0007825324482837459,-0.0013458899263696367,0.0015568483312513842
25,20,1446.1824459630348,781.9919911891816,1446.18,781.99,-0.0024459630346882477,-0.0019911891815809213,0.0031539767792274948
25,21,1243.5913789828664,597.5275123700872,1243.59,597.53,-0.0013789828665267123,0.002487629912820921,0.0028442743062749155
25,22,1261.3699353009486,537.7846899191524,1261.37,537.78,6.469905133599241e-05,-0.0046899191523834816,0.00469036540401035
25,23,1566.4590016161546,647.2372737391133,1566.46,647.24,0.0009983838453990757,0.002726260886674936,0.002903320293210422
25,24,1097.8689792401337,432.129685231411,1097.87,432.13,0.001020759866150911,0.0003147685890212415,0.001068190043474872
25,25,1249.4953865040748,480.6830409999553,1249.5,480.68,0.0046134959252412955,-0.0030409999553171474,0.0055255791895924295
25,26,1394.7316058727058,528.934687552623,1394.73,528.93,-0.0016058727057952638,-0.004687552623067859,0.004954995130295141
25,27,1719.3196074956384,631.9963395779021,1719.32,632.0,0.0003925043615709001,0.003660422097937044,0.0036814059282994057
25,31,161.99629783783462,695.2367895411404,162.0,695.24,0.0037021621653821057,0.003210458859598475,0.004900311295005764
26,17,864.5233736777379,503.94846338768036,869.4,496.5,4.876626322262041,-7.448463387680363,8.902869825207702
26,18,993.089663182717,566.8178955043943,994.7,558.1,1.6103368172830415,-8.717895504394278,8.865375721910224
26,19,1196.3730868993362,665.0710094174448,1197.0,654.1,0.6269131006638418,-10.971009417444748,10.988906573151183
26,20,1449.136834472276,781.7439933918862,1456.7,782.3,7.563165527724095,0.556006608113762,7.583575419814869
26,21,1246.1935342371498,596.8956342775654,1249.4,589.7,3.2064657628502573,-7.195634277565318,7.877726534020069
26,22,1263.7774514757114,536.8385174393643,1271.8,525.8,8.022548524288595,-11.038517439364341,13.645884071166506
26,23,1569.344251212116,646.677955304335,1584.3,637.7,14.955748787883977,-8.977955304334955,17.443569108784164
26,24,1099.9017344301003,430.8472639235582,1110.3,426.1,10.39826556989965,-4.747263923558194,11.430679840765274
26,25,1251.871539878056,479.5122807499665,1259.9,471.4,8.028460121944136,-8.112280749966544,11.41338122100217
26,26,1397.2987044045294,527.9510156644673,1401.9,516.6,4.601295595470674,-11.35101566446724,12.24816222018138
26,27,1722.2397056217287,631.4972546834265,1746.4,623.2,24.160294378271374,-8.297254683426445,25.545337338277086
26,31,160.49722337837596,694.6775921558553,117.5,679.5,-42.99722337837596,-15.177592155855336,45.59737406802547
27,17,866.8925302583034,502.96134754076024,866.89,502.96,-0.0025302583034090276,-0.0013475407602641098,0.002866718190290686
27,18,995.5672473870377,566.1134216282958,995.57,566.11,0.002752612962353851,-0.0034216282957686417,0.0043914027730240215
27,19,1199.0298151745021,664.5532570630836,1199.03,664.55,0.00018482549785403535,-0.003257063083651701,0.003262302928230872
27,20,1451.852625854207,781.5579950439146,1451.85,781.56,-0.002625854207053635,0.002004956085329468,0.003303779535744015
27,21,1249.1451506778624,596.171725708174,1249.15,596.17,0.004849322137715717,-0.0017257081740353897,0.00514723167316882
27,22,1266.5830886067836,535.8788880795232,1266.58,535.88,-0.003088606783649084,0.0011119204767737756,0.0032826603556676344
27,23,1572.0081884090869,646.2584664782512,1572.01,646.26,0.0018115909131211083,0.001533521748797284,0.0023735101833649783
27,24,1102.4263008225753,429.63544794266863,1102.43,429.64,0.0036991774247780995,0.004552057331352444,0.005865589447609461
27,25,1254.653654908542,478.3842105624749,1254.65,478.38,-0.0036549085418755567,-0.004210562474895596,0.0055755890096449755
27,26,1400.224028303397,527.2132617483504,1400.22,527.21,-0.004028303397035415,-0.0032617483503827316,0.005183264469404541
27,27,1725.1797792162965,630.8729410125699,1725.18,630.87,0.00022078370352573984,-0.002941012569863233,0.0029492881140770356
27,31,159.62291753378196,694.0081941168914,159.62,694.01,-0.002917533781953807,0.0018058831085454585,0.0034312122013322776
28,17,869.4193976937275,501.9710106555702,869.42,501.97,0.0006023062724125339,-0.0010106555701554498,0.001176519242202914
28,18,998.4254355402783,565.3350662212218,998.43,565.34,0.004564459721677849,0.004933778778195119,0.00672134403099469
28,19,1202.0223613808766,663.9149427973127,1202.02,663.91,-0.002361380876664043,-0.004942797312764924,0.0054778978559070265
28,20,1454.8894693906552,781.168496282936,1454.89,781.17,0.0005306093448780302,0.001503717063997101,0.0015945881240709006
28,21,1252.1088630083968,595.6287942811305,1252.11,595.63,0.0011369916030616878,0.0012057188695280274,0.0016572591522657919
28,22,1269.4373164550877,534.9091660596424,1269.44,534.91,0.002683544912315483,0.00083394035755191,0.0028101369746630005
28,23,1574.7561413068152,645.6938498586884,1574.76,645.69,0.0038586931848385575,-0.003849858688340646,0.005450772882345355
28,24,1104.8197256169315,428.4765859570015,1104.82,428.48,0.00027438306847216154,0.0034140429985427545,0.003425051191466049
28,25,1257.2402411814064,477.53815792185617,1257.24,477.54,-0.00024118140640894126,0.0018420781438521772,0.0018577998705068524
28,26,1403.1680212275478,526.4099463112628,1403.17,526.41,0.0019787724522757344,5.3688737125412445e-05,0.001979500668951502
28,27,1727.8848344122225,630.4047057594274,1727.88,630.4,-0.004834412222407991,-0.004705759427451994,0.00674653343023075
28,31,158.96718815033648,693.7561455876686,158.97,693.76,0.0028118496635158863,0.00385441233140682,0.004771057843991766
29,17,871.3145482702956,500.97825799167765,871.31,500.98,-0.004548270295686052,0.001742008322366928,0.0048704574403043216
29,18,1000.5690766552087,564.7512996659163,1000.57,564.75,0.0009233447913175041,-0.001299665916349113,0.0015942700830702259
29,19,1204.5167710356575,663.4362070979846,1204.52,663.44,0.00322896434249742,0.0037929020154479076,0.004981196284418894
29,20,1457.9171020429915,780.626372212202,1457.92,780.63,0.0028979570085994055,0.003627787797995552,0.004643166929044855
29,21,1254.8316472562976,594.9715957108479,1254.83,594.97,-0.0016472562977014604,-0.001595710847823284,0.0022934137045413387
29,22,1272.0779873413157,534.1818745447318,1272.08,534.18,0.002012658684179769,-0.0018745447318906372,0.002750402321636451
29,23,1577.8171059801114,645.0203873940163,1577.82,645.02,0.0028940198885720747,-0.0003873940163430234,0.002919833084158939
29,24,1107.1147942126986,427.3574394677511,1107.11,427.36,-0.004794212698698175,0.0025605322489354876,0.005435144965702153
29,25,1259.9301808860548,476.65361844139215,1259.93,476.65,-0.00018088605474986252,-0.003618441392177374,0.003622959822220708
29,26,1406.1260159206608,525.5574597334471,1406.13,525.56,0.0039840793392613705,0.0025402665528417856,0.004725022998993338
29,27,1731.163625809167,629.8035293195705,1731.16,629.8,-0.0036258091668059933,-0.0035293195705889957,0.005059900072673063
29,31,157.72539111275236,693.3171091907515,157.73,693.32,0.0046088872476275355,0.002890809248583537,0.0054404613566351
30,17,873.2359112027217,500.2336934937582,873.24,500.23,0.004088797278313905,-0.003693493758191835,0.005510005383386593
30,18,1002.6768074914065,564.0634747494373,1002.68,564.06,0.003192508593429011,-0.003474749437373248,0.004718685703842097
30,19,1207.1375782767432,662.8271553234885,1207.14,662.83,0.0024217232569299085,0.0028446765115859307,0.003735897213351018
30,20,1460.9378265322437,779.9697791591515,1460.94,779.97,0.0021734677563927107,0.00022084084855578112,0.0021846585015671445
30,21,1257.6237354422233,594.2286967831359,1257.62,594.23,-0.0037354422233875084,0.0013032168641302633,0.003956248576520405
30,22,1275.0584905059868,533.3864059085489,1275.06,533.39,0.0015094940131348267,0.0035940914510774746,0.003898213120700056
30,23,1581.1128294850835,644.2652905455122,1581.11,644.27,-0.0028294850835663965,0.004709454487738185,0.005494082945333286
30,24,1109.5860956595238,426.5180796008133,1109.59,426.52,0.0039043404760832345,0.0019203991867016157,0.004351069706344186
30,25,1262.6976356645412,475.7402138310441,1262.7,475.74,0.002364335458878486,-0.00021383104410688247,0.0023739852311111752
30,26,1409.3445119404955,524.6680948000853,1409.34,524.67,-0.004511940495603994,0.0019051999146313392,0.00489769269662588
30,27,1734.8727193568752,629.1026469896779,1734.87,629.1,-0.0027193568753318687,-0.00264698967782806,0.0037949250545884303
30,31,156.54404333456426,692.9878318930636,156.54,692.99,-0.004043334564272527,0.0021681069364376526,0.004587945301163689
31,17,875.4269334020413,499.42527012031866,875.43,499.43,0.0030665979586501635,0.004729879681349303,0.005637001405005886
31,18,1005.2576056185549,563.297606062078,1005.26,563.3,0.0023943814451286016,0.0023939379219655166,0.003385853109483739
31,19,1209.8531837075575,662.1203664926163,1209.85,662.12,-0.0031837075575822382,-0.00036649261630827823,0.0032047325395444075
31,20,1464.2033698991827,779.4773343693636,1464.2,779.48,-0.003369899182644076,0.002665630636442984,0.004296720515827
31,21,1260.4678015816676,593.6715225873519,1260.47,593.67,0.002198418332454821,-0.0015225873519284505,0.002674194347598156
31,22,1277.79386787949,532.5398044314117,1277.79,532.54,-0.0038678794901443325,0.0001955685883103797,0.0038728205255359944
31,23,1584.0846221138127,643.6989679091341,1584.08,643.7,-0.004622113812729367,0.0010320908659195993,0.004735942108317866
31,24,1112.1895717446428,425.38855970060996,1112.19,425.39,0.0004282553572920733,0.0014402993900262118,0.0015026193742792083
31,25,1265.273226748406,474.8051603732831,1265.27,474.81,-0.003226748405950275,0.004839626716886869,0.00581669081472514
31,26,1412.2583839553718,524.001071100064,1412.26,524.0,0.0016160446282356133,-0.0010711000639958002,0.0019387768276779534
31,27,1737.9045395176563,628.3269852422584,1737.9,628.33,-0.004539517656212411,0.0030147577416528293,0.005449402241706872
31,31,155.40803250092318,692.4908739197977,155.41,692.49,0.0019674990768123735,-0.0008739197976410651,0.002152855877657987
32,17,877.570200051531,498.568952590239,877.57,498.57,-0.0002000515308964168,0.001047409760985829,0.001066343201048514
32,18,1007.6932042139161,562.4732045465585,1007.69,562.47,-0.003204213916092158,-0.00320454655843605,0.004531677996643515
32,19,1212.6398877806682,661.5902748694623,1212.64,661.59,0.00011221933186789101,-0.0002748694622596304,0.00029689459363177066
32,20,1467.152527424387,778.8580007770227,1467.15,778.86,-0.0025274243869262136,0.0019992229773606596,0.0032225403868433003
32,21,1263.1008511862506,593.003641940514,1263.1,593.0,-0.0008511862506566104,-0.003641940513944064,0.003740086728996269
32,22,1280.3454009096176,531.6548533235588,1280.35,531.65,0.0045990903822712426,-0.0048533235587910895,0.006686283116247506
32,23,1587.0634665853595,643.0242259318507,1587.06,643.02,-0.0034665853595470253,-0.00422593185066944,0.005465868097706733
32,24,1114.6421788084822,424.2914197754575,1114.64,424.29,-0.0021788084820855147,-0.0014197754574638566,0.0026005708510295367
32,25,1267.9549200613044,473.85387027996234,1267.95,473.85,-0.004920061304346746,-0.003870279962313816,0.006259877812323339
32,26,1415.1937879665288,523.250803325048,1415.19,523.25,-0.003787966528761899,-0.0008033250479684284,0.0038722114554494503
32,27,1740.9284046382422,627.4952389316938,1740.93,627.5,0.0015953617578361445,0.004761068306152083,0.005021249899597898
32,31,154.0560243756924,691.8681554398482,154.06,691.87,0.003975624307599901,0.0018445601517669274,0.00438269218502345
33,17,877.4276500386482,496.92671444267927,877.43,496.93,0.002349961351796992,0.003285557320737098,0.004039456060262159
33,18,1008.0199031604371,561.1049034099188,1008.02,561.1,9.683956284334272e-05,-0.004903409918824764,0.004904366088798915
33,19,1215.2299158355013,660.6927061520967,1215.23,660.69,8.4164498730388e-05,-0.002706152096607184,0.002707460587491163
33,20,1471.6143955682903,778.643500582767,1471.61,778.64,-0.00439556829041976,-0.003500582767060223,0.005619172564068726
33,21,1265.3256383896878,592.0027314553854,1265.33,592.0,0.004361610312116682,-0.0027314553854012047,0.005146308680714733
33,22,1282.2590506822132,530.4911399926691,1282.26,530.49,0.0009493177867625491,-0.0011399926690955908,0.0014835051553181182
33,23,1591.7975999390196,642.518169448888,1591.8,642.52,0.0024000609803351836,0.0018305511119933726,0.0030184781070843724
33,24,1115.9816341063615,422.9685648315931,1115.98,422.97,-0.0016341063615072926,0.0014351684069424664,0.0021748590660096525
33,25,1269.9661900459782,472.64040270997174,1269.97,472.64,0.003809954021789963,-0.00040270997175184675,0.0038311780132880653
33,26,1417.8953409748965,522.188102493786,1417.9,522.19,0.004659025103592285,0.0018975062140498267,0.005030610772884423
33,27,1746.4463034786818,627.1214291987703,1746.45,627.12,0.003696521318261148,-0.0014291987703245468,0.003963190505319714
33,31,170.5420182817693,690.1511165798862,170.54,690.15,-0.002018281769295527,-0.001116579886229374,0.002306558462862514
34,17,878.0707375289861,495.44503583200947,878.07,495.45,-0.0007375289860647172,0.004964167990522128,0.005018656477924162
34,18,1008.7649273703279,559.8286775574392,1008.76,559.83,-0.004927370327891367,0.0013224425608768797,0.005101748001911
34,19,1218.1724368766259,660.0195296140726,1218.17,660.02,-0.002436876625779405,0.0004703859274286515,0.0024818603123449414
34,20,1475.9607966762178,778.7326254370753,1475.96,778.73,-0.0007966762177602504,-0.0026254370752667455,0.00274364954615745
34,21,1267.7442287922659,591.002048591539,1267.74,591.0,-0.004228792265848824,-0.0020485915390509035,0.004698873409826422
34,22,1284.4442880116599,529.3683549945018,1284.44,529.37,-0.004288011659809854,0.0016450054981760331,0.004592721097965196
34,23,1596.3481999542646,641.888627086666,1596.35,641.89,0.001800045735308231,0.0013729133339666078,0.0022638585803412404
34,24,1117.4862255797711,421.7264236236948,1117.49,421.73,0.003774420228864983,0.003576376305204576,0.005199684176995169
34,25,1271.9746425344838,471.4803020324788,1271.97,471.48,-0.004642534483764393,-0.0003020324787712525,0.004652348874619597
34,26,1420.6715057311724,521.1410768703395,1420.67,521.14,-0.001505731172301239,-0.001076870339488778,0.0018511823495567202
34,27,1751.3347276090112,626.8410718990777,1751.33,626.84,-0.004727609011297318,-0.0010718990777149884,0.004847602974306564
34,31,181.40651371132697,688.8633374349147,181.41,688.86,0.003486288673030913,-0.003337434914669757,0.004826249115136968
35,17,879.3030531467396,494.33377687400707,879.3,494.33,-0.0030531467396031076,-0.003776874007087372,0.004856591631891785
35,18,1010.3236955277459,558.8715081680793,1010.32,558.87,-0.0036955277458901037,-0.0015081680793400665,0.003991427849302038
35,19,1221.1293276574693,659.2646472105544,1221.13,659.26,0.0006723425308337028,-0.0046472105543671205,0.004695594788244512
35,20,1480.2205975071633,778.5494690778064,1480.22,778.55,-0.0005975071633201878,0.0005309221935476671,0.0007993079417974052
35,21,1270.5581715941994,590.2515364436542,1270.56,590.25,0.001828405800551991,-0.0015364436542313342,0.0023882476576184268
35,22,1287.0832160087448,528.5262662458764,1287.08,528.53,-0.0032160087448573904,0.0037337541235729077,0.004927842540331104
35,23,1600.7611499656985,641.4164703149995,1600.76,641.42,-0.0011499656984597095,0.0035296850004442604,0.0037122900358128167
35,24,1119.6146691848285,420.54481771777114,1119.61,420.54,-0.004669184828571815,-0.0048177177711181685,0.006709075307783706
35,25,1274.4809819008628,470.36022652435906,1274.48,470.36,-0.0009819008628255688,-0.00022652435905001767,0.001007691713601247
35,26,1424.0036292983793,520.3558076527546,1424.0,520.36,-0.0036292983793373423,0.004192347245407291,0.005545050238936953
35,27,1756.0010457067583,626.3808039243083,1756.0,626.38,-0.001045706758304732,-0.0008039243083430847,0.00131901361551316
35,31,189.55488528349522,687.647503076186,189.55,687.65,-0.004885283495212889,0.002496923813964713,0.005486403499683882
36,17,881.2272898600547,493.2503326555053,881.23,493.25,0.002710139945293122,-0.0003326555053035918,0.0027304794832194207
36,18,1012.2427716458094,557.9036311260595,1012.24,557.9,-0.002771645809389156,-0.003631126059531198,0.004568051767757348
36,19,1224.096995743102,658.6984854079158,1224.1,658.7,0.0030042568978387862,0.0015145920842769556,0.003364453698591547
36,20,1483.9154481303726,778.4121018083548,1483.92,778.41,0.004551869627448468,-0.002101808354836976,0.005013692797305233
36,21,1273.6686286956497,589.4386523327407,1273.67,589.44,0.0013713043504139932,0.0013476672593242256,0.001922675912190823
36,22,1290.3124120065586,527.6446996844073,1290.31,527.64,-0.002412006558643043,-0.00469968440734192,0.0052825002761523665
36,23,1604.8208624742738,641.0623527362496,1604.82,641.06,-0.0008624742738447821,-0.002352736249690679,0.002505839127648191
36,24,1122.4610018886215,419.65861328832835,1122.46,419.66,-0.001001888621431135,0.001386711671671037,0.0017107746988139212
36,25,1277.6107364256472,469.5201698932693,1277.61,469.52,-0.0007364256473465502,-0.00016989326934435667,0.0007557687854352678
36,26,1427.7527219737844,519.5168557395659,1427.75,519.52,-0.0027219737844461633,0.003144260434055468,0.00415878767916551
36,27,1760.7507842800687,626.2856029432312,1760.75,626.29,-0.0007842800687285489,0.004397056768766561,0.004466453117850973
36,31,194.16616396262143,686.4856273071396,194.17,686.49,0.003836037378562196,0.0043726928604428394,0.005816839831170711
37,17,882.920467395041,492.187749491629,892.0,485.4,9.079532604959013,-6.787749491629029,11.33628931730414
37,18,1014.182078734357,556.9277233445446,1019.0,548.5,4.817921265643008,-8.427723344544575,9.707671507324335
37,19,1226.8227468073264,658.0238640559369,1222.9,647.0,-3.922746807326348,-11.023864055936883,11.701005137942905
37,20,1487.4365860977796,778.0590763562661,1491.6,778.3,4.163413902220327,0.24092364373382225,4.170378822518582
37,21,1276.5014715217371,588.8289892495555,1279.7,580.4,3.198528478262915,-8.42898924955557,9.01545585067013
37,22,1293.234309004919,526.7335247633055,1304.3,518.0,11.065690995081013,-8.733524763305468,14.096949031258037
37,23,1608.6156468557053,640.5467645521873,1623.1,632.8,14.484353144294573,-7.746764552187301,16.425859095817845
37,24,1125.095751416466,418.4939599662463,1138.9,415.1,13.80424858353399,-3.393959966246257,14.215352377218178
37,25,1280.7080523192353,468.640127419952,1287.3,461.4,6.591947680764633,-7.240127419952046,9.791487082311843
37,26,1431.0645414803384,518.6376418046744,1433.7,507.2,2.635458519661597,-11.437641804674456,11.737346022883267
37,27,1765.0630882100515,625.7142022074233,1789.0,616.9,23.936911789948454,-8.814202207423364,25.508153727644032
37,31,196.62462297196606,685.6142204803547,130.6,668.0,-66.02462297196607,-17.614220480354675,68.33382472627166
38,17,885.1903505462808,491.1408121187218,885.19,491.14,-0.00035054628074249194,-0.0008121187217966508,0.0008845448056684408
38,18,1016.6365590507678,556.1957925084084,1016.64,556.2,0.0034409492321856305,0.004207491591614598,0.005435358048186562
38,19,1230.1170601054948,657.5178980419527,1230.12,657.52,0.002939894505061602,0.0021019580473193855,0.0036140292380640927
38,20,1491.3274395733347,778.0443072671997,1491.33,778.04,0.0025604266652408114,-0.004307267199692433,0.0050108218325562595
38,21,1279.876103641303,588.1217419371667,1279.88,588.12,0.0038963586971476616,-0.0017419371666846928,0.004268015486091366
38,22,1296.4257317536892,526.0501435724791,1296.43,526.05,0.0042682463108576485,-0.00014357247914631444,0.004270660326801717
38,23,1612.711735141779,640.1600734141405,1612.71,640.16,-0.0017351417789086554,-7.341414050188177e-05,0.0017366941667835254
38,24,1128.0718135623497,417.37046997468474,1128.07,417.37,-0.0018135623497528286,-0.0004699746847336428,0.0018734686014800163
38,25,1284.0310392394265,467.730095564964,1284.03,467.73,-0.0010392394265181792,-9.55649639990952e-05,0.001043624093231841
38,26,1434.7984061102538,517.9782313535059,1434.8,517.98,0.0015938897461182933,0.0017686464941562008,0.002380881127665146
38,27,1769.5473161575387,625.2856516555676,1769.55,625.29,0.002683842461237873,0.004348344432401063,0.005109903096883217
38,31,197.71846722897453,685.210665360266,197.72,685.21,0.0015327710254666727,-0.0006653602659980606,0.001670955205886491
39,17,887.6427629097107,490.3556090890413,887.64,490.36,-0.002762909710668282,0.004390910958704808,0.005187848216416809
39,18,1019.4774192880759,555.3968443813063,1019.48,555.4,0.002580711924110801,0.0031556186936541053,0.004076518536077926
39,19,1233.3377950791212,657.1384235314645,1233.34,657.14,0.002204920878739358,0.0015764685355179608,0.00271052192851836
39,20,1494.995579680001,778.0332304503997,1495.0,778.03,0.004420319999098865,-0.0032304503997693246,0.0054749464545147085
39,21,1283.407077730977,587.591306452875,1283.41,587.59,0.002922269022974433,-0.0013064528749282545,0.0032010116146375116
39,22,1299.8192988152668,525.2876076793593,1299.82,525.29,0.0007011847330886667,0.0023923206406379904,0.002492961707996974
39,23,1616.7838013563342,639.8700550606054,1616.78,639.87,-0.003801356334179218,-5.506060540483304e-05,0.0038017550749189525
39,24,1131.3038601717622,416.27785248101355,1131.3,416.28,-0.003860171762198661,0.0021475189864190725,0.004417325415984916
39,25,1287.5232794295698,466.79757167372304,1287.52,466.8,-0.0032794295698295173,0.002428326276969983,0.004080615984247368
39,26,1438.5988045826903,517.2336735151293,1438.6,517.23,0.0011954173096455634,-0.0036735151293214585,0.003863125153234605
39,27,1773.910487118154,624.9642387416757,1773.91,624.96,-0.0004871181538419478,-0.004238741675635538,0.004266639788940702
39,31,198.0388504217309,684.9079990201996,198.04,684.91,0.001149578269092899,0.0020009798004139157,0.0023076937315066617
40,17,890.982072182283,489.516706816781,902.0,484.0,11.017927817717009,-5.516706816780982,12.321882465708722
40,18,1022.8580644660569,554.7976332859797,1029.0,546.4,6.1419355339430695,-8.397633285979737,10.404019267038453
40,19,1237.253346309341,656.8538176485984,1237.2,646.5,-0.05334630934089546,-10.353817648598351,10.353955076643272
40,20,1498.9966847600008,778.0249228377997,1505.5,780.1,6.5033152399992105,2.075077162200273,6.826350001273823
40,21,1287.3053082982328,587.1934798396562,1292.5,579.9,5.194691701767169,-7.293479839656243,8.954310138021842
40,22,1303.8644741114501,524.7157057595196,1316.7,516.5,12.83552588854991,-8.215705759519551,15.23970294863511
40,23,1620.8378510172506,639.6525412954541,1638.7,632.1,17.86214898274943,-7.552541295454034,19.393226815088692
40,24,1135.2278951288217,415.4583893607602,1148.6,412.5,13.37210487117818,-2.9583893607601794,13.695446553349264
40,25,1291.3924595721774,466.0981787552923,1300.0,459.1,8.607540427822642,-6.998178755292258,11.093433107366947
40,26,1442.6991034370176,516.675255136347,1451.0,506.3,8.300896562982416,-10.375255136346993,13.287242110145655
40,27,1778.1828653386156,624.7231790562568,1806.3,616.7,28.117134661384398,-8.023179056256708,29.239436788953036
40,31,197.77913781629817,684.4309992651497,138.1,668.6,-59.67913781629818,-15.830999265149671,61.74317798939313
41,17,894.2365541367122,488.63753011258575,905.9,482.5,11.663445863287734,-6.13753011258575,13.179728574168006
41,18,1026.1435483495427,554.0982249644848,1031.6,546.0,5.456451650457211,-8.098224964484757,9.764943020273153
41,19,1240.9400097320058,656.3903632364488,1241.3,647.0,0.35999026799413514,-9.39036323644882,9.397261021462587
41,20,1502.9975135700006,777.7686921283498,1509.2,779.9,6.202486429999453,2.131307871650165,6.558453412054195
41,21,1291.2289812236745,586.6451098797422,1294.5,579.4,3.2710187763254908,-7.245109879742245,7.949288081621686
41,22,1307.8983555835875,524.0367793196397,1320.7,516.0,12.8016444164125,-8.036779319639663,15.115287678269743
41,23,1625.128388262938,639.2394059715905,1639.2,630.4,14.071611737062085,-8.839405971590509,16.617621815687507
41,24,1138.9209213466163,414.59379202057016,1152.3,412.0,13.379078653383658,-2.593792020570163,13.628187798067641
41,25,1295.544344679133,465.3236340664692,1306.9,460.5,11.355655320867072,-4.823634066469197,12.33768022658793
41,26,1447.2743275777632,516.0064413522603,1452.0,505.4,4.725672422236812,-10.606441352260276,11.61157086708023
41,27,1782.8871490039617,624.5423842921925,1813.0,616.7,30.112850996038333,-7.842384292192492,31.117306864444974
41,31,197.08435336222362,684.0732494488623,141.2,669.1,-55.884353362223635,-14.973249448862248,57.85550232926623
42,17,897.1774156025342,487.9781475844393,897.18,487.98,0.00258439746573913,0.0018524155607337889,0.0031797096833779516
42,18,1029.357661262157,553.5736687233635,1029.36,553.57,0.0023387378428196826,-0.0036687233634893346,0.004350773013528672
42,19,1244.2050072990044,656.0427724273366,1244.21,656.04,0.004992700995671839,-0.002772427336594774,0.005710815753364887
42,20,1506.4981351775004,777.5765190962624,1506.5,777.58,0.0018648224995558849,0.0034809037376817287,0.003948956037468193
42,21,1294.921735917756,586.2338324098066,1294.92,586.23,-0.0017359177559228556,-0.003832409806591386,0.004207228943257791
42,22,1311.9237666876907,523.5275844897297,1311.92,523.53,-0.003766687690585968,0.0024155102702252407,0.004474664906333822
42,23,1629.3462911972035,638.6795544786928,1629.35,638.68,0.0037088027963818604,0.00044552130714237137,0.0037354661580005985
42,24,1142.6906910099622,413.6953440154276,1142.69,413.7,-0.0006910099621109111,0.004655984572366378,0.0047069828027995015
42,25,1299.6582585093497,464.4927255498519,1299.66,464.49,0.0017414906503745442,-0.0027255498519025423,0.003234410561531718
42,26,1451.4557456833224,515.5048310141951,1451.46,515.5,0.004254316677588577,-0.004831014195133321,0.006437228327998624
42,27,1787.6653617529712,624.1567882191443,1787.67,624.16,0.00463824702887905,0.003211780855622237,0.005641708231151878
42,31,195.31326502166772,683.8049370866468,195.31,683.8,-0.003265021667715473,-0.0049370866468052554,0.005919053222324859
43,17,900.1330617019007,487.23361068832946,900.13,487.23,-0.0030617019007195267,-0.003610688329445111,0.0047340351436444454
43,18,1032.7682459466178,552.9302515425227,1032.77,552.93,0.0017540533822284488,-0.0002515425227329615,0.0017719979989971554
43,19,1248.1537554742533,655.7820793205024,1248.15,655.78,-0.0037554742532392993,-0.002079320502389237,0.0042926868763513955
43,20,1510.6236013831253,777.4323893221967,1510.62,777.43,-0.0036013831254422257,-0.0023893221967909994,0.00432190015806684
43,21,1298.9413019383169,585.675374307355,1298.94,585.68,-0.0013019383168284548,0.0046256926449359526,0.004805421503493806
43,22,1315.942825015768,522.8956883672973,1315.94,522.9,-0.002825015767939476,0.004311632702638235,0.00515469598051778
43,23,1633.5097183979026,638.2596658590196,1633.51,638.26,0.00028160209740235587,0.00033414098038520024,0.0004369781871377434
43,24,1146.0180182574716,412.77150801157075,1146.02,412.77,0.001981742528414543,-0.0015080115707633013,0.0024902615016264584
43,25,1303.4936938820124,463.61954416238893,1303.49,463.62,-0.0036938820123850746,0.00045583761107081955,0.0037219016979346403
43,26,1455.5918092624918,514.8786232606463,1455.59,514.88,-0.0018092624918608635,0.001376739353645462,0.002273508744722726
43,27,1792.2490213147285,623.6175911643583,1792.25,623.62,0.0009786852715478744,0.0024088356417450996,0.0026000603857768887
43,31,192.7349487662508,683.8537028149851,192.73,683.85,-0.004948766250805647,-0.0037028149851039416,0.006180705964452871
44,17,903.0997962764255,486.4252080162471,903.1,486.43,0.0002037235744865029,0.004791983752909346,0.004796312289973277
44,18,1036.0761844599633,552.4476886568921,1036.08,552.45,0.0038155400366122194,0.002311343107976427,0.004461014765026104
44,19,1251.86531660569,655.3365594903768,1251.87,655.34,0.0046833943099500175,0.0034405096232603682,0.005811306972636999
44,20,1514.7177010373439,777.3242919916476,1514.72,777.32,0.002298962656141157,-0.004291991647505711,0.00486892406970887
44,21,1302.9559764537375,585.2565307305163,1302.96,585.26,0.004023546262487798,0.003469269483730386,0.005312697551820773
44,22,1319.957118761826,522.171766275473,1319.96,522.17,0.0028812381740408455,-0.0017662754730736197,0.003379535835337697
44,23,1637.882288798427,637.9447493942647,1637.88,637.94,-0.002288798426889116,-0.004749394264649709,0.00527212899311252
44,24,1149.7635136931037,411.82863100867803,1149.76,411.83,-0.0035136931037413888,0.001368991321953672,0.0037709649251702485
44,25,1307.3702704115094,462.7146581217917,1307.37,462.71,-0.0002704115095184534,-0.004658121791692338,0.004665964103025128
44,26,1459.943856946869,514.1589674454848,1459.94,514.16,-0.0038569468688365305,0.001032554515177253,0.003992769461894945
44,27,1796.9367659860463,623.2131933732687,1796.94,623.21,0.0032340139537154755,-0.003193373268686628,0.004544939943056313
44,31,190.5512115746881,683.6402771112389,190.55,683.64,-0.001211574688085193,-0.00027711123891549505,0.0012428611602033485
45,17,906.0748472073192,485.5689060121853,906.07,485.57,-0.004847207319130575,0.0010939878146700721,0.00496912750221602
45,18,1039.3071383449724,551.8357664926691,1039.31,551.84,0.0028616550275728514,0.004233507330923203,0.00510995634206531
45,19,1255.3989874542674,655.0024196177826,1255.4,655.0,0.0010125457326921605,-0.0024196177826070198,0.0026229371084151476
45,20,1518.288275778008,776.9932189937357,1518.29,776.99,0.0017242219919353374,-0.0032189937356861265,0.0036516930522512417
45,21,1306.7169823403033,584.6923980478872,1306.72,584.69,0.003017659696752162,-0.0023980478871408195,0.0038544654252467875
45,22,1323.7178390713696,521.3788247066047,1323.72,521.38,0.0021609286304737907,0.001175293395249355,0.0024598632301244087
45,23,1641.6617165988202,637.4585620456985,1641.66,637.46,-0.001716598820166837,0.0014379543015365925,0.002239290977677034
45,24,1153.3226352698277,410.8714732565085,1153.32,410.87,-0.0026352698278060416,-0.0014732565085182614,0.00301912765633325
45,25,1311.277702808632,461.78599359134375,1311.28,461.79,0.0022971913679157296,0.004006408656266558,0.004618267911439758
45,26,1463.9578927101516,513.3692255841136,1463.96,513.37,0.0021072898484817415,0.0007744158864397832,0.0022450813951134414
45,27,1801.2025744895348,622.6598950299515,1801.2,622.66,-0.002574489534708846,0.00010497004848275537,0.002576628625821704
45,31,188.16340868101608,683.4802078334292,188.16,683.48,-0.0034086810160829373,-0.00020783342915819958,0.0034150111278998586
46,17,908.8061354054894,484.676679509139,908.81,484.68,0.003864594510559982,0.003320490861028702,0.005095169309181539
46,18,1042.2303537587293,551.1268248695019,1042.23,551.13,-0.0003537587292612443,0.003175130498107137,0.003194776818267374
46,19,1258.5492405907005,654.5018147133369,1258.55,654.5,0.000759409299462277,-0.0018147133368984214,0.0019672028312369798
46,20,1521.466206833506,776.7449142453017,1521.47,776.74,0.0037931664940060728,-0.004914245301733899,0.00620789166600578
46,21,1310.0377367552273,584.0192985359154,1310.04,584.02,0.002263244772620965,0.0007014640846136899,0.00236945748280045
46,22,1327.288379303527,520.7841185299535,1327.29,520.78,0.001620696472855343,-0.004118529953530015,0.00442594013010227
46,23,1645.2462874491152,637.0939215342739,1645.25,637.09,0.003712550884756638,-0.0039215342738998515,0.005400135658784743
46,24,1156.7419764523709,409.9036049423814,1156.74,409.9,-0.001976452370854531,-0.003604942381400633,0.004111200986022815
46,25,1314.958277106474,461.0894951935078,1314.96,461.09,0.0017228935259936407,0.0005048064921879813,0.0017953249556740235
46,26,1467.9684195326136,512.7769191880852,1467.97,512.78,0.001580467386474993,0.0030808119147422985,0.0034625538571593658
46,27,1805.1519308671511,622.2449212724637,1805.15,622.24,-0.0019308671510316344,-0.004921272463661808,0.005286508357747009
46,31,186.12255651076205,683.1101558750719,186.12,683.11,-0.002556510762047992,-0.00015587507186864968,0.002561258345910709
47,17,911.354601554117,483.75750963185425,911.35,483.76,-0.004601554117016349,0.002490368145743105,0.005232230288620911
47,18,1044.922765319047,550.5951186521264,1044.92,550.6,-0.0027653190468299726,0.004881347873606501,0.0056102180433494145
47,19,1261.4119304430253,654.1263610350027,1261.41,654.13,-0.0019304430252304883,0.0036389649973216365,0.004119305345005769
47,20,1524.3496551251296,776.3086856839764,1524.35,776.31,0.0003448748702794546,0.0013143160235813411,0.0013588102464998338
47,21,1313.2783025664205,583.5144739019365,1313.28,583.51,0.0016974335794657236,-0.004473901936535185,0.004785089267132965
47,22,1330.7162844776453,520.0880888974651,1330.72,520.09,0.003715522354696077,0.001911102534904785,0.00417820766204431
47,23,1648.6847155868363,636.5704411507054,1648.68,636.57,-0.00471558683625517,-0.00044115070534189726,0.004736177061205239
47,24,1159.806482339278,408.927703706786,1159.81,408.93,0.003517660721854554,0.00229629321398761,0.004200821286211049
47,25,1318.4687078298555,460.3171213951308,1318.47,460.32,0.001292170144552074,0.002878604869181345,0.003155324020658778
47,26,1471.4763146494602,512.0826893910639,1471.48,512.08,0.003685350539853971,-0.002689391063881885,0.0045623056557063
47,27,1808.6139481503633,621.6836909543478,1808.61,621.68,-0.003948150363385139,-0.003690954347803199,0.0054047234239566365
47,31,184.09191738307155,682.5826169063039,184.09,682.58,-0.0019173830715430995,-0.00261690630384237,0.0032441572782665744
48,17,913.7659511655878,483.0681322238907,922.2,476.6,8.434048834412238,-6.468132223890677,10.628730601863206
48,18,1047.6920739892853,549.9463389890948,1050.0,542.5,2.3079260107147093,-7.446338989094784,7.795799305487965
48,19,1264.308947832269,653.5947707762521,1256.9,641.6,-7.40894783226895,-11.99477077625204,14.098476299093912
48,20,1527.012241343847,775.9815142629823,1533.8,778.3,6.787758656152846,2.3184857370176815,7.172798874005343
48,21,1316.2087269248154,582.8858554264524,1317.4,576.4,1.1912730751846539,-6.485855426452417,6.594350017439336
48,22,1333.787213358234,519.3160666730988,1341.4,509.8,7.612786641765979,-9.516066673098805,12.186469766914136
48,23,1651.7635366901272,636.177830863029,1670.7,628.6,18.936463309872806,-7.577830863029021,20.39640074314177
48,24,1162.8548617544586,407.94577778008954,1173.1,406.0,10.245138245541284,-1.9457777800895428,10.428274490045942
48,25,1321.6015308723915,459.4878410463481,1325.0,452.8,3.3984691276084504,-6.687841046348069,7.501787138577432
48,26,1474.857235987095,511.56201704329794,1480.0,501.8,5.1427640129049905,-9.76201704329793,11.033811600986756
48,27,1812.2104611127725,621.2627682157608,1845.2,615.0,32.98953888722758,-6.262768215760843,33.578742408199936
48,31,183.06893803730367,682.1869626797279,150.8,662.8,-32.268938037303656,-19.386962679727958,37.64490249689202
49,17,916.3244633741908,482.30109916791804,925.7,477.8,9.375536625809218,-4.501099167918028,10.40002792021841
49,18,1050.269055491964,549.4597542418211,1052.2,541.4,1.9309445080359637,-8.05975424182111,8.287833560808737
49,19,1266.9817108742018,653.196078082189,1264.1,642.5,-2.8817108742018718,-10.696078082189047,11.077470103899095
49,20,1529.7591810078852,775.4861356972367,1536.5,780.2,6.740818992114782,4.713864302763341,8.2255186674958
49,21,1319.1565451936117,582.4143915698393,1319.2,575.2,0.04345480638835397,-7.214391569839222,7.214522440409031
49,22,1336.8404100186756,518.7370500048241,1344.0,510.5,7.159589981324416,-8.237050004824141,10.913694217938046
49,23,1654.8226525175955,635.6333731472718,1675.9,629.3,21.077347482404548,-6.3333731472718,22.008320979043557
49,24,1165.641146315844,407.2093333350672,1175.5,405.4,9.858853684155974,-1.8093333350672083,10.023506526310104
49,25,1324.4511481542936,458.6158807847611,1329.9,453.9,5.448851845706486,-4.7158807847611115,7.206213847266681
49,26,1478.1429269903213,510.9215127824734,1483.8,500.9,5.657073009678697,-10.021512782473451,11.507962177819058
49,27,1815.4078458345793,620.6970761618206,1849.7,614.7,34.2921541654207,-5.997076161820587,34.81259484433266
49,31,182.05170352797774,681.8902220097959,153.1,659.8,-28.95170352797774,-22.09022200979598,36.41674128219044
50,17,918.4933475306432,481.72582437593854,925.9,476.2,7.4066524693568,-5.525824375938555,9.2408460562627
50,18,1052.701791618973,548.8448156813658,1055.0,541.1,2.2982083810270524,-7.7448156813658215,8.07860951531592
50,19,1269.4862831556513,652.8970585616418,1265.0,641.6,-4.486283155651336,-11.297058561641734,12.155256833890581
50,20,1532.569385755914,775.1146017729275,1538.8,779.3,6.230614244085928,4.185398227072483,7.505871846613685
50,21,1321.8674088952089,581.8107936773795,1321.9,574.6,0.032591104791208636,-7.210793677379456,7.210867329097593
50,22,1339.6303075140067,518.0527875036181,1346.4,509.8,6.769692485993346,-8.252787503618094,10.674138744404148
50,23,1657.8669893881965,635.2250298604538,1674.7,629.8,16.833010611803502,-5.425029860453833,17.685621143853133
50,24,1167.980859736883,406.4070000013004,1177.0,404.4,9.019140263116924,-2.007000001300412,9.239747836981087
50,25,1327.08836111572,457.96191058857084,1331.8,452.0,4.711638884279864,-5.961910588570845,7.598941955428477
50,26,1481.107195242741,510.19113458685507,1487.4,501.0,6.292804757259091,-9.191134586855071,11.138956266485033
50,27,1818.5558843759345,620.2728071213655,1856.0,614.8,37.44411562406549,-5.472807121365577,37.84195307665892
50,31,180.28877764598332,681.6676665073469,151.6,657.8,-28.688777645983322,-23.86766650734694,37.31904965733457
51,17,920.6200106479823,481.0443682819539,926.8,474.9,6.179989352017628,-6.144368281953916,8.71467325694616
51,18,1055.0263437142298,548.3836117610244,1057.3,540.3,2.27365628577013,-8.083611761024486,8.397278845482946
51,19,1272.1147123667386,652.6727939212313,1267.9,641.7,-4.214712366738468,-10.9727939212313,11.754403718272942
51,20,1535.1770393169354,774.8359513296956,1544.0,779.5,8.822960683064593,4.664048670304396,9.979879017997755
51,21,1324.6505566714068,581.3580952580346,1324.6,574.1,-0.05055667140686637,-7.2580952580345865,7.258271333570266
51,22,1342.222730635505,517.5395906277136,1349.7,509.9,7.477269364494987,-7.639590627713574,10.689850424971546
51,23,1660.6502420411475,634.9187723953403,1680.0,629.0,19.34975795885248,-5.918772395340284,20.234747335561593
51,24,1170.2356448026624,405.5552500009753,1179.5,404.0,9.264355197337636,-1.5552500009753203,9.39399168553872
51,25,1329.81627083679,457.22143294142813,1333.8,452.0,3.9837291632100005,-5.221432941428134,6.567606870667634
51,26,1484.0803964320557,509.6433509401413,1491.2,500.1,7.119603567944296,-9.543350940141295,11.906481517702066
51,27,1821.6669132819509,619.9546053410241,1856.0,613.5,34.33308671804912,-6.454605341024148,34.93454985680305
51,31,178.71658323448747,681.5007498805102,154.5,660.9,-24.216583234487473,-20.600749880510193,31.793612553344744
52,17,922.4650079859867,480.2832762114654,922.47,480.28,0.004992014013282642,-0.0032762114654474317,0.0059710774132596435
52,18,1057.0197577856725,547.7877088207683,1057.02,547.79,0.0002422143274998234,0.0022911792316335777,0.0023039466252314142
52,19,1274.5860342750539,652.2545954409235,1274.59,652.25,0.003965724946056071,-0.0045954409234809646,0.00607001249001804
52,20,1537.8827794877016,774.6269634972717,1537.88,774.63,-0.0027794877014457597,0.0030365027282641677,0.004116539894285487
52,21,1326.987917503555,580.768571443526,1326.99,580.77,0.0020824964449275285,0.0014285564740248446,0.0025253841376341327
52,22,1344.6670479766287,516.9046929707852,1344.67,516.9,0.0029520233713355992,-0.004692970785185935,0.005544223730651595
52,23,1663.2376815308608,634.4390792965053,1663.24,634.44,0.0023184691392543755,0.0009207034947849024,0.0024945929677973634
52,24,1172.4267336019968,404.6664375007315,1172.43,404.67,0.003266398003233917,0.0035624992685256984,0.004833296696228844
52,25,1332.1122031275925,456.4160747060711,1332.11,456.42,-0.002203127592565579,0.003925293928944029,0.004501300214130208
52,26,1486.5602973240418,508.982513205106,1486.56,508.98,-0.00029732404186688655,-0.0025132051059699734,0.0025307314141460382
52,27,1824.5001849614632,619.4659540057681,1824.5,619.47,-0.00018496146321922424,0.004045994231887562,0.004050219755438416
52,31,177.78743742586562,681.1255624103826,177.79,681.13,0.002562574134373108,0.004437589617396043,0.0051243524280224165
53,17,924.3487559894901,479.7124571585991,924.35,479.71,0.0012440105099358334,-0.0024571585990997846,0.0027541224609593574
53,18,1059.2648183392544,547.3407816155762,1059.26,547.34,-0.004818339254370585,-0.0007816155762156995,0.004881323189381286
53,19,1276.9395257062904,651.6909465806926,1276.94,651.69,0.00047429370965801354,-0.0009465806925845754,0.001058758485489044
53,20,1540.4120846157762,774.2202226229538,1540.41,774.22,-0.00208461577608432,-0.0002226229537427571,0.002096469392438817
53,21,1329.4909381276664,580.3264285826444,1329.49,580.33,-0.0009381276663589233,0.003571417355601625,0.0036925743657075538
53,22,1347.2502859824715,516.1785197280889,1347.25,516.18,-0.00028598247149602685,0.0014802719110775797,0.0015076441571963345
53,23,1665.9282611481456,633.829309472379,1665.93,633.83,0.001738851854497625,0.0006905276210318334,0.001870944725879873
53,24,1174.8200502014977,403.7498281255486,1174.82,403.75,-5.02014977428189e-05,0.0001718744513823367,0.00017905590583279144
53,25,1334.5841523456943,455.56205602955333,1334.58,455.56,-0.004152345694365067,-0.002056029553330063,0.004633490292390687
53,26,1489.4202229930313,508.2368849038295,1489.42,508.24,-0.00022299303122963465,0.0031150961705179725,0.0031230674093833963
53,27,1827.3751387210973,618.8494655043261,1827.38,618.85,0.004861278902808408,0.0005344956739463669,0.004890574423966729
53,31,176.5905780693992,680.844171807787,176.59,680.84,-0.0005780693992107899,-0.0041718077869745684,0.004211667655663914
54,17,926.2615669921175,479.0343428689493,926.26,479.03,-0.0015669921175458512,-0.004342868949322565,0.0046169226772213665
54,18,1061.4486137544409,546.7555862116822,1061.45,546.76,0.0013862455591606704,0.004413788317833678,0.004626359699043917
54,19,1279.4546442797177,651.2682099355195,1279.45,651.27,-0.004644279717695099,0.0017900644804740296,0.004977315033273344
54,20,1543.059063461832,773.9151669672153,1543.06,773.92,0.0009365381679344864,0.004833032784631541,0.0049229370945931645
54,21,1332.1182035957497,579.7448214369833,1332.12,579.74,0.0017964042501716904,-0.004821436983320382,0.005145223300709548
54,22,1349.6877144868536,515.6338897960667,1349.69,515.63,0.002285513146489393,-0.0038897960666872677,0.004511550042190775
54,23,1668.4461958611091,633.3719821042843,1668.45,633.37,0.0038041388909277885,-0.001982104284252273,0.004289546607174297
54,24,1176.8650376511232,402.81237109416145,1176.87,402.81,0.004962348876688338,-0.002371094161446763,0.005499726711066373
54,25,1336.9381142592706,454.921542022165,1336.94,454.92,0.0018857407294490258,-0.0015420221649833366,0.002435949600464435
54,26,1492.0651672447734,507.67766367787215,1492.07,507.68,0.004832755226516383,0.0023363221278600577,0.005367860296668493
54,27,1830.2813540408229,618.3870991282446,1830.28,618.39,-0.0013540408228891465,0.002900871755400658,0.0032013252710918977
54,31,175.9429335520494,680.6331288558403,175.94,680.63,-0.0029335520493987133,-0.003128855840259348,0.004288993646026585
55,17,928.1961752440882,478.52575715171196,928.2,478.53,0.003824755911864486,0.004242848288015466,0.005712312962404818
55,18,1063.8364603158307,546.3166896587616,1063.84,546.32,0.003539684169254542,0.0033103412384889452,0.004846413429879021
55,19,1282.3409832097882,650.9511574516396,1282.34,650.95,-0.000983209788273598,-0.0011574516395285173,0.0015186822530089254
55,20,1546.294297596374,773.9363752254114,1546.29,773.94,-0.004297596374044588,0.0036247745886157645,0.005622128192461977
55,21,1334.8386526968122,579.3086160777375,1334.84,579.31,0.0013473031876856112,0.0013839222624483227,0.0019314416139370855
55,22,1352.01578586514,514.97541734705,1352.02,514.98,0.004214134859921614,0.004582652950034571,0.006225724108733627
55,23,1671.3346468958318,632.7789865782132,1671.33,632.78,-0.004646895831911024,0.0010134217867516782,0.004756118647646946
55,24,1178.6487782383424,402.1092783206211,1178.65,402.11,0.0012217616576890578,0.0007216793788984432,0.001418986495399571
55,25,1338.953585694453,454.1911565166238,1338.95,454.19,-0.00358569445302237,-0.001156516623780135,0.003767590133164062
55,26,1494.5488754335802,507.0082477584041,1494.55,507.01,0.0011245664197758742,0.001752241595909254,0.002082066339702493
55,27,1833.2110155306173,617.7903243461834,1833.21,617.79,-0.0010155306172237033,-0.00032434618344723276,0.0010660688914115924
55,31,175.70720016403703,680.7248466418802,175.71,680.72,0.0027998359629748393,-0.004846641880135394,0.005597233149856239
56,17,930.3971314330661,477.89431786378395,930.4,477.89,0.0028685669338983644,-0.004317863783967368,0.005183881162907967
56,18,1066.127345236873,545.9875172440711,1066.13,545.99,0.002654763127111437,0.0024827559288951306,0.00363481007255323
56,19,1285.0057374073413,650.7133680887297,1285.01,650.71,0.004262592658733411,-0.003368088729644114,0.00543265293066322
56,20,1549.2207231972804,773.7022814190586,1549.22,773.7,-0.0007231972804220277,-0.0022814190585904726,0.0023933004883026398
56,21,1337.6289895226091,578.9814620583031,1337.63,578.98,0.001010477390991582,-0.0014620583031046408,0.0017772672954236165
56,22,1354.761839398855,514.4815630102875,1354.76,514.48,-0.0018393988550542417,-0.0015630102874411023,0.0024137914795237746
56,23,1674.250985171874,632.3342399336599,1674.25,632.33,-0.000985171873935542,-0.004239933659846429,0.004352884223258459
56,24,1180.9865836787567,401.33195874046584,1180.99,401.33,0.003416321243321363,-0.0019587404658523155,0.003938009021083645
56,25,1341.4651892708398,453.39336738746783,1341.47,453.39,0.004810729160226401,-0.0033673874678470384,0.0058721728015842575
56,26,1497.1616565751851,506.50618581880303,1497.16,506.51,-0.0016565751850521337,0.0038141811969580885,0.004158391461485937
56,27,1836.158261647963,617.3427432596376,1836.16,617.34,0.0017383520371367922,-0.002743259637554729,0.0032476670463664438
56,31,174.7804001230278,680.7936349814102,174.78,680.79,-0.0004001230277879131,-0.0036349814101868105,0.003656937009270171
57,17,932.2978485747996,477.42073839783797,932.3,477.42,0.0021514252003953516,-0.0007383978379493783,0.002274612441710564
57,18,1068.3455089276547,545.4906379330533,1068.35,545.49,0.004491072345217617,-0.0006379330533263783,0.004536153589827486
57,19,1287.504303055506,650.2850260665473,1287.5,650.29,-0.004303055505943121,0.004973933452674828,0.0065769522332813956
57,20,1552.1655423979603,773.526711064294,1552.17,773.53,0.004457602039792619,0.0032889357059957547,0.0055396131654960445
57,21,1340.2217421419568,578.4860965437274,1340.22,578.49,-0.0017421419568108831,0.0039034562726101285,0.004274579449473388
57,22,1357.3213795491413,513.8611722577156,1357.32,513.86,-0.0013795491413475247,-0.001172257715552405,0.0018103436096677437
57,23,1677.1882388789054,632.000679950245,1677.19,632.0,0.0017611210946597566,-0.0006799502449439387,0.0018878241034733351
57,24,1182.9899377590675,400.7489690553494,1182.99,400.75,6.224093249329599e-05,0.0010309446506084896,0.0010328217688913687
57,25,1343.8488919531299,452.7950255406009,1343.85,452.8,0.0011080468700583879,0.004974459399136322,0.005096372649238072
57,26,1499.871242431389,505.8796393641023,1499.87,505.88,-0.0012424313890733174,0.00036063589772084015,0.0012937132631613427
57,27,1839.1186962359723,617.0070574447282,1839.12,617.01,0.0013037640276252205,0.0029425552718294057,0.003218451827742737
57,31,173.83530009227084,680.5952262360577,173.84,680.6,0.004699907729161623,0.004773763942353071,0.006699101047151289
58,17,933.9733864310997,476.81555379837846,933.97,476.82,-0.003386431099670517,0.004446201621533419,0.005588973470338008
58,18,1070.259131695741,545.11797844979,1070.26,545.12,0.0008683042590291734,0.002021550209974521,0.002200140344999889
58,19,1289.8782272916294,649.9637695499105,1289.88,649.96,0.0017727083707086422,-0.0037695499104302144,0.004165573369274022
58,20,1554.8741567984703,773.3950332982205,1554.87,773.4,-0.0041567984703760885,0.004966701779494542,0.006476658095789466
58,21,1342.6663066064675,578.1145724077955,1342.67,578.11,0.0036933935325578204,-0.004572407795535582,0.005877760528893168
58,22,1359.991034661856,513.3958791932866,1359.99,513.4,-0.0010346618560106435,0.004120806713331149,0.004248714290808274
58,23,1680.141179159179,631.5005099626837,1680.14,631.5,-0.0011791591789460654,-0.0005099626837363758,0.0012847094255497488
58,24,1185.2424533193007,400.06172679151206,1185.24,400.06,-0.0024533193006845977,-0.00172679151205557,0.0030000974179547448
58,25,1346.3866689648473,452.09626915545067,1346.39,452.1,0.003331035152768891,0.0037308445493522413,0.005001499399221537
58,26,1502.6534318235417,505.4097295230767,1502.65,505.41,-0.003431823541632184,0.0002704769233332627,0.00344246577135586
58,27,1842.5890221769791,616.5052930835461,1842.59,616.51,0.0009778230207757588,0.0047069164538697805,0.0048074109834368335
58,31,172.87647506920314,680.4464196770432,172.88,680.45,0.0035249307968570065,0.0035803229568500683,0.005024325785414257
59,17,935.7300398233248,476.36166534878384,935.73,476.36,-3.982332475516159e-05,-0.0016653487838311776,0.0016658248614432843
59,18,1072.4443487718058,544.8384838373426,1072.44,544.84,-0.004348771805780416,0.0015161626574808906,0.00460549296196294
59,19,1292.408670468722,649.7228271624328,1292.41,649.72,0.001329531278088325,-0.0028271624328226608,0.0031241800269797065
59,20,1557.9056175988526,773.2962749736654,1557.91,773.3,0.0043824011474953295,0.0037250263345640633,0.005751631160876379
59,21,1345.2497299548506,577.8359293058467,1345.25,577.84,0.00027004514936379564,0.004070694153369914,0.004079641561825611
59,22,1362.493275996392,512.796909394965,1362.49,512.8,-0.0032759963919488655,0.0030906050349130965,0.004503775287677236
59,23,1683.1058843693843,631.1253824720128,1683.11,631.13,0.004115630615615373,0.004617527987193171,0.0061854652271840305
59,24,1187.1818399894755,399.29629509363406,1187.18,399.3,-0.0018399894754566049,0.003704906365953775,0.004136652324075094
59,25,1348.5400017236354,451.572201866588,1348.54,451.57,-1.7236354779015528e-06,-0.0022018665879954824,0.0022018672626319073
59,26,1505.2400738676563,504.8072971423075,1505.24,504.81,-7.38676562832552e-05,0.0027028576924976733,0.002703866885876342
59,27,1845.9417666327345,616.1289698126595,1845.94,616.13,-0.0017666327344159072,0.0010301873404614525,0.002045061655490334
59,31,171.90735630190235,680.5848147577824,171.91,680.58,0.002643698097642755,-0.004814757782355628,0.00549281641184502
60,17,937.7975298674936,475.7712490115879,937.8,475.77,0.00247013250634609,-0.0012490115879018049,0.00276795674561952
60,18,1074.8332615788545,544.3788628780069,1074.83,544.38,-0.0032615788545626856,0.001137121993110668,0.0034541197216869045
60,19,1295.0565028515416,649.5421203718247,1295.06,649.54,0.0034971484583365964,-0.0021203718247306824,0.00408974620419871
60,20,1561.1792131991394,773.2222062302491,1561.18,773.22,0.0007868008606237709,-0.0022062302490439833,0.002342329504163533
60,21,1347.687297466138,577.376946979385,1347.69,577.38,0.002702533862020573,0.003053020614970592,0.0040773305177288785
60,22,1364.869956997294,512.3476820462238,1364.87,512.35,4.3002705979233724e-05,0.0023179537762416658,0.002318352635281038
60,23,1685.8294132770382,630.8440368540096,1685.83,630.84,0.0005867229617706471,-0.004036854009541457,0.004079268822745059
60,24,1188.8863799921066,398.4722213202256,1188.89,398.47,0.0036200078934598423,-0.002221320225544332,0.004247201513128838
60,25,1350.6550012927266,450.929151399941,1350.66,450.93,0.00499870727344387,0.0008486000589869036,0.005070226470848539
60,26,1507.6800554007423,504.3554728567306,1507.68,504.36,-5.54007422124414e-05,0.004527143269399403,0.004527482238938768
60,27,1848.7063249745509,615.8467273594947,1848.71,615.85,0.003675025449183522,0.003272640505315394,0.004920974286579594
60,31,171.93051722642676,680.4386110683367,171.93,680.44,-0.0005172264267514493,0.001388931663313997,0.001482111447188186
61,17,939.8481474006202,475.07843675869094,939.85,475.08,0.0018525993798448326,0.0015632413090429509,0.002424014821014875
61,18,1077.1249461841408,544.0341471585052,1077.12,544.03,-0.004946184140862897,-0.004147158505247717,0.006454739438813322
61,19,1297.7923771386563,649.4065902788685,1297.79,649.41,-0.002377138656356692,0.0034097211314474407,0.004156559440905966
61,20,1564.3844098993545,773.1666546726868,1564.38,773.17,-0.0044098993544139375,0.0033453273131272,0.005535198925785352
61,21,1350.5154730996035,577.0327102345387,1350.52,577.03,0.004526900396513156,-0.0027102345387675086,0.005276191662087277
61,22,1367.4024677479704,511.76076153466784,1367.4,511.76,-0.0024677479702859273,-0.0007615346678448986,0.002582579155646532
61,23,1688.8720599577787,630.6330276405072,1688.87,630.63,-0.002059957778783428,-0.0030276405071845147,0.0036619712029335866
61,24,1191.16478499408,397.8541659901692,1191.16,397.85,-0.0047849940799551405,-0.004165990169155975,0.00634441821089294
61,25,1352.991250969545,450.44686354995576,1352.99,450.45,-0.001250969545026237,0.003136450044223693,0.0033767208475818603
61,26,1510.5100415505567,503.766604642548,1510.51,503.77,-4.155055671617447e-05,0.0033953574520069196,0.0033956116791621425
61,27,1851.7797437309132,615.635045519621,1851.78,615.64,0.0002562690867762285,0.00495448037895585,0.00496110367461673
61,31,171.69788791982006,680.3289583012526,171.7,680.33,0.002112080179927034,0.0010416987474854977,0.0023549987190980524
62,17,941.8861105504651,474.5588275690182,941.89,474.56,0.0038894495348813507,0.001172430981796424,0.004062316099402517
62,18,1079.5937096381056,543.5256103688789,1079.59,543.53,-0.0037096381056471728,0.004389631121057391,0.0057471972520373015
62,19,1300.5942828539924,649.3049427091514,1300.59,649.3,-0.004282853992435776,-0.004942709151464442,0.006540123246277046
62,20,1567.288307424516,773.1249910045151,1567.29,773.12,0.0016925754839576257,-0.0049910045150909355,0.0052701933397696615
62,21,1353.3866048247025,576.7745326759041,1353.39,576.77,0.0033951752975553973,-0.0045326759041017795,0.005663246962013512
62,22,1370.0518508109778,511.3205711510009,1370.05,511.32,-0.0018508109778849757,-0.000571151000883674,0.0019369343668978467
62,23,1691.904044968334,630.4747707303804,1691.9,630.47,-0.00404496833380108,-0.004770730380414534,0.006254729185509449
62,24,1193.37358874556,397.1406244926269,1193.37,397.14,-0.0035887455601368856,-0.0006244926269118878,0.00364267562877475
62,25,1355.4934382271588,449.83514766246685,1355.49,449.84,-0.003438227158767404,0.0048523375331228635,0.005946981211559244
62,26,1513.3825311629175,503.324953481911,1513.38,503.32,-0.0025311629174211703,-0.0049534819110022,0.005562712356140128
62,27,1855.084807798185,615.2262841397157,1855.08,615.23,-0.004807798185083811,0.003715860284273731,0.006076392107224323
62,31,171.02341593986506,680.2467187259394,171.02,680.25,-0.003415939865050177,0.003281274060555006,0.004736602645579441
63,17,944.4145829128488,473.91912067676367,944.41,473.92,-0.004582912848832166,0.000879323236347318,0.004666508280713888
63,18,1082.1952822285791,543.1442077766592,1082.2,543.14,0.0047177714209283295,-0.004207776659200135,0.006321609889406144
63,19,1303.4457121404944,649.2287070318636,1303.45,649.23,0.004287859505666347,0.0012929681364539647,0.004478560677518893
63,20,1570.216230568387,773.3437432533863,1570.22,773.34,0.003769431613136476,-0.0037432533862329365,0.005312302758659092
63,21,1356.2899536185269,576.5808995069281,1356.29,576.58,4.6381473111978266e-05,-0.0008995069280217649,0.0009007019232838297
63,22,1372.7888881082333,510.99042836325066,1372.79,510.99,0.0011118917666408379,-0.00042836325064854464,0.0011915529259037853
63,23,1694.6780337262503,630.3560780477853,1694.68,630.36,0.0019662737497583294,0.003921952214682278,0.004387247614762575
63,24,1195.78019155917,396.35546836947015,1195.78,396.36,-0.0001915591699344077,0.00453163052986838,0.004535677476940036
63,25,1358.3700786703691,449.37636074685014,1358.37,449.38,-7.867036924835702e-05,0.0036392531498563585,0.0036401033660786474
63,26,1516.2868983721883,502.99371511143323,1516.29,502.99,0.003101627811702201,-0.0037151114332232282,0.004839643379794686
63,27,1858.0636058486389,615.1697131047868,1858.06,615.17,-0.0036058486389265454,0.00028689521320757194,0.0036172438776242107
63,31,171.01756195489878,679.9350390444546,171.02,679.94,0.002438045101229136,0.004960955545470824,0.005527670742705748
64,17,946.8109371846366,473.43934050757275,946.81,473.44,-0.0009371846366548198,0.0006594924272462777,0.0011459691552467778
64,18,1084.6464616714343,542.6081558324944,1084.65,542.61,0.003538328565809934,0.0018441675056237727,0.003990078047911493
64,19,1306.084284105371,648.9215302738977,1306.08,648.92,-0.004284105370970792,-0.0015302738977425179,0.004549208396160025
64,20,1573.1621729262902,773.2578074400396,1573.16,773.26,-0.0021729262900862523,0.002192559960349172,0.0030868961501602813
64,21,1358.9674652138951,576.185674630196,1358.97,576.19,0.0025347861048885534,0.004325369804064394,0.005013378555370434
64,22,1375.591666081175,510.492821272438,1375.59,510.49,-0.0016660811750170978,-0.0028212724379841347,0.003276492736307422
64,23,1697.5085252946878,630.0170585358389,1697.51,630.02,0.0014747053121482168,0.0029414641610401304,0.003290435711020911
64,24,1198.0851436693774,395.7666012771026,1198.09,395.77,0.004856330622487803,0.0033987228973728634,0.005927500691525844
64,25,1361.0275590027768,448.7822705601376,1361.03,448.78,0.0024409972231751453,-0.0022705601376173945,0.003333753257529101
64,26,1518.9651737791412,502.49528633357494,1518.97,502.5,0.0048262208588312205,0.004713666425061547,0.006746188475351847
64,27,1861.0477043864792,614.8772848285901,1861.05,614.88,0.0022956135208005435,0.002715171409931827,0.003555558637147397
64,31,171.51317146617407,679.7012792833409,171.51,679.7,-0.003171466174080706,-0.0012792833408639126,0.0034197607459513953
65,17,949.1082028884774,472.82950538067956,949.11,472.83,0.0017971115225918766,0.0004946193204204974,0.0018639361836623397
65,18,1087.2348462535756,542.2061168743708,1087.23,542.21,-0.004846253575578885,0.0038831256292723992,0.006210059449918599
65,19,1309.0632130790282,648.6911477054233,1309.06,648.69,-0.003213079028228094,-0.001147705423250045,0.0034119062971008974
65,20,1576.3716296947177,772.9433555800297,1576.37,772.94,-0.0016296947178489063,-0.0033555800296198868,0.00373039169639978
65,21,1361.9755989104215,575.889255972647,1361.98,575.89,0.0044010895785504545,0.0007440273529937258,0.004463537406634817
65,22,1378.4437495608813,509.8696159543285,1378.44,509.87,-0.0037495608812605496,0.00038404567152383606,0.0037691773479229633
65,23,1700.3813939710158,629.5127939018791,1700.38,629.51,-0.00139397101565919,-0.0027939018791585113,0.0031223457372404123
65,24,1200.563857752033,395.07495095782696,1200.56,395.07,-0.0038577520331273263,-0.004950957826963531,0.0062764826259195106
65,25,1363.7706692520826,448.0867029201032,1363.77,448.09,-0.0006692520826163673,0.003297079896753985,0.003364317790528358
65,26,1521.973880334356,501.8714647501812,1521.97,501.87,-0.003880334355926607,-0.0014647501811850816,0.00414758819159594
65,27,1864.0357782898593,614.4079636214426,1864.04,614.41,0.004221710140654977,0.002036378557363605,0.004687181897537085
65,31,171.63487859963055,679.5259594625056,171.63,679.53,-0.004878599630558256,0.004040537494347518,0.006334562147339883
66,17,951.831152166358,472.12212903550966,951.83,472.12,-0.0011521663579969754,-0.0021290355096539315,0.0024208014205769524
66,18,1090.1761346901817,541.6545876557781,1090.18,541.65,0.0038653098183658585,-0.004587655778095723,0.005998933699437808
66,19,1312.0474098092711,648.2683607790675,1312.05,648.27,0.002590190728824382,0.0016392209324749274,0.0030653112855225247
66,20,1579.5287222710383,772.7075166850223,1579.53,772.71,0.00127772896166789,0.0024833149777805374,0.002792748570558054
66,21,1364.981699182816,575.4169419794853,1364.98,575.42,-0.0016991828160826117,0.003058020514686177,0.003498387015570454
66,22,1381.0828121706609,509.40221196574635,1381.08,509.4,-0.0028121706609454122,-0.00221196574636906,0.0035778619718195093
66,23,1703.0360454782617,629.1345954264093,1703.04,629.13,0.00395452173825106,-0.004595426409309766,0.0060626880227900425
66,24,1203.1728933140248,394.3062132183702,1203.17,394.31,-0.002893314024731808,0.003786781629798952,0.004765603965657719
66,25,1366.328001939062,447.31502719007744,1366.33,447.32,0.001998060937921764,0.004972809922549004,0.005359205728226024
66,26,1524.730410250767,501.4035985626359,1524.73,501.4,-0.0004102507668903854,-0.003598562635943381,0.0036218722694956987
66,27,1866.7768337173945,614.0559727160819,1866.78,614.06,0.0031662826054343896,0.004027283918048852,0.005122925072070769
66,31,171.2261589497229,679.3944695968792,171.23,679.39,0.003841050277088698,-0.004469596879175697,0.00589329818467217
67,17,954.3733641247685,471.59159677663223,954.37,471.59,-0.003364124768495458,-0.0015967766322546595,0.0037238462738570653
67,18,1092.8821010176362,541.2409407418336,1092.88,541.24,-0.0021010176360505284,-0.0009407418335740658,0.002302014401438802
67,19,1314.7855573569534,647.9512705843006,1314.79,647.95,0.004442643046559169,-0.0012705843005278439,0.004620764190465508
67,20,1582.3965417032787,772.5306375137667,1582.4,772.53,0.003458296721419174,-0.0006375137667191666,0.003516566509556597
67,21,1367.9862743871122,575.062706484614,1367.99,575.06,0.003725612887819807,-0.0027064846140092413,0.00460491589019363
67,22,1384.0621091279957,508.80165897430976,1384.06,508.8,-0.002109127995709059,-0.0016589743097483733,0.002683396478847061
67,23,1705.7770341086962,628.850946569807,1705.78,628.85,0.002965891303801982,-0.0009465698069561768,0.0031132789186658614
67,24,1205.8796699855186,393.72965991377765,1205.88,393.73,0.0003300144815057138,0.00034008622236569863,0.0004738862697382744
67,25,1368.9960014542964,446.7362703925581,1369.0,446.74,0.003998545703552736,0.003729607441925964,0.005467937400361271
67,26,1527.5478076880752,501.0526989219769,1527.55,501.05,0.0021923119247730938,-0.0026989219769006922,0.003477126890537624
67,27,1869.5826252880458,613.7919795370615,1869.58,613.79,-0.0026252880459196604,-0.001979537061515657,0.003287963549366494
67,31,170.66961921229216,679.0458521976593,170.67,679.05,0.00038078770782590254,0.004147802340639828,0.004165244714953557
68,17,956.7800230935763,470.94369758247416,956.78,470.94,-2.309357637386711e-05,-0.003697582474160299,0.0036976545899376724
68,18,1095.4115757632271,540.6807055563752,1095.41,540.68,-0.0015757632270378963,-0.0007055563752373928,0.0017265108011023313
68,19,1317.589168017715,647.4634529382254,1317.59,647.46,0.0008319822848079639,-0.0034529382253367658,0.0035517568765649054
68,20,1585.297406277459,772.147978135325,1585.3,772.15,0.0025937225409506937,0.0020218646749299296,0.003288667417536354
68,21,1370.989705790334,574.5470298634605,1370.99,574.55,0.00029420966598081577,0.0029701365394885215,0.0029846725768099577
68,22,1387.0465818459968,508.10124423073233,1387.05,508.1,0.0034181540031568147,-0.00124423073231128,0.00363756606875048
68,23,1708.8327755815221,628.3882099273552,1708.83,628.39,-0.0027755815222008096,0.0017900726447805937,0.0033027583714184045
68,24,1208.409752489139,393.04724493533325,1208.41,393.05,0.0002475108610724419,0.0027550646667577894,0.0027661603251377224
68,25,1371.7470010907223,446.0522027944186,1371.75,446.05,0.0029989092777213955,-0.0022027944185651904,0.0037209891301192236
68,26,1530.6608557660563,500.53952419148266,1530.66,500.54,-0.0008557660562473757,0.00047580851736483964,0.0009791472249984234
68,31,170.2522144092191,678.7843891482445,170.25,678.78,-0.002214409219106983,-0.004389148244513308,0.00491611945562557
69,17,959.0850173201823,470.4577731868556,959.09,470.46,0.004982679817771896,0.002226813144375228,0.005457636388253953
69,18,1098.0586818224203,540.2605291672814,1098.06,540.26,0.0013181775796056172,-0.0005291672814564663,0.0014204260428262185
69,19,1320.4418760132862,647.097589703669,1320.44,647.1,-0.0018760132861643797,0.0024102963310497216,0.0030543336840196463
69,20,1588.4730547080942,771.8609836014938,1588.47,771.86,-0.0030547080941687454,-0.0009836014937718573,0.0032091608621460967
69,21,1373.9922793427504,574.1602723975953,1373.99,574.16,-0.0022793427503984276,-0.0002723975953813351,0.002295561766488413
69,22,1390.0349363844975,507.57593317304924,1390.03,507.58,-0.004936384497568724,0.004066826950747782,0.00639585595172103
69,23,1712.3745816861415,628.0411574455164,1712.37,628.04,-0.00458168614159149,-0.0011574455164691244,0.0047256246173015045
69,24,1211.0573143668544,392.2854337014999,1211.06,392.29,0.002685633145574684,0.00456629850009449,0.005297518983880526
69,25,1374.8102508180418,445.28915209581396,1374.81,445.29,-0.0002508180418772099,0.0008479041860596226,0.0008842235005181375
69,26,1533.9956418245422,499.904643143612,1534.0,499.9,0.004358175457809921,-0.004643143612042877,0.006368082593929769
69,31,169.93916080691434,678.3382918611834,169.94,678.34,0.0008391930856532781,0.0017081388166388933,0.0019031508747119313
70,17,961.3137629901366,469.8433298901417,961.31,469.84,-0.003762990136692679,-0.003329890141742453,0.005024764982058361
70,18,1100.5440113668153,539.695396875461,1100.54,539.7,-0.004011366815348083,0.00460312453901679,0.006105720207229804
70,19,1323.3314070099646,646.8231922777518,1323.33,646.82,-0.0014070099646232848,-0.003192277751736583,0.003488597753364751
70,20,1591.8547910310706,771.6457377011203,1591.85,771.65,-0.004791031070681129,0.0042622988796665595,0.006412579080201567
70,21,1376.9942095070628,573.6202042981965,1376.99,573.62,-0.004209507062796547,-0.00020429819653600134,0.004214461705229018
70,22,1392.776202288373,506.93194987978694,1392.78,506.93,0.0037977116269303224,-0.0019498797869346163,0.0042690332377270076
70,23,1715.5309362646062,627.5308680841373,1715.53,627.53,-0.0009362646062527347,-0.0008680841373234216,0.0012767777733004822
70,24,1213.5429857751408,391.46407527612496,1213.54,391.46,-0.0029857751408144395,-0.004075276124979155,0.005052002443222944
70,25,1377.6076881135314,444.71686407186047,1377.61,444.72,0.0023118864685329754,0.003135928139556654,0.0038960062037744665
70,26,1536.9967313684067,499.178482357709,1537.0,499.18,0.003268631593300597,0.0015176422909917164,0.0036037744957376824
70,31,170.20437060518577,678.0037188958876,170.2,678.0,-0.004370605185783916,-0.003718895887573126,0.005738673741606989
71,17,963.7353222426025,469.38249741760626,963.74,469.38,0.004677757397530513,-0.0024974176062642073,0.00530268884342933
71,18,1103.1580085251114,539.2715476565958,1103.16,539.27,0.0019914748886549205,-0.0015476565957897037,0.0025221445578385276
71,19,1325.9985552574735,646.3673942083138,1326.0,646.37,0.0014447425264734193,0.0026057916861645936,0.0029795018508947625
71,20,1594.3910932733029,771.2343032758403,1594.39,771.23,-0.0010932733027857466,-0.004303275840243259,0.004439980796332951
71,21,1379.745657130297,573.2151532236473,1379.75,573.22,0.004342869702895769,0.004846776352678717,0.00650782285170821
71,22,1395.58215171628,506.4489624098402,1395.58,506.45,-0.002151716279968241,0.001037590159796764,0.0023888232017433685
71,23,1718.1482021984548,626.898151063103,1718.15,626.9,0.0017978015453081753,0.0018489368969767384,0.0025788869780031913
71,24,1216.1572393313556,390.8480564570937,1216.16,390.85,0.0027606686444414663,0.001943542906303719,0.003376188737770119
71,25,1380.2057660851485,444.03764805389534,1380.21,444.04,0.004233914851511145,0.0023519461046817014,0.004843313478309459
71,26,1539.747548526305,498.63386176828175,1539.75,498.63,0.0024514736949186045,-0.003861768281751665,0.004574164135535703
71,31,170.40327795388933,677.7527891719157,170.4,677.75,-0.003277953889323726,-0.0027891719156514228,0.004304005306176001
72,17,966.0514916819518,468.78687306320467,966.05,468.79,-0.0014916819518475677,0.0031269367953541405,0.003464512774923393
72,18,1105.8685063938335,538.7036607424468,1105.87,538.7,0.0014936061663775035,-0.003660742446754739,0.003953719089883951
72,19,1328.9989164431051,646.0255456562354,1329.0,646.03,0.0010835568948550645,0.004454343764564328,0.0045842419130431
72,20,1598.043319954977,770.9257274568802,1598.04,770.93,-0.0033199549770870362,0.004272543119782313,0.005410797146473351
72,21,1382.8092428477228,572.6613649177355,1382.81,572.66,0.0007571522771741002,-0.001364917735486415,0.001560858736553468
72,22,1398.4366137872098,505.8367218073802,1398.44,505.84,0.0033862127902466455,0.0032781926198026667,0.0047130652354236136
72,23,1721.611151648841,626.4236132973273,1721.61,626.42,-0.001151648841187125,-0.003613297327319742,0.003792388776091349
72,24,1218.6179294985168,390.1360423428203,1218.62,390.14,0.002070501483103726,0.003957657179682883,0.00446654528057538
72,25,1382.9043245638613,443.2782360404215,1382.9,443.28,-0.0043245638612461335,0.0017639595784544326,0.004670482414528204
72,26,1542.8106613947289,497.9753963262113,1542.81,497.98,-0.0006613947289224598,0.0046036737887220625,0.004650941339171347
72,31,170.552458465417,677.3145918789368,170.55,677.31,-0.0024584654169927944,-0.0045918789368215585,0.005208589480557576
73,17,968.5386187614638,468.0901547974035,968.54,468.09,0.001381238536168894,-0.00015479740352475346,0.0013898856535470802
73,18,1108.651379795375,538.277745556835,1108.65,538.28,-0.001379795374987225,0.0022544431649293983,0.00264317030490527
73,19,1332.2491873323288,645.5191592421766,1332.25,645.52,0.0008126676711981418,0.0008407578234255197,0.0011693170919223872
73,20,1601.7824899662328,770.6942955926602,1601.78,770.69,-0.002489966232815277,-0.0042955926601280225,0.004965082893800067
73,21,1386.106932135792,572.2460236883016,1386.11,572.25,0.0030678642078783014,0.0039763116983522195,0.005022235112022681
73,22,1401.5774603404075,505.37754135553513,1401.58,505.38,0.0025396595924576104,0.002458644464866211,0.0035347989264142327
73,23,1725.2083637366309,626.0677099729954,1725.21,626.07,0.0016362633691642259,0.0022900270046193327,0.002814530421785215
73,24,1221.2134471238876,389.35203175711524,1221.21,389.35,-0.003447123887553971,-0.0020317571152190794,0.004001337285382046
73,25,1385.928243422896,442.70867703031615,1385.93,442.71,0.0017565771040608524,0.0013229696838266136,0.0021990479546465332
73,26,1546.1079960460465,497.4815472446585,1546.11,497.48,0.002003953953362725,-0.0015472446584681165,0.0025317577846935145
73,31,170.16434384906276,676.9859439092025,170.16,676.99,-0.004343849062763638,0.004056090797462275,0.0059431386688626655
74,17,971.1539640710978,467.5676160980526,971.15,467.57,-0.003964071097811939,0.002383901947382583,0.004625672725479227
74,18,1111.4885348465314,537.7083091676263,1111.49,537.71,0.0014651534686436207,0.0016908323736970488,0.0022373173227373064
74,19,1335.4368904992466,645.1393694316324,1335.44,645.14,0.003109500753453176,0.0006305683675691398,0.00317279236665507
74,20,1605.3368674746746,770.5207216944951,1605.34,770.52,0.0031325253253271512,-0.0007216944951551341,0.003214585176683486
74,21,1389.330199101844,571.9345177662262,1389.33,571.93,-0.00019910184414584364,-0.0045177662262858576,0.004522151392834105
74,22,1404.6830952553055,504.78315601665133,1404.68,504.78,-0.003095255305424871,-0.003156016651360005,0.004420525591988178
74,23,1728.6562728024733,625.8007824797465,1728.66,625.8,0.0037271975268140523,-0.0007824797465900701,0.0038084479722995364
74,24,1223.9100853429156,388.51402381783646,1223.91,388.51,-8.534291555406526e-05,-0.004023817836468879,0.0040247227723559246
74,25,1388.946182567172,442.0315077727371,1388.95,442.03,0.003817432828100209,-0.0015077727371135552,0.004104408851934717
74,26,1549.580997034535,497.11116043349386,1549.58,497.11,-0.0009970345349756826,-0.0011604334938510874,0.001529929330912254
74,31,170.87325788679706,676.4894579319019,170.87,676.49,-0.003257886797058518,0.0005420680980705583,0.0033026753103195055
75,17,973.8654730533233,466.92571207353944,973.87,466.93,0.00452694667671949,0.004287926460563085,0.006235347588150857
75,18,1114.3664011348985,537.2812318757198,1114.37,537.28,0.003598865101366755,-0.0012318757197817831,0.003803859593468643
75,19,1338.827667874435,644.8545270737243,1338.83,644.85,0.0023321255648625083,-0.004527073724261754,0.0050924656263136876
75,20,1608.752650606006,770.6405412708714,1608.75,770.64,-0.002650606006000089,-0.0005412708713947723,0.002705307072268174
75,21,1392.747649326383,571.4508883246697,1392.75,571.45,0.0023506736170020304,-0.0008883246696314018,0.0025129240283671824
75,22,1408.0123214414791,504.33736701248847,1408.01,504.34,-0.0023214414791254967,0.0026329875115038703,0.003510229875199019
75,23,1732.242204601855,625.6005868598099,1732.24,625.6,-0.0022046018550554436,-0.0005868598099141309,0.002281375413167757
75,24,1226.9325640071868,387.88551786337734,1226.93,387.89,-0.0025640071867201186,0.004482136622641519,0.005163688754909299
75,25,1392.209636925379,441.5236308295528,1392.21,441.52,0.00036307462096374366,-0.0036308295528328927,0.0036489377114596886
75,26,1553.1857477759013,496.5833703251204,1553.19,496.58,0.0042522240987636906,-0.0033703251204428852,0.005425910172827691
75,31,171.4049434150978,676.1170934489264,171.4,676.12,-0.004943415097784509,0.0029065510735790667,0.005734578622037321
76,17,976.3991047899924,466.1942840551546,981.3,462.6,4.900895210007548,-3.59428405515456,6.077635373121131
76,18,1117.274800851174,536.7109239067898,1115.3,528.3,-1.9748008511739954,-8.41092390678989,8.639645789475818
76,19,1341.8707509058263,644.6408953052933,1335.1,636.6,-6.7707509058263895,-8.040895305293247,10.511853553937852
76,20,1612.0644879545046,770.4804059531535,1624.8,779.8,12.735512045495398,9.319594046846419,15.781257879490264
76,21,1395.8107369947872,571.0881662435022,1396.6,567.1,0.7892630052126606,-3.988166243502178,4.065514245111877
76,22,1411.2592410811094,503.7530252593664,1421.0,497.6,9.740758918890606,-6.153025259366359,11.52137596636562
76,23,1735.6816534513914,625.2004401448575,1774.1,625.0,38.4183465486085,-0.20044014485745265,38.418869423509186
76,24,1229.6994230053901,387.164138397533,1243.5,387.9,13.800576994609855,0.7358616024669686,13.820181535788162
76,25,1395.4072276940342,440.8927231221646,1407.6,438.3,12.192772305965718,-2.592723122164614,12.465388469411277
76,26,1556.389310831926,496.1875277438403,1567.6,488.9,11.210689168073941,-7.2875277438403145,13.37114850117269
76,31,171.55370756132334,675.5878200866948,188.3,652.3,16.746292438676676,-23.287820086694865,28.683808583100472
77,17,978.5493285924942,465.6457130413659,978.55,465.65,0.0006714075057061564,0.004286958634054372,0.0043392167920964595
77,18,1119.9561006383806,536.2831929300924,1119.96,536.28,0.003899361619460251,-0.0031929300923820847,0.005039823768164789
77,19,1344.6530631793698,644.23067147897,1344.65,644.23,-0.003063179369746649,-0.0006714789699344692,0.003135913241514461
77,20,1615.2983659658785,770.1103044648652,1615.3,770.11,0.0016340341214799992,-0.0003044648651666648,0.0016621571418737363
77,21,1398.8580527460904,570.5661246826267,1398.86,570.57,0.001947253909520441,0.0038753173733994117,0.004337036146115681
77,22,1414.194430810832,503.31476894452476,1414.19,503.31,-0.004430810831991039,-0.004768944524755625,0.006509601870244123
77,23,1738.7612400885437,624.9003301086431,1738.76,624.9,-0.0012400885436818498,-0.00033010864308380405,0.0012832736701146805
77,24,1232.2745672540427,386.62310379814977,1232.27,386.62,-0.004567254042740387,-0.003103798149766135,0.005522080445395566
77,25,1398.3054207705256,440.41954234162347,1398.31,440.42,0.004579229474302338,0.0004576583765469877,0.004602042347473878
77,26,1559.5419831239444,495.6406458078802,1559.54,495.64,-0.001983123944455656,-0.0006458078802324962,0.002085629017165745
77,31,171.4152806709925,675.1908650650212,171.42,675.19,0.00471932900748584,-0.0008650650211166067,0.004797958291988036
78,17,980.9119964443707,464.9842847810244,980.91,464.98,-0.0019964443707749524,-0.004284781024409767,0.004727064475204565
78,18,1122.7170754787853,535.9623946975693,1122.72,535.96,0.002924521214708875,-0.00239469756922972,0.00377986782617554
78,19,1347.7397973845273,643.9230036092274,1347.74,643.92,0.0002026154727445828,-0.003003609227448578,0.0030104354205014523
78,20,1618.4737744744089,769.8327283486489,1618.47,769.83,-0.0037744744088286097,-0.0027283486488158815,0.004657310748962059
78,21,1401.8935395595677,570.17459351197,1401.89,570.17,-0.0035395595675709046,-0.004593511970028885,0.0057990373469379705
78,22,1417.145823108124,502.73607670839357,1417.15,502.74,0.0041768918761135865,0.003923291606440671,0.005730501092741498
78,23,1742.0709300664078,624.6752475814823,1742.07,624.68,-0.0009300664078182308,0.0047524185176825995,0.004842572177073294
78,24,1234.7059254405322,385.96732784861234,1234.71,385.97,0.004074559467881045,0.0026721513876850622,0.004872620228994485
78,25,1401.2290655778943,439.8146567562176,1401.23,439.81,0.000934422105729027,-0.004656756217571001,0.004749581364874303
78,26,1562.6564873429584,495.23048435591016,1562.66,495.23,0.003512657041710554,-0.0004843559101459505,0.0035458934192065124
78,31,171.31146050324438,674.8931487987659,171.31,674.89,-0.0014605032443739674,-0.0031487987658920247,0.0034710233930225856
79,17,983.4339973332781,464.23821358576834,983.43,464.24,-0.003997333278107362,0.0017864142316739162,0.0043783500480651
79,18,1125.2878066090889,535.4717960231769,1125.29,535.47,0.0021933909110884997,-0.0017960231768938684,0.0028349008696576293
79,19,1350.5548480383954,643.4422527069205,1350.55,643.44,-0.004848038395493859,-0.002252706920444325,0.0053458549132575995
79,20,1621.3553308558066,769.6245462614867,1621.36,769.62,0.004669144193258035,-0.004546261486666481,0.006516855146662548
79,21,1404.9201546696759,569.8809451339775,1404.92,569.88,-0.00015466967579413904,-0.0009451339775523593,0.0009577060844195403
79,22,1420.359367331093,502.3020575312952,1420.36,502.3,0.0006326689069737768,-0.0020575312951791602,0.0021526042312726753
79,23,1745.3031975498059,624.5064356861117,1745.3,624.51,-0.0031975498059182428,0.003564313888318793,0.004788387855613831
79,24,1237.5294440803991,385.22549588645927,1237.53,385.23,0.000555919600856214,0.004504113540747312,0.004538291020919595
79,25,1404.4217991834207,439.3609925671632,1404.42,439.36,-0.0017991834206441126,-0.0009925671631663135,0.0020548115618023647
79,26,1565.992365507219,494.9228632669326,1565.99,494.92,-0.0023655072188830673,-0.0028632669325929783,0.0037140169533630705
79,31,172.2335953774333,674.1698615990745,172.23,674.17,-0.003595377433299518,0.00013840092549344263,0.003598040258815467
80,17,985.8254979999585,463.67866018932625,985.83,463.68,0.004502000041497922,0.0013398106737554372,0.0046971371084051075
80,18,1127.9658549568167,535.1038470173827,1127.97,535.1,0.0041450431833709445,-0.0038470173826681275,0.00565516805537737
80,19,1353.4161360287967,643.0816895301904,1353.42,643.08,0.0038639712033727847,-0.0016895301903332438,0.004217201171931642
80,20,1624.516498141855,769.468409696115,1624.52,769.47,0.0035018581450003694,0.001590303884995592,0.003846046920454495
80,21,1407.940116002257,569.4107088504832,1407.94,569.41,-0.00011600225684560428,-0.0007088504831926912,0.0007182795633427038
80,22,1423.2695254983196,501.72654314847136,1423.27,501.73,0.0004745016804008628,0.003456851528653715,0.003489265586890566
80,23,1748.4773981623543,624.1298267645838,1748.48,624.13,0.0026018376456704573,0.0001732354162413685,0.002607598443754005
80,24,1240.1470830602993,384.6691219148445,1240.15,384.67,0.0029169397007535736,0.0008780851555343361,0.0030462387887692103
80,25,1407.3163493875654,438.7707444253724,1407.32,438.77,0.003650612434512368,-0.0007444253724315786,0.0037257402327774023
80,26,1568.9942741304142,494.44214745019946,1568.99,494.44,-0.004274130414160027,-0.0021474501994589446,0.004783276403931098
80,31,173.67519653307497,673.6273961993058,173.68,673.63,0.0048034669250398565,0.00260380069414623,0.0054637965330700455
81,17,988.369123499969,463.25899514199466,988.37,463.26,0.0008765000310404503,0.0010048580053307887,0.0013334136324829147
81,18,1130.7243912176125,534.577885263037,1130.72,534.58,-0.0043912176124649704,0.002114736962994357,0.004873900341890174
81,19,1356.3121020215976,642.8112671476428,1356.31,642.81,-0.0021020215976932377,-0.0012671476428067763,0.0024544160091230665
81,20,1627.3873736063913,769.3513072720863,1627.39,769.35,0.0026263936088071205,-0.0013072720862510323,0.002933752493969799
81,21,1410.9550870016926,569.0580316378623,1410.96,569.06,0.004912998307418093,0.0019683621376316296,0.005292636571082017
81,22,1426.2021441237398,501.2949073613535,1426.2,501.29,-0.0021441237397539226,-0.004907361353502893,0.005355320911507553
81,23,1751.6080486217656,623.8473700734378,1751.61,623.85,0.001951378234252843,0.002629926562235596,0.0032748115573064786
81,24,1242.8603122952245,384.00184143613336,1242.86,384.0,-0.00031229522460307635,-0.001841436133361185,0.00186772999669601
81,25,1410.237262040674,438.3280583190293,1410.24,438.33,0.0027379593259411195,0.0019416809706740423,0.0033565676311353597
81,26,1572.2457055978107,494.0816105876496,1572.25,494.08,0.004294402189316315,-0.0016105876496226301,0.004586489151924564
81,31,174.75639739980622,673.2205471494794,174.76,673.22,0.003602600193772787,-0.0005471494794164755,0.003643912829500377
82,17,990.7768426249768,462.694246356496,990.78,462.69,0.003157375023192799,-0.004246356496025783,0.005291555586821524
82,18,1133.5432934132093,534.1834139472778,1133.54,534.18,-0.003293413209348728,-0.0034139472778633717,0.004743585836004595
82,19,1359.2340765161982,642.608450360732,1359.23,642.61,-0.004076516198210811,0.0015496392679779092,0.004361119830402994
82,20,1630.2905302047934,769.2634804540647,1630.29,769.26,-0.0005302047934492293,-0.003480454064742844,0.003520607564012428
82,21,1413.9663152512694,568.7935237283967,1413.97,568.79,0.003684748730620413,-0.0035237283967717303,0.005098434565827458
82,22,1429.401608092805,500.9711805210151,1429.4,500.97,-0.0016080928048722853,-0.0011805210151010215,0.0019948915600044932
82,23,1754.7060364663243,623.6355275550784,1754.71,623.64,0.0039635336756873585,0.004472444921589158,0.005975982159859281
82,24,1245.8952342214184,383.5013810771,1245.9,383.5,0.0047657785817136755,-0.001381077100006678,0.0049618564515797586
82,25,1413.1779465305056,437.74604373927195,1413.18,437.75,0.002053469494512683,0.003956260728045891,0.004457436024574259
82,26,1575.4342791983581,493.5612079407372,1575.43,493.56,-0.004279198358062786,-0.00120794073717434,0.004446420966594653
82,31,176.56729804985466,672.9154103621096,176.57,672.92,0.0027019501453366956,0.0045896378903762525,0.005325909363917337
83,17,993.3326319687326,462.270684767372,993.33,462.27,-0.00263196873254401,-0.0006847673720358216,0.0027195892636378326
83,18,1136.157470059907,533.8875604604584,1136.16,533.89,0.002529940093154437,0.002439539541569502,0.0035145341156163808
83,19,1362.1755573871487,642.456337770549,1362.18,642.46,0.0044426128513350704,0.0036622294510380016,0.0057574936820545125
83,20,1633.2178976535952,769.1976103405485,1633.22,769.2,0.002102346404853961,0.0023896594515235847,0.0031828183580371616
83,21,1416.974736438452,568.5951427962975,1416.97,568.6,-0.004736438452027869,0.004857203702499646,0.006784266873983101
83,22,1432.3012060696037,500.72838539076133,1432.3,500.73,-0.0012060696037679008,0.001614609238686171,0.0020153329458884946
83,23,1757.7795273497431,623.4766456663087,1757.78,623.48,0.000472650256824636,0.0033543336912771338,0.003387469967057018
83,24,1248.671425666064,383.126035807825,1248.67,383.13,-0.0014256660638238827,0.003964192174976233,0.004212759585554567
83,25,1415.8834598978792,437.30953280445397,1415.88,437.31,-0.0034598978791109403,0.00046719554603669167,0.003491298470786035
83,26,1578.5757093987686,493.1709059555529,1578.58,493.17,0.004290601231332403,-0.0009059555528665442,0.004385204030610304
83,31,177.67547353739099,672.6865577715822,177.68,672.69,0.004526462609021564,0.0034422284178390328,0.005686633470819877
84,17,995.9994739765494,461.953013575529,996.0,461.95,0.0005260234505612971,-0.0030135755289961708,0.0030591400980512426
84,18,1139.1181025449303,533.6656703453439,1139.12,533.67,0.001897455069638454,0.004329654656089588,0.004727181526268578
84,19,1364.8816680403615,642.3422533279117,1364.88,642.34,-0.0016680403614373063,-0.0022533279117169513,0.002803541568285831
84,20,1635.9134232401964,768.8982077554114,1635.91,768.9,-0.0034232401962981385,0.0017922445886142668,0.003864028222848332
84,21,1419.981052328839,568.4463570972232,1419.98,568.45,-0.0010523288390231755,0.003642902776846313,0.003791851345582319
84,22,1435.4759045522028,500.546289043071,1435.48,500.55,0.00409544779722637,0.0037109569290123545,0.0055266530548597976
84,23,1760.5846455123074,623.3574842497316,1760.58,623.36,-0.004645512307433819,0.0025157502684578503,0.005282971134860083
84,24,1251.753569249548,382.84452685586876,1251.75,382.84,-0.0035692495480361686,-0.004526855868789426,0.00576471737320657
84,25,1419.1625949234094,436.9821496033405,1419.16,436.98,-0.002594923409333205,-0.0021496033404559967,0.003369632327362296
84,26,1581.6817820490764,492.8781794666647,1581.68,492.88,-0.0017820490763824637,0.0018205333353193964,0.0025475557963751763
84,31,178.25660515304324,672.2649183286867,178.26,672.26,0.0033948469567519624,-0.004918328686699169,0.005976198033045428
85,17,998.4996054824121,461.71476018164674,1003.0,458.2,4.5003945175878926,-3.51476018164675,5.710261810847613
85,18,1141.5885769086976,533.249252759008,1135.8,524.8,-5.788576908697678,-8.449252759008004,10.241947803690094
85,19,1367.4112510302712,642.0066899959338,1362.6,636.8,-4.811251030271251,-5.206689995933857,7.089270568263274
85,20,1638.6850674301472,768.6736558165585,1654.0,782.4,15.314932569852772,13.726344183441483,20.565983668704863
85,21,1422.7357892466293,568.0847678229175,1421.1,565.7,-1.6357892466294288,-2.3847678229174107,2.8918720629742114
85,22,1438.1069284141522,500.15971678230324,1447.3,495.5,9.193071585847747,-4.659716782303235,10.306576816470134
85,23,1763.4384841342305,623.0181131872987,1804.1,623.6,40.66151586576939,0.5818868127013275,40.66567919960284
85,24,1254.3151769371611,382.3833951419016,1266.7,384.3,12.384823062838905,1.9166048580984238,12.532247064270354
85,25,1421.871946192557,436.73661220250534,1434.8,436.2,12.928053807442893,-0.5366122025053528,12.939185751198425
85,26,1584.5113365368074,492.6586345999985,1598.2,486.8,13.688663463192597,-5.8586345999984815,14.889698008517275
85,31,179.69245386478244,671.698688746515,200.0,650.5,20.307546135217564,-21.198688746515018,29.356103873055297
86,17,1000.624704111809,461.286070136235,1000.62,461.29,-0.004704111809019196,0.003929863764994934,0.00612964086412687
86,18,1143.941432681523,532.936939569256,1143.94,532.94,-0.0014326815230560896,0.0030604307440853518,0.0033791733731563904
86,19,1370.0584382727034,641.7550174969504,1370.06,641.76,0.0015617272965755546,0.004982503049632214,0.005221525523107544
86,20,1642.0138005726103,768.7552418624189,1642.01,768.76,-0.0038005726103165216,0.004758137581120536,0.006089681880620672
86,21,1425.551841934972,567.8135758671881,1425.55,567.81,-0.0018419349719351885,-0.0035758671881467308,0.004022381208699927
86,22,1440.5801963106142,499.8697875867274,1440.58,499.87,-0.00019631061422842322,0.00021241327260668186,0.0002892356403319296
86,23,1766.3288631006728,622.763584890474,1766.33,622.76,0.001136899327093488,-0.0035848904740305443,0.0037608482807394085
86,24,1256.4863827028707,381.7875463564262,1256.49,381.79,0.003617297129267172,0.0024536435738014006,0.0043709501608530646
86,25,1424.1539596444177,436.302459151879,1424.15,436.3,-0.003959644417591335,-0.002459151879008914,0.004661138474428248
86,26,1587.1335024026057,492.24397594999886,1587.13,492.24,-0.0035024026055907598,-0.003975949998846318,0.00529858494364061
86,31,180.76934039858682,671.5240165598863,180.77,671.52,0.0006596014131901029,-0.004016559886281357,0.004070359608728311
87,17,1002.4685280838568,460.71455260217624,1002.47,460.71,0.0014719161432594774,-0.004552602176261189,0.004784634124788014
87,18,1146.2060745111423,532.452704676942,1146.21,532.45,0.003925488857703385,-0.002704676941903017,0.004767047317996254
87,19,1372.7938287045276,641.5662631227128,1372.79,641.57,-0.0038287045276774734,0.0037368772872241607,0.0053500682444273355
87,20,1645.7603504294577,769.0664313968141,1645.76,769.07,-0.00035042945773966494,0.003568603185954089,0.0035857676310175747
87,21,1428.163881451229,567.6101819003911,1428.16,567.61,-0.003881451228835431,-0.0001819003911123218,0.0038857111825398053
87,22,1442.9351472329606,499.40234069004555,1442.94,499.4,0.004852767039437822,-0.0023406900455711366,0.005387780417620036
87,23,1769.4966473255047,622.5726886678556,1769.5,622.57,0.0033526744953178422,-0.002688667855522908,0.004297599458869672
87,24,1258.364787027153,381.09065976731966,1258.36,381.09,-0.0047870271530428,-0.0006597673196893084,0.004832279159992629
87,25,1426.3654697333131,435.72684436390927,1426.37,435.73,0.004530266686742834,0.003155636090752978,0.005520992246894994
87,26,1589.8501268019543,491.9329819624991,1589.85,491.93,-0.00012680195436587383,-0.0029819624991205274,0.0029846572804582013
87,31,181.57700529894012,671.3930124199147,181.58,671.39,0.0029947010598903034,-0.0030124199147394393,0.004247694454739756
88,17,1004.3513960628926,460.28591445163215,1004.35,460.29,-0.00139606289258154,0.004085548367868341,0.0043174873556543055
88,18,1148.4045558833568,532.0895285077065,1148.4,532.09,-0.00455588335671564,0.0004714922935136201,0.004580215949367595
88,19,1375.5953715283958,641.4246973420346,1375.6,641.42,0.0046284716040645435,-0.004697342034660323,0.0065945258798657085
88,20,1649.0702628220934,769.2998235476106,1649.07,769.3,-0.00026282209341843554,0.00017645238938257535,0.0003165610502062262
88,21,1431.1229110884217,567.4576364252933,1431.12,567.46,-0.0029110884217971034,0.0023635747066919066,0.003749789486575864
88,22,1445.7013604247204,499.05175551753416,1445.7,499.05,-0.0013604247203602426,-0.0017555175341499307,0.0022209451214460696
88,23,1772.8724854941286,622.4295165008916,1772.87,622.43,-0.002485494128677601,0.0004834991083271234,0.002532084605901618
88,24,1260.7735902703648,380.56799482548973,1260.77,380.57,-0.0035902703648389434,0.0020051745102591667,0.0041122701892305
88,25,1429.0241022999849,435.29513327293193,1429.02,435.3,-0.00410229998487921,0.0048667270680766705,0.006365052829402919
88,26,1592.8875951014656,491.69973647187436,1592.89,491.7,0.0024048985344506946,0.00026352812562890904,0.0024192941189530026
88,31,181.9327539742051,671.0447593149361,181.93,671.04,-0.002753974205091936,-0.004759314936109149,0.00549867734854332
89,17,1006.5135470471695,459.9644358387241,1006.51,459.96,-0.0035470471694907246,-0.004435838724134555,0.0056796310451581134
89,18,1150.8034169125176,531.8171463807798,1150.8,531.82,-0.0034169125176504167,0.0028536192202182065,0.0044517899554308345
89,19,1378.1965286462969,641.318523006526,1378.2,641.32,0.0034713537031620945,0.0014769934740570534,0.00377250662754412
89,20,1652.05269711657,769.4748676607079,1652.05,769.47,-0.002697116570061553,-0.004867660707873256,0.005564940121822854
89,21,1433.8421833163163,567.34322731897,1433.84,567.34,-0.002183316316404671,-0.003227318969948101,0.0038964673579109745
89,22,1448.5260203185403,498.7888166381506,1448.53,498.79,0.003979681459668427,0.0011833618494279108,0.00415189231400696
89,23,1776.1543641205965,622.5721373756687,1776.15,622.57,-0.00436412059639224,-0.0021373756686671186,0.004859415945241277
89,24,1263.3301927027737,380.1759961191173,1263.33,380.18,-0.0001927027738020115,0.004003880882692101,0.004008515496018229
89,25,1431.7680767249885,434.97134995469895,1431.77,434.97,0.0019232750114497321,-0.0013499546989237388,0.002349758383071172
89,26,1595.9156963260994,491.5248023539058,1595.92,491.52,0.00430367390072206,-0.0048023539058021925,0.00644858217597712
89,31,182.44956548065383,670.533569486202,182.45,670.53,0.00043451934615745813,-0.003569486202081862,0.0035958363156625883
90,17,1008.3851602853771,459.4733268790431,1008.39,459.47,0.004839714622903557,-0.003326879043072495,0.005872900629023232
90,18,1153.1025626843882,531.6128597855849,1153.1,531.61,-0.002562684388294656,-0.0028597855848602194,0.0038400162584790523
90,19,1380.8973964847228,641.2388922548945,1380.9,641.24,0.0026035152773147274,0.0011077451055143683,0.0028293799705946567
90,20,1655.0395228374275,769.606150745531,1655.04,769.61,0.0004771625724515616,0.003849254469059815,0.003878716809477788
90,21,1436.6316374872372,567.0074204892275,1436.63,567.01,-0.0016374872370761295,0.002579510772534377,0.003055362544315832
90,22,1451.3945152389051,498.34161247861294,1451.39,498.34,-0.004515238905014485,-0.0016124786129694257,0.0047945249656916175
90,23,1779.3657730904474,622.4291030317515,1779.37,622.43,0.004226909552471625,0.0008969682484121222,0.004321031867903242
90,24,1265.7476445270804,379.631997089338,1265.75,379.63,0.002355472919589374,-0.0019970893379763766,0.0030881415930584873
90,25,1434.5760575437414,434.4785124660242,1434.58,434.48,0.003942456258528182,0.001487533975819133,0.004213753514341377
90,26,1598.9367722445745,491.14360176542937,1598.94,491.14,0.0032277554255415453,-0.003601765429380066,0.004836436632004006
90,31,182.83717411049037,670.1501771146516,182.84,670.15,0.002825889509637136,-0.00017711465159209183,0.0028314344633923283
91,17,1010.0388702140328,459.10499515928234,1010.04,459.1,0.001129785967123098,-0.004995159282316308,0.005121331134306691
91,18,1155.076922013291,531.4596448391886,1155.08,531.46,0.003077986708831304,0.00035516081140940514,0.003098409492256172
91,19,1383.173047363542,641.1791691911709,1383.17,641.18,-0.003047363542009407,0.0008308088290505111,0.003158586371717006
91,20,1658.0296421280707,769.7046130591482,1658.03,769.7,0.00035787192928182776,-0.004613059148141474,0.00462691982014165
91,21,1439.223728115428,566.7555653669206,1439.22,566.76,-0.0037281154279753537,0.004434633079426931,0.0057935149256263625
91,22,1453.7958864291788,498.0062093589597,1453.8,498.01,0.004113570821118628,0.0037906410402683832,0.0055937844431588135
91,23,1782.5243298178357,622.3218272738136,1782.52,622.32,-0.0043298178356963035,-0.001827273813546526,0.00469960126819145
91,24,1267.8107333953103,379.22399781700346,1267.81,379.22,-0.000733395310362539,-0.003997817003437376,0.004064530658542849
91,25,1437.182043157806,434.1088843495181,1437.18,434.11,-0.002043157805928786,0.0011156504818927715,0.0023279110416154873
91,26,1601.7025791834308,490.857701324072,1601.7,490.86,-0.0025791834307256067,0.0022986759279888247,0.0034548658716721256
91,31,183.62788058286776,669.8626328359887,183.63,669.86,0.0021194171322349575,-0.002632835988720217,0.0033799044844361227
92,17,1011.5291526605247,458.5787463694618,1011.53,458.58,0.0008473394752854801,0.001253630538201378,0.0015131337391943085
92,18,1156.8076915099682,531.0947336293915,1156.81,531.09,0.002308490031737165,-0.00473362939146682,0.005266533341999118
92,19,1385.3797855226567,641.1343768933782,1385.38,641.13,0.00021447734343382763,-0.004376893378207569,0.00438214515677467
92,20,1660.522231596053,769.7784597943612,1660.52,769.78,-0.002231596052979512,0.0015402056387756602,0.0027115040758571756
92,21,1441.417796086571,566.5666740251904,1441.42,566.57,0.0022039134291844675,0.0033259748096270414,0.003989905116367215
92,22,1456.3469148218842,497.7546570192198,1456.35,497.75,0.0030851781157252844,-0.004657019219791891,0.005586246684426073
92,23,1785.3932473633768,622.2413704553602,1785.39,622.24,-0.003247363376658541,-0.0013704553601883163,0.003524700951049897
92,24,1269.8580500464827,378.4179983627526,1269.86,378.42,0.0019499535171689786,0.0020016372474174204,0.002794435611956099
92,25,1439.6365323683544,433.5816632621386,1439.64,433.58,0.00346763164566255,-0.0016632621386065694,0.0038458952367065933
92,26,1604.526934387573,490.39327599305403,1604.53,490.39,0.003065612427008091,-0.0032759930540464666,0.00448665911818439
92,31,183.72091043715082,669.6469746269916,183.72,669.65,-0.0009104371508215081,0.003025373008426868,0.003159395139217921
93,17,1012.6468644953935,457.9340597770963,1012.65,457.93,0.0031355046064618364,-0.0040597770963017865,0.005129637336966422
93,18,1158.1057686324762,530.5710502220436,1158.11,530.57,0.0042313675237437565,-0.0010502220435455456,0.004359751995439918
93,19,1387.0348391419925,640.8507826700336,1387.03,640.85,-0.004839141992533769,-0.0007826700335726855,0.00490202688745751
93,20,1662.3916736970398,769.583844845771,1662.39,769.58,-0.0016736970396777906,-0.0038448457709137074,0.004193340050930668
93,21,1443.3133470649282,566.1750055188928,1443.31,566.18,-0.0033470649282207887,0.004994481107132742,0.006012294500706992
93,22,1458.260186116413,497.31599276441483,1458.26,497.32,-0.00018611641303323267,0.004007235585163471,0.004011555353500782
93,23,1787.7949355225326,621.9310278415202,1787.79,621.93,-0.004935522532605319,-0.0010278415202265023,0.0050414125858291295
93,24,1271.643537534862,377.56349877206446,1271.64,377.56,-0.0035375348618345015,-0.003498772064460809,0.004975495840390764
93,25,1441.4773992762657,432.93624744660394,1441.48,432.94,0.002600723734303756,0.0037525533960547364,0.004565678584001814
93,26,1606.6452007906796,489.79495699479054,1606.65,489.79,0.004799209320481168,-0.004956994790518365,0.006899580237595584
93,31,183.29068282786312,669.2352309702437,183.29,669.24,-0.0006828278631303419,0.004769029756289456,0.004817665275529363
94,17,1013.7351483715452,456.95054483282223,1013.74,456.95,0.0048516284548441035,-0.0005448328222428245,0.0048821246878839614
94,18,1159.079326474357,529.9282876665327,1159.08,529.93,0.0006735256429237779,0.001712333467253302,0.0018400333406630442
94,19,1388.0261293564945,640.3880870025253,1388.03,640.39,0.0038706435054791655,0.001912997474732947,0.004317573448691137
94,20,1663.54375527278,769.4378836343283,1663.54,769.44,-0.0037552727799265995,0.0021163656717817503,0.004310577375289054
94,21,1444.7350102986961,565.6312541391696,1444.74,565.63,0.004989701303884431,-0.0012541391696458959,0.0051448988482599035
94,22,1459.6951395873098,496.4869945733111,1459.7,496.49,0.0048604126902773714,0.003005426688901025,0.005714560446978219
94,23,1789.5962016418994,621.4482708811402,1789.6,621.45,0.0037983581005391898,0.001729118859884693,0.004173413026713342
94,24,1272.9826531511465,376.6726240790483,1272.98,376.67,-0.0026531511464327195,-0.002624079048302974,0.003731621880303509
94,25,1443.1080494571993,431.952185584953,1443.11,431.95,0.00195054280061413,-0.002185584952997033,0.0029294024653151803
94,26,1608.2339005930098,489.0962177460929,1608.23,489.1,-0.003900593009802833,0.003782253907104405,0.005433237565754811
94,31,182.46801212089736,668.4264232276828,182.47,668.43,0.0019878791026428644,0.0035767723171602483,0.004092061037610276
95,17,1015.0513612786589,456.46290862461666,1015.05,456.46,-0.0013612786589192183,-0.0029086246166798446,0.0032114135124559837
95,18,1159.8094948557678,528.9462157498995,1159.81,528.95,0.0005051442321928334,0.0037842501005798113,0.003817816066687341
95,19,1388.5195970173709,640.041065251894,1388.52,640.04,0.00040298262911164784,-0.0010652518940332811,0.0011389278278746326
95,20,1666.907816454585,770.0784127257461,1666.91,770.08,0.0021835454151641898,0.0015872742538931561,0.0026995018312934386
95,21,1445.051257724022,564.9734406043772,1445.05,564.97,-0.001257724022025286,-0.003440604377146883,0.003663281069699915
95,22,1460.7713546904824,496.3652459299833,1460.77,496.37,-0.0013546904824579542,0.004754070016701917,0.004943315489321547
95,23,1792.6971512314244,621.3362031608551,1792.7,621.34,0.002848768575631766,0.003796839144911246,0.004746732548800006
95,24,1274.23698986336,376.75446805928624,1274.24,376.75,0.0030101366401140695,-0.004468059286239168,0.005387436902415218
95,25,1444.3310370928994,432.21413918871474,1444.33,432.21,-0.0010370928994234418,-0.004139188714759712,0.004267135444115722
95,26,1609.4254254447574,488.8221633095697,1609.43,488.82,0.0045745552426978975,-0.0021633095697097815,0.005060282992372337
95,31,198.35100909067302,665.8198174207621,198.35,665.82,-0.0010090906730226834,0.00018257923795772513,0.0010254750920985823
96,17,1015.7885209589941,455.8471814684625,1015.79,455.85,0.0014790410058367343,0.0028185315375139908,0.0031830303682037846
96,18,1160.1071211418257,527.7096618124247,1160.11,527.71,0.0028788581741991948,0.00033818757538028876,0.002898654036496098
96,19,1388.6396977630282,639.5307989389205,1388.64,639.53,0.0003022369719474227,-0.0007989389205249608,0.0008541958709461999
96,20,1669.4308623409388,770.5588095443096,1669.43,770.56,-0.0008623409387382708,0.001190455690334602,0.0014699716477789752
96,21,1445.0384432930164,564.2300804532829,1445.04,564.23,0.0015567069835924485,-8.045328286243603e-05,0.001558784578923221
96,22,1461.3285160178618,496.0239344474875,1461.33,496.02,0.0014839821380974172,-0.003934447487495163,0.0042050065419746005
96,23,1794.7728634235682,621.0021523706414,1794.77,621.0,-0.0028634235682147846,-0.002152370641397283,0.003582163300152136
96,24,1274.92774239752,376.5658510444647,1274.93,376.57,0.002257602480085552,0.004148955535299592,0.004723409890320928
96,25,1444.9982778196745,432.160604391536,1445.0,432.16,0.0017221803254869883,-0.0006043915360010033,0.0018251559391690676
96,26,1610.3190690835681,488.36662248217726,1610.32,488.37,0.0009309164317983232,0.003377517822741538,0.003503460010607922
96,31,210.26325681800478,663.6148630655716,210.26,663.61,-0.003256818004786055,-0.004863065571612424,0.005852885636171331
97,17,1016.0913907192456,455.13538610134685,1016.09,455.14,-0.0013907192455917539,0.004613898653133219,0.004818937725416654
97,18,1160.0803408563693,526.5322463593185,1160.08,526.53,-0.0003408563693483302,-0.002246359318519353,0.002272072457564692
97,19,1388.729773322271,638.8980992041904,1388.73,638.9,0.00022667772896056704,0.0019007958095471622,0.0019142642195890231
97,20,1671.573146755704,770.6691071582322,1671.57,770.67,-0.003146755704165116,0.0008928417677225298,0.003270968951837603
97,21,1444.7788324697622,563.4225603399622,1444.78,563.42,0.0011675302378080232,-0.0025603399622013967,0.0028139771815424357
97,22,1461.4963870133963,495.5179508356156,1461.5,495.52,0.003612986603684476,0.002049164384402502,0.0041536426029097845
97,23,1796.3296475676761,620.501614277981,1796.33,620.5,0.0003524323237797944,-0.0016142779810479624,0.001652302013235205
97,24,1274.94580679814,376.17438828334855,1274.95,376.17,0.00419320186006189,-0.0043882833485326955,0.006069594103911383
97,25,1444.9987083647559,431.620453293652,1445.0,431.62,0.0012916352441152412,-0.0004532936520149633,0.0013688669543815066
97,26,1610.489301812676,487.52496686163295,1610.49,487.52,0.0006981873239055858,-0.004966861632965447,0.005015693373830445
97,31,220.1974426135036,661.7111472991787,220.2,661.71,0.0025573864963917003,-0.0011472991786831699,0.002802948643363573
98,17,1016.5685430394342,454.35153957601017,1016.57,454.35,0.0014569605658607543,-0.001539576010145538,0.002119676480383019
98,18,1160.3102556422768,525.6491847694889,1160.31,525.65,-0.0002556422768975608,0.0008152305110797897,0.0008543733141506612
98,19,1389.0473299917032,638.1735744031428,1389.05,638.17,0.0026700082967181515,-0.003574403142806659,0.004461535848993022
98,20,1673.179860066778,770.5018303686742,1673.18,770.5,0.00013993322204441938,-0.0018303686741774072,0.0018357098872212058
98,21,1444.8341243523216,562.5669202549716,1444.83,562.57,-0.0041243523216962785,0.003079745028458092,0.00514734023684017
98,22,1461.8722902600473,494.8884631267117,1461.87,494.89,-0.002290260047402626,0.0015368732882734548,0.0027581280950922387
98,23,1797.997235675757,620.1262107084858,1798.0,620.13,0.0027643242428894155,0.003789291514181059,0.004690439073186083
98,24,1275.459355098605,375.63079121251144,1275.46,375.63,0.0006449013949350046,-0.000791212511444428,0.0010207424001457536
98,25,1445.499031273567,431.21533997023903,1445.5,431.22,0.0009687264330295875,0.004660029760998441,0.004759654218054229
98,26,1611.1169763595071,486.6437251462247,1611.12,486.64,0.0030236404927563854,-0.003725146224724085,0.004797824113596931
98,31,227.39808196012768,660.283360474384,227.4,660.28,0.001918039872322197,-0.003360474384066947,0.003869323589180398
99,17,1016.9264072795756,453.51365468200765,1016.93,453.51,0.003592720424308027,-0.003654682007663723,0.005124874693529686
99,18,1160.4826917317077,524.7368885771167,1160.48,524.74,-0.0026917317077277403,0.0031114228833075686,0.004114167223771645
99,19,1389.2854974937775,637.630180802357,1389.29,637.63,0.0045025062224794965,-0.00018080235702200298,0.004506134904302277
99,20,1674.6348950500835,770.3763727765056,1674.63,770.38,-0.004895050083405295,0.003627223494390819,0.006092476146634217
99,21,1445.1255932642412,561.9251901912287,1445.13,561.93,0.004406735758948344,0.00480980877125603,0.006523310544903215
99,22,1462.1542176950354,494.1663473450338,1462.15,494.17,-0.004217695035322322,0.003652654966231239,0.005579501744180774
99,23,1799.2479267568178,619.5946580313644,1799.25,619.59,0.0020732431821670616,-0.004658031364328963,0.005098587400788041
99,24,1275.844516323954,374.9730934093836,1275.84,374.97,-0.004516323954021573,-0.0030934093835526255,0.005474154151274924
99,25,1445.8742734551752,430.6615049776793,1445.87,430.66,-0.004273455175280105,-0.0015049776792466218,0.004530714838759869
99,26,1611.5877322696304,485.9827938596685,1611.59,485.98,0.002267730369567289,-0.0027938596684862205,0.003598368085153564
99,31,232.04856147009576,658.962520355788,232.05,658.96,0.0014385299042487532,-0.002520355787964945,0.0029019926918147686
100,17,1017.1948054596817,452.88524101150574,1017.19,452.89,-0.00480545968162005,0.004758988494245386,0.006763165992346768
100,18,1160.6120187987808,523.8026664328376,1160.61,523.8,-0.002018798780909492,-0.0026664328376000412,0.003344459985593109
100,19,1389.4641231203332,636.9726356017677,1389.46,636.97,-0.004123120333133556,-0.0026356017676789634,0.004893517953302291
100,20,1675.7261712875627,770.0322795823793,1675.73,770.03,0.003828712437325521,-0.0022795823792876035,0.0044559549763984
100,21,1445.3441949481808,561.1938926434216,1445.34,561.19,-0.0041949481808387645,-0.0038926434215227346,0.005722784553610827
100,22,1462.6156632712766,493.37476050877535,1462.62,493.37,0.004336728723274064,-0.004760508775348171,0.006439694078093868
100,23,1800.1859450676134,618.9459935235233,1800.19,618.95,0.004054932386679866,0.004006476476774878,0.005700379848702691
100,24,1276.1333872429655,374.22982005703767,1276.13,374.23,-0.0033872429653456493,0.00017994296234746798,0.0033920192181032776
100,25,1446.1557050913814,429.99612873325947,1446.16,430.0,0.00429490861870363,0.0038712667405320644,0.005782122985492827
100,26,1611.9407992022227,485.23709539475135,1611.94,485.24,-0.0007992022226517292,0.002904605248659209,0.003012549724607063
100,31,234.7864211025718,657.971890266841,234.79,657.97,0.003578897428184291,-0.001890266840973709,0.004047420849324772
101,17,1017.3961040947613,452.1639307586293,1017.4,452.16,0.0038959052386644544,-0.003930758629280717,0.005534341969043652
101,18,1160.9590140990856,523.1019998246281,1160.96,523.1,0.000985900914429294,-0.001999824628114766,0.002229641037540994
101,19,1389.5980923402499,636.4794767013258,1389.6,636.48,0.0019076597500315984,0.0005232986742385037,0.0019781322565365534
101,20,1676.544628465672,769.5242096867844,1676.54,769.52,-0.004628465672112725,-0.0042096867844065855,0.006256529173649984
101,21,1445.5081462111357,560.6454194825662,1445.51,560.65,0.0018537888643095357,0.004580517433737441,0.0049414241989744895
101,22,1462.9617474534575,492.7810703815815,1462.96,492.78,-0.0017474534574830614,-0.0010703815815418238,0.002049221880659457
101,23,1800.8894588007101,618.4594951426425,1800.89,618.46,0.0005411992899553297,0.0005048573575550108,0.0007401200057595937
101,24,1276.350040432224,373.42236504277827,1276.35,373.42,-4.043222406835412e-05,-0.002365042778251336,0.002365388362975922
101,25,1446.616778818536,429.2470965499446,1446.62,429.25,0.0032211814639140357,0.0029034500553848375,0.00433659223902566
101,26,1612.455599401667,484.4278215460635,1612.46,484.43,0.004400598332949812,0.0021784539364944067,0.0049102878980146
101,31,236.08981582692886,656.9789177001308,236.09,656.98,0.0001841730711475975,0.0010822998692674446,0.0010978582454726409
102,17,1017.7970780710709,451.372948068972,1017.8,451.37,0.0029219289290267625,-0.0029480689719889597,0.004150756476822933
102,18,1161.2192605743141,522.326499868471,1161.22,522.33,0.000739425685878814,0.0035001315289946433,0.003577383270660237
102,19,1389.6985692551875,635.8596075259943,1389.7,635.86,0.0014307448125236988,0.0003924740057072995,0.0014835991924099336
102,20,1676.9084713492541,768.8931572650883,1676.91,768.89,0.0015286507459677523,-0.0031572650883617825,0.0035078620185714122
102,21,1445.6311096583518,559.9840646119246,1445.63,559.98,-0.0011096583516518876,-0.004064611924604833,0.004213361099529755
102,22,1463.2213105900933,492.08580278618615,1463.22,492.09,-0.0013105900932259829,0.004197213813824874,0.004397072911770332
102,23,1801.4170941005327,617.8446213569819,1801.42,617.84,0.0029058994673505367,-0.004621356981829194,0.005459046809457634
102,24,1276.762530324168,372.8167737820837,1276.76,372.82,-0.0025303241679921484,0.0032262179162785287,0.004100124685718927
102,25,1446.962584113902,428.68532241245845,1446.96,428.69,-0.0025841139020030823,0.004677587541550565,0.005343918961529512
102,26,1612.8416995512503,483.8208661595476,1612.84,483.82,-0.0016995512503399368,-0.0008661595476269213,0.00190753946603401
102,31,236.06736187019663,656.2341882750981,236.07,656.23,0.0026381298033584244,-0.004188275098044869,0.004949886580142086
103,17,1018.0978085533031,450.529711051729,1018.1,450.53,0.0021914466968837587,0.00028894827096337394,0.002210413926977357
103,18,1161.6644454307357,521.4948749013533,1161.66,521.49,-0.004445430735586342,-0.0048749013533324614,0.00659746296917371
103,19,1390.0239269413905,635.1447056444957,1390.02,635.14,-0.003926941390545835,-0.0047056444957434,0.006128944346712753
103,20,1677.4313535119406,768.1698679488163,1677.43,768.17,-0.0013535119405787555,0.00013205118364112423,0.0013599382663894307
103,21,1445.9733322437637,559.2380484589435,1445.97,559.24,-0.0033322437636797986,0.0019515410565418279,0.0038616526249717624
103,22,1463.6659829425698,491.3143520896396,1463.67,491.31,0.004017057430246496,-0.004352089639610313,0.005922620587974718
103,23,1802.0628205753997,617.1334660177364,1802.06,617.13,-0.0028205753997099237,-0.0034660177364003175,0.004468660261699291
103,24,1277.071897743126,372.1125803365628,1277.07,372.11,-0.0018977431261646416,-0.002580336562800767,0.003203055689530175
103,25,1447.4719380854265,428.01399180934385,1447.47,428.01,-0.0019380854264454683,-0.003991809343858677,0.00443742233260682
103,26,1613.3812746634376,483.1156496196607,1613.38,483.12,-0.0012746634374707355,0.004350380339303683,0.004533274310630754
103,31,236.30052140264746,655.4256412063236,236.3,655.43,-0.0005214026474504863,0.004358793676374262,0.004389868225125742
104,17,1018.3233564149773,449.64728328879676,1018.32,449.65,-0.0033564149772473684,0.0027167112032202567,0.004318106212356628
104,18,1161.7483340730519,520.621156176015,1161.75,520.62,0.0016659269481351657,-0.0011561760150016198,0.002027820399884559
104,19,1390.267945206043,634.3585292333718,1390.27,634.36,0.0020547939570860763,0.0014707666282447462,0.0025269215818532783
104,20,1677.8235151339554,767.3774009616122,1677.82,767.38,-0.0035151339554886363,0.002599038387756991,0.004371632105525766
104,21,1445.9799991828227,558.4285363442076,1445.98,558.43,8.171773515641689e-07,0.0014636557923495275,0.0014636560204696824
104,22,1463.7494872069274,490.4857640672297,1463.75,490.49,0.000512793072630302,0.004235932770313866,0.0042668587004910915
104,23,1802.2971154315496,616.1000995133023,1802.3,616.1,0.0028845684503266966,-9.951330230251187e-05,0.0028862844700332834
104,24,1277.3039233073446,371.3344352524221,1277.3,371.33,-0.0039233073446212074,-0.004435252422126723,0.005921469797975809
104,25,1447.6039535640698,427.2604938570079,1447.6,427.26,-0.003953564069888671,-0.0004938570078820703,0.003984289597776359
104,26,1613.5359559975782,482.33673721474554,1613.54,482.34,0.004044002421778714,0.00326278525443513,0.0051961257879223266
104,31,235.72539105198558,654.5692309047427,235.73,654.57,0.004608948014407588,0.000769095257396657,0.004672676889584992
105,17,1018.992517311233,448.9854624665976,1018.99,448.99,-0.002517311232963948,0.004537533402412919,0.005189033168290547
105,18,1162.3112505547888,519.7158671320112,1162.31,519.72,-0.0012505547888395085,0.004132867988801081,0.004317926017516525
105,19,1390.7009589045322,633.5188969250288,1390.7,633.52,-0.0009589045321263256,0.0011030749711835597,0.0014615992247480217
105,20,1678.1176363504665,766.2830507212092,1678.12,766.28,0.0023636495334358187,-0.003050721209206131,0.0038592407301451773
105,21,1446.484999387117,557.5714022581557,1446.48,557.57,-0.004999387117095466,-0.0014022581556218938,0.005192321203622541
105,22,1464.3121154051955,489.6143230504223,1464.31,489.61,-0.002115405195581843,-0.00432305042227199,0.004812868593157379
105,23,1802.7228365736623,615.3250746349768,1802.72,615.33,-0.0028365736623072735,0.004925365023268569,0.005683781378108476
105,24,1277.9779424805083,370.5008264393166,1277.98,370.5,0.002057519491700077,-0.0008264393165973161,0.002217293034928758
105,25,1448.2029651730522,426.4453703927559,1448.2,426.45,-0.0029651730521891295,0.0046296072441123215,0.005497773591570126
105,26,1614.1519669981835,481.5025529110592,1614.15,481.5,-0.0019669981834340433,-0.002552911059183316,0.003222799517458898
105,31,235.0440432889892,653.676923178557,235.04,653.68,-0.004043288989208804,0.003076821442959954,0.005080847964869184
106,17,1019.7443879834248,447.98909684994817,1019.74,447.99,-0.004387983424749109,0.0009031500518403845,0.004479964123964857
106,18,1162.9834379160916,518.7869003490084,1162.98,518.79,-0.0034379160915705143,0.0030996509915439674,0.00462894192251955
106,19,1391.2757191783992,632.3891726937716,1391.28,632.39,0.0042808216007870215,0.0008273062284160915,0.004360030868393114
106,20,1678.0882272628498,765.2122880409069,1678.09,765.21,0.001772737150076864,-0.002288040906819333,0.0028944305475414813
106,21,1446.8637495403377,556.6785516936168,1446.86,556.68,-0.0037495403378215997,0.001448306383167619,0.00401953282415698
106,22,1464.7340865538968,488.71074228781674,1464.73,488.71,-0.004086553896740952,-0.0007422878167631097,0.0041534219571196474
106,23,1803.0421274302466,614.4938059762326,1803.04,614.49,-0.0021274302466736117,-0.003805976232570174,0.0043602080841802495
106,24,1278.7334568603812,369.62561982948745,1278.73,369.63,-0.0034568603812203946,0.0043801705125474655,0.005579944212466782
106,25,1448.9022238797893,425.5840277945669,1448.9,425.58,-0.0022238797891986906,-0.0040277945669231485,0.004600953204515566
106,26,1614.6139752486376,480.6269146832944,1614.61,480.63,-0.003975248637743789,0.0030853167056079656,0.005032075208677573
106,31,234.0330324667419,652.7576923839177,234.03,652.76,-0.0030324667418994977,0.002307616082248387,0.0038106359736634447
107,17,1020.0582909875686,447.24182263746115,1020.06,447.24,0.001709012431319934,-0.0018226374611458596,0.0024985457380601013
107,18,1163.4875784370688,518.0901752617563,1163.49,518.09,0.00242156293120388,-0.00017526175622606388,0.0024278969733034744
107,19,1391.7067893837993,631.5418795203286,1391.71,631.54,0.003210616200703953,-0.001879520328657236,0.0037203028175215105
107,20,1678.3161704471374,764.1592160306801,1678.32,764.16,0.003829552862498531,0.0007839693198548048,0.003908974676452163
107,21,1447.1478121552532,555.7589137702125,1447.15,555.76,0.00218784474691347,0.0010862297874609794,0.002442654250557043
107,22,1465.0505649154225,487.7830567158626,1465.05,487.78,-0.0005649154225011443,-0.003056715862612691,0.003108478936606728
107,23,1803.281595572685,613.6203544821744,1803.28,613.62,-0.0015955726851188956,-0.00035448217442990426,0.001634475391520495
107,24,1279.300092645286,368.7192148721156,1279.3,368.72,-9.264528603125655e-05,0.0007851278844555054,0.0007905750716873071
107,25,1449.4266679098419,424.68802084592517,1449.43,424.69,0.0033320901582101214,0.001979154074831513,0.0038755484353008587
107,26,1614.9604814364782,479.7201860124708,1614.96,479.72,-0.00048143647813958523,-0.00018601247074911953,0.0005161218090312009
107,31,234.02477435005642,651.8182692879383,234.02,651.82,-0.004774350056408139,0.0017307120617715555,0.005078364175783965
108,17,1020.2937182406765,446.43136697809587,1020.29,446.43,-0.0037182406765623455,-0.0013669780958593947,0.003961558133285714
108,18,1163.6156838278016,517.3176314463171,1163.62,517.32,0.004316172198286949,0.0023685536829134435,0.004923351398601164
108,19,1391.7800920378495,630.4064096402465,1391.78,630.41,-9.203784952660499e-05,0.0035903597535025256,0.0035915392417898203
108,20,1678.237127835353,763.1194120230101,1678.24,763.12,0.002872164646987585,0.0005879769898911036,0.0029317310074504993
108,21,1447.1108591164398,554.8191853276594,1447.11,554.82,-0.0008591164398694673,0.000814672340652578,0.0011839645602290374
108,22,1465.037923686567,486.83729253689694,1465.04,486.84,0.002076313433008181,0.002707463103035934,0.0034119545610091567
108,23,1803.2111966795137,612.4652658616308,1803.21,612.47,-0.0011966795136686414,0.0047341383692582895,0.004883042899434507
108,24,1279.4750694839645,367.7894111540867,1279.48,367.79,0.0049305160355288535,0.0005888459133416291,0.004965554136878008
108,25,1449.5700009323814,423.5160156344439,1449.57,423.52,-9.323814538220176e-07,0.00398436555610715,0.003984365665200449
108,26,1614.9703610773586,478.5401395093531,1614.97,478.54,-0.0003610773585478455,-0.00013950935306183965,0.0003870913567203773
108,31,234.5185807625423,651.1137019659537,234.52,651.11,0.001419237457696454,-0.0037019659537236294,0.003964692533331884
109,17,1020.4702886805073,445.5735252335719,1020.47,445.57,-0.000288680507310346,-0.003525233571906483,0.0035370338098182634
109,18,1163.961762870851,516.2382235847379,1163.96,516.24,-0.0017628708510528668,0.001776415262156661,0.0025026715368012195
109,19,1392.0850690283871,629.3048072301849,1392.09,629.3,0.004930971612793655,-0.00480723018495155,0.006886504417865872
109,20,1678.4278458765148,761.8395590172576,1678.43,761.84,0.002154123485297532,0.0004409827424751711,0.0021987982556549634
109,21,1447.33314433733,553.6143889957445,1447.33,553.61,-0.0031443373300135136,-0.004388995744534441,0.005399087042311685
109,22,1465.2784427649253,485.8779694026727,1465.28,485.88,0.001557235074642449,0.0020305973272911615,0.0025589659206989614
109,23,1803.4083975096353,611.3489493962231,1803.41,611.35,0.0016024903648030886,0.0010506037768891474,0.001916179444963461
109,24,1279.8563021129735,366.842058365565,1279.86,366.84,0.0036978870264192665,-0.0020583655650057153,0.004232166969693094
109,25,1449.9275006992862,422.3870117258329,1449.93,422.39,0.0024993007139073598,0.0029882741670803625,0.0038956753658611846
109,26,1615.227770808019,477.4051046320148,1615.23,477.41,0.002229191981086842,0.0048953679852274945,0.005379026361650608
109,31,234.88893557190673,650.0852764744653,234.89,650.09,0.0010644280932581296,0.004723525534700457,0.004841972804827013
110,17,1020.8527165103806,444.4301439251789,1020.85,444.43,-0.002716510380537329,-0.00014392517891792522,0.0027203204047857345
110,18,1164.4713221531383,515.1786676885533,1164.47,515.18,-0.00132215313828965,0.0013323114466174957,0.0018770036526009144
110,19,1392.3138017712904,628.2286054226387,1392.31,628.23,-0.0038017712904547807,0.0013945773613386336,0.004049482801751902
110,20,1678.570884407386,760.8796692629431,1678.57,760.88,-0.000884407386138264,0.00033073705685637833,0.0009442263634499598
110,21,1447.7498582529975,552.4607917468084,1447.75,552.46,0.0001417470025444345,-0.0007917468083178392,0.0008043352666716891
110,22,1465.7088320736939,484.9084770520045,1465.71,484.91,0.001167926306152367,0.0015229479955110037,0.0019192244406618256
110,23,1803.5562981322264,610.2617120471673,1803.56,610.26,0.0037018677735431993,-0.001712047167302444,0.004078594183767981
110,24,1280.14222658473,365.63154377417374,1280.14,365.63,-0.0022265847298967856,-0.0015437741737400756,0.0027094128993042747
110,25,1450.1956255244645,421.29025879437467,1450.2,421.29,0.004374475535541933,-0.0002587943746448218,0.004382123998633846
110,26,1615.4208281060141,476.3038284740111,1615.42,476.3,-0.0008281060140689078,-0.003828474011072558,0.00391701070001029
110,31,234.66670167893005,649.313957355849,234.67,649.31,0.003298321069934218,-0.00395735584902468,0.005151658683975662
111,17,1021.3895373827854,443.3226079438842,1021.39,443.32,0.00046261721456630767,-0.00260794388418617,0.00264865739390302
111,18,1164.8534916148537,514.134000766415,1164.85,514.13,-0.0034916148538286507,-0.0040007664150607525,0.005310132408457903
111,19,1392.735351328468,627.171454066979,1392.74,627.17,0.00464867153209525,-0.0014540669790221727,0.004870775892277889
111,20,1678.9281633055396,759.9097519472074,1678.93,759.91,0.0018366944605077151,0.00024805279258544033,0.0018533690213147415
111,21,1448.3123936897482,551.5955938101063,1448.31,551.6,-0.0023936897482599306,0.004406189893757073,0.0050144052479602855
111,22,1466.2816240552704,483.9313577890034,1466.28,483.93,-0.0016240552704402944,-0.001357789003407106,0.002116871866509204
111,23,1803.9172235991698,609.1962840353755,1803.92,609.2,0.0027764008302710863,0.003715964624575463,0.0046386199091352845
111,24,1280.6066699385474,364.4736578306303,1280.61,364.47,0.00333006145251602,-0.003657830630288572,0.004946618460869041
111,25,1450.6467191433485,420.217694095781,1450.65,420.22,0.0032808566515996063,0.0023059042190425316,0.004010138979604514
111,26,1616.0656210795105,475.22787135550834,1616.07,475.23,0.004378920489443772,0.0021286444916768232,0.004868888171319666
111,31,233.75002625919754,648.4854680168867,233.75,648.49,-2.6259197539957313e-05,0.004531983113338356,0.004532059188165956
112,17,1021.7921530370891,442.24195595791315,1021.79,442.24,-0.0021530370891014172,-0.0019559579131396276,0.0029088382672503178
112,18,1165.3901187111403,513.1005005748113,1165.39,513.1,-0.00011871114020323148,-0.0005005748113262598,0.0005144584303349221
112,19,1392.801513496351,625.8785905502342,1392.8,625.88,-0.0015134963509808586,0.0014094497657879401,0.002068144058500774
112,20,1678.4461224791546,758.1823139604055,1678.45,758.18,0.003877520845435356,-0.002313960405558646,0.004515482329195725
112,21,1448.7342952673112,550.4466953575798,1448.73,550.45,-0.004295267311135831,0.003304642420289383,0.005419407975054849
112,22,1466.7112180414529,482.69851834175256,1466.71,482.7,-0.0012180414528302208,0.0014816582474281859,0.001918055302379136
112,23,1803.6879176993773,607.8972130265316,1803.69,607.9,0.002082300622760158,0.002786973468346332,0.0034789649318171813
112,24,1281.2050024539105,363.3552433729727,1281.21,363.36,0.004997546089498428,0.0047566270272909605,0.0068993454467373835
112,25,1451.2350393575114,419.1632705718357,1451.24,419.16,0.0049606424886405875,-0.003270571835685132,0.0059417685946595985
112,26,1616.5492158096329,474.17090351663126,1616.55,474.17,0.0007841903670851025,-0.0009035166312401088,0.0011963681852826674
112,31,232.56251969439816,647.3641010126651,232.56,647.36,-0.0025196943981597997,-0.004101012665046255,0.004813228099621674
113,17,1021.8441147778168,440.93146696843485,1021.84,440.93,-0.004114777816766946,-0.0014669684348405099,0.004368454288438391
113,18,1165.5425890333552,512.0753754311086,1165.54,512.08,-0.0025890333552069933,0.004624568891472336,0.00529997463638724
113,19,1393.1011351222633,624.6589429126757,1393.1,624.66,-0.0011351222633493308,0.0010570873242841117,0.001551108043920039
113,20,1678.334591859366,756.6367354703041,1678.33,756.64,-0.004591859365973505,0.003264529695911733,0.005634032887050638
113,21,1448.8007214504833,549.0850215181848,1448.8,549.09,-0.0007214504832973034,0.004978481815214764,0.0050304842693595616
113,22,1466.7834135310895,481.2738887563144,1466.78,481.27,-0.0034135310895635484,-0.003888756314438524,0.005174419790904329
113,23,1803.515938274533,606.4229097698988,1803.52,606.42,0.004061725466954158,-0.002909769898792547,0.004996436193210433
113,24,1281.403751840433,362.0164325297295,1281.4,362.02,-0.0037518404328693578,0.0035674702704682204,0.005177175944893889
113,25,1451.4262795181335,417.8724529288768,1451.43,417.87,0.0037204818665941275,-0.00245292887677806,0.004456326446097435
113,26,1616.6619118572246,472.8781776374734,1616.66,472.88,-0.0019118572245133691,0.0018223625265818555,0.0026412503147588582
113,31,230.67188977079863,646.2730757594989,230.67,646.27,-0.001889770798641166,-0.0030757594988699566,0.0036099210748000623
114,17,1021.6330860833626,439.6986002263261,1021.63,439.7,-0.0030860833626320527,0.0013997736738815547,0.0033886984019245833
114,18,1165.4069417750163,510.8065315733314,1165.41,510.81,0.003058224983760738,0.0034684266685758303,0.004624145716409292
114,19,1393.3258513416974,623.2442071845068,1393.33,623.24,0.0041486583024834545,-0.004207184506753947,0.005908618043555984
114,20,1678.5009438945244,754.977551602728,1678.5,754.98,-0.0009438945244255592,0.002448397272019065,0.0026240400292051476
114,21,1449.1005410878624,547.8137661386386,1449.1,547.81,-0.000541087862529821,-0.0037661386386389495,0.0038048096299849654
114,22,1466.8375601483172,479.95541656723583,1466.84,479.96,0.0024398516827659478,0.004583432764150075,0.005192372496015691
114,23,1803.6369537058997,604.817182327424,1803.64,604.82,0.003046294100386149,0.002817672576043151,0.004149600762944925
114,24,1281.3028138803247,360.7623243972971,1281.3,360.76,-0.002813880324765705,-0.0023243972971158655,0.003649759619063027
114,25,1451.3197096386002,416.4043396966576,1451.32,416.4,0.0002903613997204957,-0.004339696657609693,0.004349399593336577
114,26,1616.7464338929185,471.65863322810503,1616.75,471.66,0.003566107081496739,0.001366771894993235,0.00381905552848405
114,31,228.75391732809896,645.2048068196241,228.75,645.2,-0.00391732809896439,-0.004806819624036507,0.006200884963693362
115,17,1021.7248145625219,438.2739501697446,1014.9,433.7,-6.824814562521965,-4.573950169744592,8.215784440217407
115,18,1165.8052063312623,509.35489867999854,1150.6,500.6,-15.205206331262389,-8.754898679998519,17.545556430997042
115,19,1393.744388506273,621.6831553883801,1375.9,609.7,-17.844388506272935,-11.983155388380055,21.494608957244782
115,20,1678.6257079208933,753.233163702046,1679.7,760.5,1.0742920791067263,7.266836297954001,7.345816037207388
115,21,1449.5754058158968,546.3603246039789,1441.1,538.7,-8.47540581589692,-7.660324603978893,11.424231999677865
115,22,1467.378170111238,478.4665624254269,1467.4,468.2,0.021829888762113114,-10.266562425426912,10.266585633950124
115,23,1803.9777152794247,603.112886745568,1826.4,599.5,22.422284720575362,-3.6128867455679483,22.71149054392617
115,24,1281.7271104102435,359.32174329797283,1283.1,354.4,1.3728895897563689,-4.921743297972853,5.109636280284743
115,25,1451.7397822289502,414.8032547724932,1451.5,407.0,-0.23978222895016188,-7.803254772493176,7.806937976041429
115,26,1617.3098254196889,470.2439749210788,1618.5,460.6,1.1901745803111226,-9.64397492107878,9.717137840435074
115,31,225.81543799607422,644.1536051147181,199.2,623.5,-26.615437996074235,-20.65360511471806,33.68906267555659
116,17,1020.0436109218915,435.9554626273084,1020.04,435.96,-0.0036109218915498786,0.0045373726915727275,0.005798836766895934
116,18,1165.1039047484467,507.7661740099989,1165.1,507.77,-0.0039047484467573668,0.003825990001075752,0.005466741252408577
116,19,1394.0582913797048,619.762366541285,1394.06,619.76,0.0017086202951759333,-0.002366541285027779,0.002918886939713155
116,20,1677.71928094067,751.4248727765345,1677.72,751.42,0.0007190593300947512,-0.004872776534512013,0.004925545398784506
116,21,1449.9315543619227,544.5202434529842,1449.93,544.52,-0.0015543619226718874,-0.00024345298425032524,0.001573311902387011
116,22,1466.5336275834284,476.0999218190702,1466.53,476.1,-0.0036275834283969743,7.818092984734903e-05,0.0036284258002296454
116,23,1801.9832864595685,601.3346650591759,1801.98,601.33,-0.0032864595684714004,-0.004665059175863462,0.005706451928256744
116,24,1280.0453328076826,356.49130747347965,1280.05,356.49,0.004667192317356239,-0.0013074734796418852,0.004846872293258402
116,25,1450.3048366717126,411.8524410793699,1450.3,411.85,-0.004836671712610041,-0.002441079369873478,0.005417772766145148
116,26,1615.9823690647668,468.1829811908091,1615.98,468.18,-0.0023690647667535814,-0.0029811908090664474,0.003807882155363459
116,31,213.86157849705566,644.1152038360385,213.86,644.12,-0.0015784970556467215,0.0047961639614868545,0.005049241695556933
117,17,1018.5327081914186,433.7165969704813,1018.53,433.72,-0.0027081914186055656,0.003403029518722178,0.004349127575169913
117,18,1164.327928561335,506.0746305074992,1164.33,506.07,0.002071438664870584,-0.004630507499200576,0.005072717007923229
117,19,1394.0437185347787,618.0717749059638,1394.04,618.07,-0.0037185347787271894,-0.0017749059637708342,0.004120411639731271
117,20,1676.5394607055025,749.5686545824009,1676.54,749.57,0.0005392944974573766,0.001345417599168286,0.0014494782065072793
117,21,1449.948665771442,542.6401825897382,1449.95,542.64,0.0013342285581074975,-0.00018258973818774393,0.0013466643448762875
117,22,1465.6502206875712,473.8249413643026,1465.65,473.82,-0.00022068757107263082,-0.004941364302624152,0.004946289940478035
117,23,1800.2374648446764,599.500998794382,1800.24,599.5,0.002535155323585059,-0.0009987943819851353,0.0027248124214680784
117,24,1278.533999605762,353.86848060510977,1278.53,353.87,-0.003999605761919156,0.0015193948902378906,0.004278481866650591
117,25,1448.9786275037845,409.13933080952745,1448.98,409.14,0.0013724962154810783,0.0006691904725357745,0.0015269452347882473
117,26,1614.7367767985752,466.1372358931068,1614.74,466.14,0.0032232014248165797,0.002764106893209828,0.0042460940100320105
117,31,205.14618387279174,643.5864028770288,205.15,643.59,0.003816127208267517,0.003597122971200406,0.005244246422472658
118,17,1017.399531143564,431.537447727861,1017.4,431.54,0.0004688564359867087,0.0025522721390416336,0.0025949796587438436
118,18,1163.7459464210012,504.5559728806244,1163.75,504.56,0.004053578998764351,0.004027119375621169,0.005713947249032566
118,19,1394.0327889010841,616.3038311794728,1394.03,616.3,-0.002788901084159079,-0.0038311794728542736,0.00473876623293908
118,20,1675.654595529127,747.9264909368006,1675.65,747.93,-0.004595529126845577,0.0035090631993170973,0.005782076832115569
118,21,1449.9614993285813,540.7301369423036,1449.96,540.73,-0.0014993285813034163,-0.00013694230358396453,0.0015055694567917474
118,22,1464.9876655156784,471.618706023227,1464.99,471.62,0.0023344843216364097,0.001293976773013128,0.00266911838198752
118,23,1798.9280986335073,597.6257490957864,1798.93,597.63,0.001901366492802481,0.0042509042135634445,0.004656756507789886
118,24,1277.1504997043214,351.40136045383235,1277.15,351.4,-0.000499704321327954,-0.0013604538323761517,0.0014493236487343982
118,25,1447.9839706278385,406.85449810714556,1447.98,406.85,-0.003970627838498331,-0.004498107145536778,0.00599990444295465
118,26,1613.8025825989314,464.1029269198301,1613.8,464.1,-0.002582598931439861,-0.0029269198300880817,0.0039034186212136097
118,31,198.6096379045938,642.6898021577716,198.61,642.69,0.0003620954062171222,0.00019784222843099997,0.00041261923192464835
119,17,1016.299648357673,429.4030857958957,1016.3,429.4,0.0003516423269047664,-0.003085795895742649,0.0031057669964524347
119,18,1163.3094598157509,502.9169796604683,1163.31,502.92,0.0005401842490755371,0.0030203395317016657,0.003068264967324227
119,19,1393.774591675813,614.4778733846047,1393.77,614.48,-0.004591675813117035,0.0021266153953547473,0.005060235153876134
119,20,1674.7409466468453,746.1948682026004,1674.74,746.19,-0.0009466468452501431,-0.004868202600391669,0.004959388753473785
119,21,1449.971124496436,538.7976027067277,1449.97,538.8,-0.0011244964359775622,0.0023972932722244877,0.0026479250872294387
119,22,1464.4907491367587,469.4640295174203,1464.49,469.46,-0.0007491367587135755,-0.00402951742029245,0.004098562738777608
119,23,1797.4460739751305,595.7193118218398,1797.45,595.72,0.0039260248695427435,0.0006881781602032788,0.003985882644590641
119,24,1276.1128747782411,349.0510203403743,1276.11,349.05,-0.0028747782412210654,-0.0010203403742821138,0.003050482652890891
119,25,1446.987977970879,404.3908735803592,1446.99,404.39,0.0020220291210080177,-0.0008735803592117009,0.002202667566884504
119,26,1612.8519369491985,462.07719518987255,1612.85,462.08,-0.001936949198579896,0.0028048101274293913,0.0034086261233537743
119,31,193.45722842844535,641.5173516183287,193.46,641.52,0.002771571554660568,0.0026483816712925545,0.00383347549352307
120,17,1015.4747362682548,427.3023143469218,1015.47,427.3,-0.004736268254760034,-0.002314346921764354,0.005271474049573592
120,18,1162.732094861813,501.18773474535124,1162.73,501.19,-0.002094861813020543,0.0022652546487620384,0.003085421306627305
120,19,1393.5809437568598,612.8584050384535,1393.58,612.86,-0.0009437568598968937,0.0015949615465160605,0.001853261812445114
120,20,1673.805709985134,744.3961511519503,1673.81,744.4,0.004290014866001002,0.0038488480496425836,0.005763493633183532
120,21,1449.728343372327,537.0982020300457,1449.73,537.1,0.0016566276731282414,0.0017979699542820526,0.0024448131224850908
120,22,1463.868061852569,467.3480221380652,1463.87,467.35,0.0019381474307920143,0.0019778619348471693,0.0027691791738352857
120,23,1796.334555481348,594.0394838663799,1796.33,594.04,-0.004555481348006651,0.000516133620067194,0.004584626945106893
120,24,1275.3346560836808,346.78826525528075,1275.33,346.79,-0.004656083680856682,0.00173474471927193,0.004968747778281944
120,25,1446.2409834781593,402.29315518526937,1446.24,402.29,-0.000983478159241713,-0.0031551852693496585,0.0033049089811410153
120,26,1612.1389527118988,460.3078963924044,1612.14,460.31,0.001047288101290178,0.0021036075955862543,0.0023498887810515985
120,31,189.34292132133402,640.3880137137465,189.34,640.39,-0.0029213213340142374,0.001986286253440994,0.0035326267022111725
121,17,1014.8560522011911,425.47673576019133,1010.7,423.2,-4.156052201191073,-2.276735760191343,4.738807404902548
121,18,1162.29907114636,499.3908010590134,1150.3,491.9,-11.999071146359938,-7.4908010590134495,14.145310490799579
121,19,1393.435707817645,611.1438037788402,1376.6,602.4,-16.835707817645016,-8.743803778840174,18.970903042395562
121,20,1673.1042824888505,742.7971133639628,1674.7,749.8,1.5957175111495872,7.002886636037147,7.182390661372932
121,21,1449.5462575292452,535.3236515225343,1438.3,530.1,-11.246257529245213,-5.223651522534283,12.40019530664656
121,22,1463.151046389427,465.5110166035489,1466.5,459.9,3.348953610573062,-5.611016603548933,6.5344470011679
121,23,1795.250916611011,592.279612899785,1827.4,588.8,32.149083388989084,-3.4796128997850246,32.33684073443978
121,24,1274.5009920627606,344.59119894146056,1283.0,344.2,8.499007937239412,-0.39119894146057277,8.508006378056988
121,25,1445.4307376086194,400.219866388952,1452.7,398.1,7.269262391380607,-2.119866388952005,7.572054491467221
121,26,1611.354214533924,458.4809222943033,1616.8,449.0,5.445785466075904,-9.480922294303298,10.933639233719981
121,31,186.00719099100053,639.2910102853099,198.3,611.5,12.292809008999484,-27.79101028530988,30.38837616605959
122,17,1013.8920391508933,423.6075518201435,1013.89,423.61,-0.002039150893324404,0.0024481798565147983,0.003186176544950159
122,18,1161.72430335977,497.79310079426006,1161.72,497.79,-0.004303359769892268,-0.0031007942600354,0.005304133327151168
122,19,1393.3267808632336,609.6078528341301,1393.33,609.61,0.0032191367663472192,0.002147165869928358,0.003869517126649478
122,20,1672.828211866638,741.097835022972,1672.83,741.1,0.0017881333619698125,0.0021649770279736913,0.00280794345595549
122,21,1449.409693146934,533.7427386419007,1449.41,533.74,0.0003068530661494151,-0.0027386419006916185,0.0027557790666940443
122,22,1462.6132847920703,463.6332624526617,1462.61,463.63,-0.0032847920704170974,-0.0032624526617155425,0.004629628096922027
122,23,1794.4381874582582,590.4597096748387,1794.44,590.46,0.0018125417418559664,0.0002903251613588509,0.0018356460076191987
122,24,1273.3757440470704,342.4433992060954,1273.38,342.44,0.0042559529297250265,-0.003399206095423324,0.0054468098387219395
122,25,1444.5730532064645,398.164899791714,1444.57,398.16,-0.0030532064645285573,-0.004899791713967261,0.0057732164826291765
122,26,1610.515660900443,456.61069172072746,1610.52,456.61,0.004339099557000736,-0.0006917207274454995,0.0043938892259980464
122,31,183.0053932432504,638.2182577139824,183.01,638.22,0.004606756749581109,0.0017422860175884125,0.004925217590817201
123,17,1012.91902936317,421.7056638651076,1012.92,421.71,0.0009706368299475798,0.004336134892355403,0.004443444796591119
123,18,1161.0432275198275,496.09482559569506,1161.04,496.09,-0.0032275198275328876,-0.00482559569508112,0.005805450718893698
123,19,1393.2450856474252,607.9558896255976,1393.25,607.96,0.004914352574814984,0.004110374402443995,0.00640671826740161
123,20,1672.6211588999786,739.573376267229,1672.62,739.57,-0.0011588999786908971,-0.0033762672289867623,0.0035696259695015267
123,21,1449.0572698602004,532.0570539814255,1449.06,532.06,0.0027301397994961007,0.002946018574448317,0.00401655185025503
123,22,1461.9599635940526,461.7249468394963,1461.96,461.72,3.640594741227687e-05,-0.004946839496255961,0.004946973458057453
123,23,1793.8286405936938,588.5947822561291,1793.83,588.59,0.0013594063061646011,-0.004782256129033158,0.004971715919973233
123,24,1272.2818080353027,340.3325494045716,1272.28,340.33,-0.0018080353027016827,-0.0025494045715959146,0.0031254528192711075
123,25,1443.6797899048483,396.12367484378547,1443.68,396.12,0.00021009515171499515,-0.003674843785461235,0.003680844579755739
123,26,1609.8867456753323,454.70801879054557,1609.89,454.71,0.003254324667750552,0.0019812094544136016,0.003809963247248926
123,31,180.5040449324378,637.1636932854868,180.5,637.16,-0.004044932437807347,-0.0036932854868609866,0.0054773931859858375
124,17,1011.9392720223775,420.0292478988307,1011.94,420.03,0.00072797762254595,0.0007521011692688262,0.001046712753215126
124,18,1160.5324206398707,494.3211191967713,1160.53,494.32,-0.002420639870706509,-0.0011191967712989026,0.0026668518512545673
124,19,1392.933814235569,606.2169172191982,1392.93,606.22,-0.0038142355688250973,0.003082780801832996,0.004904276750616813
124,20,1672.215869174984,737.9300322004218,1672.22,737.93,0.0041308250160909665,-3.2200421856032335e-05,0.004130950517826453
124,21,1448.7929523951502,530.2927904860692,1448.79,530.29,-0.00295239515025969,-0.0027904860692160582,0.00406244379970552
124,22,1461.4699726955396,459.79371012962224,1461.47,459.79,2.7304460445520817e-05,-0.0037101296222203928,0.0037102300935706743
124,23,1793.1214804452702,586.9460866920967,1793.12,586.95,-0.001480445270317432,0.003913307903303576,0.004183980992364029
124,24,1271.211356026477,338.24941205342867,1271.21,338.25,-0.0013560264769694186,0.000587946571329212,0.0014780016836864122
124,25,1442.7598424286361,394.0927561328391,1442.76,394.09,0.00015757136384308978,-0.002756132839124348,0.0027606334348484244
124,26,1609.1650592564993,453.0310140929092,1609.17,453.03,0.00494074350081064,-0.001014092909201736,0.005043741742922195
124,31,178.12803369932834,635.8727699641152,178.13,635.87,0.001966300671654153,-0.00276996411514574,0.0033969161794990903
125,17,1010.9544540167831,418.021935924123,1010.95,418.02,-0.004454016783029147,-0.001935924123017685,0.004856548951013168
125,18,1159.899315479903,492.4908393975785,1159.9,492.49,0.0006845200971383747,-0.0008393975784883878,0.0010831232885311344
125,19,1392.7003606766766,604.6626879143987,1392.7,604.66,-0.0003606766765642533,-0.0026879143987343923,0.0027120050663560907
125,20,1672.161901881238,736.4475241503163,1672.16,736.45,-0.0019018812379272276,0.002475849683719389,0.003122015999246801
125,21,1448.3447142963628,528.4695928645519,1448.34,528.47,-0.004714296362863024,0.0004071354480856826,0.004731844193334294
125,22,1460.8524795216547,457.8452825972167,1460.85,457.85,-0.0024795216547772725,0.004717402783342095,0.005329344861874972
125,23,1792.5911103339527,585.2095650190726,1792.59,585.21,-0.001110333952738074,0.0004349809274799554,0.0011924973349547905
125,24,1270.1585170198578,336.1870590400715,1270.16,336.19,0.0014829801423275057,0.0029409599284804244,0.003293702385381122
125,25,1441.819881821477,392.06956709962935,1441.82,392.07,0.00011817852282547392,0.00043290037064025455,0.00044874145580465466
125,26,1608.3737944423744,451.0232605696819,1608.37,451.02,-0.0037944423745557287,-0.003260569681913239,0.00500290991168499
125,31,176.34602527449624,634.6545774730864,176.35,634.65,0.003974725503752552,-0.004577473086442296,0.006062318260144756
126,17,1011.7158405125873,416.76645194309225,1011.72,416.77,0.004159487412721319,0.003548056907732189,0.0054671787383524595
126,18,1160.6744866099273,490.8681295481839,1160.67,490.87,-0.004486609927198515,0.0018704518161030137,0.004860890724465972
126,19,1391.7752705075075,602.997015935799,1391.78,603.0,0.004729492492515419,0.00298406420097308,0.005592203357558523
126,20,1672.6214264109285,735.3356431127372,1672.62,735.34,-0.001426410928615951,0.00435688726281569,0.00458444268784774
126,21,1447.508535722272,526.852194648414,1447.51,526.85,0.0014642777280187147,-0.0021946484139334643,0.0026382931841537854
126,22,1460.639359641241,456.6339619479125,1460.64,456.63,0.0006403587590284587,-0.003961947912500818,0.004013364000640118
126,23,1793.1933327504644,583.6571737643044,1793.19,583.66,-0.003332750464323908,0.002826235695579271,0.004369763593653285
126,24,1270.8688877648933,335.39029428005364,1270.87,335.39,0.001112235106575099,-0.0002942800536516188,0.0011505075759313025
126,25,1441.864911366108,391.05217532472204,1441.86,391.05,-0.004911366107990034,-0.002175324722031746,0.0053715504924551965
126,26,1608.2803458317808,449.5174454272614,1608.28,449.52,-0.00034583178080538346,0.002554572738574734,0.0025778753843590345
126,31,181.25951895587218,630.2409331048148,181.26,630.24,0.0004810441278095823,-0.0009331048147487309,0.0010498038141516467
127,17,1012.2868803844405,415.3248389573192,1012.29,415.32,0.0031196155595125674,-0.004838957319179826,0.005757387356778848
127,18,1161.0058649574455,489.40109716113795,1161.01,489.4,0.004135042554480606,-0.0010971611379773094,0.004278123360780187
127,19,1391.0814528806306,601.4977619518493,1391.08,601.5,-0.001452880630722575,0.00223804815072981,0.0026682806546752067
127,20,1672.7160698081964,734.2517323345529,1672.72,734.25,0.003930191803647176,-0.001732334552912107,0.004295042562847152
127,21,1446.6314017917039,525.3891459863105,1446.63,525.39,-0.0014017917037563166,0.0008540136894907846,0.0016414503838245306
127,22,1460.2295197309309,455.2254714609344,1460.23,455.23,0.0004802690691576572,0.004528539065631776,0.004553935050891995
127,23,1793.3949995628482,582.2428803232283,1793.39,582.24,-0.004999562848070127,-0.0028803232282825775,0.005769912527169476
127,24,1271.40166582367,334.2927207100402,1271.4,334.29,-0.0016658236700095586,-0.002720710040193808,0.0031901773653474986
127,25,1441.898683524581,390.0391314935415,1441.9,390.04,0.001316475419116614,0.0008685064585165492,0.0015771528136560586
127,26,1608.2102593738355,447.88808407044604,1608.21,447.89,-0.00025937383543350734,0.0019159295539452614,0.001933406538260481
127,31,184.94463921690414,626.4306998286111,184.94,626.43,-0.004639216904138266,-0.0006998286111183916,0.004691704761446753
128,17,1010.4651602883304,413.4936292179894,1010.47,413.49,0.0048397116696605735,-0.0036292179893848697,0.006049300146291593
128,18,1159.504398718084,487.8008228708535,1159.5,487.8,-0.004398718084075881,-0.0008228708534829821,0.004475023712192819
128,19,1390.811089660473,600.1233214638869,1390.81,600.12,-0.0010896604730987747,-0.0033214638868912516,0.0034956376097296737
128,20,1671.7870523561473,732.9387992509147,1671.79,732.94,0.0029476438526216953,0.0012007490853420677,0.0031828293463282446
128,21,1446.223551343778,523.7918594897328,1446.22,523.79,-0.003551343777871807,-0.001859489732851216,0.0040087086069216715
128,22,1459.4221397981983,453.4191035957008,1459.42,453.42,-0.0021397981981863268,0.0008964042992261056,0.0023199734905021
128,23,1792.2962496721361,580.6821602424212,1792.3,580.68,0.0037503278638268966,-0.0021602424212687765,0.0043280025883593925
128,24,1269.5512493677525,331.9695405325302,1269.55,331.97,-0.001249367752507169,0.0004594674698523704,0.0013311762230664103
128,25,1440.4240126434356,387.77934862015616,1440.42,387.78,-0.004012643435544305,0.0006513798438163576,0.004065169497296149
128,26,1607.1576945303766,446.16606305283455,1607.16,446.17,0.002305469623479439,0.003936947165470883,0.004562317740852302
128,31,180.95847941267812,626.5730248714583,180.96,626.57,0.0015205873218917532,-0.003024871458251255,0.003385562455847035
129,17,1008.8488702162477,411.62022191349206,1008.85,411.62,0.0011297837522761256,-0.00022191349205513689,0.001151371757888488
129,18,1158.128299038563,486.3506171531401,1158.13,486.35,0.001700961437109072,-0.000617153140069604,0.0018094606403096841
129,19,1390.3583172453548,598.8424910979152,1390.36,598.84,0.0016827546451168018,-0.002491097915140017,0.0030061989319532917
129,20,1671.0902892671106,731.7040994381861,1671.09,731.7,-0.0002892671107019851,-0.0040994381860173235,0.004109631236779145
129,21,1445.6676635078334,522.3438946172996,1445.67,522.34,0.002336492166705284,-0.003894617299579295,0.004541722091372112
129,22,1458.5666048486487,451.5643276967756,1458.57,451.56,0.0033951513512420206,-0.004327696775590084,0.005500546525509382
129,23,1791.2221872541022,579.2616201818159,1791.22,579.26,-0.0021872541021821235,-0.0016201818159515824,0.002721960621363339
129,24,1267.9134370258143,329.72715539939765,1267.91,329.73,-0.003437025814264416,0.0028446006023727932,0.0044614906740841264
129,25,1439.0680094825766,385.8345114651171,1439.07,385.83,0.0019905174233372236,-0.004511465117104763,0.004931072613079446
129,26,1606.1182708977824,444.6245472896259,1606.12,444.62,0.0017291022174958925,-0.004547289625918438,0.004864939611190941
129,31,177.9688595595086,626.4297686535938,177.97,626.43,0.0011404404914117094,0.0002313464061671766,0.0011636690569478288
130,17,1007.6366526621858,409.96516643511904,1007.64,409.97,0.003347337814147977,0.004833564880982522,0.005879457449517986
130,18,1156.8462242789224,485.01296286485507,1156.85,485.01,0.003775721077545313,-0.002962864855078351,0.00479944140550527
130,19,1390.0187379340161,597.6318683234364,1390.02,597.63,0.0012620659838376014,-0.0018683234363834345,0.0022546491989885206
130,20,1670.5677169503329,730.7780745786396,1670.57,730.78,0.0022830496670849243,0.0019254213603971948,0.002986563777562831
130,21,1445.2507476308751,521.0079209629747,1445.25,521.01,-0.0007476308751392935,0.0020790370252825596,0.0022093770339073637
130,22,1457.9249536364864,449.9232457725817,1457.92,449.92,-0.00495363648633429,-0.003245772581692563,0.005922292975766188
130,23,1790.4166404405767,577.946215136362,1790.42,577.95,0.0033595594234157033,0.003784863638088609,0.005060813400866168
130,24,1266.4350777693608,327.79536654954825,1266.44,327.8,0.004922230639294867,0.00463345045176311,0.006759971712615144
130,25,1437.8010071119324,383.87588359883785,1437.8,383.88,-0.0010071119324948086,0.004116401162150396,0.004237809926403798
130,26,1605.3387031733369,443.2184104672194,1605.34,443.22,0.001296826663065076,0.0015895327805992565,0.0020514321472171835
130,31,175.72664466963144,626.0723264901953,175.73,626.07,0.003355330368549403,-0.0023264901952870787,0.0040829889187795725
131,17,1006.4774894966394,408.4738748263393,1006.48,408.47,0.002510503360667826,-0.0038748263392562876,0.004617023530730457
131,18,1155.8846682091917,483.7597221486413,1155.88,483.76,-0.004668209191549977,0.0002778513587031739,0.0046764707241257145
131,19,1389.5140534505122,596.4739012425773,1389.51,596.47,-0.004053450512174095,-0.003901242577285302,0.005625847020802121
131,20,1669.9257877127498,729.8335559339797,1669.93,729.83,0.0042122872503114195,-0.0035559339796691347,0.005512533931587334
131,21,1444.6880607231565,519.755940722231,1444.69,519.76,0.0019392768435864127,0.004059277768988068,0.004498725450821735
131,22,1457.193715227365,448.6924343294363,1457.19,448.69,-0.003715227364864404,-0.002434329436312055,0.004441719731943098
131,23,1789.5624803304324,576.9596613522715,1789.56,576.96,-0.0024803304324905184,0.0003386477285403089,0.002503342033838787
131,24,1265.0763083270206,326.09652491216116,1265.08,326.1,0.003691672979357463,0.0034750878388649653,0.005069978784407799
131,25,1436.6007553339493,382.4069126991284,1436.6,382.41,-0.0007553339494279498,0.0030873008716412187,0.0031783574448439643
131,26,1604.5040273800028,441.91380785041457,1604.5,441.91,-0.004027380002753489,-0.00380785041454601,0.005542518783561939
131,31,174.29498350222357,625.5542448676465,174.29,625.55,-0.004983502223581127,-0.0042448676465483,0.006546311614119094
132,17,1005.6081171224795,407.35540611975443,1005.61,407.36,0.0018828775205292914,0.004593880245579385,0.004964772247348214
132,18,1154.9135011568937,482.569791611481,1154.91,482.57,-0.0035011568936624826,0.00020838851901316957,0.003507353043093442
132,19,1389.1355400878842,595.605425931933,1389.14,595.61,0.004459912115862608,0.004574068066972359,0.0063884986313307085
132,20,1669.4443407845624,729.1251669504848,1669.44,729.13,-0.004340784562373301,0.004833049515241328,0.006496212606874317
132,21,1444.2660455423675,518.8169555416732,1444.27,518.82,0.0039544576325170055,0.003044458326826316,0.004990637401289948
132,22,1456.3952864205237,447.51932574707723,1456.4,447.52,0.004713579476401719,0.0006742529227494742,0.004761559459272951
132,23,1788.9218602478243,575.9697460142036,1788.92,575.97,-0.0018602478241973586,0.0002539857964620751,0.001877506525217817
132,24,1263.8072312452655,324.82239368412087,1263.81,324.82,0.002768754734461254,-0.0023936841208751503,0.003660017274567355
132,25,1435.700566500462,381.05518452434626,1435.7,381.06,-0.0005665004619004321,0.004815475653742851,0.004848683176401975
132,26,1603.6280205350022,440.68535588781094,1603.63,440.69,0.001979464997930336,0.0046441121890552495,0.005048371985359526
132,31,173.2212376266677,624.9156836507349,173.22,624.92,-0.0012376266676881187,0.0043163492650819535,0.004490277357440888
133,17,1004.9560878418596,406.5165545898158,1004.96,406.52,0.003912158140451538,0.003445410184156117,0.005213044470651284
133,18,1154.1851258676702,481.67734370861075,1154.19,481.68,0.004874132329860004,0.0026562913892576034,0.005550950361301261
133,19,1388.8516550659133,594.9540694489498,1388.85,594.95,-0.001655065913382714,-0.004069448949735488,0.004393137595403156
133,20,1669.3332555884217,728.5938752128636,1669.33,728.59,-0.0032555884217799758,-0.0038752128635906047,0.0050612380610050274
133,21,1443.9495341567756,518.1127166562549,1443.95,518.11,0.0004658432244468713,-0.002716656254847294,0.0027563075149126563
133,22,1455.7964648153927,446.6394943103079,1455.8,446.64,0.003535184607244446,0.0005056896920905274,0.003571169594402467
133,23,1788.4413951858683,575.2273095106527,1788.44,575.23,-0.0013951858682048623,0.002690489347287439,0.003030722114398769
133,24,1262.855423433949,323.86679526309064,1262.86,323.87,0.00457656605090051,0.0032047369093675115,0.005587065014523951
133,25,1435.0254248753465,380.0413883932597,1435.03,380.04,0.004575124653456442,-0.0013883932596741033,0.00478115063956088
133,26,1602.9710154012516,439.7640169158582,1602.97,439.76,-0.0010154012516068178,-0.004016915858187531,0.004143265947718438
133,31,172.41592822000075,624.4367627380511,172.42,624.44,0.004071779999236469,0.003237261948925152,0.005201851332760367
134,17,1004.2170658813947,405.8874159423619,1004.22,405.89,0.0029341186053670754,0.002584057638102877,0.0039097833530004
134,18,1153.6388444007525,481.25800778145805,1153.64,481.26,0.0011555992475678067,0.0019922185419432026,0.0023031162236937983
134,19,1388.638741299435,594.4655520867124,1388.64,594.47,0.001258700565131221,0.004447913287663141,0.0046225815003342
134,20,1669.2499416913163,728.1954064096477,1669.25,728.2,5.830868371958786e-05,0.004593590352328647,0.004593960407709663
134,21,1443.4621506175818,517.5845374921912,1443.46,517.58,-0.002150617581719416,-0.004537492191161618,0.005021353539400839
134,22,1455.3473486115445,445.97962073273095,1455.35,445.98,0.0026513884554333345,0.00037926726906789554,0.00267837719580185
134,23,1788.0810463894013,574.6704821329895,1788.08,574.67,-0.0010463894013810204,-0.0004821329895321469,0.001152121086916534
134,24,1261.8915675754617,322.900096447318,1261.89,322.9,-0.0015675754616495396,-9.644731801472517e-05,0.001570539688488642
134,25,1434.26906865651,379.28104129494477,1434.27,379.28,0.0009313434900377615,-0.00104129494479821,0.0013970310871623528
134,26,1602.4782615509387,439.07301268689366,1602.48,439.07,0.0017384490613494563,-0.00301268689366907,0.0034782880067918747
134,31,172.31194616500056,624.3275720535383,172.31,624.33,-0.0019461650005609954,0.002427946461693864,0.0031116687211623817
135,17,1003.662799411046,405.4155619567714,1003.66,405.42,-0.0027994110459985677,0.004438043228617516,0.005247183044599891
135,18,1153.2291333005644,480.69350583609355,1153.23,480.69,0.0008666994356190116,-0.0035058360935522614,0.0036113784939488264
135,19,1388.479055974576,594.0991640650343,1388.48,594.1,0.0009440254239052592,0.0008359349657212078,0.0012609406282195928
135,20,1669.1874562684873,727.8965548072358,1669.19,727.9,0.002543731512787417,0.00344519276416122,0.004282513653378888
135,21,1443.0966129631863,517.1884031191435,1443.1,517.19,0.0033870368135922035,0.001596880856595817,0.003744602361638819
135,22,1455.0105114586584,445.48471554954824,1455.01,445.48,-0.000511458658365882,-0.004715549548222953,0.004743205403623495
135,23,1787.810784792051,574.2528615997421,1787.81,574.25,-0.0007847920510357653,-0.0028615997421184147,0.002967263326275762
135,24,1261.1686756815964,322.1750723354885,1261.17,322.18,0.0013243184037037281,0.00492766451151283,0.005102518669481903
135,25,1433.7018014923824,378.7107809712086,1433.7,378.71,-0.0018014923823557183,-0.0007809712085986575,0.0019634894530772833
135,26,1602.108696163204,438.55475951517025,1602.11,438.55,0.001303836795841562,-0.004759515170235318,0.0049348733566212735
135,31,172.23395962375042,623.9956790401537,172.23,624.0,-0.003959623750432684,0.004320959846268124,0.005860828801291849
136,17,1003.2470995582845,404.81167146757855,1003.25,404.81,0.0029004417154965267,-0.001671467578546526,0.0033475910758521002
136,18,1152.9218499754234,480.27012937707013,1152.92,480.27,-0.0018499754232834675,-0.00012937707015225897,0.0018544938643829552
136,19,1388.359291980932,593.5743730487757,1388.36,593.57,0.0007080190678152576,-0.0043730487756192815,0.0044299939722685045
136,20,1669.1405922013655,727.6724161054269,1669.14,727.67,-0.0005922013654071634,-0.0024161054269598026,0.0024876229399518565
136,21,1442.8224597223898,516.6413023393576,1442.82,516.64,-0.0024597223898581433,-0.001302339357607707,0.002783221521464562
136,22,1454.7578835939937,444.8635366621612,1454.76,444.86,0.002116406006280158,-0.003536662161195636,0.004121547479509573
136,23,1787.6080885940382,573.9396461998066,1787.61,573.94,0.0019114059616640589,0.00035380019346575864,0.0019438743084832708
136,24,1260.8765067611973,321.63130425161637,1260.88,321.63,0.0034932388027755223,-0.0013042516163750406,0.0037287785683831473
136,25,1433.5263511192868,378.28308572840643,1433.53,378.28,0.0036488807131718204,-0.0030857284064609303,0.004778708011314063
136,26,1601.831522122403,438.1660696363777,1601.83,438.17,-0.001522122403002868,0.0039303636223166905,0.004214808988952358
136,31,171.6754697178128,623.7467592801153,171.68,623.75,0.004530282187204193,0.003240719884729515,0.00557007379367463
137,17,1002.9353246687134,404.35875360068394,1002.94,404.36,0.004675331286648543,0.0012463993160736209,0.004838619007012591
137,18,1152.6913874815675,479.7025970328026,1152.69,479.7,-0.0013874815674626007,-0.0025970328026119205,0.002944432793916479
137,19,1388.269468985699,593.1807797865818,1388.27,593.18,0.0005310143010319734,-0.000779786581802,0.0009434210624418572
137,20,1669.1054441510241,727.2543120790701,1669.11,727.25,0.00455584897576955,-0.004312079070132313,0.0062729407614844895
137,21,1442.8668447917923,516.2309767545182,1442.87,516.23,0.0031552082075450016,-0.0009767545182057802,0.003302936303018081
137,22,1454.5684126954952,444.39765249662094,1454.57,444.4,0.0015873045047101186,0.002347503379041882,0.002833779755959536
137,23,1787.4560664455287,573.4547346498549,1787.46,573.45,0.003933554471359457,-0.004734649854867712,0.0061554658659886035
137,24,1260.657380070898,321.2234781887123,1260.66,321.22,0.002619929102138485,-0.0034781887122790067,0.004354517794022349
137,25,1433.394763339465,377.71231429630484,1433.39,377.71,-0.004763339464943783,-0.0023142963048599086,0.005295787972056581
137,26,1601.6236415918022,437.6245522272833,1601.62,437.62,-0.0036415918023067206,-0.004552227283284083,0.005829576665016379
137,31,171.0066022883596,623.3100694600864,171.01,623.31,0.003397711640388934,-6.94600864790118e-05,0.003398421559319581
138,17,1002.4514935015351,403.76906520051296,1003.7,404.7,1.2485064984649625,0.9309347994870336,1.5573721705505095
138,18,1152.2685406111757,479.2769477746019,1145.2,473.5,-7.068540611175649,-5.776947774601922,9.12893158931085
138,19,1388.2021017392742,592.6355848399363,1366.2,584.6,-22.002101739274167,-8.035584839936291,23.42355875321223
138,20,1669.329083113268,726.9407340593026,1669.3,734.2,-0.02908311326814328,7.259265940697446,7.25932419893528
138,21,1442.6501335938442,515.6732325658886,1432.2,512.0,-10.450133593844157,-3.673232565888611,11.076909750119608
138,22,1454.1763095216215,443.7982393724657,1458.5,443.3,4.323690478378467,-0.49823937246566175,4.352303048398123
138,23,1787.3420498341466,572.8410509873912,1821.5,573.0,34.157950165853435,0.1589490126087867,34.1583199868134
138,24,1259.9930350531736,320.66760864153423,1276.1,328.0,16.106964946826338,7.33239135846577,17.697408929896937
138,25,1432.7960725045987,377.03423572222863,1442.5,380.2,9.70392749540133,3.165764277771359,10.207265662184911
138,26,1601.2177311938517,437.21841417046244,1613.9,434.2,12.682268806148386,-3.0184141704624494,13.036516642717599
138,31,171.00495171626972,622.9825520950649,191.0,597.0,19.995048283730284,-25.982552095064875,32.78559087833351
139,17,1002.0886201261513,403.0767989003847,1002.09,403.08,0.0013798738486912043,0.0032010996152962434,0.003485841445813569
139,18,1152.2014054583817,478.70771083095144,1152.2,478.71,-0.0014054583816687227,0.0022891690485380423,0.0026861884139775883
139,19,1388.4015763044556,591.9766886299523,1388.4,591.98,-0.0015763044555114902,0.0033113700477542807,0.003667411529898105
139,20,1669.746812334951,726.455550544477,1669.75,726.46,0.0031876650489266467,0.004449455523058532,0.005473469001997234
139,21,1442.737600195383,515.0049244244165,1442.74,515.0,0.0023998046169708687,-0.004924424416458351,0.005478048743215586
139,22,1454.1322321412163,443.0986795293493,1454.13,443.1,-0.0022321412161545595,0.0013204706507394803,0.002593472025744697
139,23,1787.50653737561,572.3807882405434,1787.51,572.38,0.0034626243900675036,-0.0007882405434429529,0.0035512097686587864
139,24,1259.74477628988,320.0007064811507,1259.74,320.0,-0.004776289880055629,-0.0007064811507007107,0.004828256479788249
139,25,1432.597054378449,376.27567679167146,1432.6,376.28,0.0029456215509071626,0.004323208328514738,0.0052313302871170265
139,26,1601.4132983953887,436.66381062784683,1601.41,436.66,-0.0032983953885832307,-0.003810627846803527,0.005039870705311953
139,31,170.7537137872023,622.4869140712987,170.75,622.49,-0.003713787202286767,0.0030859287013527137,0.00482857860386485
140,17,1001.5664650946135,402.3075991752885,1001.57,402.31,0.003534905386572973,0.002400824711514815,0.004273115419391666
140,18,1151.9010540937863,478.0307831232136,1151.9,478.03,-0.001054093786251542,-0.0007831232136368271,0.0013131624720311586
140,19,1388.3011822283418,591.2325164724642,1388.3,591.23,-0.001182228341804148,-0.0025164724642081637,0.0027803412587815352
140,20,1670.0601092512134,725.8416629083578,1670.06,725.84,-0.00010925121341642807,-0.0016629083577299753,0.001666493334472468
140,21,1442.5532001465372,514.2536933183123,1442.55,514.25,-0.0032001465372104576,-0.003693318312343763,0.0048868740536168786
140,22,1453.8491741059122,442.32400964701196,1453.85,442.32,0.0008258940877112764,-0.004009647011969264,0.004093820978585958
140,23,1787.6299030317075,571.7855911804076,1787.63,571.79,9.696829260974482e-05,0.004408819592413238,0.004409885831653522
140,24,1259.30858221741,319.250529860863,1259.31,319.25,0.0014177825898968877,-0.000529860863025533,0.0015135587224752427
140,25,1432.1977907838368,375.4567575937536,1432.2,375.46,0.0022092161632372154,0.0032424062463860537,0.003923497715369777
140,26,1601.3099737965415,435.9978579708851,1601.31,436.0,2.6203458446616423e-05,0.002142029114907018,0.002142189382464563
140,31,170.56528534040172,621.865185553474,170.57,621.87,0.004714659598278104,0.00481444652598384,0.006738464994284211
141,17,1003.67484882096,402.48069938146637,1003.67,402.48,-0.004848820960091871,-0.0006993814663474041,0.004898999810011886
141,18,1152.9257905703398,477.52308734241024,1152.93,477.52,0.004209429660249953,-0.0030873424102537683,0.005220247237702787
141,19,1388.2258866712564,590.4243873543481,1388.23,590.42,0.004113328743642342,-0.004387354348182271,0.006014012930630276
141,20,1669.79508193841,723.8812471812683,1669.8,723.88,0.0049180615899331315,-0.0012471812683543249,0.005073735400916124
141,21,1442.9149001099029,513.6902699887343,1442.91,513.69,-0.004900109902791883,-0.00026998873420325253,0.004907542254126372
141,22,1455.136880579434,442.243007235259,1455.14,442.24,0.003119420566008557,-0.003007235258962737,0.004332926097960341
141,23,1788.9724272737806,570.5891933853056,1788.97,570.59,-0.0024272737805404176,0.0008066146943974672,0.0025577891373052804
141,24,1261.9814366630576,319.93789739564727,1261.98,319.94,-0.0014366630575750605,0.0021026043527285765,0.0025465556748506557
141,25,1434.3983430878775,375.8425681953152,1434.4,375.84,0.0016569121225984418,-0.002568195315234334,0.0030563024979876016
141,26,1603.2324803474062,435.49839347816385,1603.23,435.5,-0.002480347406162764,0.0016065218361518419,0.0029551710044075346
141,31,174.9239640053013,620.6488891651055,174.92,620.65,-0.003964005301298812,0.001110834894461732,0.004116708902931915
142,17,1005.25613661572,402.6105245360998,1005.26,402.61,0.0038633842799526974,-0.000524536099760553,0.003898830108447614
142,18,1153.6943429277549,477.1423155068077,1153.69,477.14,-0.004342927754805714,-0.0023155068076903262,0.004921645381366078
142,19,1388.4194150034423,589.5682905157611,1388.42,589.57,0.0005849965577908733,0.0017094842389724363,0.001806808605227001
142,20,1669.5963114538076,722.4109353859512,1669.6,722.41,0.0036885461922793183,-0.0009353859512657436,0.0038053015505217953
142,21,1443.186175082427,513.0177024915507,1443.19,513.02,0.0038249175729561102,0.0022975084492600217,0.004461898644560368
142,22,1456.1026604345757,441.9322554264442,1456.1,441.93,-0.0026604345757732517,-0.002255426444207842,0.0034878160182558126
142,23,1790.2293204553355,569.6918950389793,1790.23,569.69,0.0006795446645355696,-0.0018950389792280475,0.002013194894661826
142,24,1263.986077497293,320.20342304673545,1263.99,320.2,0.003922502706927844,-0.003423046735463231,0.005206080717682136
142,25,1436.298757315908,376.1319261464864,1436.3,376.13,0.0012426840919488313,-0.0019261464864257505,0.0022922268734907013
142,26,1604.6743602605547,435.12379510862286,1604.67,435.12,-0.004360260554676643,-0.0037951086228531494,0.005780546822223949
142,31,178.19297300397596,619.4866668738291,178.19,619.49,-0.0029730039759670035,0.0033331261709008686,0.004466372433223622
143,17,1006.19210246179,402.45789340207483,1006.19,402.46,-0.0021024617899456643,0.0021065979251488898,0.002976256103970748
143,18,1154.2707571958163,476.60673663010573,1154.27,476.61,-0.0007571958162770898,0.0032633698942845513,0.003350063965226678
143,19,1388.3145612525818,588.9262178868208,1388.31,588.93,-0.004561252581879671,0.0037821131791133666,0.005925318996925565
143,20,1669.4472335903556,721.0582015394634,1669.45,721.06,0.0027664096444368624,0.0017984605365199968,0.0032996185570839977
143,21,1443.1396313118203,512.5132768686631,1443.14,512.51,0.00036868817983304325,-0.003276868663078858,0.0032975444210831826
143,22,1456.8269953259319,441.69919156983315,1456.83,441.7,0.003004674068051827,0.0008084301668418448,0.0031115310684425197
143,23,1790.9219903415017,568.7689212792345,1790.92,568.77,-0.001990341501596049,0.0010787207654630038,0.002263867881042687
143,24,1265.4895581229698,320.1525672850516,1265.49,320.15,0.0004418770301981567,-0.002567285051611634,0.0026050350949738264
143,25,1437.474067986931,376.0989446098648,1437.47,376.1,-0.004067986930976986,0.0010553901352068351,0.004202661776552029
143,26,1605.755770195416,434.5928463314672,1605.76,434.59,0.004229804583928853,-0.0028463314671967055,0.005098318314834774
143,31,180.14472975298196,618.6150001553718,180.14,618.62,-0.004729752981972979,0.004999844628173378,0.00688251477124143
144,17,1007.1440768463425,402.3434200515561,1007.14,402.34,-0.004076846342513818,-0.003420051556133785,0.00532141228877085
144,18,1154.7030678968622,476.20505247257927,1154.7,476.21,-0.0030678968621487,0.00494752742071114,0.005821513440289429
144,19,1388.2359209394363,588.1946634151157,1388.24,588.19,0.004079060563753956,-0.00466341511560131,0.006195657803913279
144,20,1669.0854251927667,720.0436511545976,1669.09,720.04,0.004574807233211686,-0.003651154597605455,0.005853186407134273
144,21,1443.1047234838652,511.8849576514973,1443.1,511.88,-0.0047234838652912,-0.00495765149730687,0.006847598717391035
144,22,1457.370246494449,441.52439367737486,1457.37,441.52,-0.00024649444912938634,-0.00439367737487828,0.0044005863686523514
144,23,1791.4414927561263,568.0766909594258,1791.44,568.08,-0.0014927561262538802,0.003309040574208666,0.0036301612049918263
144,24,1266.6171685922272,320.1144254637887,1266.62,320.11,0.002831407772646344,-0.004425463788663819,0.00525372246314714
144,25,1438.6055509901983,376.07420845739864,1438.61,376.07,0.004449009801646753,-0.00420845739864717,0.006124116417196605
144,26,1606.5668276465622,434.1946347486004,1606.57,434.19,0.00317235343777611,-0.0046347486003810445,0.005616468723575691
144,31,181.60854731473648,617.7112501165288,181.61,617.71,0.0014526852635299292,-0.0012501165288085758,0.0019165296268196384
145,17,1007.8580576347568,402.25756503866705,1007.86,402.26,0.0019423652431669325,0.002434961332937746,0.0031147743787897225
145,18,1155.0273009226466,475.9037893544345,1155.03,475.9,0.002699077353327084,-0.0037893544345024566,0.004652335498384287
145,19,1388.1769407045772,587.6459975613368,1388.18,587.65,0.00305929542287231,0.004002438663178509,0.005037737958341387
145,20,1668.814068894575,719.2827383659481,1668.81,719.28,-0.004068894575084414,-0.0027383659481756695,0.004904543926735635
145,21,1443.078542612899,511.413718238623,1443.08,511.41,0.0014573871010270523,-0.0037182386229801523,0.003993654419158144
145,22,1457.7776848708368,441.1432952580311,1457.78,441.14,0.00231512916320753,-0.003295258031130288,0.004027225910482632
145,23,1791.8311195670947,567.5575182195694,1791.83,567.56,-0.0011195670947472536,0.0024817804305712343,0.0027226209036895215
145,24,1267.4628764441704,320.0858190978415,1267.46,320.09,-0.002876444170397008,0.004180902158452682,0.005074827477261195
145,25,1439.4541632426487,376.055656343049,1439.45,376.06,-0.004163242648701271,0.004343656950993591,0.0060166390169163475
145,26,1607.1751207349216,433.89597606145026,1607.18,433.9,0.0048792650784434954,0.004023938549721606,0.006324500704217988
145,31,182.95641048605236,617.0334375873966,182.96,617.03,0.003589513947645173,-0.0034375873966610015,0.004970072181570585
146,17,1008.1435432260677,401.9431737790003,1008.14,401.94,-0.0035432260676770966,-0.003173779000292143,0.004756818696288718
146,18,1155.270475691985,475.67784201582583,1155.27,475.68,-0.0004756919850024133,0.0021579841741754535,0.0022097915197111357
146,19,1388.1327055284328,587.2344981710025,1388.13,587.23,-0.0027055284326706897,-0.004498171002524032,0.005249135782958712
146,20,1668.6105516709313,718.4620537744611,1668.61,718.46,-0.0005516709313724277,-0.002053774461046487,0.0021265771449369315
146,21,1443.0589069596742,511.06028867896725,1443.06,511.06,0.0010930403257134458,-0.0002886789672515988,0.0011305187746203976
146,22,1457.8332636531277,440.8574714435233,1457.83,440.86,-0.0032636531277603353,0.00252855647670458,0.0041285626547534066
146,23,1792.123339675321,567.168138664677,1792.12,567.17,-0.0033396753210581664,0.0018613353229284257,0.0038233493738430487
146,24,1268.0971573331278,320.06436432338114,1268.1,320.06,0.00284266687208401,-0.004364323381139457,0.005208461723081434
146,25,1439.8406224319865,376.0417422572867,1439.84,376.04,-0.0006224319865850703,-0.001742257286707627,0.0018501032487431774
146,26,1607.3813405511912,433.6719820460877,1607.38,433.67,-0.0013405511911059875,-0.001982046087675826,0.0023928192973241276
146,31,184.46730786453926,616.5250781905474,184.47,616.53,0.00269213546073388,0.004921809452525849,0.005609973406881143
147,17,1008.6076574195507,401.7073803342502,1008.61,401.71,0.0023425804492944735,0.0026196657497621345,0.003514303885820562
147,18,1155.4528567689888,475.2583815118694,1155.45,475.26,-0.0028567689887495362,0.0016184881305889576,0.0032833874099683067
147,19,1388.0995291463246,586.9258736282519,1388.1,586.93,0.00047085367532417877,0.0041263717480433115,0.004153149044594511
147,20,1668.2079137531985,717.8465403308458,1668.21,717.85,0.0020862468015820923,0.0034596691542674307,0.004040016877947545
147,21,1443.2941802197556,510.79521650922544,1443.29,510.8,-0.004180219755653525,0.004783490774570964,0.006352638915912153
147,22,1458.1249477398458,440.6431035826425,1458.12,440.64,-0.004947739845874821,-0.0031035826424954394,0.005840578293393247
147,23,1792.5925047564906,566.8761039985078,1792.59,566.88,-0.002504756490679938,0.0038960014921940456,0.00463169868458447
147,24,1268.8228679998458,320.04827324253586,1268.82,320.05,-0.0028679998458756017,0.001726757464155071,0.0033477028625548185
147,25,1440.63046682399,375.781306692965,1440.63,375.78,-0.0004668239898819593,-0.001306692965044931,0.0013875774365516417
147,26,1608.0360054133935,433.5039865345658,1608.04,433.5,0.003994586606495432,-0.003986534565797228,0.005643507774521869
147,31,185.35048089840444,615.8938086429106,185.35,615.89,-0.00048089840444731635,-0.003808642910598792,0.003838883183408218
148,17,1008.955743064663,401.53053525068765,1008.96,401.53,0.004256935337025425,-0.0005352506876761254,0.004290453561370118
148,18,1155.5896425767417,474.94378613390205,1155.59,474.94,0.00035742325826504384,-0.0037861339020537343,0.003802967434757946
148,19,1387.8246468597436,586.444405221189,1387.82,586.44,-0.004646859743616005,-0.004405221188903852,0.006403067952162188
148,20,1667.905935314899,717.3849052481344,1667.91,717.38,0.0040646851011842955,-0.004905248134377871,0.006370488539476951
148,21,1443.2206351648167,510.5964123819191,1443.22,510.6,-0.0006351648166855739,0.003587618080928223,0.0036434101936178315
148,22,1458.3437108048843,440.4823276869819,1458.34,440.48,-0.0037108048843492725,-0.0023276869818573687,0.00438043371998923
148,23,1792.694378567368,566.4070779988808,1792.69,566.41,-0.004378567367893993,0.002922001119145534,0.005264023436068069
148,24,1269.3671509998844,320.0362049319019,1269.37,320.04,0.0028490001154750644,0.0037950680980998186,0.004745455039002256
148,25,1441.2228501179925,375.58598001972376,1441.22,375.59,-0.002850117992466039,0.004019980276211754,0.004927820409888146
148,26,1608.527004060045,433.1279899009244,1608.53,433.13,0.0029959399548715737,0.0020100990756191095,0.0036077908069898795
148,31,186.01286067380335,615.4203564821829,186.01,615.42,-0.00286067380335453,-0.0003564821829513676,0.0028827997079160115
149,17,1009.2168072984973,401.39790143801577,1009.22,401.4,0.003192701502712225,0.0020985619842122105,0.003820641999324406
149,18,1155.6922319325563,474.70783960042655,1155.69,474.71,-0.0022319325562421,0.00216039957342673,0.003106259688512181
149,19,1387.8684851448077,586.0833039158917,1387.87,586.08,0.0015148551922266051,-0.0033039158917063105,0.0036346453022111265
149,20,1667.6794514861742,716.7886789361007,1667.68,716.79,0.0005485138258336519,0.001321063899240471,0.0014304115642035013
149,21,1443.4154763736126,510.19730928643935,1443.42,510.2,0.004523626387481272,0.002690713560639324,0.005263376782914673
149,22,1458.7577831036633,440.3617457652364,1458.76,440.36,0.0022168963366766548,-0.0017457652363646048,0.002821759314340884
149,23,1793.0207839255258,566.0553084991607,1793.02,566.06,-0.000783925525865925,0.004691500839271612,0.004756544896770176
149,24,1270.0253632499134,319.77715369892644,1270.03,319.78,0.004636750086547181,0.0028463010735322314,0.005440669183683752
149,25,1441.6671375884944,375.4394850147928,1441.67,375.44,0.0028624115057027666,0.0005149852071895111,0.002908368854117992
149,26,1608.8952530450338,432.8459924256933,1608.9,432.85,0.004746954966321937,0.00400757430674048,0.006212425715961112
149,31,186.25964550535252,615.0652673616372,186.26,615.07,0.00035449464746761805,0.00473263836283877,0.004745896367231002
150,17,1009.412605473873,401.04842607851185,1009.41,401.05,-0.002605473873018127,0.0015739214881591579,0.003043965005362121
150,18,1155.769173949417,474.53087970031993,1155.77,474.53,0.0008260505828729947,-0.0008797003199561004,0.0012067444710441727
150,19,1387.9013638586057,585.8124779369189,1387.9,585.81,-0.0013638586056003987,-0.0024779369189218414,0.0028284769170396516
150,20,1667.5095886146307,716.3415092020755,1667.51,716.34,0.0004113853692615521,-0.0015092020754536861,0.0015642662262531201
150,21,1443.5616072802095,509.8979819648295,1443.56,509.9,-0.0016072802095550287,0.002018035170465282,0.0025798867458208504
150,22,1459.0683373277475,440.0213093239273,1459.07,440.02,0.0016626722524506476,-0.001309323927330297,0.002116319485746172
150,23,1793.0155879441445,565.7914813743705,1793.02,565.79,0.004412055855482322,-0.0014813743705417437,0.004654106455335308
150,24,1270.519022437435,319.58286527419483,1270.52,319.58,0.0009775625649126596,-0.002865274194846279,0.0030274452563127563
150,25,1442.0003531913708,375.0796137610946,1442.0,375.08,-0.00035319137077749474,0.0003862389053779225,0.0005233781008212147
150,26,1609.1714397837754,432.63449431926995,1609.17,432.63,-0.0014397837753676868,-0.00449431926995203,0.004719309591462948
150,31,186.1947341290144,614.7989505212279,186.19,614.8,-0.004734129014394739,0.001049478772074508,0.004849060034477726
151,17,1009.3094541054047,400.78631955888386,1009.31,400.79,0.000545894595234131,0.0036804411161597272,0.0037207052716689204
151,18,1155.826880462063,474.14815977523995,1155.83,474.15,0.003119537936981942,0.001840224760030651,0.003621870249981274
151,19,1387.6760228939543,585.3593584526891,1387.68,585.36,0.0039771060457951535,0.000641547310920032,0.004028517773530246
151,20,1667.382191460973,715.7561319015566,1667.38,715.76,-0.002191460972881032,0.0038680984433767662,0.004445749291549676
151,21,1443.4212054601571,509.4234864736221,1443.42,509.42,-0.0012054601570525847,-0.0034864736221038584,0.003688988005926184
151,22,1459.0512529958105,439.7659819929455,1459.05,439.77,-0.0012529958105460537,0.004018007054469308,0.004208845351282355
151,23,1793.0116909581084,565.3436110307779,1793.01,565.34,-0.001690958108383711,-0.0036110307778471906,0.003987340291832176
151,24,1270.6392668280764,319.18714895564614,1270.64,319.19,0.0007331719236844947,0.0028510443538607433,0.002943806205809147
151,25,1442.000264893528,374.80971032082095,1442.0,374.81,-0.00026489352808312105,0.0002896791790476527,0.00039253357562639825
151,26,1609.1285798378317,432.2258707394525,1609.13,432.23,0.0014201621684151178,0.004129260547529157,0.004366652408193068
151,31,186.1460505967608,614.3492128909209,186.15,614.35,0.00394940323920423,0.0007871090791695678,0.004027074204475009
152,17,1009.2320905790535,400.3397396691629,1009.23,400.34,-0.0020905790535152846,0.0002603308370794366,0.0021067256403555124
152,18,1155.6201603465472,473.61111983142996,1155.62,473.61,-0.00016034654731811315,-0.0011198314299463163,0.0011312530427505826
152,19,1387.5070171704656,585.0195188395169,1387.51,585.02,0.0029828295344032085,0.0004811604831047589,0.003021388330190223
152,20,1667.2866435957299,715.3170989261674,1667.29,715.32,0.003356404270107305,0.00290107383261784,0.0044364038371968026
152,21,1443.3159040951177,509.06761485521656,1443.32,509.07,0.004095904882206014,0.0023851447834317696,0.004739762909894423
152,22,1458.7884397468579,439.32448649470916,1458.79,439.32,0.001560253142088186,-0.0044864947091696195,0.004750055225237181
152,23,1793.0087682185813,565.0077082730834,1793.01,565.01,0.001231781418709943,0.0022917269166100596,0.0026017874094157135
152,24,1270.4794501210572,318.8903617167346,1270.48,318.89,0.0005498789428202144,-0.0003617167346305905,0.0006581837493199704
152,25,1441.7501986701461,374.3572827406157,1441.75,374.36,-0.0001986701461191842,0.0027172593843260984,0.0027245125047735174
152,26,1608.8464348783737,431.66940305458934,1608.85,431.67,0.003565121626252221,0.0005969454106775629,0.0036147525549199474
152,31,186.3595379475706,613.7619096681906,186.36,613.76,0.00046205242941255165,-0.0019096681905921287,0.0019647709906463542
153,17,1009.1740679342902,399.75480475187214,1009.17,399.75,-0.004067934290219455,-0.0048047518721432425,0.006295532538428124
153,18,1155.4651202599105,473.20833987357247,1155.47,473.21,0.004879740089563711,0.0016601264275095673,0.005154404242685175
153,19,1387.3802628778492,584.5146391296377,1387.38,584.51,-0.00026287784908163303,-0.004639129637666883,0.004646571699502446
153,20,1667.2149826967975,714.9878241946255,1667.21,714.99,-0.0049826967974695435,0.00217580537446338,0.005437039304902713
153,21,1442.9869280713383,508.5507111414124,1442.99,508.55,0.003071928661711354,-0.0007111414124096882,0.003153167900871718
153,22,1458.5913298101434,438.7433648710319,1458.59,438.74,-0.0013298101434884302,-0.0033648710318630037,0.0036181144369402574
153,23,1792.756576163936,564.5057812048126,1792.76,564.51,0.0034238360640301835,0.0042187951873984275,0.005433312638397484
153,24,1270.109587590793,318.417771287551,1270.11,318.42,0.000412409207001474,0.0022287124490389942,0.002266548154026509
153,25,1441.3126490026095,374.0179620554618,1441.31,374.02,-0.0026490026095871144,0.0020379445381877304,0.0033422197363920498
153,26,1608.3848261587802,431.252052290942,1608.38,431.25,-0.004826158780133483,-0.002052290942003765,0.005244397647174574
153,31,186.51965346067794,613.3214322511429,186.52,613.32,0.00034653932206651916,-0.001432251142887253,0.0014735782429311874
154,17,1009.1305509507176,399.3161035639041,1009.13,399.32,-0.0005509507176384432,0.003896436095885747,0.003935195159402857
154,18,1155.3488401949328,472.65625490517937,1155.35,472.66,0.0011598050671182136,0.0037450948206583234,0.003920571770728714
154,19,1387.2851971583868,584.1359793472283,1387.29,584.14,0.004802841613127384,0.0040206527717145946,0.006263620061233305
154,20,1666.911237022598,714.4908681459692,1666.91,714.49,-0.0012370225979339011,-0.0008681459692070348,0.0015112585257491718
154,21,1442.7401960535037,508.1630333560593,1442.74,508.16,-0.00019605350371421082,-0.0030333560592907816,0.00303968517428281
154,22,1458.1934973576076,438.3075236532739,1458.19,438.31,-0.0034973576075572055,0.0024763467260981997,0.004285300846264534
154,23,1792.317432122952,563.8793359036094,1792.32,563.88,0.0025678770480226376,0.0006640963905510944,0.002652360561783493
154,24,1269.8321906930946,317.81332846566323,1269.83,317.81,-0.0021906930946897774,-0.0033284656632304177,0.0039846982202452145
154,25,1440.984486751957,373.51347154159635,1440.98,373.51,-0.004486751957074375,-0.0034715415963546548,0.005672966083058435
154,26,1607.7886196190852,430.6890392182065,1607.79,430.69,0.0013803809147248103,0.0009607817934806917,0.0016818302900175387
154,31,186.63974009550844,612.9910741883572,186.64,612.99,0.00025990449154278394,-0.0010741883571654398,0.0011051836821967195
155,17,1009.0979132130383,398.7370776729281,1009.1,398.74,0.002086786961740472,0.002922327071928521,0.0035909156686026967
155,18,1155.2616301461996,472.2421911788845,1155.26,472.24,-0.001630146199659066,-0.002191178884515921,0.0027310513609618055
155,19,1387.2138978687901,583.6019845104212,1387.21,583.6,-0.003897868790090797,-0.001984510421152663,0.004373975619093849
155,20,1666.6834277669486,714.1181511094769,1666.68,714.12,-0.003427766948561839,0.0018488905230924502,0.0038946094053234678
155,21,1442.5551470401278,507.6222750170445,1442.56,507.62,0.004852959872096108,-0.002275017044496508,0.005359750187548361
155,22,1457.8951230182056,437.73064273995544,1457.9,437.73,0.004876981794495805,-0.0006427399554240765,0.004919152983404975
155,23,1791.988074092214,563.4095019277071,1791.99,563.41,0.0019259077860169782,0.0004980722928848991,0.0019892704213305035
155,24,1269.374143019821,317.3599963492474,1269.37,317.36,-0.0041430198211855895,3.650752603334695e-06,0.004143021429673185
155,25,1440.4883650639679,372.88510365619726,1440.49,372.89,0.0016349360321328277,0.004896343802727188,0.0051620924501282585
155,26,1607.341464714314,430.2667794136549,1607.34,430.27,-0.0014647143141246488,0.003220586345094034,0.003538017019208329
155,31,186.72980507163135,612.4933056412679,186.73,612.49,0.0001949283686428771,-0.0033056412678433844,0.003311383587048017
156,17,1009.0734349097787,398.30280825469606,1009.07,398.3,-0.0034349097786616767,-0.0028082546960490617,0.004436766798630193
156,18,1155.1962226096498,471.9316433841634,1155.2,471.93,0.003777390350251153,-0.0016433841634011515,0.004119391868551502
156,19,1387.1604234015927,583.2014883828159,1387.16,583.2,-0.0004234015925703716,-0.0014883828158644974,0.0015474341068852841
156,20,1666.5125708252115,713.5886133321077,1666.51,713.59,-0.0025708252114782226,0.0013866678923477593,0.002920957054056123
156,21,1442.416360280096,507.21670626278336,1442.42,507.22,0.0036397199041857675,0.003293737216665704,0.004908794743455342
156,22,1457.6713422636542,437.2979820549666,1457.67,437.3,-0.0013422636541235988,0.002017945033401247,0.002423586985236964
156,23,1791.7410555691604,563.0571264457803,1791.74,563.06,-0.0010555691603713058,0.002873554219604557,0.003061297127907407
156,24,1269.280607264866,317.01999726193554,1269.28,317.02,-0.0006072648659483093,2.7380644382901664e-06,0.0006072710386739074
156,25,1440.366273797976,372.41382774214793,1440.37,372.41,0.0037262020239268168,-0.0038277421479051554,0.005341927692693517
156,26,1607.2560985357354,429.9500845602412,1607.26,429.95,0.003901464264572496,-8.456024119141148e-05,0.0039023805352792745
156,31,186.54735380372352,612.1199792309509,186.55,612.12,0.0026461962764869895,2.0769049115187954e-05,0.0026462777796548037
157,17,1009.055076182334,397.977106191022,1009.06,397.98,0.004923817665940078,0.0028938089780012888,0.0057112267341250305
157,18,1155.1471669572375,471.44873253812256,1155.15,471.45,0.0028330427626315213,0.0012674618774326518,0.0031036415555994777
157,19,1387.1203175511946,582.9011162871119,1387.12,582.9,-0.0003175511947119958,-0.0011162871119267948,0.0011605755802690664
157,20,1666.1344281189085,713.1914599990807,1666.13,713.19,-0.004428118908435863,-0.0014599990806800633,0.004662599530608848
157,21,1442.3122702100718,506.9125296970875,1442.31,506.91,-0.002270210071856127,-0.0025296970874819635,0.00339900296039467
157,22,1457.5035066977407,436.97348654122493,1457.5,436.97,-0.0035066977407041122,-0.0034865412249018846,0.004944987235332328
157,23,1791.3057916768703,562.5428448343353,1791.31,562.54,0.00420832312966013,-0.0028448343352920347,0.005079671835747749
157,24,1269.2104554486496,316.5149979464517,1269.21,316.51,-0.0004554486495180754,-0.004997946451680946,0.00501865541815913
157,25,1440.274705348482,372.06037080661093,1440.27,372.06,-0.004705348482048066,-0.0003708066109311403,0.0047199366394287835
157,26,1606.9420739018015,429.4625634201809,1606.94,429.46,-0.00207390180139555,-0.0025634201809339174,0.003297300669616131
157,31,186.91051535279263,611.5899844232132,186.91,611.59,-0.0005153527926324841,1.5576786836390966e-05,0.0005155881468403308
158,17,1009.0413071367504,397.73282964326654,1005.5,397.1,-3.541307136750447,-0.6328296432665184,3.5974059534887743
158,18,1155.110375217928,471.0865494035919,1143.5,465.3,-11.610375217928095,-5.786549403591891,12.972469568331563
158,19,1387.090238163396,582.4258372153339,1368.6,577.3,-18.490238163396043,-5.125837215333945,19.187577087720324
158,20,1666.1008210891814,712.6435949993106,1668.4,725.6,2.299178910818682,12.956405000689415,13.158824195415146
158,21,1442.2342026575539,506.43439727281566,1430.6,504.4,-11.634202657553942,-2.0343972728156814,11.810734259167592
158,22,1457.3776300233055,436.4801149059187,1458.7,434.4,1.3223699766945174,-2.0801149059187196,2.4648611273433443
158,23,1791.2293437576527,562.1571336257514,1821.2,562.7,29.97065624234733,0.5428663742486606,29.975572379810245
158,24,1269.1578415864872,316.1362484598387,1275.7,319.5,6.54215841351288,3.3637515401612745,7.356266793111483
158,25,1440.2060290113616,371.7952781049582,1444.8,371.9,4.593970988638375,0.10472189504179141,4.595164427934239
158,26,1606.956555426351,429.0969225651357,1613.1,424.8,6.1434445736488215,-4.296922565135674,7.497029729183905
158,31,186.9328865145945,611.1924883174099,189.0,590.9,2.067113485405514,-20.292488317409948,20.397500834017986
159,17,1009.0309803525629,397.2996222324499,1009.03,397.3,-0.0009803525629195065,0.0003777675501055455,0.0010506186127875285
159,18,1155.0827814134461,470.5649120526939,1155.08,470.56,-0.0027814134462005313,-0.004912052693896385,0.005644866909531158
159,19,1387.067678622547,582.0693779115004,1387.07,582.07,0.0023213774529722286,0.0006220884996537279,0.002403286787000099
159,20,1665.825615816886,712.232696249483,1665.83,712.23,0.004384183113870677,-0.0026962494829376737,0.005146923629721978
159,21,1442.1756519931655,506.07579795461174,1442.18,506.08,0.004348006834561602,0.004202045388240094,0.006046680814978103
159,22,1457.283222517479,436.110086179439,1457.28,436.11,-0.0032225174791165045,-8.617943899480451e-05,0.003223669616898861
159,23,1790.9220078182395,561.8678502193136,1790.92,561.87,-0.002007818239462722,0.0021497806864090307,0.002941579691658288
159,24,1269.1183811898654,315.60218634487904,1269.12,315.6,0.0016188101344596362,-0.0021863448790213624,0.002720413604849851
159,25,1440.1545217585212,371.3464585787186,1440.15,371.35,-0.004521758521150332,0.003541421281397561,0.0057435150226957
159,26,1606.9674165697634,428.5726919238518,1606.97,428.57,0.002583430236654749,-0.00269192385178485,0.0037310274471611966
159,31,186.69966488594588,610.8943662380575,186.7,610.89,0.00033511405410990847,-0.004366238057514238,0.0043790793786077555
160,17,1009.0232352644222,396.9747166743374,1009.02,396.97,-0.003235264422187356,-0.004716674337373661,0.005719611235592026
160,18,1155.0620860600845,470.1736840395204,1155.06,470.17,-0.002086060084593555,-0.003684039520408078,0.004233650182107994
160,19,1387.0507589669103,581.5520334336253,1387.05,581.55,-0.0007589669103253982,-0.0020334336253426954,0.00217045688269618
160,20,1665.6192118626645,711.6745221871122,1665.62,711.67,0.0007881373353484378,-0.004522187112229403,0.0045903525722305735
160,21,1442.131738994874,505.5568484659588,1442.13,505.56,-0.0017389948739037209,0.0031515340411942816,0.0035994819049787953
160,22,1457.2124168881094,435.5825646345793,1457.21,435.58,-0.0024168881093373784,-0.002564634579300673,0.003524017403248904
160,23,1790.6915058636796,561.4008876644853,1790.69,561.4,-0.001505863679540198,-0.0008876644852762183,0.0017480199254525212
160,24,1269.088785892399,315.20163975865927,1269.09,315.2,0.0012141076008447271,-0.0016397586592802327,0.0020403102036488092
160,25,1440.115891318891,370.75984393403894,1440.12,370.76,0.004108681108846213,0.00015606596105044446,0.0041116440797311655
160,26,1606.7255624273225,428.1795189428888,1606.73,428.18,0.004437572677488788,0.0004810571111875106,0.004463571127720391
160,31,187.02474866445942,610.4207746785431,187.02,610.42,-0.004748664459413021,-0.0007746785431663739,0.004811438557576595
161,17,1008.7674264483167,396.4810375057531,1008.77,396.48,0.0025735516833265137,-0.001037505753060941,0.00277481286835478
161,18,1155.0465645450633,469.63026302964033,1155.05,469.63,0.0034354549366071296,-0.0002630296403367538,0.0034455094272333635
161,19,1386.7880692251827,580.914025075219,1386.79,580.91,0.001930774817310521,-0.0040250752190331696,0.004464204510776292
161,20,1665.7144088969985,711.0058916403341,1665.71,711.01,-0.004408896998484124,0.0041083596659063915,0.006026358094876939
161,21,1441.8488042461554,504.9176363494691,1441.85,504.92,0.0011957538445130922,0.002363650530924133,0.002648899977161421
161,22,1457.159312666082,435.18692347593446,1457.16,435.19,0.0006873339179946925,0.0030765240655341586,0.0031523686714337146
161,23,1790.5186293977597,560.8006657483639,1790.52,560.8,0.0013706022402857343,-0.0006657483639855855,0.001523735995908004
161,24,1269.0665894192994,314.65122981899447,1269.07,314.65,0.003410580700574428,-0.0012298189944885962,0.00362553657743729
161,25,1440.0869184891683,370.3198829505292,1440.09,370.32,0.0030815108316346596,0.00011704947081625505,0.0030837330597994527
161,26,1606.544171820492,427.63463920716663,1606.54,427.63,-0.004171820492047118,-0.004639207166633241,0.006239096837908952
161,31,187.01856149834458,609.8155810089073,187.02,609.82,0.0014385016554285812,0.004418991092734359,0.004647232433431361
162,17,1008.5755698362375,395.8607781293148,1008.58,395.86,0.004430163762549455,-0.0007781293147672841,0.004497981346504957
162,18,1155.0349234087976,469.2226972722302,1155.03,469.22,-0.004923408797594675,-0.002697272230193448,0.005613842861356682
162,19,1386.591051918887,580.4355188064143,1386.59,580.44,-0.0010519188870148355,0.004481193585775145,0.004603002204871385
162,20,1665.535806672749,710.5044187302506,1665.54,710.5,0.004193327250959555,-0.004418730250563385,0.006091729677266054
162,21,1441.6366031846164,504.4382272621018,1441.64,504.44,0.0033968153836667625,0.0017727378981930997,0.003831573359131372
162,22,1456.8694844995616,434.64019260695085,1456.87,434.64,0.0005155004382686457,-0.00019260695086131818,0.0005503073135760236
162,23,1790.3889720483198,560.100499311273,1790.39,560.1,0.0010279516802711441,-0.0004993112729607674,0.0011428019969697157
162,24,1269.0499420644746,314.2384223642458,1269.05,314.24,5.793552531940804e-05,0.0015776357541881225,0.0015786991790669818
162,25,1440.0651888668763,369.7399122128969,1440.07,369.74,0.0048111331236668775,8.778710309798043e-05,0.004811933967659463
162,26,1606.408128865369,427.22597940537497,1606.41,427.23,0.0018711346310738008,0.0040205946250466695,0.004434673149912838
162,31,187.26392112375845,609.3616857566805,187.26,609.36,-0.003921123758459544,-0.0016857566804446833,0.0042681362577616675
163,17,1008.6816773771782,395.39558359698606,1008.68,395.4,-0.0016773771782254698,0.0044164030139199895,0.00472421525540414
163,18,1155.0261925565983,468.6670229541727,1155.03,468.67,0.0038074434016834857,0.0029770458273219447,0.004833159123699334
163,19,1386.443288939165,579.8266391048107,1386.44,579.83,-0.003288939165031479,0.003360895189302937,0.004702418240092813
163,20,1665.4018550045616,709.8783140476879,1665.4,709.88,-0.0018550045615484123,0.0016859523120729136,0.0025066864825800256
163,21,1441.4774523884623,503.8286704465763,1441.48,503.83,0.0025476115376932285,0.0013295534236590356,0.00287368001930471
163,22,1456.9021133746712,433.9801444552131,1456.9,433.98,-0.0021133746711257118,-0.00014445521310335607,0.0021183058818660836
163,23,1790.2917290362398,559.5753744834548,1790.29,559.58,-0.0017290362397943682,0.004625516545274877,0.004938113974903159
163,24,1269.037456548356,313.6788167731844,1269.04,313.68,0.0025434516439872823,0.0011832268156126702,0.002805204442190713
163,25,1440.0488916501572,369.3049341596727,1440.05,369.3,0.0011083498427524319,-0.004934159672700389,0.005057110939027555
163,26,1606.3060966490268,426.6694845540312,1606.31,426.67,0.0039033509731325466,0.0005154459688014867,0.00393723676786252
163,31,187.44794084281884,608.7712643175104,187.45,608.77,0.0020591571811507947,-0.001264317510390356,0.002416325115493475
164,17,1008.7612580328837,394.79668769773957,1008.76,394.8,-0.001258032883697524,0.003312302260439992,0.0035431614415631966
164,18,1155.0196444174487,468.2502672156295,1155.02,468.25,0.000355582551264888,-0.0002672156294920569,0.00044479561981755503
164,19,1386.332466704374,579.119979328608,1386.33,579.12,-0.002466704374000983,2.0671392007898248e-05,0.002466790987328097
164,20,1665.0513912534211,709.1587355357659,1665.05,709.16,-0.0013912534211613092,0.0012644642340546852,0.0018800148619350192
164,21,1441.3580892913467,503.37150283493224,1441.36,503.37,0.001910708653213078,-0.0015028349322392387,0.0024309093753206537
164,22,1456.9265850310035,433.48510834140984,1456.93,433.49,0.0034149689965943253,0.0048916585901679355,0.005965763740751406
164,23,1789.9687967771797,558.9315308625911,1789.97,558.93,0.0012032228203224804,-0.0015308625911529816,0.0019471223454976846
164,24,1269.278092411267,313.2591125798883,1269.28,313.26,0.0019075887330473051,0.0008874201116668701,0.002103903331676592
164,25,1440.036668737618,368.72870061975453,1440.04,368.73,0.00333126238206205,0.0012993802454843717,0.0035757094513532207
164,26,1606.2295724867702,426.2521134155234,1606.23,426.25,0.0004275132298516837,-0.002113415523410822,0.0021562218662030254
164,31,187.58595563211412,608.0784482381328,187.59,608.08,0.004044367885882139,0.0015517618672902245,0.0043318444673292236
165,17,1008.8209435246628,394.3475157733047,1008.82,394.35,-0.0009435246627162996,0.002484226695344205,0.0026573710811654996
165,18,1155.0147333130865,467.6877004117221,1155.01,467.69,-0.004733313086489943,0.0022995882778786836,0.0052623529929579985
165,19,1386.2493500282803,578.589984496456,1386.25,578.59,0.0006499717196675192,1.5503543977501977e-05,0.0006501565936321914
165,20,1664.788543440066,708.6190516518244,1664.79,708.62,0.0014565599340130575,0.0009483481755978573,0.0017380825939902588
165,21,1441.26856696851,502.7786271261992,1441.27,502.78,0.0014330314900234953,0.0013728738007898755,0.0019845306055322498
165,22,1456.6949387732525,433.1138312560574,1456.69,433.11,-0.004938773252433748,-0.003831256057367227,0.006250600308455828
165,23,1789.7265975828848,558.4486481469434,1789.73,558.45,0.0034024171152395866,0.0013518530566898335,0.003661140384218682
165,24,1269.2085693084503,312.69433443491624,1269.21,312.69,0.0014306915497854789,-0.0043344349162453,0.004564450060389968
165,25,1440.0275015532134,368.2965254648159,1440.03,368.3,0.002498446786603381,0.003474535184125216,0.0042795596842680915
165,26,1606.1721793650777,425.6890850616426,1606.17,425.69,-0.0021793650776089635,0.0009149383574253989,0.0023636294843714
165,31,187.6894667240856,607.5588361785996,187.69,607.56,0.0005332759143925614,0.0011638214003824032,0.0012801810234725716
166,17,1008.8657076434971,394.0106368299785,1008.87,394.01,0.004292356502901384,-0.0006368299785322051,0.004339340591559636
166,18,1155.011049984815,467.2657753087916,1155.01,467.27,-0.0010499848149265745,0.004224691208378317,0.004353215353933852
166,19,1386.1870125212104,578.192488372342,1386.19,578.19,0.0029874787896915223,-0.002488372341986178,0.003888062040556773
166,20,1664.8414075800495,708.2142887388683,1664.84,708.21,-0.0014075800495447766,-0.004288738868240216,0.004513819078765879
166,21,1441.4514252263825,502.3339703446494,1441.45,502.33,-0.0014252263824801048,-0.003970344649417257,0.004218400985737791
166,22,1456.7712040799393,432.585373442043,1456.77,432.59,-0.0012040799392707413,0.0046265579569535475,0.00478067432787514
166,23,1789.7949481871635,558.0864861102075,1789.79,558.09,-0.004948187163563489,0.003513889792543523,0.00606893546512039
166,24,1269.4064269813377,312.27075082618717,1269.41,312.27,0.0035730186623368354,-0.0007508261871862487,0.0036510549605246905
166,25,1440.27062616491,367.9723940986119,1440.27,367.97,-0.0006261649100451905,-0.0023940986118873298,0.002474629398114542
166,26,1606.3791345238083,425.26681379623193,1606.38,425.27,0.0008654761918478471,0.0031862037680525646,0.0033016576882238732
166,31,187.5171000430642,607.1691271339497,187.52,607.17,0.002899956935806358,0.0008728660502583807,0.003028472448483735
167,17,1008.8992807326229,393.7579776224839,1007.3,393.4,-1.5992807326229013,-0.3579776224839293,1.6388553444212488
167,18,1155.0082874886111,466.94933148159373,1144.0,461.1,-11.008287488611131,-5.849331481593708,12.465836201935096
167,19,1386.1402593909079,577.8943662792565,1365.4,570.1,-20.740259390907795,-7.794366279256451,22.156500294436146
167,20,1664.8810556850372,707.9107165541512,1668.8,721.9,3.9189443149628005,13.989283445848741,14.52784140442333
167,21,1441.588568919787,502.000477758487,1431.1,500.0,-10.488568919786985,-2.0004777584870226,10.677639685217084
167,22,1456.8284030599543,432.1890300815323,1458.9,429.4,2.0715969400457652,-2.789030081532303,3.474219722138924
167,23,1789.8462111403726,557.8148645826557,1815.8,558.4,25.953788859627366,0.5851354173443042,25.960384042358623
167,24,1269.5548202360033,311.9530631196404,1276.2,316.5,6.6451797639967936,4.546936880359624,8.051897235422654
167,25,1440.4529696236825,367.47929557395895,1443.2,368.1,2.7470303763175252,0.6207044260410726,2.8162829887847174
167,26,1606.5343508928563,424.95011034717396,1614.0,420.0,7.46564910714369,-4.950110347173961,8.957650866169885
167,31,187.38782503229817,606.8768453504623,191.3,583.6,3.9121749677018443,-23.27684535046228,23.603318462607128
168,17,1008.6744605494671,393.56848321686294,1008.67,393.57,-0.004460549467125929,0.0015167831370490603,0.004711383303607742
168,18,1155.0062156164583,466.7119986111953,1155.01,466.71,0.0037843835416424554,-0.0019986111953471664,0.004279720259598906
168,19,1386.105194543181,577.6707747094424,1386.11,577.67,0.004805456818985476,-0.0007747094424530587,0.0048675034626962455
168,20,1664.910791763778,707.6830374156134,1664.91,707.68,-0.0007917637778973585,-0.003037415613448502,0.0031389143806117167
168,21,1441.4414266898402,501.75035831886527,1441.44,501.75,-0.0014266898401729122,-0.0003583188652669378,0.0014709984055935599
168,22,1456.8713022949657,431.8917725611492,1456.87,431.89,-0.0013022949658534344,-0.0017725611492096505,0.0021995329517364897
168,23,1789.8846583552795,557.6111484369917,1789.88,557.61,-0.00465835527938907,-0.0011484369916843207,0.0047978309091589455
168,24,1269.6661151770024,311.7147973397303,1269.67,311.71,0.003884822997633819,-0.004797339730316708,0.0061730315251924475
168,25,1440.339727217762,367.1094716804692,1440.34,367.11,0.00027278223797111423,0.0005283195308152244,0.0005945852974917463
168,26,1606.6507631696422,424.7125827603805,1606.65,424.71,-0.0007631696421412926,-0.0025827603805055332,0.0026931541147500555
168,31,187.0408687742236,606.6576340128468,187.04,606.66,-0.0008687742236190843,0.0023659871532117904,0.002520449138702897
169,17,1008.5058454121004,393.1763624126472,1008.51,393.18,0.00415458789962031,0.0036375873527845215,0.005522014339424464
169,18,1155.0046617123437,466.5339989583965,1155.0,466.53,-0.004661712343704494,-0.003998958396550734,0.006141923984615119
169,19,1386.0788959073857,577.5030810320818,1386.08,577.5,0.001104092614241381,-0.0030810320818090986,0.003272885453229195
169,20,1664.9330938228336,707.51227806171,1664.93,707.51,-0.003093822833534432,-0.0022780617100579548,0.0038420443620722543
169,21,1441.3310700173802,501.56276873914896,1441.33,501.56,-0.001070017380243371,-0.0027687391489621405,0.00296830821664774
169,22,1456.9034767212243,431.6688294208619,1456.9,431.67,-0.0034767212241604284,0.0011705791380904884,0.0036684936948371957
169,23,1789.9134937664596,557.4583613277438,1789.91,557.46,-0.0034937664595418028,0.0016386722562629075,0.0038589701783332078
169,24,1269.7495863827519,311.53609800479774,1269.75,311.54,0.00041361724811395106,0.00390199520228407,0.0039238559844348595
169,25,1440.2547954133215,366.8321037603519,1440.25,366.83,-0.004795413321517117,-0.0021037603519289405,0.0052365825251333535
169,26,1606.4880723772317,424.5344370702854,1606.49,424.53,0.0019276227683349134,-0.004437070285405298,0.004837698032600816
169,31,187.03065158066772,606.4932255096351,187.03,606.49,-0.0006515806677214186,-0.003225509635058188,0.003290664032137206
170,17,1008.3793840590753,392.8822718094854,1008.38,392.88,0.0006159409247175063,-0.0022718094854212723,0.0023538270031571826
170,18,1155.0034962842578,466.4004992187974,1155.0,466.4,-0.003496284257835214,-0.0004992187974153239,0.003531745038827001
170,19,1386.0591719305394,577.3773107740614,1386.06,577.38,0.0008280694605673489,0.0026892259386386286,0.0028138292735294217
170,20,1664.699820367125,707.3842085462825,1664.7,707.38,0.0001796328749605891,-0.004208546282484349,0.004212378162223738
170,21,1441.498302513035,501.42207655436175,1441.5,501.42,0.0016974869649857283,-0.002076554361735816,0.002682077555467124
170,22,1456.9276075409182,431.5016220656464,1456.93,431.5,0.0023924590818751312,-0.001622065646415649,0.0028904943209991977
170,23,1789.9351203248448,557.0937709958079,1789.94,557.09,0.004879675155279983,-0.0037709958078266936,0.006166979731092297
170,24,1269.812189787064,311.40207350359833,1269.81,311.4,-0.00218978706402595,-0.0020735035983534544,0.0030157228914739686
170,25,1440.1910965599911,366.62407782026395,1440.19,366.62,-0.001096559991083268,-0.004077820263944432,0.004222684207832782
170,26,1606.6160542829239,424.40082780271405,1606.62,424.4,0.003945717076021538,-0.000827802714070458,0.00403161761299734
170,31,186.5229886855008,606.3699191322263,186.52,606.37,-0.002988685500781685,8.086777370408527e-05,0.0029897793596529035
171,17,1008.5345380443065,392.66170385711405,1008.53,392.66,-0.004538044306514166,-0.0017038571140233216,0.0048473678623448336
171,18,1155.0026222131933,466.30037441409803,1155.0,466.3,-0.0026222131932627235,-0.0003744140980188604,0.002648808779001679
171,19,1386.0443789479045,577.032983080546,1386.04,577.03,-0.004378947904569941,-0.0029830805460733245,0.0052984860380394135
171,20,1664.524865275344,707.0381564097119,1664.52,707.04,-0.004865275343945541,0.0018435902881037691,0.005202857803437928
171,21,1441.6237268847763,501.3165574157713,1441.62,501.32,-0.003726884776369843,0.0034425842287078012,0.005073564457862439
171,22,1457.1957056556887,431.3762165492348,1457.2,431.38,0.004294344311347231,0.0037834507651837157,0.005723276400539255
171,23,1789.9513402436337,556.8203282468559,1789.95,556.82,-0.0013402436336491519,-0.00032824685581545054,0.0013798547010065267
171,24,1269.859142340298,311.30155512769875,1269.86,311.3,0.0008576597019782639,-0.0015551276987366691,0.0017759511039934215
171,25,1440.3933224199934,366.468058365198,1440.39,366.47,-0.0033224199933101772,0.0019416348020513396,0.003848171035243125
171,26,1606.712040712193,424.05062085203554,1606.71,424.05,-0.0020407121928656125,-0.0006208520355244218,0.0021330643459879953
171,31,185.8922415141256,606.2774393491698,185.89,606.28,-0.0022415141256146853,0.002560650830218947,0.0034031335926805973
172,17,1008.4009035332299,392.49627789283556,1008.4,392.5,-0.0009035332299163201,0.0037221071644353287,0.0038302028720557115
172,18,1155.001966659895,465.9752808105735,1155.0,465.98,-0.0019666598950607295,0.004719189426509729,0.005112582516314187
172,19,1386.0332842109283,576.7747373104096,1386.03,576.77,-0.003284210928313769,-0.004737310409609563,0.005764386466802058
172,20,1664.393648956508,706.7786173072839,1664.39,706.78,-0.0036489565079591557,0.0013826927161062486,0.003902143352588517
172,21,1441.7177951635822,500.98741806182846,1441.72,500.99,0.002204836417831757,0.0025819381715450618,0.003395247907160629
172,22,1457.1467792417666,431.2821624119261,1457.15,431.28,0.0032207582335104235,-0.0021624119261218766,0.003879343879699157
172,23,1789.9635051827254,556.6152461851419,1789.96,556.62,-0.003505182725348277,0.004753814858077021,0.00590635773069612
172,24,1269.8943567552235,310.97616634577406,1269.89,310.98,-0.004356755223398068,0.0038336542259571615,0.005803293961260755
172,25,1440.544991814995,366.3510437738985,1440.54,366.35,-0.004991814995037203,-0.0010437738984592215,0.005099772631773207
172,26,1606.7840305341447,423.78796563902665,1606.78,423.79,-0.004030534144703779,0.0020343609733686208,0.004514845519127797
172,31,185.16918113559421,606.2080795118773,185.17,606.21,0.0008188644057725014,0.001920488122777897,0.00208777717795078
173,17,1008.3006776499224,392.37220841962665,1008.3,392.37,-0.0006776499224088184,-0.0022084196266405343,0.002310049061096278
173,18,1155.0014749949214,465.7314606079301,1155.0,465.73,-0.001474994921409234,-0.001460607930084734,0.0020758096115996386
173,19,1386.0249631581962,576.5810529828073,1386.02,576.58,-0.004963158196233053,-0.001052982807209446,0.005073629083123245
173,20,1664.5452367173812,706.583962980463,1664.55,706.58,0.004763282618796438,-0.003962980462915766,0.006196295300902009
173,21,1441.7883463726866,500.74056354637133,1441.79,500.74,0.0016536273133169743,-0.0005635463713247191,0.0017470168299078212
173,22,1457.110084431325,431.2116218089446,1457.11,431.21,-8.443132514912577e-05,-0.0016218089446056183,0.0016240052036459818
173,23,1789.972628887044,556.4614346388564,1789.97,556.46,-0.0026288870440112078,-0.0014346388563808432,0.002994868233897398
173,24,1269.9207675664177,310.73212475933053,1269.92,310.73,-0.000767566417607668,-0.0021247593305133705,0.002259150375261172
173,25,1440.4087438612462,366.26328283042386,1440.41,366.26,0.0012561387538880808,-0.003282830423870564,0.0035149481021644812
173,26,1606.8380229006084,423.59097422927,1606.84,423.59,0.0019770993915244617,-0.0009742292700138933,0.0022040972470647024
173,31,184.62688585169565,606.156059633908,184.63,606.16,0.0031141483043484186,0.0039403660920243055,0.0050223903273890445
174,17,1008.4755082374418,392.27915631472,1008.48,392.28,0.004491762558245682,0.0008436852799604821,0.004570310244532617
174,18,1155.001106246191,465.5485954559476,1155.0,465.55,-0.0011062461910569255,0.0014045440524341757,0.0017878827227914508
174,19,1386.018722368647,576.4357897371054,1386.02,576.44,0.0012776313528775063,0.00421026289461679,0.004399847215034012
174,20,1664.6589275380359,706.4379722353472,1664.66,706.44,0.0010724619642132893,0.002027764652893893,0.0022939058725697787
174,21,1441.841259779515,500.5554226597785,1441.84,500.56,-0.001259779515066839,0.004577340221487702,0.004747534931923211
174,22,1457.0825633234938,431.15871635670845,1457.08,431.16,-0.0025633234938595706,0.0012836432915719342,0.002866769511866984
174,23,1789.979471665283,556.3460759791424,1789.98,556.35,0.0005283347170461639,0.003924020857652977,0.003959428906361605
174,24,1269.6905756748133,310.7990935694979,1269.69,310.8,-0.0005756748132625944,0.0009064305020842767,0.0010737866388317917
174,25,1440.3065578959347,366.1974621228179,1440.31,366.2,0.0034421040652432566,0.0025378771820783186,0.004276552465161387
174,26,1606.6285171754562,423.4432306719525,1606.63,423.44,0.0014828245439275634,-0.003230671952508146,0.0035547165699668353
174,31,184.72016438877174,606.117044725431,184.72,606.12,-0.0001643887717364123,0.0029552745689898074,0.002959843145572227
175,17,1008.6066311780813,392.20936723604,1008.61,392.21,0.0033688219186842616,0.0006327639599703616,0.003427732683399463
175,18,1155.2508296846433,465.41144659196067,1155.25,465.41,-0.0008296846433495375,-0.0014465919606436728,0.0016676345247112613
175,19,1386.2640417764853,576.326842302829,1386.26,576.33,-0.004041776485337323,0.003157697170991014,0.0051290358334788785
175,20,1664.994195653527,706.3284791765104,1664.99,706.33,-0.004195653526949172,0.0015208234896135764,0.004462780815227367
175,21,1441.8809448346362,500.6665669948339,1441.88,500.67,-0.000944834636129599,0.0034330051661299876,0.003560651198910859
175,22,1457.0619224926204,431.1190372675313,1457.06,431.12,-0.0019224926204515214,0.0009627324686789507,0.0021500771339510645
175,23,1789.9846037489622,556.2595569843568,1789.98,556.26,-0.004603748962153986,0.00044301564321358455,0.004625015390965294
175,24,1269.51793175611,310.84932017712345,1269.52,310.85,0.00206824388988025,0.0006798228765774184,0.0021771063206800405
175,25,1440.229918421951,366.14809659211346,1440.23,366.15,8.157804904840305e-05,0.0019034078865161064,0.00190515525890628
175,26,1606.4713878815921,423.5824230039644,1606.47,423.58,-0.0013878815921088972,-0.0024230039643953205,0.0027923401521287063
175,31,185.2901232915788,606.0877835440733,185.29,606.09,-0.00012329157880230923,0.002216455926713934,0.0022198823591507927
176,17,1008.704973383561,392.15702542703,1008.7,392.16,-0.004973383560923139,0.002974572970003919,0.005795052061710789
176,18,1155.4381222634825,465.3085849439705,1155.44,465.31,0.00187773651759926,0.00141505602948655,0.002351229039483826
176,19,1386.448031332364,576.2451317271218,1386.45,576.25,0.0019686676359924604,0.004868272878184143,0.005251260141858092
176,20,1664.9956467401453,706.2463593823828,1665.0,706.25,0.004353259854724456,0.003640617617179487,0.005674942114001978
176,21,1441.9107086259771,500.49992524612543,1441.91,500.5,-0.0007086259770403558,7.475387457134275e-05,0.000712558009638392
176,22,1457.0464418694653,431.08927795064847,1457.05,431.09,0.0035581305346568115,0.000722049351509213,0.0036306539586790755
176,23,1789.9884528117216,556.1946677382675,1789.99,556.19,0.0015471882784368063,-0.004667738267471577,0.004917476192372548
176,24,1269.6384488170825,310.8869901328426,1269.64,310.89,0.0015511829176375613,0.0030098671574023683,0.0033860698086690404
176,25,1440.1724388164632,366.1110724440851,1440.17,366.11,-0.0024388164631545806,-0.0010724440850822248,0.002664200078181379
176,26,1606.3535409111942,423.4368172529733,1606.35,423.44,-0.0035409111942499294,0.003182747026698962,0.004761085036157782
176,31,185.4675924686841,605.815837658055,185.47,605.82,0.0024075313158959943,0.004162341945061598,0.004808461032871023
177,17,1008.7787300376707,392.1177690702725,1008.78,392.12,0.0012699623292746764,0.0022309297274887285,0.00256707065870219
177,18,1155.578591697612,465.2314387079779,1155.58,465.23,0.0014083023879720713,-0.001438707977854392,0.0020132551406887586
177,19,1386.586023499273,576.1838487953414,1386.59,576.18,0.003976500726821541,-0.003848795341468758,0.005534056704708027
177,20,1665.246735055109,706.1847695367871,1665.25,706.18,0.003264944891043342,-0.004769536787193829,0.005779995355183709
177,21,1441.9330314694828,500.37494393459406,1441.93,500.37,-0.0030314694827211497,-0.004943934594052735,0.005799335866712757
177,22,1457.034831402099,431.06695846298635,1457.03,431.07,-0.004831402098943727,0.003041537013643847,0.005709062414008396
177,23,1789.9913396087911,556.1460008037006,1789.99,556.15,-0.0013396087911132781,0.003999196299332652,0.004217596798394076
177,24,1269.4788366128118,310.66524259963194,1269.48,310.67,0.0011633871881713276,0.004757400368077924,0.004897583895329324
177,25,1440.1293291123475,366.08330433306384,1440.13,366.08,0.0006708876526317908,-0.0033043330638520274,0.003371751360838981
177,26,1606.2651556833957,423.32761293973,1606.27,423.33,0.004844316604248888,0.0023870602699958,0.005400505540668753
177,31,185.85069435151308,605.6118782435412,185.85,605.61,-0.0006943515130899414,-0.0018782435412276755,0.00200247916940321
178,17,1008.834047528253,392.0883268027044,1008.83,392.09,-0.00404752825295418,0.0016731972955881247,0.0043797344837816065
178,18,1155.683943773209,465.17357903098343,1155.68,465.17,-0.003943773208902712,-0.003579030983416942,0.005325674596097403
178,19,1386.6895176244548,576.1378865965061,1386.69,576.14,0.00048237554528896,0.0021134034939223056,0.0021677547127882876
178,20,1665.4350512913318,706.3885771525904,1665.44,706.39,0.004948708668280233,0.0014228474095716592,0.005149195299698458
178,21,1441.9497736021121,500.28120795094554,1441.95,500.28,0.00022639788790002058,-0.0012079509455702464,0.0012289839260745613
178,22,1457.026123551574,431.05021884723976,1457.03,431.05,0.0038764484258990706,-0.00021884723975063025,0.0038826210880025173
178,23,1789.9935047065933,556.1095006027755,1789.99,556.11,-0.0035047065932758414,0.0004993972245301848,0.0035401081752991117
178,24,1269.6091274596088,310.49893194972395,1269.61,310.5,0.0008725403911284957,0.001068050276046506,0.0013791512340253645
178,25,1440.0969968342606,366.0624782497979,1440.1,366.06,0.003003165739301039,-0.0024782497978890206,0.0038936777625335826
178,26,1606.448866762547,423.2457097047975,1606.45,423.25,0.0011332374531320966,0.004290295202508787,0.0044374384558944855
178,31,186.3880207636348,605.4589086826559,186.39,605.46,0.001979236365173165,0.0010913173441622348,0.002260165952954162
179,17,1008.8755356461897,392.0662451020283,1008.88,392.07,0.004464353810249122,0.0037548979717030306,0.005833499268962445
179,18,1155.7629578299068,465.13018427323755,1155.76,465.13,-0.002957829906790721,-0.0001842732375507694,0.0029635644726550233
179,19,1386.7671382183412,576.1034149473795,1386.77,576.1,0.002861781658793916,-0.00341494737949688,0.004455520156765298
179,20,1665.576288468499,706.5414328644429,1665.58,706.54,0.0037115315010396444,-0.001432864442904247,0.003978513113582623
179,21,1441.962330201584,500.21090596320914,1441.96,500.21,-0.002330201584072711,-0.000905963209163474,0.0025001217487899967
179,22,1457.0195926636807,431.03766413542985,1457.02,431.04,0.00040733631931288983,0.0023358645701705427,0.002371114962883366
179,23,1789.9951285299449,556.0821254520816,1790.0,556.08,0.0048714700551499845,-0.0021254520816000877,0.00531495691886596
179,24,1269.4568455947065,310.37419896229295,1269.46,310.37,0.0031544052935714717,-0.004198962292946362,0.005251814647690557
179,25,1440.0727476256955,366.0468586873484,1440.07,366.05,-0.002747625695519673,0.0031413126516213197,0.004173402944590438
179,26,1606.3366500719103,423.1842822785981,1606.34,423.18,0.003349928089619425,-0.0042822785981115885,0.005436904284375973
179,31,187.0410155727261,605.5941815119919,187.04,605.59,-0.0010155727261178527,-0.004181511991873776,0.004303072216477274
180,17,1008.9066517346423,392.04968382652123,1008.91,392.05,0.00334826535765842,0.0003161734787795467,0.003363160206409892
180,18,1155.8222183724301,465.09763820492816,1155.82,465.1,-0.0022183724302067276,0.002361795071863071,0.0032402549591934874
180,19,1386.8253536637558,576.0775612105347,1386.83,576.08,0.004646336244150007,0.0024387894653727926,0.00524748840400008
180,20,1665.682216351374,706.6560746483322,1665.68,706.66,-0.002216351374045189,0.003925351667817267,0.004507837522500983
180,21,1441.971747651188,500.15817947240686,1441.97,500.16,-0.0017476511879976897,0.0018205275931677534,0.002523609595875501
180,22,1457.0146944977605,431.0282481015724,1457.01,431.03,-0.004694497760510785,0.0017518984275852745,0.00501073421007506
180,23,1789.9963463974586,556.0615940890613,1790.0,556.06,0.0036536025413624884,-0.0015940890613137526,0.003986217689194933
180,24,1269.5926341960298,310.2806492217197,1269.59,310.28,-0.0026341960299305356,-0.0006492217197546779,0.0027130200083123265
180,25,1440.0545607192716,366.03514401551126,1440.05,366.04,-0.0045607192716943246,0.004855984488756349,0.006661887542599791
180,26,1606.2524875539327,423.1382117089486,1606.25,423.14,-0.0024875539327240404,0.0017882910514117611,0.0030636431666841066
180,31,187.53076167954458,605.445636133994,187.53,605.45,-0.0007616795445812841,0.0043638660060878465,0.004429839979922824
181,17,1009.1799888009817,392.0372628698909,1009.18,392.04,1.119901821766689e-05,0.002737130109096597,0.002737153019495291
181,18,1156.1166637793226,465.0732286536961,1156.12,465.07,0.0033362206772835634,-0.00322865369611236,0.004642690286563859
181,19,1386.8690152478168,576.0581709079011,1386.87,576.06,0.0009847521830579353,0.001829092098887486,0.0020773335717332443
181,20,1665.7616622635305,706.7420559862492,1665.76,706.74,-0.0016622635305338918,-0.0020559862491609238,0.0026438985422443505
181,21,1442.228810738391,500.11863460430516,1442.23,500.12,0.0011892616089426156,0.0013653956948473933,0.0018107038902075
181,22,1457.2610208733204,431.0211860761793,1457.26,431.02,-0.0010208733203853626,-0.0011860761792945596,0.0015649150262441137
181,23,1790.247259798094,556.046195566796,1790.25,556.05,0.0027402019059081795,0.0038044332039817164,0.004688541189826683
181,24,1269.9444756470225,310.2104869162898,1269.94,310.21,-0.004475647022445628,-0.00048691628984443014,0.0045020555019726575
181,25,1440.2909205394537,366.0263580116334,1440.29,366.03,-0.0009205394537730172,0.0036419883665530506,0.0037565239448272498
181,26,1606.6893656654495,423.10365878171143,1606.69,423.1,0.0006343345505683828,-0.00365878171140821,0.0037133628874350512
181,31,187.39807125965842,605.3342271004955,187.4,605.33,0.0019287403415830795,-0.004227100495427294,0.004646333813200649
182,17,1009.6349916007363,392.02794715241816,1009.63,392.03,-0.004991600736275359,0.002052847581808237,0.0053972456961417494
182,18,1156.3374978344918,465.0549214902721,1156.34,465.05,0.0025021655080763594,-0.0049214902720677856,0.005521041453192039
182,19,1387.1517614358627,576.0436281809258,1387.15,576.04,-0.001761435862590588,-0.003628180925829838,0.0040331567200613105
182,20,1665.821246697648,706.8065419896868,1665.82,706.81,-0.0012466976479572622,0.0034580103131247597,0.0036758795343562836
182,21,1442.6716080537933,500.0889759532289,1442.67,500.09,-0.0016080537932339212,0.0010240467710787016,0.0019064387719753071
182,22,1457.6957656549903,431.01588955713447,1457.7,431.02,0.004234345009763274,0.004110442865510322,0.005901306483511244
182,23,1790.6854448485706,556.034646675097,1790.69,556.03,0.004555151429485704,-0.00464667509697847,0.006506995773967086
182,24,1270.458356735267,310.15786518721734,1270.46,310.16,0.0016432647330475447,0.002134812782685458,0.002694020155825685
182,25,1440.7181904045904,366.01976850872506,1440.72,366.02,0.0018095954096679634,0.00023149127491706167,0.0018243420066024053
182,26,1607.0170242490872,423.0777440862836,1607.02,423.08,0.0029757509128103266,0.0022559137163966625,0.0037341987347914536
182,31,187.79855344474382,605.2506703253716,187.8,605.25,0.001446555256194415,-0.0006703253716295876,0.001594320611757257
183,17,1010.2262437005522,392.0209603643136,1010.23,392.02,0.0037562994477866596,-0.0009603643136415485,0.0038771233094084803
183,18,1156.7531233758689,465.04119111770405,1156.75,465.04,-0.0031233758688813396,-0.0011911177040246912,0.0033427889857350125
183,19,1387.613821076897,576.0327211356944,1387.61,576.03,-0.0038210768971111975,-0.0027211356944008003,0.004690970914531347
183,20,1666.365935023236,706.8549064922652,1666.37,706.85,0.004064976763856976,-0.004906492265149609,0.006371632635256844
183,21,1443.253706040345,500.0667319649217,1443.25,500.07,-0.003706040344923167,0.0032680350782925416,0.004941132290391421
183,22,1458.2718242412427,431.01191716785087,1458.27,431.01,-0.0018242412427298405,-0.0019171678508769219,0.0026463916339258156
183,23,1791.264083636428,556.0259850063227,1791.26,556.03,-0.004083636428049431,0.004014993677287748,0.005726801961405066
183,24,1271.0937675514501,310.118398890413,1271.09,310.12,-0.003767551450209794,0.0016011095869998826,0.004093653116662531
183,25,1441.2886428034428,366.0148263815438,1441.29,366.01,0.0013571965571372857,-0.004826381543807656,0.0050135757001477975
183,26,1607.5127681868153,423.0583080647127,1607.51,423.06,-0.0027681868152740208,0.001691935287283286,0.003244303201091307
183,31,187.84891508355787,605.1880027440287,187.85,605.19,0.001084916442124495,0.001997255971332379,0.002272900152099717
184,17,1010.6696827754142,392.0157202732352,1010.67,392.02,0.0003172245857285816,0.004279726764764291,0.004291467420222423
184,18,1157.3148425319016,465.030893338278,1157.31,465.03,-0.004842531901658731,-0.0008933382780469401,0.004924242936493527
184,19,1388.2103658076728,576.0245408517708,1388.21,576.02,-0.0003658076727788284,-0.0045408517707983265,0.004555562540216758
184,20,1667.0244512674271,706.6411798691988,1667.02,706.64,-0.0044512674271572905,-0.0011798691988360588,0.004604983499908934
184,21,1443.6902795302587,500.0500489736913,1443.69,500.05,-0.0002795302586946491,-4.897369126410922e-05,0.0002837879277945588
184,22,1458.703868180932,430.75893787588814,1458.7,430.76,-0.0038681809319314198,0.0010621241118542457,0.004011350315185648
184,23,1791.948062727321,556.019488754742,1791.95,556.02,0.0019372726790152228,0.0005112452579396631,0.0020035960537554995
184,24,1271.5703256635875,310.0887991678097,1271.57,310.09,-0.0003256635875459324,0.001200832190249912,0.0012442084718380952
184,25,1441.9664821025822,366.01111978615785,1441.97,366.01,0.0035178974178506905,-0.001119786157858016,0.0036918184248214284
184,26,1608.1345761401114,423.04373104853454,1608.13,423.04,-0.004576140111339555,-0.003731048534518777,0.005904386630764072
184,31,188.13668631266842,605.1410020580215,188.14,605.14,0.0033136873315697812,-0.0010020580215268637,0.0034618844593533723
185,17,1011.0022620815607,392.0117902049264,1011.0,392.01,-0.0022620815607297118,-0.0017902049264080233,0.002884761110721116
185,18,1157.7361318989263,465.0231700037085,1157.74,465.02,0.0038681010737491306,-0.0031700037085329313,0.005001112819048548
185,19,1388.9077743557546,576.0184056388281,1388.91,576.02,0.002225644245527292,0.0015943611718967077,0.002737787401187424
185,20,1667.7683384505704,706.4808849018991,1667.77,706.48,0.0016615494296274846,-0.0008849018990986224,0.0018824977763927818
185,21,1444.2677096476941,500.03753673026847,1444.27,500.04,0.0022903523058630526,0.0024632697315496443,0.003363541504923175
185,22,1459.277901135699,430.56920340691613,1459.28,430.57,0.002098864300933201,0.0007965930838622626,0.0022449480829161736
185,23,1792.711047045491,556.0146165660565,1792.71,556.01,-0.001047045490849996,-0.004616566056483862,0.004733813094513583
185,24,1271.9277442476905,310.0665993758573,1271.93,310.07,0.0022557523095656506,0.0034006241426709494,0.004080767457455435
185,25,1442.4748615769367,366.0083398396184,1442.47,366.01,-0.004861576936718848,0.0016601603816184252,0.005137223258174795
185,26,1608.6009321050835,423.0327982864009,1608.6,423.03,-0.0009321050836206268,-0.0027982864009459263,0.002949445145892753
185,31,188.6025147345013,605.1057515435161,188.6,605.11,-0.0025147345013181166,0.004248456483878726,0.00493692942095903
186,17,1011.5016965611705,391.7588426536948,1011.5,391.76,-0.0016965611705472838,0.0011573463052059196,0.002053721080279054
186,18,1158.3020989241948,465.0173775027814,1158.3,465.02,-0.0020989241947972914,0.0026224972185673323,0.003359013908411046
186,19,1389.680830766816,576.0138042291211,1389.68,576.01,-0.0008307668158522574,-0.0038042291211013435,0.0038938840131874496
186,20,1668.5762538379277,706.3606636764243,1668.58,706.36,0.003746162072275183,-0.0006636764243239668,0.0038044969007684235
186,21,1444.9507822357705,500.0281525477013,1444.95,500.03,-0.0007822357704299066,0.0018474522986480224,0.0020062334849961835
186,22,1459.9584258517743,430.4269025551871,1459.96,430.43,0.0015741482256999006,0.003097444812908634,0.003474493776867178
186,23,1793.2832852841182,556.0109624245424,1793.28,556.01,-0.0032852841181920667,-0.0009624245424220135,0.00342335401866375
186,24,1272.1958081857679,310.049949531893,1272.2,310.05,0.004191814232171964,5.046810701969662e-05,0.004192118031122881
186,25,1442.8561461827026,365.75625487971377,1442.86,365.76,0.003853817297340356,0.003745120286225756,0.005373809981714967
186,26,1609.2006990788127,423.0245987148007,1609.2,423.02,-0.0006990788126586267,-0.00459871480069296,0.004651546947459596
186,31,188.951886050876,605.0793136576372,188.95,605.08,-0.0018860508760099037,0.0006863423628828969,0.0020070510073202934
187,17,1012.126272420878,391.5691319902711,1012.13,391.57,0.0037275791220281462,0.0008680097288902289,0.0038273080618664882
187,18,1158.726574193146,464.76303312708603,1158.73,464.76,0.003425806854011171,-0.0030331270860415316,0.0045755887622325395
187,19,1390.2606230751119,575.7603531718408,1390.26,575.76,-0.0006230751118891931,-0.00035317184085670306,0.0007162073332700824
187,20,1669.1821903784457,706.0204977573183,1669.18,706.02,-0.0021903784456753783,-0.0004977573182713968,0.0022462235158532237
187,21,1445.463086676828,499.771114410776,1445.46,499.77,-0.003086676827933843,-0.0011144107760401312,0.0032816893847313
187,22,1460.4688193888308,430.3201769163903,1460.47,430.32,0.0011806111692749255,-0.00017691639033046158,0.0011937931739561367
187,23,1793.9624639630886,555.7582218184068,1793.96,555.76,-0.002463963088530363,0.0017781815931812162,0.0030385924175460872
187,24,1272.6468561393258,309.78746214891976,1272.65,309.79,0.0031438606742995034,0.0025378510802624987,0.004040364840580174
187,25,1443.3921096370268,365.56719115978535,1443.39,365.57,-0.0021096370267059683,0.0028088402146408953,0.003512855211339162
187,26,1609.9005243091096,422.7684490361005,1609.9,422.77,-0.0005243091095508134,0.0015509638994899433,0.00163718937813529
187,31,189.46391453815698,604.8094852432279,189.46,604.81,-0.003914538156976732,0.0005147567720769075,0.003948238026870446
188,17,1012.5947043156584,391.1768489927033,1012.59,391.18,-0.004704315658386804,0.0031510072967080305,0.005662104979391545
188,18,1159.2949306448595,464.3222748453145,1159.29,464.32,-0.004930644859541644,-0.002274845314502727,0.005430117856533084
188,19,1390.695467306334,575.3202648788806,1390.7,575.32,0.004532693666078558,-0.00026487888055726216,0.004540426487883484
188,20,1669.6366427838343,705.5153733179886,1669.64,705.52,0.003357216165795762,0.004626682011348748,0.005716387567163243
188,21,1445.847315007621,499.328335808082,1445.85,499.33,0.0026849923788176966,0.0016641919179960496,0.003158911017143801
188,22,1460.8516145416231,429.99013268729277,1460.85,429.99,-0.0016145416232120624,-0.00013268729276205704,0.001619984743985191
188,23,1794.4718479723165,555.318666363805,1794.47,555.32,-0.0018479723164546158,0.001333636194999599,0.0022789443132721883
188,24,1273.2351421044943,309.5905966116898,1273.24,309.59,0.00485789550566551,-0.0005966116898434848,0.004894394166025358
188,25,1443.79408222777,365.175393369839,1443.79,365.18,-0.004082227770140889,0.004606630160992609,0.006155129974864564
188,26,1610.4253932318322,422.57633677707537,1610.43,422.58,0.0046067681678323424,0.0036632229246151837,0.005885704303444031
188,31,189.59793590361772,604.3571139324209,189.6,604.36,0.0020640963822700087,0.0028860675790838286,0.003548222082443393
189,17,1012.9460282367438,390.6326367445275,1012.95,390.63,0.0039717632562314975,-0.0026367445274786405,0.0047673184356343545
189,18,1159.7211979836447,463.9917061339859,1159.72,463.99,-0.0011979836447153502,-0.0017061339858628344,0.002084720122875413
189,19,1391.0216004797505,574.7401986591605,1391.02,574.74,-0.001600479750550221,-0.00019865916044636833,0.0016127618838348559
189,20,1669.9774820878756,705.1365299884915,1669.98,705.14,0.002517912124403665,0.0034700115085115613,0.004287290675405816
189,21,1446.135486255716,498.99625185606146,1446.14,499.0,0.004513744284167842,0.003748143938537396,0.0058670665964221415
189,22,1461.1387109062173,429.4925995154696,1461.14,429.49,0.0012890937828160531,-0.002599515469569269,0.0029015932618864657
189,23,1794.8538859792375,554.7389997728537,1794.85,554.74,-0.003885979237566062,0.001000227146278121,0.004012641147541876
189,24,1273.6763565783708,309.1929474587674,1273.68,309.19,0.003643421629249133,-0.00294745876738034,0.004686366860787538
189,25,1444.0955616708275,364.6315450273793,1444.1,364.63,0.004438329172444355,-0.0015450273792794178,0.0046995611971431565
189,26,1610.8190449238741,422.18225258280654,1610.82,422.18,0.0009550761258196871,-0.0022525828065340647,0.002446691583833898
189,31,190.19845192771328,604.0178354493157,190.2,604.02,0.001548072286709612,0.002164550684256028,0.0026611665617904427
190,17,1013.2095211775579,390.2244775583956,1009.3,388.3,-3.909521177557963,-1.9244775583956084,4.357518756189412
190,18,1160.0408984877336,463.4937796004894,1148.7,456.7,-11.340898487733512,-6.793779600489415,13.220114211651213
190,19,1391.266200359813,574.3051489943704,1375.7,568.2,-15.56620035981291,-6.1051489943703245,16.720629111528687
190,20,1670.2331115659067,704.6023974913686,1675.9,717.9,5.66688843409338,13.297602508631371,14.454752056054806
190,21,1446.6016146917868,498.4971888920461,1436.9,495.7,-9.701614691786745,-2.7971888920461083,10.096811047339578
190,22,1461.354033179663,428.8694496366022,1464.9,426.6,3.545966820337071,-2.2694496366021895,4.210021656001927
190,23,1795.1404144844282,554.3042498296403,1830.9,555.7,35.75958551557187,1.3957501703597472,35.78681425865617
190,24,1274.007267433778,308.64471059407555,1282.3,312.6,8.292732566221957,3.955289405924475,9.187694362542574
190,25,1444.3216712531207,364.2236587705345,1444.32,364.22,-0.001671253120775873,-0.0036587705344572896,0.004022398391198462
190,26,1611.1142836929057,421.6366894371049,1621.1,415.6,9.985716307094208,-6.036689437104883,11.668596724791755
190,31,190.64883894578497,603.5133765869869,200.8,582.3,10.151161054215038,-21.213376586986897,23.517087765493752
191,17,1013.4071408831685,389.6683581687967,1013.41,389.67,0.0028591168314733295,0.0016418312033010807,0.003296992380359282
191,18,1160.2806738658,462.87033470036704,1160.28,462.87,-0.0006738658000813302,-0.0003347003670342019,0.0007524090989694906
191,19,1391.4496502698598,573.7288617457777,1391.45,573.73,0.0003497301402148878,0.0011382542222690972,0.0011907702740193646
191,20,1670.42483367443,703.9517981185264,1670.42,703.95,-0.004833674429846724,-0.0017981185263806765,0.005157289862773612
191,21,1446.7012110188402,497.8728916690346,1446.7,497.87,-0.0012110188401948108,-0.0028916690345681673,0.0031350145831857278
191,22,1461.5155248847473,428.40208722745166,1461.52,428.4,0.0044751152527169324,-0.0020872274516818834,0.004937932255524997
191,23,1795.1053108633212,553.7281873722302,1795.11,553.73,0.00468913667873494,0.0018126277698229387,0.005027287760193425
191,24,1274.0054505753335,308.23353294555665,1274.01,308.23,0.004549424666492996,-0.0035329455566284196,0.005760118844450642
191,25,1444.4912534398404,363.66774407790086,1444.49,363.67,-0.0012534398404113745,0.0022559220991524853,0.002580754918812526
191,26,1611.0857127696793,420.9775170778287,1611.09,420.98,0.004287230320642266,0.0024829221713389416,0.00495431592968806
191,31,190.98662920933873,602.8850324402401,190.99,602.89,0.0033707906612789884,0.004967559759847973,0.006003239096506692
192,17,1013.8053556623763,389.00126862659755,1013.81,389.0,0.004644337623631145,-0.0012686265975503375,0.004814487034595476
192,18,1160.46050539935,462.1527510252753,1160.46,462.15,-0.0005053993500041543,-0.0027510252753017994,0.002797064276761255
192,19,1391.5872377023948,573.0466463093333,1391.59,573.05,0.002762297605158892,0.003353690666699549,0.004344827861650472
192,20,1670.3186252558226,703.2138485888948,1670.32,703.21,0.001374744177383036,-0.0038485888948116553,0.0040867539728390995
192,21,1446.77590826413,497.15466875177594,1446.78,497.15,0.004091735869906188,-0.004668751775966484,0.006208022678330609
192,22,1461.6366436635603,427.80156542058876,1461.64,427.8,0.003356336439765073,-0.0015654205887472017,0.0037034491918438036
192,23,1794.8289831474908,553.0461405291726,1794.83,553.05,0.001016852509110322,0.0038594708273649303,0.003991178283735882
192,24,1274.2540879315002,307.6751497091675,1274.25,307.68,-0.004087931500180275,0.004850290832507653,0.006343225134746042
192,25,1444.6184400798802,363.00080805842566,1444.62,363.0,0.0015599201196891954,-0.000808058425661784,0.0017567894578162048
192,26,1610.8142845772595,420.4831378083715,1610.81,420.48,-0.004284577259568323,-0.0031378083714912464,0.005310691449275748
192,31,192.23997190700405,601.9137743301801,192.24,601.91,2.8092995961515044e-05,-0.003774330180135621,0.003774434729215049
193,17,1014.1040167467822,388.5009514699482,1014.1,388.5,-0.0040167467822129765,-0.000951469948176964,0.004127898954032447
193,18,1160.8453790495125,461.61456326895643,1160.85,461.61,0.00462095048737865,-0.004563268956417232,0.006494351928822937
193,19,1391.690428276796,572.2849847319999,1391.69,572.28,-0.0004282767959011835,-0.0049847319999116735,0.005003096453682541
193,20,1669.988968941867,702.6603864416711,1669.99,702.66,0.0010310581330941204,-0.00038644167113943695,0.0011010985600810555
193,21,1446.8319311980977,496.61600156383196,1446.83,496.62,-0.0019311980977363419,0.003998436168046737,0.004440384880012626
193,22,1461.7274827476704,427.10117406544157,1461.73,427.1,0.0025172523296532745,-0.0011740654415461904,0.0027775868937222987
193,23,1794.6217373606182,552.5346053968794,1794.62,552.53,-0.001737360618335515,-0.004605396879469481,0.004922205027786876
193,24,1274.4405659486251,307.2563622818756,1274.44,307.26,-0.0005659486250806367,0.003637718124366529,0.003681479457850526
193,25,1444.7138300599102,362.50060604381923,1444.71,362.5,-0.003830059910114869,-0.0006060438192321271,0.0038777116996881783
193,26,1610.8607134329445,419.8623533562786,1610.86,419.86,-0.0007134329446216725,-0.002353356278604224,0.0024591202371005514
193,31,192.92997893025304,601.1853307476351,192.93,601.19,2.1069746964030855e-05,0.004669252364919885,0.004669299902720649
194,17,1014.3280125600867,387.87571360246113,1014.33,387.88,0.001987439913364142,0.0042863975388627296,0.0047247350476403785
194,18,1160.8840342871345,460.96092245171735,1160.88,460.96,-0.0040342871343455045,-0.0009224517173720415,0.0041384042641129555
194,19,1391.267821207597,571.4637385489999,1391.27,571.46,0.0021787924029013084,-0.0037385489998769117,0.0043271104630481895
194,20,1669.2417267064002,701.7452898312533,1669.24,701.75,-0.001726706400177136,0.0047101687466692965,0.0050166925971712574
194,21,1446.6239483985732,495.96200117287395,1446.62,495.96,-0.003948398573356826,-0.0020011728739746104,0.004426572507665273
194,22,1461.5456120607528,426.57588054908115,1461.55,426.58,0.004387939247180839,0.00411945091883581,0.006018628307982405
194,23,1793.9663030204638,551.9009540476595,1793.97,551.9,0.0036969795362438163,-0.0009540476595475411,0.0038180969903989716
194,24,1274.3304244614687,306.6922717114067,1274.33,306.69,-0.0004244614688104775,-0.002271711406706345,0.0023110258012113295
194,25,1444.5353725449327,361.8754545328644,1444.54,361.88,0.00462745506729334,0.004545467135585568,0.006486494575693969
194,26,1610.3955350747083,419.39676501720896,1610.4,419.4,0.004464925291813415,0.003234982791013863,0.005513680396942767
194,31,193.4474841976898,600.3889980607264,193.45,600.39,0.002515802310199433,0.0010019392735785004,0.002707977764300109
195,17,1014.246009420065,387.4067852018459,1014.25,387.41,0.003990579935020833,0.003214798154147047,0.00512441756589938
195,18,1160.6630257153508,460.470691838788,1160.66,460.47,-0.0030257153507591283,-0.0006918387879863985,0.003103803198075214
195,19,1390.9508659056978,570.8478039117499,1390.95,570.85,-0.0008659056977649016,0.0021960882501161905,0.002360634719671833
195,20,1668.6812950298001,701.05896737344,1668.68,701.06,-0.0012950298000760085,0.0010326265598905593,0.0016563272005483448
195,21,1446.2179612989298,495.4715008796555,1446.22,495.47,0.0020387010702052066,-0.001500879655452536,0.002531588788450284
195,22,1461.1592090455647,425.93191041181086,1461.16,425.93,0.0007909544353879028,-0.0019104118108543844,0.002067675556249511
195,23,1793.2247272653478,551.1757155357446,1793.22,551.18,-0.004727265347810317,0.004284464255306375,0.006379942916955151
195,24,1274.2478183461017,306.26920378355504,1274.25,306.27,0.0021816538983330247,0.0007962164449395459,0.0023224070184409648
195,25,1444.4015294086994,361.40659089964834,1444.4,361.41,-0.0015294086992980738,0.003409100351689176,0.0037364496754774966
195,26,1610.0466513060312,418.7975737629067,1610.05,418.8,0.0033486939687463746,0.002426237093288819,0.004135260297631688
195,31,194.33561314826733,599.5417485455448,194.34,599.54,0.004386851732675723,-0.0017485455448422726,0.00472248659573193
196,17,1014.1845070650487,387.0550889013844,1014.18,387.06,-0.004507065048755976,0.004911098615593801,0.006665772645823217
196,18,1160.497269286513,459.853018879091,1160.5,459.85,0.0027307134869261063,-0.0030188790909733143,0.00407067894995368
196,19,1390.7131494292735,570.1358529338124,1390.71,570.14,-0.0031494292734350893,0.004147066187556447,0.005207404604248055
196,20,1668.2609712723502,700.29422553008,1668.26,700.29,-0.0009712723501706932,-0.00422553008002069,0.004335720751543595
196,21,1445.9134709741975,494.8536256597416,1445.91,494.85,-0.003470974197398391,-0.003625659741601339,0.005019269911139876
196,22,1460.6194067841734,425.44893280885816,1460.62,425.45,0.0005932158264840837,0.0010671911418285163,0.0012209840088995623
196,23,1792.418545449011,550.3817866518085,1792.42,550.38,0.001454550989137715,-0.0017866518085156713,0.0023038757051702732
196,24,1273.6858637595763,305.9519028376663,1273.69,305.95,0.004136240423804338,-0.0019028376663072777,0.0045529414698446125
196,25,1443.8011470565245,361.05494317473625,1443.8,361.05,-0.0011470565245872422,-0.004943174736240508,0.005074516247250035
196,26,1609.2849884795235,418.34818032218004,1609.28,418.35,-0.004988479523490241,0.001819677819980825,0.005310005209490061
196,31,195.00170986120048,598.9063114091587,195.0,598.91,-0.001709861200481555,0.0036885908413069046,0.004065627592326356
197,17,1014.1383802987865,386.5413166760383,1014.14,386.54,0.001619701213485314,-0.001316676038300102,0.002087359051720487
197,18,1160.3729519648848,459.38976415931825,1160.37,459.39,-0.0029519648849145597,0.00023584068173931882,0.002961370883380178
197,19,1390.284862071955,569.6018897003594,1390.28,569.6,-0.004862071955130887,-0.0018897003593565387,0.0052163887072401455
197,20,1667.6957284542627,699.47066914756,1667.7,699.47,0.004271545737310589,-0.0006691475599609475,0.004323639837328955
197,21,1445.435103230648,494.3902192448062,1445.44,494.39,0.0048967693519443856,-0.00021924480620327813,0.004901675057690886
197,22,1460.21455508813,424.8366996066436,1460.21,424.84,-0.004555088130018703,0.0033003933563691135,0.005625071037685005
197,23,1791.5639090867583,549.7863399888564,1791.56,549.79,-0.0039090867583126965,0.0036600111435518556,0.005355057502486732
197,24,1273.2643978196822,305.46392712824974,1273.26,305.46,-0.004397819682253612,-0.003927128249756606,0.005896028684432739
197,25,1443.3508602923935,360.5412073810522,1443.35,360.54,-0.0008602923935541185,-0.0012073810521542327,0.0014825221777457955
197,26,1608.7137413596427,417.76113524163503,1608.71,417.76,-0.003741359642617681,-0.0011352416350405292,0.003909801215578331
197,31,195.00128239590038,598.429733556869,195.0,598.43,-0.001282395900375377,0.0002664431309540305,0.0013097828779351792
198,17,1014.1037852240898,386.1559875070287,1014.1,386.16,-0.0037852240898246237,0.004012492971298798,0.005516160009908243
198,18,1160.0297139736635,459.0423231194887,1160.03,459.04,0.00028602633642549335,-0.0023231194886648154,0.002340661279156654
198,19,1389.7136465539663,568.9514172752695,1389.71,568.95,-0.0036465539662913216,-0.0014172752694321389,0.003912291530346238
198,20,1666.7717963406972,698.60300186067,1666.77,698.6,-0.001796340697183041,-0.0030018606699968586,0.0034982863494045255
198,21,1445.0763274229862,493.7926644336046,1445.08,493.79,0.0036725770137309155,-0.0026644336045933414,0.004537293064710605
198,22,1459.9109163160974,424.3775247049827,1459.91,424.38,-0.0009163160973457707,0.002475295017291046,0.0026394546051941984
198,23,1790.6729318150688,549.3397549916423,1790.67,549.34,-0.002931815068677679,0.0002450083577514306,0.0029420347877436043
198,24,1273.1982983647617,305.3479453461873,1273.2,305.35,0.0017016352383052435,0.0020546538127064196,0.002667801487050933
198,25,1443.013145219295,360.15590553578915,1443.01,360.16,-0.003145219294992785,0.004094464210879778,0.005163045766577154
198,26,1608.285306019732,417.5708514312263,1608.29,417.57,0.004693980268029918,-0.0008514312262946078,0.004770575006198284
198,31,194.50096179692528,597.8223001676517,194.5,597.82,-0.0009617969252815328,-0.0023001676516969383,0.00249315554095488
199,17,1013.8278389180674,385.8669906302715,1013.83,385.87,0.0021610819326269848,0.003009369728488309,0.0037049401185806747
199,18,1159.7722854802478,458.7817423396165,1159.77,458.78,-0.002285480247792293,-0.001742339616555455,0.0028738767027253155
199,19,1389.2852349154748,568.463562956452,1389.29,568.46,0.004765084525161001,-0.003562956452014987,0.005949847830901566
199,20,1666.0788472555228,697.9522513955026,1666.08,697.95,0.001152744477167289,-0.0022513955025260657,0.00252934804612459
199,21,1444.5572455672395,493.34449832520346,1444.56,493.34,0.0027544327604118735,-0.004498325203485365,0.0052746402216588975
199,22,1459.433187237073,424.283143528737,1459.43,424.28,-0.0031872370730070543,-0.003143528737041379,0.004476634123999363
199,23,1790.0046988613017,549.0048162437317,1790.0,549.0,-0.004698861301676516,-0.004816243731738723,0.006728707247005598
199,24,1272.8987237735714,305.2609590096405,1272.9,305.26,0.0012762264286720892,-0.0009590096404963333,0.0015963876057543235
199,25,1442.5098589144714,360.1169291518419,1442.51,360.12,0.00014108552863945079,0.0030708481581314118,0.0030740874315299746
199,26,1607.713979514799,417.4281385734197,1607.71,417.43,-0.003979514798857053,0.001861426580319403,0.004393341205533879
199,31,194.62572134769397,597.3667251257389,194.63,597.37,0.0042786523060271975,0.0032748742611374837,0.0053881042104002245
200,17,1013.6208791885506,385.6502429727036,1013.62,385.65,-0.0008791885505843311,-0.00024297270363149437,0.0009121448581166124
200,18,1159.5792141101858,458.5863067547124,1159.58,458.59,0.000785889814096663,0.003693245287593072,0.0037759347921050386
200,19,1388.7139261866062,568.0976722173391,1388.71,568.1,-0.003926186606122428,0.002327782660927369,0.004564374369243747
200,20,1665.309135441642,697.4641885466269,1665.31,697.46,0.0008645583579891536,-0.0041885466268922755,0.00427684276073128
200,21,1443.9179341754298,493.0083737439026,1443.92,493.01,0.002065824570308905,0.0016262560973814288,0.0026291329463460473
200,22,1458.8248904278048,424.21235764655273,1458.82,424.21,-0.004890427804866704,-0.0023576465527526125,0.005429068187296936
200,23,1789.0035241459764,548.7536121827989,1789.0,548.75,-0.0035241459763710736,-0.0036121827988608857,0.005046530435374277
200,24,1272.6740428301787,305.1957192572304,1272.67,305.2,-0.004042830178605072,0.004280742769594781,0.00588805863697687
200,25,1442.1323941858536,360.08769686388143,1442.13,360.09,-0.002394185853518138,0.0023031361185417154,0.0033221321288771422
200,26,1607.0354846360992,417.32110393006474,1607.04,417.32,0.004515363900736702,-0.0011039300647439632,0.004648351615779703
200,31,194.96929101077046,597.0250438443042,194.97,597.03,0.0007089892295368827,0.004956155695822417,0.005006610131499385
201,17,1013.7156593914129,385.4876822295277,1013.72,385.49,0.004340608587085626,0.002317770472302527,0.004920664880741114
201,18,1159.4344105826394,458.43973006603426,1159.43,458.44,-0.004410582639366112,0.0002699339657397104,0.004418835091349042
201,19,1388.2854446399547,567.8232541630043,1388.29,567.82,0.004555360045287671,-0.003254163004271504,0.005598292775531897
201,20,1664.4818515812315,697.0981414099701,1664.48,697.1,-0.0018515812314490177,0.0018585900298830893,0.002623491939350126
201,21,1443.4384506315723,492.75628030792694,1443.44,492.76,0.0015493684277316788,0.0037196920730480088,0.00402947287410499
201,22,1458.3686678208537,423.9092682349145,1458.37,423.91,0.0013321791461748944,0.0007317650855043212,0.0015199280962816687
201,23,1788.0026431094823,548.3152091370991,1788.0,548.32,-0.0026431094822783052,0.004790862900904358,0.0054715989500849944
201,24,1272.2555321226341,305.1467894429228,1272.26,305.15,0.004467877365868844,0.0032105570771818748,0.005501781975168204
201,25,1441.5992956393902,359.8157726479111,1441.6,359.82,0.0007043606096885924,0.004227352088889802,0.0042856305897641086
201,26,1606.2766134770745,416.99082794754855,1606.28,416.99,0.0033865229254388396,-0.0008279475485437615,0.003486263711720968
201,31,195.72696825807785,596.7687828832281,195.73,596.77,0.003031741922143283,0.001217116771840665,0.0032669301061970836
202,17,1013.7867445435597,385.36576167214577,1013.79,385.37,0.0032554564402289543,0.0042383278542388325,0.005344288505895328
202,18,1159.3258079369796,458.32979754952567,1159.33,458.33,0.004192063020354908,0.00020245047431899366,0.004196948720341851
202,19,1387.9640834799661,567.3674406222533,1387.96,567.37,-0.004083479966084269,0.0025593777467065593,0.004819255449107085
202,20,1663.8613886859237,696.5736060574776,1663.86,696.57,-0.0013886859237572935,-0.003606057477554714,0.0038642074383073576
202,21,1443.0788379736791,492.5672102309452,1443.08,492.57,0.0011620263207987591,0.0027897690548002174,0.0030221046555918606
202,22,1458.0265008656402,423.68195117618586,1458.03,423.68,0.0034991343597994273,-0.0019511761858552745,0.0040063736441048135
202,23,1787.2519823321118,547.9864068528243,1787.25,547.99,-0.0019823321117655723,0.00359314717570669,0.00410369921261609
202,24,1272.1916490919757,305.11009208219207,1272.19,305.11,-0.0016490919756506628,-9.208219205447676e-05,0.0016516608230048213
202,25,1441.1994717295427,359.6118294859333,1441.2,359.61,0.0005282704573801311,-0.0018294859332854685,0.001904229097621926
202,26,1605.707460107806,416.74312096066143,1605.71,416.74,0.002539892194135973,-0.0031209606614197583,0.004023859814650916
202,31,197.2952261935584,596.3265871624211,197.3,596.33,0.004773806441619399,0.0034128375789350684,0.005868278136066682
203,17,1013.8400584076699,385.27432125410934,1013.84,385.27,-5.840766982601053e-05,-0.004321254109356687,0.004321648821170753
203,18,1159.2443559527346,457.99734816214425,1159.24,458.0,-0.004355952734613311,0.0026518378557511824,0.005099663541781968
203,19,1387.4730626099745,567.0255804666899,1387.47,567.03,-0.003062609974449515,0.004419533310056067,0.005376974477742366
203,20,1663.1460415144427,696.1802045431082,1663.15,696.18,0.003958485557404856,-0.00020454310822515254,0.0039637666166545725
203,21,1442.8091284802595,492.4254076732089,1442.81,492.43,0.0008715197404853825,0.0045923267911121,0.004674292675306251
203,22,1457.51987564923,423.51146338213937,1457.52,423.51,0.00012435076996553107,-0.001463382139377245,0.0014686559841703376
203,23,1786.4389867490838,547.7398051396183,1786.44,547.74,0.0010132509162303904,0.00019486038172544795,0.0010318178073710073
203,24,1272.1437368189818,305.08256906164405,1272.14,305.08,-0.00373681898167888,-0.0025690616440670055,0.004534742973185122
203,25,1440.899603797157,359.45887211444995,1440.9,359.46,0.0003962028431487852,0.001127885550033625,0.0011954507546920675
203,26,1605.2805950808545,416.5573407204961,1605.28,416.56,-0.0005950808545094333,0.002659279503916423,0.00272504838550688
203,31,198.2214196451688,595.9949403718158,198.22,595.99,-0.001419645168795114,-0.0049403718157918775,0.0051402982485021275
204,17,1013.8800438057524,385.205740940582,1013.88,385.21,-4.380575239792961e-05,0.004259059417961453,0.004259284689906193
204,18,1159.183266964551,457.7480111216082,1159.18,457.75,-0.0032669645509031398,0.001988878391784965,0.0038247476562731433
204,19,1387.1047969574809,566.7691853500174,1387.1,566.77,-0.004796957480948549,0.0008146499825443243,0.004865640314294484
204,20,1662.359531135832,695.6351534073311,1662.36,695.64,0.00046886416794222896,0.00484659266885501,0.004869219044752381
204,21,1442.3568463601946,492.0690557549067,1442.36,492.07,0.0031536398053049197,0.0009442450933079272,0.003291966405940338
204,22,1457.1399067369225,423.3835975366045,1457.14,423.38,9.326307758783514e-05,-0.0035975366045022383,0.0035987452844532704
204,23,1785.829240061813,547.3048538547137,1785.83,547.3,0.0007599381870022626,-0.0048538547137013666,0.004912983984279336
204,24,1271.8578026142363,304.811926796233,1271.86,304.81,0.0021973857635657623,-0.0019267962330218324,0.002922507128735294
204,25,1440.6747028478676,359.34415408583743,1440.67,359.34,-0.004702847867520177,-0.004154085837456023,0.0062748073444522405
204,26,1604.710446310641,416.41800554037206,1604.71,416.42,-0.00044631064088207495,0.001994459627951528,0.002043786289144028
204,31,199.1660647338766,595.7462052788619,199.17,595.75,0.003935266123392012,0.0037947211380924273,0.005466829792283849
205,17,1013.6600328543143,384.9043057054365,1013.66,384.9,-3.2854314326868916e-05,-0.0043057054365363,0.00430583078071911
205,18,1158.8874502234132,457.31100834120616,1158.89,457.31,0.002549776586874941,-0.0010083412061590025,0.0027419176922391045
205,19,1386.8285977181106,566.3268890125131,1386.83,566.33,0.001402281889340884,0.003110987486934391,0.0034124240124925563
205,20,1661.769648351874,694.9763650554984,1661.77,694.98,0.00035164812607035856,0.0036349445016412574,0.0036519142835752328
205,21,1442.0176347701458,491.80179181618,1442.02,491.8,0.00236522985414922,-0.00179181618000257,0.002967308121155898
205,22,1456.604930052692,423.03769815245334,1456.6,423.04,-0.004930052692088793,0.002301847546675617,0.005440948600649386
205,23,1784.8719300463597,546.9786403910352,1784.87,546.98,-0.0019300463598028728,0.001359608964776271,0.002360850585718699
205,24,1271.3933519606771,304.6089450971748,1271.39,304.61,-0.0033519606770369137,0.001054902825217141,0.003514037613778895
205,25,1440.0060271359007,359.00811556437804,1440.01,359.01,0.003972864099296203,0.0018844356219460678,0.004397129377757254
205,26,1604.0328347329807,416.063504155279,1604.03,416.06,-0.0028347329807729693,-0.0035041552790175956,0.004507195945568474
205,31,199.62454855040744,595.5596539591464,199.62,595.56,-0.004548550407434959,0.0003460408535147508,0.0045616943213325845
206,17,1012.9950246407357,384.4282292790774,1010.7,384.4,-2.295024640735619,-0.02822927907743633,2.29519824716317
206,18,1158.41558766756,456.9832562559046,1146.1,450.5,-12.315587667560067,-6.483256255904621,13.917841473342193
206,19,1386.121448288583,565.7451667593848,1365.7,561.9,-20.42144828858295,-3.845166759384824,20.780299747856034
206,20,1660.8272362639054,694.4822737916238,1664.5,707.5,3.6727637360945664,13.017726208376189,13.525915462452648
206,21,1441.0132260776095,491.351343862135,1429.7,489.3,-11.313226077609443,-2.0513438621350133,11.49769959269337
206,22,1455.703697539519,422.52827361434004,1456.7,422.3,0.9963024604810471,-0.2282736143400257,1.022119090793459
206,23,1783.6539475347697,546.4839802932764,1814.2,549.5,30.546052465230332,3.0160197067235686,30.694587406902034
206,24,1270.5450139705079,304.20670882288107,1278.0,309.1,7.454986029492147,4.893291177118954,8.917461255536427
206,25,1439.0045203519255,358.50608667328356,1444.6,360.2,5.595479648074388,1.6939133267164266,5.846258192249311
206,26,1603.0246260497356,415.54762811645924,1612.7,412.2,9.67537395026443,-3.347628116459248,10.238138262573132
206,31,200.21841141280558,594.9197404693598,209.5,573.4,9.28158858719442,-21.519740469359817,23.43602177355492
207,17,1012.7462684805517,384.07117195930806,1012.75,384.07,0.0037315194482516745,-0.0011719593080670165,0.003911230754180249
207,18,1158.06169075067,456.4874421919285,1158.06,456.49,-0.0016907506701500097,0.0025578080715149554,0.0030661082758636823
207,19,1385.5910862164374,565.3088750695385,1385.59,565.31,-0.0010862164374429994,0.0011249304614011635,0.0015637565961362388
207,20,1659.870427197929,693.8617053437179,1659.87,693.86,-0.00042719792918433086,-0.0017053437178446984,0.0017580373337024897
207,21,1440.259919558207,491.01350789660125,1440.26,491.01,8.044179298849485e-05,-0.0035078966012633828,0.0035088188108271415
207,22,1455.0277731546394,422.14620521075506,1455.03,422.15,0.002226845360610241,0.0037947892449210485,0.004399916553008683
207,23,1782.7404606510772,546.1129852199573,1782.74,546.11,-0.0004606510772191541,-0.0029852199572815152,0.0030205525336095412
207,24,1270.1587604778808,303.65503161716083,1270.16,303.66,0.001239522119249159,0.004968382839194874,0.005120668229920197
207,25,1438.503390263944,358.12956500496267,1438.5,358.13,-0.0033902639440839266,0.0004349950373239153,0.0034180565081712642
207,26,1602.2684695373018,415.1607210873444,1602.27,415.16,0.0015304626981560432,-0.0007210873444023491,0.0016918283094641453
207,31,200.91380855960418,594.4398053520199,200.91,594.44,-0.0038085596041810277,0.0001946479801517853,0.003813530397777985
208,17,1012.3097013604138,383.55337896948106,1011.0,383.5,-1.3097013604137828,-0.05337896948105936,1.3107886816159855
208,18,1157.5462680630026,456.11558164394637,1144.3,451.3,-13.246268063002617,-4.815581643946359,14.094447281338713
208,19,1384.943314662328,564.7316563021539,1368.8,559.2,-16.143314662328066,-5.531656302153806,17.064754019091346
208,20,1659.1528203984467,693.3962790077884,1662.8,706.7,3.647179601553262,13.303720992211652,13.794597177322693
208,21,1439.6949396686553,490.5101309224509,1432.0,488.5,-7.694939668655252,-2.0101309224509123,7.953158041283824
208,22,1454.2708298659795,421.6096539080663,1456.6,421.4,2.329170134020387,-0.20965390806634332,2.338586811384183
208,23,1781.805345488308,545.5847389149679,1810.5,546.1,28.69465451169208,0.5152610850320798,28.699280331240345
208,24,1269.3690703584107,303.2412737128706,1277.8,309.0,8.430929641589273,5.758726287129377,10.2099707674167
208,25,1437.627542697958,357.847173753722,1445.0,359.0,7.372457302041994,1.1528262462779821,7.46204630276037
208,26,1601.4513521529764,414.8705408155083,1612.9,412.2,11.448647847023722,-2.670540815508332,11.75599105870946
208,31,202.18535641970314,594.0798540140149,211.1,575.9,8.914643580296854,-18.17985401401495,20.247912537706778
209,17,1012.2322760203103,383.1650342271108,1012.23,383.17,-0.002276020310318927,0.0049657728891929764,0.005462524035647644
209,18,1157.409701047252,455.5866862329598,1157.41,455.59,0.0002989527481531695,0.0033137670401970354,0.0033272247808533396
209,19,1384.457485996746,564.2987422266153,1384.46,564.3,0.0025140032539638923,0.0012577733846228512,0.0028110863110204676
209,20,1658.114615298835,692.7972092558413,1658.11,692.8,-0.004615298835005888,0.0027907441586876303,0.005393443825206287
209,21,1439.2712047514915,490.13259819183816,1439.27,490.13,-0.001204751491513889,-0.0025981918381603464,0.0028639181175773827
209,22,1453.9531223994845,421.20724043104974,1453.95,421.21,-0.00312239948448223,0.0027595689502390996,0.004167085232127923
209,23,1780.8540091162308,545.1885541862259,1780.85,545.19,-0.004009116230918153,0.0014458137741257815,0.004261852932993255
209,24,1269.276802768808,302.93095528465295,1269.28,302.93,0.0031972311919616914,-0.0009552846529459202,0.003336893175246517
209,25,1437.4706570234684,357.3853803152915,1437.47,357.39,-0.0006570234684204479,0.00461968470847296,0.0046661725904379205
209,26,1600.8385141147323,414.40290561163124,1600.84,414.4,0.0014858852675843082,-0.0029056116312631275,0.0032635002650766957
209,31,202.88901731477736,593.5598905105112,202.89,593.56,0.0009826852226240135,0.0001094894887501141,0.0009887659960326146
210,17,1012.1742070152327,382.8737756703331,1012.17,382.87,-0.0042070152327369215,-0.0037756703330842356,0.005652845622570363
210,18,1157.3072757854388,455.1900146747198,1157.31,455.19,0.0027242145611126034,-1.467471980731716e-05,0.0027242540855029213
210,19,1384.0931144975596,563.7240566699616,1384.09,563.72,-0.00311449755963622,-0.004056669961528314,0.005114358828411055
210,20,1657.3359614741262,692.347906941881,1657.34,692.35,0.004038525873738763,0.0020930581190441444,0.004548690308490352
210,21,1438.7034035636186,489.59944864387865,1438.7,489.6,-0.0034035636185762996,0.0005513561213774665,0.0034479325512945577
210,22,1453.4648417996134,420.9054303232873,1453.46,420.91,-0.004841799613359399,0.0045696767127196836,0.006657699959798413
210,23,1779.8905068371732,544.6414156396695,1779.89,544.64,-0.0005068371731340449,-0.001415639669517077,0.0015036354591392584
210,24,1268.957602076606,302.6982164634897,1268.96,302.7,0.002397923394028112,0.001783536510288286,0.002988484413069377
210,25,1436.8529927676013,357.03903523646864,1436.85,357.04,-0.002992767601426749,0.0009647635313854153,0.0031444278633228134
210,26,1600.1288855860494,414.05217920872343,1600.13,414.05,0.0011144139507450745,-0.002179208723418924,0.002447625198808098
210,31,203.91676298608303,593.1699178828834,203.92,593.17,0.003237013916958631,8.211711656258558e-05,0.0032380553298880506
211,17,1011.8806552614245,382.6553317527498,1011.88,382.66,-0.0006552614245265431,0.004668247250208424,0.004714011022849974
211,18,1156.9804568390791,454.89251100603985,1156.98,454.89,-0.0004568390791064303,-0.002511006039867425,0.0025522251617852015
211,19,1383.5698358731697,563.2930425024712,1383.57,563.29,0.00016412683021371777,-0.003042502471203079,0.003046926140173543
211,20,1656.7519711055947,691.7609302064108,1656.75,691.76,-0.0019711055947482237,-0.0009302064107714614,0.002179573635436085
211,21,1438.277552672714,489.199586482909,1438.28,489.2,0.002447327286063228,0.00041351709097625644,0.002482016766591046
211,22,1452.84863134971,420.67907274246545,1452.85,420.68,0.0013686502898053732,0.0009272575345562473,0.0016531818264110159
211,23,1779.16788012788,544.2310617297521,1779.17,544.23,0.0021198721201471926,-0.001061729752109386,0.002370891788397693
211,24,1268.4682015574544,302.5236623476173,1268.47,302.52,0.0017984425455779274,-0.0036623476173076597,0.004080096280695335
211,25,1436.3897445757011,356.7792764273515,1436.39,356.78,0.0002554242989845079,0.0007235726484964289,0.000767332359648584
211,26,1599.346664189537,413.7891344065426,1599.35,413.79,0.003335810462886002,0.0008655934574335333,0.0034462854608768934
211,31,204.93757223956226,592.6274384121625,204.94,592.63,0.0024277604377402895,0.002561587837476509,0.0035292708867646445
212,17,1011.6604914460684,382.49149881456236,1010.7,384.1,-0.9604914460683176,1.6085011854376603,1.8734513288379728
212,18,1156.7353426293093,454.66938325452986,1145.1,450.8,-11.635342629309434,-3.8693832545298505,12.261864657215124
212,19,1383.1773769048773,562.9697818768534,1366.4,559.1,-16.7773769048772,-3.8697818768533807,17.217885688513842
212,20,1656.063978329196,691.3206976548081,1661.8,705.4,5.736021670803893,14.079302345191877,15.202917454727476
212,21,1437.7081645045355,488.89968986218173,1427.6,488.1,-10.10816450453558,-0.7996898621817081,10.139748198374022
212,22,1452.3864735122825,420.5093045568491,1452.39,420.51,0.0035264877176359732,0.0006954431509029746,0.003594406320767761
212,23,1778.37591009591,543.9232962973141,1808.3,546.1,29.924089904089897,2.176703702685927,30.003153094255634
212,24,1268.1011511680908,302.39274676071295,1276.4,308.9,8.298848831909254,6.507253239287024,10.54586348551379
212,25,1435.7923084317758,356.5844573205136,1440.0,358.7,4.207691568224163,2.1155426794863956,4.709584818434975
212,26,1598.7599981421527,413.5918508049069,1607.5,410.2,8.740001857847346,-3.3918508049069374,9.375088498671515
212,31,205.45317917967168,592.4705788091219,214.1,569.5,8.646820820328315,-22.97057880912189,24.54414392731885
213,17,1011.4953685845512,382.36862411092176,1011.5,382.37,0.004631415448784537,0.001375889078246928,0.0048314676667529565
213,18,1156.301506971982,454.5020374408974,1156.3,454.5,-0.0015069719820530736,-0.002037440897424858,0.002534192172111732
213,19,1382.6330326786579,562.72733640764,1382.63,562.73,-0.003032678657746146,0.0026635923600224487,0.004036318136807222
213,20,1655.297983746897,690.9905232411061,1655.3,690.99,0.002016253102965493,-0.0005232411060660525,0.0020830405253607536
213,21,1437.0311233784016,488.6747673966363,1437.03,488.67,-0.001123378401644004,-0.004767396636282228,0.004897963834177968
213,22,1451.7898551342118,420.3819784176368,1451.79,420.38,0.00014486578811556683,-0.0019784176367920736,0.0019837143045651202
213,23,1777.5319325719324,543.6924722229855,1777.53,543.69,-0.0019325719324569945,-0.00247222298548877,0.0031379484960877817
213,24,1267.5758633760681,302.2945600705347,1267.58,302.29,0.004136623931799477,-0.004560070534694205,0.006156776821886794
213,25,1435.094231323832,356.4383429903852,1435.09,356.44,-0.004231323832073031,0.0016570096148029734,0.004544203146363364
213,26,1598.0699986066145,413.4438881036802,1598.07,413.44,1.3933854461356532e-06,-0.003888103680196764,0.003888103929871554
213,31,205.83988438475376,592.1029341068414,205.84,592.1,0.00011561524624426056,-0.0029341068413941684,0.0029363838035720373
214,17,1011.3715264384134,382.27646808319133,1011.37,382.28,-0.0015264384134070497,0.0035319168086402897,0.0038476552045473666
214,18,1155.9761302289864,454.3765280806731,1155.98,454.38,0.003869771013569334,0.0034719193268983872,0.0051989760059026995
214,19,1381.9747745089935,562.54550230573,1381.97,562.55,-0.004774508993477866,0.004497694269957719,0.0065593589530388964
214,20,1654.4734878101726,690.4928924308296,1654.47,690.49,-0.0034878101726008026,-0.0028924308295472656,0.004531111994181243
214,21,1436.5233425338013,488.5060755474772,1436.52,488.51,-0.0033425338012875727,0.003924452522767297,0.005154983978268463
214,22,1451.092391350659,420.2864838132276,1451.09,420.29,-0.0023913506590815814,0.0035161867724013973,0.004252308478121087
214,23,1776.6489494289494,543.5193541672392,1776.65,543.52,0.0010505710506549804,0.0006458327608243053,0.0012332069929368117
214,24,1267.1818975320512,302.220920052901,1267.18,302.22,-0.0018975320510890015,-0.0009200529009945058,0.0021088208139949773
214,25,1434.570673492874,356.5787572427889,1434.57,356.58,-0.0006734928740570467,0.0012427572110595975,0.0014135197688912066
214,26,1597.3024989549608,413.33291607776016,1597.3,413.33,-0.002498954960856281,-0.0029160777601759946,0.003840349645511625
214,31,206.12991328856532,591.827200580131,206.13,591.83,8.671143467609e-05,0.0027994198690066696,0.0028007624811634607
215,17,1011.02864482881,382.2073510623935,1011.03,382.21,0.0013551711899708607,0.0026489376064660064,0.0029754595270439985
215,18,1155.73209767174,454.2823960605048,1155.73,454.28,-0.0020976717398752953,-0.002396060504850084,0.003184545912869508
215,19,1381.4810808817451,562.4091267292974,1381.48,562.41,-0.0010808817451106734,0.0008732707025274067,0.0013895708210833319
215,20,1653.8551158576295,690.1196693231221,1653.86,690.12,0.00488414237042889,0.00033067687786569877,0.004895323675935407
215,21,1435.892506900351,488.37955666060793,1435.89,488.38,-0.002506900350908836,0.00044333939206353534,0.002545800303625976
215,22,1450.5692935129941,420.2148628599207,1450.57,420.21,0.000706487005800227,-0.004862859920706342,0.004913911934271579
215,23,1775.9867120717122,543.3895156254293,1775.99,543.39,0.0032879282878184313,0.0004843745706466507,0.003323415584985689
215,24,1266.8864231490384,302.4156900396758,1266.89,302.42,0.003576850961735545,0.004309960324235362,0.0056008589340342686
215,25,1433.9280051196556,356.6840679320917,1433.93,356.68,0.0019948803444549412,-0.004067932091686544,0.004530741560855786
215,26,1596.7268742162205,413.2496870583201,1596.73,413.25,0.003125783779523772,0.00031294167990836286,0.003141409990968671
215,31,206.34743496642398,591.6204004350983,206.35,591.62,0.0025650335760190046,-0.00040043509829956747,0.002596101984525074
216,17,1011.0214836216076,382.1555132967951,1011.02,382.16,-0.0014836216075764241,0.004486703204918285,0.00472563633000802
216,18,1155.5490732538049,454.2117970453786,1155.55,454.21,0.0009267461950912548,-0.001797045378623352,0.0020219373390260305
216,19,1381.3608106613087,562.3068450469731,1381.36,562.31,-0.000810661308833005,0.0031549530268648596,0.0032574376984621793
216,20,1653.3913368932222,689.8397519923416,1653.39,689.84,-0.0013368932220600982,0.0002480076584561175,0.0013597026461116847
216,21,1435.6693801752633,488.28466749545595,1435.67,488.28,0.0006198247367592558,-0.004667495455976223,0.004708470721567393
216,22,1450.1769701347457,420.1611471449405,1450.18,420.16,0.0030298652543478966,-0.0011471449404893974,0.0032397569313136853
216,23,1775.2400340537843,543.042136719072,1775.24,543.04,-3.405378424758965e-05,-0.00213671907204116,0.0021369904195026276
216,24,1266.6648173617787,302.3117675297568,1266.66,302.31,-0.004817361778577833,-0.0017675297568189308,0.005131387331603703
216,25,1433.6960038397417,356.51305094906877,1433.7,356.51,0.003996160258338932,-0.0030509490687791185,0.00502768207334271
216,26,1596.2951556621654,413.1872652937401,1596.3,413.19,0.004844337834583712,0.0027347062599005767,0.005562933343436591
216,31,206.76057622481798,591.4653003263237,206.76,591.47,-0.0005762248179905782,0.00469967367632762,0.004734867232017709
217,17,1011.2661127162057,382.11663497259633,1010.0,382.1,-1.2661127162057255,-0.016634972596307307,1.2662219917736068
217,18,1155.6618049403537,454.1588477840339,1145.0,450.0,-10.661804940353704,-4.158847784033924,11.444216857300221
217,19,1381.2706079959817,561.9801337852298,1365.4,559.1,-15.870607995981572,-2.8801337852297593,16.129828541647186
217,20,1653.2935026699165,689.6298139942562,1659.8,703.7,6.506497330083448,14.070186005743835,15.501762536647654
217,21,1435.7520351314474,488.21350062159195,1428.9,487.4,-6.852035131447337,-0.8135006215919702,6.900157150668313
217,22,1450.1327276010593,420.1208603587054,1453.5,419.4,3.367272398940713,-0.7208603587054085,3.4435683622400814
217,23,1774.9300255403382,542.781602539304,1806.0,544.9,31.069974459661807,2.1183974606959737,31.14210848233498
217,24,1266.748613021334,302.23382564731764,1275.8,308.1,9.05138697866596,5.866174352682378,10.786083986954312
217,25,1433.5220028798062,356.3847882118016,1440.6,359.3,7.077997120193686,2.9152117881984054,7.654835269522203
217,26,1595.971366746624,413.1404489703051,1606.4,410.5,10.42863325337612,-2.6404489703051013,10.757711759394162
217,31,207.82043216861348,591.0989752447427,217.1,570.8,9.279567831386515,-20.298975244742792,22.319470762631987
218,17,1011.9495845371544,382.08747622944725,1011.95,382.09,0.000415462845694492,0.0025237705527274557,0.002557738684652287
218,18,1156.2463537052654,454.11913583802544,1156.25,454.12,0.003646294734608091,0.000864161974561739,0.003747297854442469
218,19,1381.7029559969862,561.7351003389224,1381.7,561.74,-0.0029559969862020807,0.004899661077615747,0.005722289476943515
218,20,1653.2201270024375,689.4723604956921,1653.22,689.47,-0.0001270024374662171,-0.0023604956920735276,0.002363909797648811
218,21,1436.0640263485857,488.16012546619396,1436.06,488.16,-0.00402634858573947,-0.00012546619393560832,0.0040283029553035005
218,22,1450.5995457007944,420.09064526902904,1450.6,420.09,0.0004542992055576178,-0.0006452690290643659,0.0007891513720699927
218,23,1774.9475191552538,542.836201904478,1774.95,542.84,0.002480844746287403,0.0037980955220291435,0.0045365317423820195
218,24,1267.3114597660006,302.42536923548823,1267.31,302.43,-0.0014597660006074875,0.004630764511773577,0.004855398721014697
218,25,1434.1415021598546,356.5385911588512,1434.14,356.54,-0.0015021598544535664,0.001408841148816009,0.0020594459475619096
218,26,1596.228525059968,413.10533672772885,1596.23,413.11,0.0014749400320397399,0.004663272271159258,0.004890966813736954
218,31,208.8653241264601,590.8242314335571,208.87,590.82,0.004675873539895292,-0.0042314335570381445,0.0063062527152597855
219,17,1012.9621884028658,382.06560717208544,1012.96,382.07,-0.0021884028657268573,0.004392827914557529,0.0049077534768606065
219,18,1157.184765278949,454.0893518785191,1157.18,454.09,-0.004765278948980267,0.0006481214808786717,0.004809152203410789
219,19,1382.2772169977397,561.5513252541919,1382.28,561.55,0.002783002260230205,-0.0013252541918973293,0.003082434144241832
219,20,1653.415095251828,689.3542703717691,1653.42,689.35,0.00490474817206632,-0.004270371769052872,0.006503278379195501
219,21,1436.7980197614393,488.1200940996455,1436.8,488.12,0.00198023856069085,-9.409964548012795e-05,0.0019824730768730394
219,22,1451.1996592755959,420.0679839517718,1451.2,420.07,0.00034072440416821337,0.002016048228199452,0.00204463776205516
219,23,1775.4606393664403,542.8771514283585,1775.46,542.88,-0.0006393664402821742,0.002848571641493436,0.002919443412994968
219,24,1268.2335948245004,302.3190269266162,1268.23,302.32,-0.0035948245003964985,0.0009730733838182459,0.003724195886221135
219,25,1434.8561266198908,356.6539433691384,1434.86,356.65,0.0038733801090984343,-0.003943369138426078,0.005527497953997869
219,26,1596.671393794976,413.07900254579664,1596.67,413.08,-0.001393794975911078,0.0009974542033432954,0.0017139367907370944
219,31,210.14899309484508,590.3681735751678,210.15,590.37,0.0010069051549237429,0.0018264248321884224,0.0020855900025284245
220,17,1014.2216413021494,382.04920537906406,1014.22,382.05,-0.0016413021493235647,0.0007946209359488421,0.0018235391899332372
220,18,1158.3885739592117,454.0670139088893,1158.39,454.07,0.001426040788373939,0.0029860911106993626,0.0033091286544200604
220,19,1383.2079127483048,561.4134939406439,1383.21,561.41,0.0020872516952294973,-0.0034939406439207232,0.004069919024069099
220,20,1654.061321438871,689.2657027788268,1654.06,689.27,-0.0013214388709457126,0.004297221173146681,0.004495810327470057
220,21,1437.5985148210793,488.0900705747341,1437.6,488.09,0.001485178920574981,-7.057473413851767e-05,0.001486854807712908
220,22,1452.149744456697,420.05098796382885,1452.15,420.05,0.00025554330318300345,-0.0009879638288339265,0.0010204777836317028
220,23,1775.8454795248304,542.9078635712689,1775.85,542.91,0.004520475169556448,0.002136428731091655,0.004999902347207423
220,24,1269.4251961183754,302.48927019496216,1269.43,302.49,0.0048038816246389615,0.0007298050378494736,0.004859001343569926
220,25,1435.8920949649182,356.7404575268538,1435.89,356.74,-0.0020949649181147834,-0.0004575268537791999,0.0021443434496509124
220,26,1597.503545346232,413.0592519093475,1597.5,413.06,-0.0035453462319310347,0.0007480906525074715,0.0036234126909084814
220,31,212.6117448211338,590.0261301813758,212.61,590.03,-0.0017448211337978137,0.003869818624139043,0.004244984920194757
221,17,1015.916230976612,382.03690403429806,1015.92,382.04,0.003769023387917514,0.003095965701959358,0.004877554810186956
221,18,1160.0414304694089,454.05026043166697,1160.04,454.05,-0.0014304694088878023,-0.00026043166695899345,0.0014539832815128441
221,19,1384.4059345612286,561.3101204554829,1384.41,561.31,0.004065438771476693,-0.00012045548294281616,0.004067222876607195
221,20,1655.0459910791533,689.1992770841201,1655.05,689.2,0.004008920846672481,0.0007229158799191282,0.004073579964150017
221,21,1438.9488861158095,488.0675529310506,1438.95,488.07,0.0011138841905449226,0.002447068949379627,0.002688658482024787
221,22,1453.6123083425227,420.0382409728716,1453.61,420.04,-0.0023083425228378474,0.001759027128400703,0.002902175329161045
221,23,1776.8841096436227,542.9308976784516,1776.88,542.93,-0.0041096436225416255,-0.0008976784516789849,0.004206542203152827
221,24,1271.3188970887816,302.61695264622165,1271.32,302.62,0.001102911218367808,0.0030473537783564097,0.003240799007353688
221,25,1437.4190712236887,356.80534314514034,1437.42,356.81,0.0009287763114116387,0.004656854859661053,0.004748570587091253
221,26,1598.877659009674,413.2944389320106,1598.88,413.29,0.0023409903260471765,-0.004438932010600638,0.005018401448806332
221,31,214.70880861585036,589.5195976360319,214.71,589.52,0.001191384149649366,0.00040236396807813435,0.001257494713644286
222,17,1017.687173232459,382.02767802572356,1017.69,382.03,0.0028267675410234006,0.002321974276412675,0.0036581661076700235
222,18,1161.7810728520567,454.0376953237502,1161.78,454.04,-0.0010728520567226951,0.0023046762498211137,0.0025421534477886322
222,19,1386.0544509209215,561.2325903416122,1386.05,561.23,-0.004450920921499346,-0.0025903416121764167,0.005149812299221527
222,20,1656.784493309365,688.8994578130901,1656.78,688.9,-0.004493309364988818,0.0005421869099109244,0.0045259027491512645
222,21,1440.711664586857,488.05066469828796,1440.71,488.05,-0.001664586857032191,-0.000664698287948795,0.001792393154027979
222,22,1455.209231256892,420.02868072965373,1455.21,420.03,0.0007687431079830276,0.0013192703462436839,0.0015269054366755443
222,23,1778.663082232717,542.9481732588388,1778.66,542.95,-0.003082232716906219,0.0018267411612669093,0.0035828957271226676
222,24,1272.9891728165862,302.7127144846662,1272.99,302.71,0.000827183413775856,-0.002714484666228145,0.002837720811357876
222,25,1439.0643034177665,356.85400735885526,1439.06,356.85,-0.00430341776655041,-0.0040073588552331785,0.005880334128948584
222,26,1600.6582442572555,413.220829199008,1600.66,413.22,0.0017557427445353824,-0.0008291990079669631,0.0019417012076532354
222,31,217.28160646188778,589.1396982270239,217.28,589.14,-0.0016064618877749126,0.00030177297605860076,0.001634560101664237
223,17,1020.0153799243443,382.02075851929266,1020.02,382.02,0.0046200756556800116,-0.0007585192926740092,0.004681928083766961
223,18,1164.0858046390426,454.0282714928127,1164.09,454.03,0.004195360957282901,0.001728507187294781,0.004537487262618311
223,19,1388.0408381906911,561.1744427562091,1388.04,561.17,-0.0008381906911836268,-0.004442756209186882,0.004521133305826702
223,20,1658.5883699820238,688.9245933598175,1658.59,688.92,0.0016300179761401523,-0.004593359817590681,0.004874003797330971
223,21,1442.7837484401427,488.03799852371594,1442.78,488.04,-0.0037484401427718694,0.0020014762840787625,0.0042493188653798765
223,22,1457.406923442669,420.02151054724027,1457.41,420.02,0.0030765573310418404,-0.0015105472402865416,0.0034273835467196517
223,23,1780.7473116745377,542.9611299441291,1780.75,542.96,0.0026883254622589448,-0.0011299441290475443,0.0029161391471942454
223,24,1275.4918796124398,302.7845358634996,1275.49,302.78,-0.001879612439779521,-0.004535863499654624,0.004909888044678109
223,25,1441.2982275633249,356.89050551914147,1441.3,356.89,0.0017724366750826448,-0.000505519141484001,0.0018431172967515504
223,26,1602.9936831929417,413.415621899256,1602.99,413.42,-0.0036831929417076026,0.00437810074402023,0.005721335191249959
223,31,219.96120484641582,588.604773670268,219.96,588.6,-0.0012048464158169736,-0.00477367026792308,0.004923371071995267
224,17,1022.2615349432582,382.0155688894695,1022.26,382.02,-0.0015349432582070222,0.0044311105305041565,0.004689434010566735
224,18,1166.564353479282,454.02120361960954,1166.56,454.02,-0.00435347928214469,-0.0012036196095550622,0.004516799976152201
224,19,1390.5306286430184,561.1308320671569,1390.53,561.13,-0.0006286430184445635,-0.0008320671569208571,0.0010428460088936669
224,20,1660.9412774865177,688.9434450198631,1660.94,688.94,-0.0012774865176652384,-0.003445019863079324,0.0036742528029284458
224,21,1445.0878113301071,488.02849889278696,1445.09,488.03,0.0021886698928028636,0.0015011072130164393,0.0026539779133654597
224,22,1459.5551925820018,420.0161329104302,1459.56,420.02,0.004807417998108576,0.0038670895697805463,0.0061697365866983135
224,23,1782.8104837559033,542.9708474580968,1782.81,542.97,-0.0004837559033603611,-0.0008474580968140799,0.0009758099199596925
224,24,1277.6189097093297,303.08840189762475,1277.62,303.09,0.0010902906701630855,0.0015981023752260626,0.0019345968435691848
224,25,1443.4736706724937,357.1678791393561,1443.47,357.17,-0.0036706724936266255,0.002120860643913147,0.004239326175982074
224,26,1604.9952623947063,413.561716424442,1605.0,413.56,0.004737605293712477,-0.0017164244420087016,0.005038949968409824
224,31,223.22090363481186,588.4535802527009,223.22,588.45,-0.0009036348118627302,-0.0035802527008854668,0.003692528303941335
225,17,1024.9461512074436,382.2616766671021,1024.95,382.26,0.0038487925564822945,-0.0016766671021173352,0.004198144437028824
225,18,1169.4232651094617,454.0159027147072,1169.42,454.02,-0.0032651094616085174,0.004097285292800734,0.0052391494125369874
225,19,1393.1479714822638,561.3481240503677,1393.15,561.35,0.002028517736334834,0.0018759496323355052,0.0027629823071609987
225,20,1663.4559581148883,689.2075837648973,1663.46,689.21,0.004041885111746524,0.0024162351027143814,0.004709036772859964
225,21,1447.5658584975804,488.2713741695902,1447.57,488.27,0.0041415024195430306,-0.0013741695902353968,0.0043635288877018445
225,22,1461.9163944365014,420.2620996828226,1461.92,420.26,0.003605563498695119,-0.002099682822631621,0.004172380147922392
225,23,1785.1078628169275,543.2281355935727,1785.11,543.23,0.0021371830723637686,0.001864406427330323,0.002836117559458503
225,24,1279.9641822819972,303.31630142321853,1279.96,303.32,-0.004182281997145765,0.0036985767814599058,0.005583095280577243
225,25,1445.8552530043703,357.3759093545171,1445.86,357.38,0.004746995629602679,0.004090645482904165,0.006266366409193703
225,26,1607.2464467960297,413.6712873183315,1607.25,413.67,0.003553203970341201,-0.0012873183314923153,0.0037792124763559713
225,31,227.1656777261089,588.0901851895258,227.17,588.09,0.0043222738910912994,-0.00018518952572321723,0.004326239331110464
226,17,1027.7096134055828,382.44625750032657,1027.71,382.45,0.00038659441725030774,0.003742499673421662,0.0037624139922409327
226,18,1172.3174488320963,454.2619270360304,1172.32,454.26,0.0025511679036753776,-0.001927036030394902,0.0031971746175621318
226,19,1396.1109786116979,561.5110930377757,1396.11,561.51,-0.0009786116979739745,-0.0010930377757176757,0.0014671102325855918
226,20,1666.3419685861663,689.655687823673,1666.34,689.66,-0.0019685861664129334,0.004312176326948247,0.004740273849608822
226,21,1450.4243938731852,488.45353062719266,1450.42,488.45,-0.004393873185108532,-0.003530627192674274,0.005636616887856299
226,22,1464.6872958273761,420.44657476211694,1464.69,420.45,0.0027041726239076525,0.0034252378830501584,0.004364035304093395
226,23,1788.0808971126958,543.6711016951795,1788.08,543.67,-0.0008971126958385867,-0.001101695179499984,0.0014207545381128572
226,24,1282.9731367114978,303.48722606741387,1282.97,303.49,-0.0031367114977456367,0.002773932586137562,0.004187321460376012
226,25,1448.6414397532776,357.53193201588783,1448.64,357.53,-0.0014397532775092259,-0.0019320158878599614,0.002409476061520818
226,26,1610.1848350970222,414.00346548874865,1610.18,414.0,-0.004835097022123591,-0.0034654887486453845,0.0059487625167202775
226,31,230.62425829458167,587.8176388921443,230.62,587.82,-0.004258294581660493,0.0023611078557905785,0.004869076200972326
227,17,1030.532210054187,382.58469312524494,1030.53,382.58,-0.002210054187116839,-0.004693125244955354,0.005187462199845887
227,18,1175.2380866240721,454.4464452770228,1175.24,454.45,0.00191337592787022,0.0035547229771850652,0.004036962086257522
227,19,1399.0832339587735,561.6333197783317,1399.08,561.63,-0.0032339587735350506,-0.0033197783317291396,0.004634589250488401
227,20,1669.7564764396247,689.9917658677548,1669.76,689.99,0.003523560375242596,-0.0017658677547842672,0.0039412899722510355
227,21,1453.5682954048889,488.59014797039447,1453.57,488.59,0.0017045951110503665,-0.00014797039449376825,0.0017110054734755973
227,22,1467.765471870532,420.5849310715877,1467.77,420.58,0.004528129467871622,-0.004931071587691349,0.006694731023778642
227,23,1791.560672834522,544.0033262713846,1791.56,544.0,-0.0006728345219926268,-0.0033262713845942926,0.003393639288132414
227,24,1285.9798525336232,303.61541955056043,1285.98,303.62,0.00014746637680218555,0.004580449439572476,0.004582822645571937
227,25,1451.7310798149583,357.6489490119159,1451.73,357.65,-0.0010798149583024497,0.0010509880841027552,0.0015068431561047425
227,26,1613.3886263227666,414.2525991165615,1613.39,414.25,0.0013736772334596026,-0.002599116561498249,0.0029397952381041287
227,31,233.96819372093626,587.3632291691082,233.97,587.36,0.001806279063742977,-0.0032291691081809404,0.003700023943888241
228,17,1033.3991575406403,382.6885198439337,1033.4,382.69,0.0008424593597737839,0.0014801560662931479,0.001703114721166739
228,18,1178.4285649680542,454.5848339577671,1178.43,454.58,0.001435031945902665,-0.004833957767118591,0.005042466101031057
228,19,1402.0624254690802,561.7249898337489,1402.06,561.72,-0.0024254690802081313,-0.004989833748823003,0.005548093465321101
228,20,1673.3173573297186,690.243824400816,1673.32,690.24,0.0026426702813751035,-0.003824400816029083,0.004648628595371659
228,21,1456.6762215536667,488.6926109777959,1456.68,488.69,0.003778446333399188,-0.0026109777958822633,0.0045928054329535855
228,22,1470.824103902899,420.9386983036908,1470.82,420.94,-0.004103902899032619,0.0013016963092127298,0.0043053957177135735
228,23,1794.9205046258915,544.2524947035384,1794.92,544.25,-0.0005046258913807833,-0.0024947035384457195,0.002545229466076771
228,24,1288.9848894002175,303.9615646629203,1288.98,303.96,-0.0048894002175075,-0.0015646629203160956,0.0051336541119532475
228,25,1454.7983098612187,357.9867117589369,1454.8,357.99,0.0016901387812140456,0.0032882410631032144,0.0036971743790145816
228,26,1616.541469742075,414.43944933742114,1616.54,414.44,-0.0014697420749598678,0.0005506625788598285,0.001569512995379106
228,31,238.2261452907022,586.7724218768311,238.23,586.77,0.0038547092977978537,-0.0024218768311357053,0.004552391806042308
229,17,1036.2993681554804,382.7663898829503,1036.3,382.77,0.0006318445196029643,0.0036101170496749546,0.003664992852558665
229,18,1181.5714237260406,454.6886254683253,1181.57,454.69,-0.0014237260406844143,0.0013745316746849312,0.0019789727546469862
229,19,1405.2968191018101,562.0437423753117,1405.3,562.04,0.003180898189839354,-0.003742375311730939,0.004911566579817128
229,20,1676.9880179972888,690.682868300612,1676.99,690.68,0.001982002711201858,-0.0028683006120218124,0.0034864714466256884
229,21,1459.75716616525,489.0194582333469,1459.76,489.02,0.002833834749935704,0.0005417666531002396,0.002885156927509246
229,22,1473.8680779271742,421.2040237277681,1473.87,421.2,0.001922072825664145,-0.004023727768128538,0.004459231895648085
229,23,1798.4403784694186,544.6893710276538,1798.44,544.69,-0.0003784694185924309,0.0006289723462487018,0.0007340608375027846
229,24,1291.7386670501633,304.2211734971902,1291.74,304.22,0.0013329498367511405,-0.0011734971901660174,0.0017759084781098463
229,25,1457.598732395914,358.24003381920267,1457.6,358.24,0.0012676040857968474,-3.381920265610461e-05,0.0012680551473800955
229,26,1619.6561023065562,414.57958700306585,1619.66,414.58,0.003897693443832395,0.0004129969341306605,0.003919512807696304
229,31,242.41960896802664,586.3293164076233,242.42,586.33,0.000391031973350664,0.0006835923767312124,0.0007875306608047348
230,17,1039.7245261166104,382.82479241221273,1045.2,384.4,5.475473883389668,1.5752075877872471,5.69755150852582
230,18,1185.1785677945304,454.76646910124396,1182.6,452.8,-2.5785677945304997,-1.9664691012439448,3.2428402053041485
230,19,1408.7226143263576,562.2828067814837,1400.6,559.7,-8.122614326357734,-2.5828067814836686,8.523365201915846
230,20,1680.9910134979666,691.262151225459,1696.8,708.2,15.808986502033349,16.937848774541067,23.16926359059983
230,21,1463.3178746239375,489.26459367501013,1463.32,489.26,0.0021253760623949347,-0.004593675010141851,0.005061528771567255
230,22,1477.4010584453806,421.4030177958261,1490.3,421.8,12.898941554619341,0.3969822041739235,12.90504893829994
230,23,1802.580283852064,545.0170282707404,1844.1,547.9,41.519716147935924,2.882971729259566,41.61968710834911
230,24,1295.3040002876223,304.41588012289264,1312.6,311.5,17.29599971237758,7.084119877107355,18.690542006153617
230,25,1461.1990492969355,358.430025364402,1473.7,361.2,12.500950703064518,2.7699746355979755,12.80416057234153
230,26,1623.4920767299172,414.9346902522994,1642.7,413.4,19.2079232700828,-1.5346902522994128,19.269135697272237
230,31,247.56470672601998,585.7469873057175,263.7,569.3,16.13529327398001,-16.446987305717585,23.040205738486364
231,17,1043.043394587458,382.61859430915956,1043.04,382.62,-0.003394587457933085,0.0014056908404427304,0.0036741244873386087
231,18,1188.633925845898,454.57485182593297,1188.63,454.57,-0.003925845897811087,-0.004851825932973952,0.006241192265684394
231,19,1412.2919607447682,562.4621050861128,1412.29,562.46,-0.0019607447682119528,-0.0021050861128060205,0.0028767877204269533
231,20,1684.993260123475,691.6966134190942,1684.99,691.7,-0.0032601234750018193,0.0033865809058397645,0.004700780286724366
231,21,1466.9884059679532,489.4484452562576,1466.99,489.45,0.001594032046796201,0.0015547437423606425,0.0022266940226764124
231,22,1480.8007938340354,421.55226334686955,1480.8,421.55,-0.0007938340354485263,-0.002263346869540328,0.0023985227803159375
231,23,1806.685212889048,545.5127712030553,1806.69,545.51,0.004787110952065632,-0.002771203055317528,0.005531364898575027
231,24,1298.7280002157167,304.56191009216946,1298.73,304.56,0.0019997842832708557,-0.001910092169453037,0.002765427503194206
231,25,1464.6492869727017,358.57251902330154,1464.65,358.57,0.0007130272983886243,-0.002519023301545076,0.00261799280403412
231,26,1627.119057547438,415.20101768922456,1627.12,415.2,0.0009424525619579072,-0.0010176892245681302,0.0013870501754958632
231,31,252.923530044515,584.8102404792882,252.92,584.81,-0.003530044515002828,-0.00024047928820891684,0.0035382261892025813
232,17,1046.7825459405935,382.46394573186967,1046.78,382.46,-0.0025459405935635004,-0.003945731869691826,0.004695808076727181
232,18,1192.2254443844236,454.43113886944974,1192.23,454.43,0.004555615576464334,-0.0011388694497327378,0.004695812698996736
232,19,1415.968970558576,562.5965788145846,1415.97,562.6,0.0010294414239524485,0.003421185415390937,0.0035727103565546567
232,20,1688.9949450926063,692.0224600643206,1688.99,692.02,-0.004945092606249091,-0.002460064320644051,0.005523210782333524
232,21,1470.7413044759649,489.5863339421932,1470.74,489.59,-0.001304475964843732,0.0036660578067539973,0.003891225691901835
232,22,1484.3505953755266,421.6641975101522,1484.35,421.66,-0.0005953755267000815,-0.004197510152152972,0.004239523970355713
232,23,1810.513909666786,545.8845784022915,1810.51,545.88,-0.003909666786057642,-0.004578402291485872,0.006020569899991643
232,24,1302.2960001617876,304.6714325691271,1302.3,304.67,0.003999838212394025,-0.001432569127075567,0.004248642139457909
232,25,1468.2369652295263,358.67938926747615,1468.24,358.68,0.003034770473732351,0.0006107325238531303,0.003095614001119922
232,26,1630.5892931605786,415.40076326691843,1630.59,415.4,0.0007068394213547435,-0.0007632669184545193,0.0010402876315655043
232,31,258.4426475333862,583.8576803594661,258.44,583.86,-0.0026475333862094885,0.0023196405338694603,0.0035199666528909156
233,17,1050.586909455445,382.59795929890225,1057.4,385.5,6.8130905445550525,2.9020407010977465,7.405406335855809
233,18,1195.9190832883178,454.5733541520873,1194.6,453.0,-1.31908328831787,-1.5733541520872905,2.0531497776367416
233,19,1419.726727918932,562.6974341109385,1413.9,560.8,-5.826727918931965,-1.8974341109385477,6.127888253437263
233,20,1692.9962088194548,692.7668450482405,1708.6,708.9,15.603791180545159,16.13315495175948,22.444531358518944
233,21,1474.5559783569736,489.9397504566449,1474.56,489.94,0.0040216430263626535,0.0002495433550961934,0.004029377683658362
233,22,1488.012946531645,421.9981481326141,1501.7,422.8,13.687053468355089,0.8018518673858921,13.710521473045484
233,23,1814.6354322500895,546.4134338017186,1858.0,550.0,43.36456774991052,3.586566198281389,43.51263257068267
233,24,1306.2220001213407,305.0035744268453,1323.7,311.7,17.477999878659375,6.69642557315467,18.716906667909015
233,25,1471.9277239221447,359.0095419506071,1485.5,361.9,13.57227607785535,2.890458049392862,13.876650376399363
233,26,1634.441969870434,415.80057245018884,1656.8,415.5,22.358030129566032,-0.30057245018883805,22.360050426427822
233,31,264.33198565003966,582.8932602695996,277.8,570.1,13.468014349960356,-12.793260269599614,18.57565392809777
234,17,1054.4401820915837,382.6984694741767,1054.44,382.7,-0.00018209158361059963,0.0015305258232842789,0.0015413197723255989
234,18,1199.9393124662383,454.9300156140655,1199.94,454.93,0.0006875337617202604,-1.561406548944433e-05,0.0006877110385520364
234,19,1423.545045939199,563.0230755832039,1423.55,563.02,0.004954060800855586,-0.003075583203894894,0.005831117428302595
234,20,1696.997156614591,693.5751337861803,1697.0,693.58,0.002843385409050825,0.004866213819695986,0.005636033846900081
234,21,1478.4169837677302,490.20481284248365,1478.42,490.2,0.0030162322698288335,-0.004812842483659097,0.005679886431793391
234,22,1491.7597098987337,422.4986110994606,1491.76,422.5,0.00029010126627326827,0.0013889005393821208,0.0014188740088497288
234,23,1818.4765741875672,547.060075351289,1818.48,547.06,0.0034258124328516715,-7.535128906965838e-05,0.0034266410144404603
234,24,1309.9165000910054,305.502680820134,1309.92,305.5,0.0034999089946268214,-0.00268082013400317,0.00440864600093345
234,25,1475.4457929416085,359.5071564629553,1475.45,359.51,0.004207058391557439,0.0028435370446686647,0.005077897521058973
234,26,1638.0814774028254,416.35042933764163,1638.08,416.35,-0.0014774028254578297,-0.0004293376416057981,0.0015385219917734055
234,31,270.4989892375297,582.4199452021998,270.5,582.42,0.0010107624702868634,5.479780020323233e-05,0.001012246793152498
235,17,1058.5801365686877,383.0238521056325,1058.58,383.02,-0.00013656868782163656,-0.0038521056325180325,0.0038545257568954544
235,18,1204.2044843496788,455.1975117105491,1204.2,455.2,-0.004484349678705257,0.002488289450866432,0.005128447760501916
235,19,1427.6587844543992,563.5173066874029,1427.66,563.52,0.0012155456008713372,0.002693312597102704,0.002954908434031378
235,20,1700.9978674609433,694.4313503396353,1701.0,694.43,0.0021325390566744318,-0.00135033963533715,0.0025241117168232356
235,21,1482.3127378257977,490.65360963186276,1482.31,490.65,-0.0027378257977943576,-0.003609631862786955,0.004530467115421448
235,22,1495.5697824240503,423.1239583245955,1495.57,423.12,0.00021757594959126436,-0.003958324595487284,0.003964299799091904
235,23,1822.1074306406754,547.7950565134668,1822.11,547.8,0.0025693593245250668,0.004943486533193209,0.00557132537574198
235,24,1313.6873750682541,305.8770106151005,1313.69,305.88,0.0026249317459132726,0.002989384899478864,0.003978277107987271
235,25,1479.3343447062064,360.1303673472165,1479.33,360.13,-0.0043447062064387865,-0.0003673472165246494,0.004360208251649927
235,26,1641.811108052119,416.76282200323124,1641.81,416.76,-0.0011080521189796855,-0.0028220032312447074,0.003031745658120242
235,31,276.6242419281473,582.0649589016498,276.62,582.06,-0.004241928147280305,-0.004958901649843028,0.006525692298867978
236,17,1062.4351024265159,383.51788907922435,1062.44,383.52,0.0048975734841860685,0.00211092077563535,0.005333124089500582
236,18,1208.153363262259,455.6481337829118,1208.15,455.65,-0.0033632622589720995,0.0018662170881498241,0.0038463358203267325
236,19,1431.4940883407994,564.1379800155521,1431.49,564.14,-0.004088340799398793,0.0020199844478838713,0.00456013899587737
236,20,1704.9984005957076,695.3235127547265,1705.0,695.32,0.001599404292392137,-0.0035127547264437453,0.0038597331330903263
236,21,1486.2345533693483,491.2402072238971,1486.23,491.24,-0.004553369348286651,-0.0002072238970640683,0.004558082290331189
236,22,1499.4273368180377,423.5929687434466,1499.43,423.59,0.002663181962361705,-0.0029687434466154627,0.003988229659444275
236,23,1825.8305729805065,548.5962923851,1825.83,548.6,-0.0005729805066039262,0.0037076149000085934,0.0037516283008466903
236,24,1317.5155313011905,306.4077579613254,1317.52,306.41,0.004468698809432681,0.00224203867463757,0.004999600630849993
236,25,1483.0007585296548,360.59777551041236,1483.0,360.6,-0.0007585296548313636,0.0022244895876610826,0.0023502598075257897
236,26,1645.608331039089,417.32211650242346,1645.61,417.32,0.0016689609108198056,-0.0021165024234619523,0.002695368811566386
236,31,281.96818144611046,582.0487191762373,281.97,582.05,0.0018185538895636455,0.0012808237626131813,0.002224330856712115
237,17,1066.5763268198868,384.13841680941823,1066.58,384.14,0.003673180113082708,0.001583190581754934,0.003999843067084485
237,18,1212.3650224466942,456.23610033718387,1212.37,456.24,0.004977553305707261,0.003899662816138516,0.0063232433917041865
237,19,1435.6205662555994,564.8534850116641,1435.62,564.85,-0.0005662555995513685,-0.0034850116641109707,0.003530715466164443
237,20,1709.2488004467807,696.2426345660449,1709.25,696.24,0.0011995532192941027,-0.0026345660448896524,0.002894799849869478
237,21,1490.1759150270113,491.93015541792283,1490.18,491.93,0.004084972988721347,-0.00015541792282647293,0.004087928454525435
237,22,1503.0705026135283,424.44472655758494,1503.07,424.44,-0.0005026135283969779,-0.0047265575849451125,0.004753205966790187
237,23,1829.6229297353798,549.447219288825,1829.62,549.45,-0.0029297353798938275,0.00278071117509171,0.004039270235510562
237,24,1321.1366484758928,307.30581847099404,1321.14,307.31,0.003351524107301884,0.004181529005961693,0.00535890834681138
237,25,1486.500568897241,361.4483316328093,1486.5,361.45,-0.0005688972410098359,0.0016683671906889685,0.001762694855553849
237,26,1649.2062482793167,418.2415873768176,1649.21,418.24,0.003751720683339954,-0.001587376817610675,0.004073717374449117
237,31,288.72613608458283,581.786539382178,288.73,581.79,0.0038639154171846712,0.0034606178219291905,0.005187072205070152
238,17,1070.932245114915,384.8538126070637,1070.93,384.85,-0.0022451149150128913,-0.0038126070636508302,0.0044245354110249305
238,18,1216.5237668350205,456.9270752528879,1216.52,456.93,-0.003766835020542203,0.002924747112103887,0.0047689822542910775
238,19,1439.9654246916996,565.6401137587482,1439.97,565.64,0.004575308300445613,-0.00011375874817076692,0.004576722309351082
238,20,1713.6866003350856,697.4319759245336,1713.69,697.43,0.0033996649144683033,-0.0019759245336672393,0.003932174880828023
238,21,1494.1319362702584,492.9476165634421,1494.13,492.95,-0.001936270258283912,0.0023834365578636607,0.003070816233263694
238,22,1507.0528769601462,425.3335449181887,1507.05,425.33,-0.0028769601462954597,-0.0035449181887088344,0.004565451198732839
238,23,1833.7171973015347,550.5854144666187,1833.72,550.59,0.0028026984653024556,0.004585533381373352,0.005374219485571655
238,24,1325.1024863569196,308.22936385324556,1325.1,308.23,-0.0024863569196895696,0.0006361467544593324,0.0025664476276163026
238,25,1490.3754266729306,362.336248724607,1490.38,362.34,0.004573327069465449,0.00375127539297182,0.005915013741169273
238,26,1653.1546862094874,419.1811905326132,1653.15,419.18,-0.004686209487317683,-0.0011905326131795846,0.004835072622212667
238,31,295.79460206343714,581.5899045366335,295.79,581.59,-0.004602063437118886,9.546336650601006e-05,0.004603053457609542
239,17,1074.9491838361864,385.64035945529776,1074.95,385.64,0.000816163813624371,-0.00035945529776881813,0.0008918135913765536
239,18,1220.6428251262655,457.69530643966596,1220.64,457.7,-0.0028251262654066522,0.004693560334033009,0.005478215678913947
239,19,1443.9740685187746,566.4800853190611,1443.97,566.48,-0.004068518774602126,-8.531906109965348e-05,0.004069413269929328
239,20,1717.764950251314,698.5739819434002,1717.76,698.57,-0.004950251314085108,-0.003981943400162891,0.006353019857886652
239,21,1498.098952202694,493.9607124225816,1498.1,493.96,0.0010477973060005752,-0.0007124225816141916,0.0012670537199566136
239,22,1511.0396577201097,426.25015868864153,1511.04,426.25,0.00034227989021928806,-0.0001586886415338995,0.0003772765672559089
239,23,1837.537897976151,551.939060849964,1837.54,551.94,0.0021020238489199983,0.0009391500360607097,0.002302283008594138
239,24,1329.0768647676896,309.17202288993417,1329.08,309.17,0.003135232310341962,-0.002022889934153227,0.0037311881921863236
239,25,1494.281570004698,363.25218654345525,1494.28,363.25,-0.0015700046981237392,-0.0021865434552523766,0.002691818536572927
239,26,1656.8660146571156,420.1358928994599,1656.87,420.14,0.003985342884334386,0.0041071005400681315,0.0057228692761535855
239,31,302.84595154757784,581.4424284024751,302.85,581.44,0.004048452422182436,-0.0024284024750613753,0.004720922112846074
240,17,1079.2118878771398,386.4802695914733,1079.21,386.48,-0.001887877139779448,-0.00026959147328398103,0.0019070290132478995
240,18,1224.982118844699,458.52147982974947,1224.98,458.52,-0.0021188446989981458,-0.0014798297494849066,0.00258445331664805
240,19,1447.980551389081,567.3600639892959,1447.98,567.36,-0.0005513890810107114,-6.398929588158353e-05,0.0005550896762193093
240,20,1721.8237126884856,699.6804864575502,1721.82,699.68,-0.0037126884856206743,-0.0004864575502097068,0.003744422083501854
240,21,1502.0742141520204,494.9705343169362,1502.07,494.97,-0.004214152020495021,-0.000534316936182222,0.00424789028108465
240,22,1515.0297432900823,427.18761901648116,1515.03,427.19,0.00025670991772130947,0.002380983518833091,0.0023947823489434876
240,23,1841.4034234821133,553.204295637473,1841.4,553.2,-0.0034234821132486104,-0.004295637472978342,0.005492971061182548
240,24,1333.0576485757672,310.1290171674506,1333.06,310.13,0.0023514242327564716,0.0009828325493685952,0.0025485595426618414
240,25,1498.2111775035237,364.4391399075914,1498.21,364.44,-0.0011775035236496478,0.0008600924085726547,0.0014581747150090236
240,26,1660.8995109928367,421.3519196745949,1660.9,421.35,0.0004890071634235937,-0.0019196745948875105,0.001980979191242583
240,31,309.63446366068337,581.3318213018563,309.63,581.33,-0.004463660683370563,-0.001821301856239188,0.004820934260888492
241,17,1083.4089159078549,387.110202193605,1083.41,387.11,0.0010840921452199836,-0.00020219360499140748,0.0011027864857836658
241,18,1229.2365891335244,459.3911098723121,1229.24,459.39,0.0034108664756331564,-0.0011098723120994691,0.0035868965225892943
241,19,1451.9854135418109,568.270047991972,1451.99,568.27,0.004586458189123732,-4.7991971996452776e-05,0.0045867092724475415
241,20,1725.8677845163643,701.0103648431626,1725.87,701.01,0.0022154836356094165,-0.0003648431626288584,0.0022453236454841306
241,21,1506.0556606140153,495.97790073770216,1506.06,495.98,0.004339385984621913,0.0020992622978610598,0.004820495090626479
241,22,1519.0223074675616,428.14071426236086,1519.02,428.14,-0.0023074675616499007,-0.0007142623608729082,0.0024154869629592866
241,23,1845.552567611585,554.4032217281048,1845.55,554.4,-0.002567611584936458,-0.0032217281047906,0.004119728295931364
241,24,1337.0432364318253,311.09676287558796,1337.04,311.1,-0.0032364318253712554,0.0032371244120668052,0.004577495540082456
241,25,1502.1583831276428,365.57935493069357,1502.16,365.58,0.0016168723573173338,0.0006450693064152802,0.0017408017204541138
241,26,1664.9246332446276,422.5139397559462,1664.92,422.51,-0.004633244627484601,-0.003939755946191781,0.006081828071695911
241,31,316.2258477455125,581.2488659763922,316.23,581.25,0.004152254487507889,0.001134023607846757,0.004304326529456516
242,17,1087.8066869308911,387.8326516452038,1087.81,387.83,0.003313069108799027,-0.0026516452037981253,0.004243542059000238
242,18,1233.6774418501432,460.0433324042341,1233.68,460.04,0.0025581498568953975,-0.003332404234072328,0.004201077084462641
242,19,1456.2390601563582,569.2025359939789,1456.24,569.2,0.0009398436418450729,-0.002535993978881379,0.002704546455884834
242,20,1730.1508383872733,702.0077736323719,1730.15,702.01,-0.0008383872732338205,0.002226367628054504,0.002378992651348356
242,21,1510.2917454605115,496.9834255532766,1510.29,496.98,-0.0017454605115290178,-0.0034255532765996577,0.0038446128086102238
242,22,1523.2667306006713,429.10553569677063,1523.27,429.11,0.0032693993287011835,0.004464303229383404,0.005533441541608156
242,23,1849.9144257086887,555.5524162960786,1849.91,555.55,-0.004425708688586383,-0.0024162960786497933,0.005042358985229768
242,24,1341.532427323869,312.07257215669097,1341.53,312.07,-0.0024273238689147547,-0.0025721566909737703,0.0035366497151293383
242,25,1506.368787345732,366.68451619802016,1506.37,366.68,0.0012126542678743135,-0.004516198020155571,0.004676170968928626
242,26,1669.1934749334707,423.3854548169596,1669.19,423.39,-0.003474933470670294,0.004545183040363554,0.005721350495817677
242,31,323.1693858091344,581.1866494822941,323.17,581.19,0.0006141908656331907,0.0033505177059396374,0.0034063469167485362
243,17,1091.8550151981683,388.3744887339028,1091.86,388.37,0.004984801831596997,-0.004488733902803688,0.006707978931874488
243,18,1237.7580813876075,460.53249930317554,1237.76,460.53,0.001918612392501018,-0.002499303175568457,0.0031508078132544124
243,19,1460.6792951172686,569.9019019954842,1460.68,569.9,0.0007048827314974915,-0.0019019954842178777,0.002028409842006433
243,20,1734.863128790455,703.255830224279,1734.86,703.26,-0.003128790455093622,0.004169775721038604,0.005213094980493638
243,21,1514.4688090953837,497.73756916495745,1514.47,497.74,0.001190904616350963,0.00243083504255992,0.0027068824890237333
243,22,1527.2000479505034,430.079151772578,1527.2,430.08,-4.7950503358151764e-05,0.000848227422011405,0.0008495816677779802
243,23,1854.1858192815166,556.6643122220589,1854.19,556.66,0.004180718483439705,-0.0043122220589566496,0.006006135706386155
243,24,1345.3993204929016,312.8044291175182,1345.4,312.8,0.0006795070985390339,-0.004429117518213843,0.0044809387283373655
243,25,1510.276590509299,367.5133871485151,1510.28,367.51,0.003409490700960305,-0.003387148515116678,0.004805975645318223
243,26,1673.145106200103,424.2890911127197,1673.15,424.29,0.004893799896990458,0.0009088872803317827,0.004977484657950512
243,31,329.1270393568508,580.8899871117205,329.13,580.89,0.0029606431492084084,1.2888279457001772e-05,0.0029606712017213334
244,17,1096.1412613986263,388.7808665504271,1103.9,394.9,7.758738601373807,6.119133449572871,9.881387496608438
244,18,1242.0685610407056,461.1493744773817,1239.5,462.8,-2.5685610407056174,1.650625522618327,3.053206582553783
244,19,1465.0094713379515,570.6764264966132,1457.9,570.0,-7.1094713379513905,-0.6764264966132032,7.141577942616936
244,20,1739.1473465928411,704.1918726682093,1754.7,720.0,15.552653407158914,15.808127331790729,22.176156514178032
244,21,1518.8516068215376,498.3031768737181,1521.7,500.7,2.848393178462402,2.3968231262819018,3.7226475521852582
244,22,1531.6500359628776,430.8093638294335,1547.6,434.6,15.9499640371223,3.790636170566529,16.394214691869262
244,23,1858.3893644611376,557.4982341665442,1911.6,562.7,53.210635538862334,5.201765833455852,53.4642881018325
244,24,1349.7994903696763,313.35332183813864,1371.1,322.0,21.30050963032363,8.64667816186136,22.988622267250378
244,25,1514.7074428819742,368.13504036138636,1532.6,373.6,17.892557118025707,5.464959638613664,18.708537732102123
244,26,1677.6088296500773,424.96681833453977,1698.8,425.1,21.191170349922686,0.13318166546025623,21.191588853964138
244,31,334.3452795176381,580.6674903337904,336.1,573.2,1.754720482361904,-7.4674903337903515,7.670883642480359
245,17,1097.3559460489696,388.0856499128203,1097.36,388.09,0.0040539510303005954,0.0043500871796595675,0.005946240612917862
245,18,1244.8014207805293,461.1120308580363,1244.8,461.11,-0.0014207805293153797,-0.002030858036278005,0.0024785079535875297
245,19,1469.7571035034637,571.5073198724599,1469.76,571.51,0.0028964965363229567,0.002680127540088506,0.003946235651360895
245,20,1745.8605099446308,706.893904501157,1745.86,706.89,-0.0005099446309486666,-0.003904501156966944,0.003937660829907722
245,21,1522.8887051161532,498.7273826552886,1522.89,498.73,0.0012948838468673785,0.002617344711438818,0.0029201399821540764
245,22,1534.7375269721583,430.8570228720751,1534.74,430.86,0.0024730278416882356,0.0029771279249075633,0.00387029164108205
245,23,1863.292023345853,558.8736756249082,1863.29,558.87,-0.0020233458531038195,-0.003675624908169084,0.00419572960363575
245,24,1350.5996177772572,312.514991378604,1350.6,312.51,0.0003822227427008329,-0.004991378604017882,0.005005991869118971
245,25,1516.5305821614807,367.60128027103974,1516.53,367.6,-0.0005821614806791331,-0.0012802710397181727,0.0014064159856626956
245,26,1680.456622237558,425.2251137509048,1680.46,425.23,0.0033777624421418295,0.004886249095193307,0.005940093377702184
245,31,340.5089596382286,580.2506177503428,340.51,580.25,0.0010403617714018765,-0.0006177503428261844,0.0012099454952419627
246,17,1102.2669595367272,388.5642374346152,1102.27,388.56,0.00304046327278229,-0.0042374346152200815,0.005215387716306752
246,18,1249.351065585397,461.33402314352725,1249.35,461.33,-0.0010655853971002216,-0.004023143527263073,0.004161869301104012
246,19,1474.0678276275978,571.8804899043449,1474.07,571.88,0.0021723724021285307,-0.0004899043449313467,0.0022269279558872787
246,20,1749.6453824584733,707.1704283758677,1749.65,707.17,0.004617541526840796,-0.0004283758677274818,0.004637369473758857
246,21,1527.166528837115,499.2955369914664,1527.17,499.3,0.0034711628850345733,0.004463008533605262,0.00565397355365896
246,22,1539.5531452291189,431.39276715405634,1539.55,431.39,-0.003145229118899806,-0.0027671540563574126,0.004189225200677392
246,23,1867.7190175093897,559.4052567186811,1867.72,559.41,0.0009824906103403919,0.004743281318837944,0.0048439658823162726
246,24,1355.9497133329428,313.136243533953,1355.95,313.14,0.00028666705725299835,0.0037564660469797673,0.0037673883744347215
246,25,1521.3979366211106,368.2009602032798,1521.4,368.2,0.0020633788894883764,-0.0009602032798170512,0.0022758564937530017
246,26,1685.3424666781684,425.66883531317865,1685.34,425.67,-0.0024666781685027672,0.0011646868213688322,0.00272781901504451
246,31,345.63171972867144,579.6879633127571,345.63,579.69,-0.001719728671446319,0.0020366872429349314,0.002665625935672223
247,17,1106.9502196525455,388.9231780759614,1106.95,388.92,-0.00021965254541100876,-0.0031780759613866394,0.003185657554893361
247,18,1253.7632991890478,461.50051735764544,1253.76,461.5,-0.003299189047766049,-0.0005173576454353679,0.0033395070453870698
247,19,1478.3008707206984,571.9103674282587,1478.3,571.91,-0.0008707206984581717,-0.00036742825875535345,0.0009450703995234839
247,20,1753.484036843855,707.3778212819008,1753.48,707.38,-0.004036843854919425,0.0021787180992305366,0.004587256354828608
247,21,1531.6248966278363,499.7216527435998,1531.62,499.72,-0.004896627836387779,-0.0016527435997772955,0.005168029177035718
247,22,1544.1648589218391,431.79457536554224,1544.16,431.79,-0.004858921839058894,-0.004575365542223153,0.006674061078762048
247,23,1872.0392631320424,559.8039425390109,1872.04,559.8,0.0007368679575847636,-0.003942539010949986,0.0040108089258624165
247,24,1360.7122849997072,313.8521826504648,1360.71,313.85,-0.0022849997071716643,-0.002182650464760627,0.003159934605825629
247,25,1526.048452465833,368.6507201524598,1526.05,368.65,0.0015475341670025955,-0.0007201524598485776,0.001706892370205683
247,26,1690.0068500086263,426.251626484884,1690.01,426.25,0.0031499913736752205,-0.0016264848840137347,0.003545123232294397
247,31,351.4737897965036,579.0159724845678,351.47,579.02,-0.0037897965035540437,0.004027515432198925,0.005530229479411405
248,17,1111.712664739409,389.19238355697104,1111.71,389.19,-0.002664739409055983,-0.0023835569710399795,0.0035752174692414602
248,18,1258.3224743917858,461.87538801823405,1258.32,461.88,-0.00247439178588138,0.004611981765947348,0.005233831342283401
248,19,1482.7256530405239,572.182775571194,1482.73,572.18,0.004346959476151824,-0.002775571194092663,0.005157504448934883
248,20,1757.6130276328913,707.7833659614256,1757.61,707.78,-0.0030276328914169426,-0.0033659614256293935,0.004527279231946575
248,21,1536.2186724708772,500.04123955769984,1536.22,500.04,0.001327529122818305,-0.0012395576998187607,0.0018162700413514273
248,22,1548.6236441913793,432.3459315241567,1548.62,432.35,-0.0036441913794078573,0.004068475843325814,0.005461925164031107
248,23,1876.5294473490317,560.3529569042582,1876.53,560.35,0.0005526509683022596,-0.0029569042582124894,0.0030081066944176995
248,24,1365.5342137497805,314.3891369878486,1365.53,314.39,-0.004213749780547005,0.0008630121513988342,0.00430121810497003
248,25,1530.7863393493747,369.23804011434487,1530.79,369.24,0.0036606506253065163,0.001959885655139715,0.004152290305575878
248,26,1694.7551375064697,426.688719863663,1694.76,426.69,0.004862493530254142,0.001280136337015847,0.005028179827045939
248,31,357.8553423473777,578.2619793634258,357.86,578.26,0.004657652622313435,-0.0019793634257894155,0.00506079119520812
249,17,1116.5344985545569,389.3942876677283,1116.53,389.39,-0.0044985545569034,-0.004287667728306133,0.0062145866837460895
249,18,1262.9918557938395,462.15654101367556,1262.99,462.16,-0.0018557938394678786,0.0034589863244605112,0.003925373506739425
249,19,1487.294239780393,572.3870816783956,1487.29,572.39,-0.004239780392936154,0.0029183216043975335,0.0051470708919752845
249,20,1761.9597707246685,708.3375244710692,1761.96,708.34,0.00022927533154870616,0.0024755289308586725,0.0024861236222631913
249,21,1540.664004353158,500.5309296682749,1540.66,500.53,-0.00400435315782488,-0.000929668274920914,0.004110854815482605
249,22,1553.2177331435346,432.75944864311754,1553.22,432.76,0.0022668564654395595,0.0005513568824540016,0.0023329450586618045
249,23,1880.8970855117736,561.0147176781936,1880.9,561.01,0.0029144882264517946,-0.004717678193628672,0.005545333999027075
249,24,1370.4006603123353,314.79185274088644,1370.4,314.79,-0.0006603123351851536,-0.0018527408864201789,0.0019668912456490065
249,25,1535.589754512031,369.67853008575867,1535.59,369.68,0.0002454879688684741,0.0014699142413405752,0.001490272532040703
249,26,1699.3163531298524,427.26653989774724,1699.32,427.27,0.0036468701475769194,0.0034601022527454006,0.005027123379502586
249,31,364.1415067605333,577.4464845225693,364.14,577.45,-0.0015067605332887979,0.0035154774307102343,0.0038247756627689646
250,17,1121.1508739159176,389.5457157507962,1121.15,389.55,-0.0008739159175092936,0.004284249203806212,0.004372473015490235
250,18,1267.4938918453795,462.3674057602567,1267.49,462.37,-0.0038918453794849484,0.002594239743302751,0.004677236395944711
250,19,1491.7206798352947,572.7903112587967,1491.72,572.79,-0.0006798352947043895,-0.00031125879672799783,0.0007477018566690638
250,20,1766.2198280435014,709.0031433533019,1766.22,709.0,0.00017195649866152962,-0.00314335330187987,0.003148053210775036
250,21,1544.9980032648684,500.89819725120617,1545.0,500.9,0.001996735131569949,0.0018027487938070408,0.0026901402192485062
250,22,1557.913299857651,433.31958648233814,1557.91,433.32,-0.0032998576509726263,0.00041351766185471206,0.0033256664555166033
250,23,1885.4228141338303,561.7610382586452,1885.42,561.76,-0.0028141338302702934,-0.001038258645166934,0.002999555005152536
250,24,1375.3004952342515,315.0938895556648,1375.3,315.09,-0.0004952342515025521,-0.003889555664841282,0.003920956545762807
250,25,1540.4423158840232,370.008897564319,1540.44,370.01,-0.002315884023118997,0.0011024356809912206,0.0025648943914439062
250,26,1703.9872648473893,427.69990492331044,1703.99,427.7,0.002735152610739533,9.507668954711335e-05,0.0027368045931214237
250,31,369.85613007039996,576.584863391927,369.86,576.58,0.003869929600057276,-0.004863391926960503,0.006215218109175579
251,17,1123.363155436938,388.65928681309714,1123.36,388.66,-0.00315543693818654,0.0007131869028853544,0.003235029803466925
251,18,1270.3704188840347,462.02555432019255,1270.37,462.03,-0.0004188840348433587,0.004445679807417946,0.004465370397260492
251,19,1496.040509876471,573.3427334440976,1496.04,573.34,-0.000509876471141979,-0.0027334440975437246,0.00278059178057852
251,20,1772.664871032626,711.5023575149764,1772.66,711.5,-0.004871032625942462,-0.002357514976438324,0.0054115465171360125
251,21,1548.4985024486514,501.17364793840466,1548.5,501.17,0.0014975513486206182,-0.003647938404640172,0.0039433633672037015
251,22,1560.4349748932382,433.2396898617536,1560.43,433.24,-0.004974893238113509,0.00031013824639103404,0.004984550979025295
251,23,1890.3171106003729,563.3207786939838,1890.32,563.32,0.002889399627065359,-0.0007786939837615137,0.0029924896867377523
251,24,1376.4753714256885,314.3204171667486,1376.48,314.32,0.004628574311482225,-0.0004171667486048136,0.0046473356079644885
251,25,1542.0817369130173,369.5066731732393,1542.08,369.51,-0.0017369130173392477,0.00332682676071272,0.003752951255425098
251,26,1706.240448635542,428.02492869248283,1706.24,428.02,-0.00044863554194307653,-0.004928692482849328,0.004949068946780802
251,31,380.64209755279995,574.6886475439453,380.64,574.69,-0.0020975527999667065,0.0013524560547466535,0.002495769446216748
252,17,1126.5223665777035,387.74446510982284,1145.9,397.1,19.37763342229664,9.355534890177182,21.517869553704205
252,18,1273.777814163026,461.76916574014444,1276.7,463.7,2.922185836973995,1.9308342598555441,3.50246927250523
252,19,1500.7803824073533,573.7570500830732,1497.2,573.1,-3.580382407353227,-0.6570500830731589,3.6401721105671547
252,20,1778.9986532744695,713.6267681362324,1793.2,721.7,14.201346725530584,8.07323186376766,16.33570694965148
252,21,1552.3738768364885,501.6302359538035,1560.0,503.2,7.6261231635114655,1.5697640461964966,7.78600755623685
252,22,1563.8262311699286,433.42976739631524,1589.7,435.8,25.873768830071413,2.3702326036847694,25.982107614039805
252,23,1895.4878329502797,564.7405840204879,1895.49,564.74,0.0021670497203558625,-0.000584020487849557,0.0022443672651155954
252,24,1378.6065285692664,313.7403128750615,1408.3,325.8,29.693471430733553,12.059687124938534,32.048998411170324
252,25,1544.561302684763,369.38000487992946,1573.7,376.4,29.138697315237096,7.019995120070519,29.972387504415117
252,26,1709.1803364766565,428.51869651936215,1741.9,426.9,32.71966352334357,-1.6186965193621745,32.759678867513564
252,31,390.4815731646,572.766485657959,383.0,568.0,-7.481573164599979,-4.766485657959038,8.870925687029045
253,17,1130.3917749332777,387.30834883236713,1130.39,387.31,-0.001774933277602031,0.001651167632871875,0.0024241993919194844
253,18,1277.8333606222695,461.57687430510833,1277.83,461.58,-0.003360622269610758,0.00312569489165071,0.004589526184116952
253,19,1505.835286805515,574.0677875623048,1505.84,574.07,0.004713194485020722,0.002212437695220615,0.005206638340509436
253,20,1785.498989955852,715.4700761021743,1785.5,715.47,0.001010044147960798,-7.610217426190502e-05,0.0010129070647187943
253,21,1556.7804076273665,501.9726769653526,1556.78,501.97,-0.0004076273664850305,-0.002676965352577554,0.0027078226619939843
253,22,1567.8696733774464,433.57232554723646,1567.87,433.57,0.00032662255352988723,-0.0023255472364667185,0.002348372253607246
253,23,1901.1158747127097,566.0554380153659,1901.12,566.06,0.00412528729020778,0.004561984634051441,0.0061505852589872545
253,24,1381.7048964269497,313.5552346562961,1381.7,313.56,-0.004896426949699162,0.0047653437039230084,0.0068325322897340845
253,25,1547.9209770135722,369.2850036599471,1547.92,369.29,-0.0009770135720827966,0.004996340052912274,0.0050909694012407315
253,26,1712.6352523574924,429.13902238952164,1712.64,429.14,0.004747642507709315,0.0009776104783441042,0.004847249903643981
253,31,400.11117987345,571.0748642434693,400.11,571.07,-0.0011798734499848251,-0.004864243469228313,0.005005293786173734
254,17,1134.7938311999583,386.73126162427536,1156.5,396.8,21.706168800041723,10.06873837572465,23.927750760460018
254,18,1282.6250204667022,461.43265572883126,1290.7,464.0,8.074979533297892,2.5673442711687358,8.473284550272272
254,19,1511.126465104136,574.5508406717286,1511.13,574.55,0.0035348958640497585,-0.0008406717286106868,0.003633485616451697
254,20,1791.624242466889,717.1025570766308,1807.5,722.9,15.875757533111027,5.7974429233692035,16.901184032482906
254,21,1561.835305720525,502.47950772401447,1571.9,503.7,10.064694279475134,1.2204922759855208,10.138425535310688
254,22,1572.4022550330847,433.67924416042734,1599.1,436.2,26.697744966915252,2.5207558395726437,26.816483668094673
254,23,1906.8369060345321,567.2915785115244,1906.84,567.29,0.0030939654677695216,-0.0015785115244852932,0.0034733731369783983
254,24,1385.5286723202123,313.16642599222206,1421.2,325.4,35.67132767978774,12.233574007777918,37.71079356686319
254,25,1552.1907327601791,369.21375274496035,1586.9,375.8,34.709267239820974,6.586247255039666,35.32862699327313
254,26,1717.2264392681193,429.60426679214123,1752.7,427.9,35.47356073188075,-1.7042667921412544,35.5144764328186
254,31,410.0833849050875,569.556148182602,400.8,571.4,-9.283384905087473,1.84385181739799,9.464725290283274
255,17,1139.5953733999686,386.29844621820655,1139.6,386.3,0.00462660003131532,0.0015537817934614395,0.004880539489796099
255,18,1287.7187653500266,461.3244917966234,1287.72,461.32,0.0012346499734121608,-0.0044917966234265805,0.0046583900076177685
255,19,1516.844848828102,574.9131305037964,1516.84,574.91,-0.004848828102012703,-0.0031305037964557414,0.0057715845296150625
255,20,1797.7181818501667,718.5769178074731,1797.72,718.58,0.0018181498332978663,0.003082192526903782,0.003578488450340811
255,21,1567.1264792903937,502.85963079301087,1567.13,502.86,0.0035207096063913923,0.00036920698914855166,0.0035400155272784853
255,22,1577.3016912748135,434.0094331203205,1577.3,434.01,-0.0016912748135382571,0.000566879679468002,0.0017837497206454193
255,23,1912.627679525899,568.4686838836433,1912.63,568.47,0.0023204741009976715,0.0013161163567474432,0.002667726057506489
255,24,1389.8965042401592,312.87481949416656,1389.9,312.87,0.0034957598409164348,-0.00481949416655425,0.005953810618991382
255,25,1556.8930495701343,369.16031455872024,1556.89,369.16,-0.0030495701341806125,-0.00031455872021979303,0.0030657503472645443
255,26,1722.1698294510895,429.9532000941059,1722.17,429.95,0.00017054891054613108,-0.0032000941059209254,0.003204635582658084
255,31,419.5625386788156,568.4171111369515,419.56,568.42,-0.0025386788155969953,0.0028888630484971145,0.003845831488993376
256,17,1144.6965300499764,386.2238346636549,1144.7,386.22,0.003469950023600177,-0.0038346636548567403,0.005171576018213608
256,18,1293.03907401252,461.49336884746754,1293.04,461.49,0.0009259874800591206,-0.003368847467527303,0.003493792505672219
256,19,1522.6336366210764,575.4348478778473,1522.63,575.43,-0.0036366210763389972,-0.004847877847396376,0.006060274950540572
256,20,1803.788636387625,719.9326883556048,1803.79,719.93,0.0013636123749165563,-0.0026883556048460377,0.003014414465054976
256,21,1572.5948594677952,503.39472309475815,1572.59,503.39,-0.004859467795313321,-0.0047230947581624605,0.006776581095823248
256,22,1582.7262684561101,434.2570748402404,1582.73,434.26,0.003731543889898603,0.002925159759570306,0.004741411121306505
256,24,1394.6723781801193,312.9061146206249,1394.67,312.91,-0.0023781801191944396,0.003885379375105913,0.004555426826086673
256,25,1561.9197871776007,369.37023591904017,1561.92,369.37,0.00021282239936226688,-0.00023591904016484477,0.0003177281340747367
256,26,1727.627372088317,430.46490007057946,1727.63,430.46,0.0026279116830210114,-0.004900070579481053,0.005560270811539138
256,31,427.4219040091117,567.5628333527136,427.42,567.56,-0.0019040091116835356,-0.0028333527136510384,0.003413669330402057
257,17,1150.0223975374824,386.16787599774113,1150.02,386.17,-0.00239753748246585,0.002124002258881319,0.0032030565988695288
257,18,1298.5293055093898,461.62002663560065,1298.53,461.62,0.0006944906101580273,-2.6635600647750834e-05,0.0006950011962720175
257,19,1528.7252274658074,576.0761359083855,1528.73,576.08,0.004772534192625244,0.003864091614559584,0.006140707339182253
257,20,1809.0914772907188,721.1995162667035,1809.09,721.2,-0.0014772907188671525,0.0004837332965053065,0.0015544728271021397
257,21,1578.4461446008463,504.0460423210686,1578.45,504.05,0.0038553991537355614,0.003957678931385544,0.00552515385836068
257,22,1588.2947013420826,434.6928061301803,1588.29,434.69,-0.00470134208262607,-0.002806130180317723,0.005475124105146915
257,24,1399.7542836350895,312.9295859654687,1399.75,312.93,-0.004283635089450399,0.0004140345313317084,0.004303597817257765
257,25,1567.6898403832006,369.7776769392801,1567.69,369.78,0.00015961679946485674,0.002323060719845671,0.0023285378740233735
257,26,1733.4705290662378,431.0986750529346,1733.47,431.1,-0.0005290662377319677,0.0013249470654272955,0.0014266729863890537
257,31,434.8164280068338,566.9221250145351,434.82,566.92,0.0035719931661901683,-0.0021250145351814353,0.004156299069369484
258,14,128.0,504.0,128.0,504.0,0.0,0.0,0.0
258,15,144.0,690.0,144.0,690.0,0.0,0.0,0.0
258,17,1154.7667981531117,386.1259069983058,1154.77,386.13,0.0032018468882597517,0.004093001694172926,0.005196584105387028
258,18,1303.6469791320424,461.9650199767005,1303.65,461.97,0.0030208679577299336,0.004980023299538061,0.0058246266216798286
258,19,1535.2939205993555,577.0571019312891,1535.29,577.06,-0.003920599355524246,0.002898068710806001,0.00487543860171471
258,20,1814.818607968039,722.6496372000277,1814.82,722.65,0.0013920319609042053,0.00036279997232213645,0.001438532863752424
258,21,1584.5846084506347,504.53453174080147,1584.58,504.53,-0.004608450634805195,-0.004531740801496653,0.006463318957423185
258,22,1594.221026006562,435.01960459763524,1594.22,435.02,-0.0010260065619149827,0.00039540236474522317,0.0010995601371178922
258,24,1404.565712726317,312.6971894741015,1404.57,312.7,0.004287273682848536,0.0028105258984965076,0.005126379956437607
258,25,1573.5173802874006,369.8332577044601,1573.52,369.83,0.0026197125994258386,-0.0032577044601111993,0.0041803746785448416
258,26,1740.1028967996783,431.32400628970095,1740.1,431.32,-0.002896799678410389,-0.004006289700953403,0.004943865445661303
258,31,439.86232100512535,567.1915937609014,439.86,567.19,-0.0023210051253386155,-0.0015937609013008114,0.0028155174661797597
259,14,127.5,503.75,127.5,503.75,0.0,0.0,0.0
259,15,143.5,690.0,143.5,690.0,0.0,0.0,0.0
259,17,1159.5750986148337,386.3444302487294,1159.58,386.34,0.0049013851662493835,-0.0044302487294203274,0.006606866152152616
259,18,1308.9852343490318,462.2237649825254,1308.99,462.22,0.004765650968238333,-0.003764982525353844,0.00607342757981774
259,19,1541.7204404495167,577.7928264484668,1541.72,577.79,-0.00044044951664545806,-0.00282644846686253,0.00286056055914619
259,20,1820.1139559760293,723.7372279000208,1820.11,723.74,-0.003955976029374142,0.002772099979210907,0.00483055738395932
259,21,1590.688456337976,505.1508988056011,1590.69,505.15,0.0015436620240052434,-0.0008988056011389745,0.0017862653646630328
259,22,1600.1657695049214,435.51470344822644,1600.17,435.51,0.004230495078672902,-0.004703448226450746,0.00632609783591578
259,24,1409.674284544738,312.52289210557615,1409.67,312.52,-0.004284544737856777,-0.0028921055761657044,0.005169293788747643
259,25,1579.6380352155504,369.8749432783451,1579.64,369.87,0.0019647844496830658,-0.004943278345081126,0.005319434061125712
259,26,1746.8271725997588,431.7430047172757,1746.83,431.74,0.0028274002411308174,-0.003004717275700841,0.004125835434241372
259,31,444.896740753844,567.143695320676,444.9,567.14,0.0032592461559488584,-0.0036953206760017565,0.004927279209011144
260,14,129.125,503.8125,129.12,503.81,-0.0049999999999954525,-0.0024999999999977263,0.00559016994374439
260,15,144.875,690.0,144.88,690.0,0.0049999999999954525,0.0,0.0049999999999954525
260,17,1164.4313239611251,386.50832268654705,1164.43,386.51,-0.0013239611250810412,0.0016773134529444178,0.0021368793789435523
260,18,1314.2389257617738,462.66782373689404,1314.24,462.67,0.001074238226237867,0.0021762631059800697,0.00242695465000084
260,19,1548.0403303371374,578.5946198363501,1548.04,578.59,-0.00033033713748409355,-0.004619836350116202,0.00463163151883396
260,20,1826.085466982022,724.8029209250155,1826.09,724.8,0.004533017978019416,-0.0029209250155872724,0.005392592598716385
260,21,1596.766342253482,505.6131741042008,1596.77,505.61,0.003657746518001659,-0.0031741042008093245,0.004842937855016174
260,22,1605.874327128691,435.8860275861698,1605.87,435.89,-0.004327128691102189,0.003972413830183541,0.0058740202883198495
260,24,1414.5057134085534,312.6421690791821,1414.51,312.64,0.004286591446543753,-0.0021690791821242783,0.004804140997921168
260,25,1585.2285264116629,370.1562074587588,1585.23,370.16,0.0014735883371486125,0.003792541241239178,0.004068762914434855
260,26,1753.1203794498192,432.0572535379568,1753.12,432.06,-0.00037944981932014343,0.002746462043205611,0.002772550435997735
260,31,450.42255556538305,567.357771490507,450.42,567.36,-0.0025555653830338088,0.0022285094929657134,0.0033907475558052147
261,14,127.34375,503.609375,127.34,503.61,-0.0037499999999965894,0.0006250000000136424,0.003801726581435266
261,15,142.90625,690.0,142.91,690.0,0.0037499999999965894,0.0,0.0037499999999965894
261,17,1169.3234929708437,386.8812420149103,1169.32,386.88,-0.003492970843808507,-0.0012420149103036238,0.0037072154446582727
261,18,1319.6791943213302,463.00086780267054,1319.68,463.0,0.0008056786698489304,-0.0008678026705410957,0.0011841450899479334
261,19,1554.530247752853,579.1959648772627,1554.53,579.2,-0.00024775285305622674,0.0040351227373776055,0.004042721482108215
261,20,1831.5641002365164,725.8521906937617,1831.56,725.85,-0.004100236516478617,-0.0021906937616904543,0.004648771735477467
261,21,1603.0747566901114,506.2098805781506,1603.07,506.21,-0.004756690111435091,0.000119421849376522,0.004758188982620687
261,22,1612.1557453465182,436.41452068962735,1612.16,436.41,0.004254653481893911,-0.004520689627327101,0.006207955457122323
261,24,1419.879285056415,312.73162680938657,1419.88,312.73,0.0007149435850806185,-0.0016268093865505762,0.0017769786464718674
261,25,1591.6713948087472,370.3671555940691,1591.67,370.37,-0.001394808747136267,0.002844405930886751,0.00316798619642693
261,26,1760.0902845873643,432.5429401534676,1760.09,432.54,-0.00028458736437642074,-0.0029401534675912444,0.00295389444309568
261,31,455.8169166740373,567.2683286178803,455.82,567.27,0.0030833259626774634,0.00167138211963902,0.003507195059013674
262,14,127.5078125,503.45703125,127.51,503.46,0.002187500000005116,0.0029687499999795364,0.0036876324128634185
262,15,142.9296875,690.0,142.93,690.0,0.0003125000000068212,0.0,0.0003125000000068212
262,17,1174.242619728133,387.16093151118275,1174.24,387.16,-0.002619728132913224,-0.0009315111827277178,0.002780411583547263
262,18,1325.0093957409977,463.2506508520029,1325.01,463.25,0.0006042590023298544,-0.0006508520028774001,0.0008881088174014455
262,19,1560.8976858146398,579.646973657947,1560.9,579.65,0.002314185360319243,0.0030263420529763607,0.0038097506615957268
262,20,1837.1730751773873,726.6391430203213,1837.17,726.64,-0.003075177387245276,0.0008569796787014639,0.0031923549509307305
262,21,1609.0560675175834,506.65741043361294,1609.06,506.66,0.003932482416530547,0.002589566387086961,0.0047085318337516365
262,22,1618.1168090098886,436.8108905172205,1618.12,436.81,0.0031909901113067463,-0.0008905172205118106,0.003312919982505693
262,24,1425.1594637923113,313.0487201070399,1425.16,313.05,0.0005362076888104639,0.001279892960099005,0.0013876759977928753
262,25,1597.7535461065604,370.77536669555184,1597.75,370.78,-0.00354610656040677,0.004633304448134368,0.00583458497640249
262,26,1766.8177134405232,432.90720511510074,1766.82,432.91,0.0022865594767154107,0.0027948848992878084,0.0036110574408092814
262,31,461.112687505528,567.2012464634103,461.11,567.2,-0.002687505528001566,-0.0012464634102116179,0.002962491687082911
263,13,111.0,364.0,111.0,364.0,0.0,0.0,0.0
263,14,124.130859375,503.5927734375,124.13,503.59,-0.0008593750000045475,-0.002773437500025011,0.002903529052235882
263,15,139.197265625,690.5,139.2,690.5,0.0027343749999886313,0.0,0.0027343749999886313
263,17,1178.6819647960997,387.62069863338706,1178.68,387.62,-0.0019647960996280744,-0.0006986333870599992,0.0020853086876116496
263,18,1330.0070468057484,463.6879881390022,1330.01,463.69,0.0029531942516314302,0.0020118609978112545,0.003573365495213584
263,19,1567.1732643609798,580.2352302434603,1567.17,580.24,-0.0032643609797560202,0.0047697565397584185,0.005779846888518923
263,20,1842.3798063830404,727.229357265241,1842.38,727.23,0.00019361695967745618,0.0006427347590260979,0.000671264104161006
263,21,1615.2920506381874,507.2430578252097,1615.29,507.24,-0.0020506381874838553,-0.0030578252096802316,0.003681767508809189
263,22,1624.0876067574163,437.3581678879154,1624.09,437.36,0.0023932425835937465,0.0018321120846280792,0.0030140080880061877
263,24,1430.1195978442333,313.5365400802799,1430.12,313.54,0.0004021557665510045,0.0034599197201146126,0.003483213133043714
263,25,1604.0651595799204,371.3315250216639,1604.07,371.33,0.004840420079517571,-0.0015250216638946767,0.005074973657226704
263,26,1773.8632850803924,433.4304038363256,1773.86,433.43,-0.003285080392515738,-0.00040383632557450255,0.003309809203435278
263,31,467.58451562914604,567.4009348475577,467.58,567.4,-0.004515629146055744,-0.0009348475576871351,0.004611382280924206
264,14,128.84814453125,503.444580078125,128.85,503.44,0.0018554687499943157,-0.004580078125002274,0.004941647489788179
264,15,143.64794921875,690.125,143.65,690.12,0.0020507812500056843,-0.0049999999999954525,0.005404230170461784
264,17,1183.7614735970747,387.9655239750403,1183.76,387.97,-0.0014735970746642124,0.004476024959728875,0.004712354801855946
264,18,1335.0052851043113,464.0159911042516,1335.01,464.02,0.004714895688721299,0.004008895748370378,0.006188819473601148
264,19,1572.629948270735,580.6764226825952,1572.63,580.68,5.172926512386766e-05,0.0035773174047335488,0.003577691396847949
264,20,1847.0348547872804,727.6720179489307,1847.03,727.67,-0.004854787280464734,-0.0020179489307565746,0.005257478238252991
264,21,1620.4690379786407,507.68229336890727,1620.47,507.68,0.0009620213593279914,-0.0022933689072601737,0.0024869712584971704
264,22,1629.3157050680622,438.0186259159365,1629.32,438.02,0.004294931937693036,0.0013740840634568485,0.004509384366281249
264,24,1435.339698383175,313.90240506020996,1435.34,313.9,0.0003016168250269402,-0.0024050602099805474,0.0024238991981456255
264,25,1609.2988696849402,371.74864376624794,1609.3,371.75,0.001130315059754139,0.0013562337520625078,0.0017654976988205199
264,26,1779.1474638102943,433.82280287724416,1779.15,433.82,0.0025361897057791793,-0.0028028772441643923,0.0037799972314215865
264,31,472.9383867218595,567.3007011356683,472.94,567.3,0.001613278140496277,-0.0007011356683506165,0.0017590501937229054
265,13,112.75,364.25,112.75,364.25,0.0,0.0,0.0
265,14,126.8861083984375,503.58343505859375,126.89,503.58,0.0038916015625005684,-0.003435058593765916,0.005190779350334778
265,15,141.4859619140625,690.34375,141.49,690.34,0.004038085937509095,-0.0037499999999681677,0.005510774722166563
265,17,1188.071105197806,388.72414298128024,1188.07,388.72,-0.0011051978060550027,-0.0041429812802107335,0.004287861480818307
265,18,1339.7539638282335,464.51199332818874,1339.75,464.51,-0.003963828233509048,-0.0019933281887460907,0.004436810964286537
265,19,1578.2224612030514,581.2573170119464,1578.22,581.26,-0.0024612030513253558,0.002682988053607005,0.003640871510456136
265,20,1851.2761410904604,728.004013461698,1851.28,728.0,0.0038589095395309414,-0.0040134616980367355,0.0055676797353916485
265,21,1625.8517784839805,508.26172002668045,1625.85,508.26,-0.0017784839806154196,-0.0017200266804593412,0.00247416593032837
265,22,1634.7367788010467,438.7639694369524,1634.74,438.76,0.003221198953269777,-0.003969436952388605,0.005112000823115587
265,24,1440.004773787381,314.92680379515747,1440.0,314.93,-0.004773787381054717,0.0031962048425384637,0.005744977924673304
265,25,1614.974152263705,372.561482824686,1614.97,372.56,-0.004152263705009318,-0.001482824685979267,0.004409088672876428
265,26,1785.1105978577207,434.3671021579331,1785.11,434.37,-0.0005978577207770286,0.002897842066886369,0.002958871828739624
265,31,479.20379004139465,567.2255258517512,479.2,567.23,-0.0037900413946658773,0.004474148248846177,0.005863652132070437
266,14,134.16458129882812,503.4375762939453,134.16,503.44,-0.004581298828128411,0.0024237060546852263,0.005182919060927787
266,15,148.36447143554688,689.7578125,148.36,689.76,-0.004471435546861358,0.002187499999990905,0.004977840103869905
266,17,1193.0533288983545,389.2931072359602,1193.05,389.29,-0.0033288983545389783,-0.00310723596015805,0.004553732487416409
266,18,1344.5654728711752,465.13399499614155,1344.57,465.13,0.004527128824747706,-0.003994996141557294,0.006037788466559525
266,19,1582.9168459022885,581.6929877589598,1582.92,581.69,0.003154097711558279,-0.002987758959761777,0.004344540939580838
266,20,1855.2071058178453,728.2530100962736,1855.21,728.25,0.0028941821547050495,-0.0030100962735559733,0.004175759801603622
266,21,1630.1388338629854,508.94629002001034,1630.14,508.95,0.0011661370147066918,0.0037099799896509467,0.0038889364948118494
266,22,1639.302584100785,439.5729770777143,1639.3,439.57,-0.0025841007850431197,-0.0029770777143198757,0.003942152785517137
266,24,1444.7535803405358,315.6951028463681,1444.75,315.7,-0.003580340535791038,0.004897153631873152,0.006066378824834208
266,25,1619.4806141977788,373.1711121185145,1619.48,373.17,-0.0006141977787592623,-0.0011121185144702395,0.0012704512984212752
266,26,1789.3329483932905,435.02532661844987,1789.33,435.03,-0.0029483932905804977,0.00467338155010566,0.005525714262320128
266,31,485.15284253104596,567.1691443888134,485.15,567.17,-0.002842531045985197,0.0008556111865800631,0.0029685102745300785
267,14,141.8734359741211,503.078182220459,141.87,503.08,-0.0034359741210892025,0.0018177795409997088,0.003887189295682914
267,15,155.52335357666016,688.818359375,155.52,688.82,-0.003353576660146018,0.0016406250000500222,0.0037333800779274077
267,17,1198.039996673766,389.96983042697013,1198.04,389.97,3.3262340366491117e-06,0.0001695730298933995,0.00016960564937552736
267,18,1349.1741046533814,465.60049624710615,1349.17,465.6,-0.0041046533813187125,-0.0004962471061276119,0.004134542365378685
267,19,1587.1876344267164,582.2697408192198,1587.19,582.27,0.0023655732836687093,0.00025918078017639345,0.002379729320158073
267,20,1858.655329363384,728.4397575722052,1858.66,728.44,0.004670636616083357,0.0002424277948875897,0.004676923950122842
267,21,1634.604125397239,509.45971751500775,1634.6,509.46,-0.004125397239022277,0.0002824849922262729,0.004135057454324632
267,22,1643.9769380755888,440.42973280828573,1643.98,440.43,0.0030619244112131128,0.00026719171427203037,0.0030735602340215156
267,24,1450.065185255402,316.5213271347761,1450.07,316.52,0.00481474459797937,-0.0013271347760905883,0.00499430197902375
267,25,1624.110460648334,373.8783340888859,1624.11,373.88,-0.00046064833418313356,0.001665911114116625,0.001728426084020659
267,26,1793.749711294968,435.7689949638374,1793.75,435.77,0.000288705032062353,0.0010050361626099402,0.0010456807752329763
267,31,490.6146318982845,567.12685829161,490.61,567.13,-0.004631898284458202,0.003141708389989617,0.0055968574508645464
268,14,150.15507698059082,503.05863666534424,140.3,509.0,-9.855076980590809,5.941363334655762,11.507490628619372
268,15,163.39251518249512,687.86376953125,77.0,688.9,-86.39251518249512,1.0362304687499773,86.3987294648597
268,17,1202.7799975053244,390.47737282022763,1231.9,402.1,29.120002494675646,11.622627179772394,31.353787775162026
268,18,1353.380578490036,466.2003721853296,1361.8,468.8,8.419421509963968,2.5996278146703844,8.811624330238544
268,19,1591.1407258200372,582.7023056144149,1577.6,577.2,-13.540725820037324,-5.502305614414809,14.61597149723022
268,20,1861.741497022538,728.3298181791539,1880.5,729.3,18.758502977462058,0.9701818208460509,18.78357491855459
268,21,1638.7030940479292,510.09478813625583,1642.7,509.3,3.996905952070847,-0.7947881362558178,4.075162005519824
268,22,1648.2327035566916,441.0722996062143,1671.8,444.2,23.56729644330835,3.1277003937856875,23.773934705892955
268,24,1454.7988889415515,317.39099535108204,1495.2,333.3,40.40111105844858,15.909004648917971,43.42057350699539
268,25,1628.3328454862506,374.6587505666644,1659.2,384.1,30.867154513749483,9.4412494333356,32.278761107547865
268,26,1797.812283471226,436.576746222878,1826.5,435.4,28.68771652877399,-1.1767462228780232,28.711840959930626
268,31,496.21097392371337,567.0951437187075,496.21,567.1,-0.0009739237133885581,0.004856281292518361,0.004952978436412212
269,13,115.0625,365.4375,115.06,365.44,-0.0024999999999977263,0.0024999999999977263,0.003535533905929522
269,14,143.86630773544312,503.7939774990082,143.87,503.79,0.003692264556889313,-0.003977499008158247,0.005427090925897674
269,15,156.29438638687134,688.3978271484375,156.29,688.4,-0.004386386871345849,0.0021728515624772626,0.004895066260805374
269,17,1206.3349981289934,392.3580296151707,1206.33,392.36,-0.004998128993520368,0.0019703848292920156,0.005372495678115809
269,18,1357.535433867527,467.15027913899723,1357.54,467.15,0.00456613247297355,-0.00027913899725717783,0.004574656745651337
269,19,1596.355544365028,583.0267292108111,1596.36,583.03,0.004455634971918698,0.0032707891888321683,0.005527272828508317
269,21,1643.527320535947,510.8210911021919,1643.53,510.82,0.002679464053017,-0.00109110219187869,0.002893100690355033
269,22,1653.1745276675188,442.5542247046607,1653.17,442.55,-0.00452766751868694,-0.004224704660714451,0.006192568338745658
269,24,1459.3491667061635,319.54324651331154,1459.35,319.54,0.0008332938364219444,-0.003246513311523813,0.0033517498862116963
269,25,1634.499634114688,376.49406292499833,1634.5,376.49,0.00036588531202141894,-0.0040629249983226146,0.004079366568910892
269,26,1803.8592126034196,437.6825596671585,1803.86,437.68,0.0007873965803355532,-0.0025596671584935393,0.0026780383374766154
269,31,501.908230442785,567.3213577890306,501.91,567.32,0.001769557215027362,-0.0013577890305214169,0.0022304537181164915
270,14,155.39973080158234,503.59548312425613,155.4,503.6,0.00026919841766925856,0.004516875743888704,0.004524890526168094
270,15,167.4707897901535,687.5483703613281,167.47,687.55,-0.0007897901535045548,0.0016296386718295253,0.00181093641172048
270,17,1211.001248596745,392.768522211378,1211.0,392.77,-0.0012485967449720192,0.0014777886219690117,0.0019346454566084692
270,18,1361.6515754006452,467.61270935424795,1361.65,467.61,-0.0015754006451516034,-0.0027093542479406096,0.0031340848159515265
270,19,1600.016658273771,583.5200469081084,1600.02,583.52,0.0033417262288821803,-4.690810840202175e-05,0.0033420554393117077
270,20,1865.3061227669034,728.4973636343655,1865.31,728.5,0.0038772330965457513,0.0026363656345438358,0.004688641620336692
270,21,1646.8954904019602,511.3658183266439,1646.9,511.37,0.0045095980399310065,0.0041816733561290675,0.006150029799855389
270,22,1656.630895750639,443.16566852849553,1656.63,443.17,-0.0008957506388469483,0.004331471504485762,0.004423122720563705
270,24,1463.5118750296226,319.9074348849837,1463.51,319.91,-0.0018750296226244245,0.0025651150163525926,0.0031773497026353036
270,25,1637.874725586016,377.12054719374873,1637.87,377.12,-0.004725586016093075,-0.0005471937487300238,0.004757161358850847
270,26,1806.6444094525646,438.26191975036886,1806.64,438.26,-0.004409452564459571,-0.0019197503688701545,0.004809232100553703
270,31,509.43117283208875,567.2410183417729,509.43,567.24,-0.0011728320887414156,-0.0010183417729194844,0.0015532401858226403
271,13,131.796875,365.828125,131.8,365.83,0.0031250000000113687,0.0018749999999840838,0.0036443449342798725
271,14,162.04979810118675,503.4466123431921,162.05,503.45,0.00020189881325904935,0.0033876568078881064,0.0033936678945981217
271,15,173.60309234261513,686.9112777709961,173.6,686.91,-0.003092342615133248,-0.0012777709961255823,0.0033459350812454353
271,17,1215.5009364475586,393.3263916585335,1215.5,393.33,-0.0009364475586153276,0.003608341466474485,0.003727876361779699
271,18,1365.738681550484,467.95953201568597,1365.74,467.96,0.0013184495160203369,0.0004679843140138473,0.0013990419738010979
271,19,1604.0124937053283,583.8900351810813,1604.01,583.89,-0.0024937053283338173,-3.5181081329938024e-05,0.00249395348253411
271,21,1650.9216178014701,512.0243637449829,1650.92,512.02,-0.0016178014700471977,-0.0043637449829248,0.004653982367015182
271,22,1660.7231718129792,443.6242513963716,1660.72,443.62,-0.003171812979189781,-0.004251396371614646,0.0053042217792561176
271,24,1467.633906272217,320.6805761637378,1467.63,320.68,-0.003906272216909201,-0.0005761637377759143,0.003948534827670213
271,25,1641.906044189512,377.84041039531155,1641.91,377.84,0.003955810488150746,-0.00041039531157593956,0.003977041730976299
271,26,1810.2333070894233,438.94643981277665,1810.23,438.95,-0.0033070894232878345,0.0035601872233428367,0.004859194739756356
271,31,515.0733796240665,567.4307637563297,515.07,567.43,-0.0033796240664969446,-0.0007637563297748784,0.0034648495727977193
272,13,144.34765625,366.37109375,144.35,366.37,0.0023437499999943157,-0.0010937499999954525,0.002586397712062746
272,14,167.03734857589006,503.3349592573941,167.04,503.33,0.0026514241099278024,-0.00495925739409131,0.005623547253429615
272,15,178.20231925696135,686.4334583282471,178.2,686.43,-0.0023192569613570413,-0.0034583282471203347,0.004164010941103962
272,17,1219.8757023356688,393.7447937439001,1219.88,393.74,0.0042976643312613305,-0.004793743900108893,0.006438159619334327
272,18,1370.054011162863,468.4696490117645,1370.05,468.47,-0.0040111628629802,0.0003509882355388072,0.004026489818047247
272,19,1608.2593702789964,584.167526385811,1608.26,584.17,0.0006297210036336764,0.0024736141889434293,0.002552511645058581
272,21,1655.1912133511025,512.5182728087372,1655.19,512.52,-0.0012133511024785548,0.0017271912628302744,0.002110784346228473
272,22,1665.0423788597345,444.2181885472787,1665.04,444.22,-0.002378859734562866,0.0018114527213128895,0.002990039230223641
272,24,1472.2254297041627,321.2604321228033,1472.23,321.26,0.004570295837311278,-0.0004321228033177249,0.004590679051915083
272,25,1646.429533142134,378.38030779648363,1646.43,378.38,0.0004668578660584899,-0.0003077964836393221,0.000559191329011295
272,26,1814.6749803170674,439.4598298595825,1814.67,439.46,-0.004980317067293072,0.00017014041748097952,0.004983222436579695
272,31,520.5550347180499,567.3230728172473,520.56,567.32,0.004965281950035205,-0.00307281724724362,0.005839197776947041
273,13,152.2607421875,366.7783203125,152.26,366.78,-0.000742187500009095,0.0016796874999727152,0.0018363530114698372
273,14,169.27801143191755,503.25121944304556,169.28,503.25,0.0019885680824529572,-0.0012194430455565453,0.002332690369489027
273,15,180.151739442721,685.8250937461853,180.15,685.83,-0.0017394427210035701,0.004906253814738193,0.0052054766807935445
273,17,1223.9067767517517,394.5585953079251,1223.91,394.56,0.003223248248332311,0.0014046920749137826,0.003516033147696833
273,18,1374.290508372147,468.8522367588234,1374.29,468.85,-0.0005083721471237368,-0.0022367588233578317,0.0022938030154833066
273,19,1613.1945277092473,584.3756447893583,1613.19,584.38,-0.004527709247213352,0.00435521064173372,0.006282357102328069
273,21,1659.893410013327,512.8887046065529,1659.89,512.89,-0.0034100133268566424,0.001295393447094284,0.0036477712472295625
273,22,1669.781784144801,444.91364141045904,1669.78,444.91,-0.0017841448009221494,-0.0036414104590107854,0.00405500219502415
273,24,1476.669072278122,322.1953240921025,1476.67,322.2,0.0009277218780425756,0.004675907897478737,0.004767051766941793
273,25,1651.3221498566004,379.28523084736275,1651.32,379.29,-0.002149856600453859,0.004769152637265961,0.005231319172068924
273,26,1819.7562352378004,440.0948723946869,1819.76,440.09,0.0037647621995802183,-0.00487239468691314,0.006157407279403197
273,31,526.6662760385375,566.9923046129354,526.67,566.99,0.0037239614624695605,-0.0023046129354042932,0.004379398332646989
274,13,164.695556640625,366.583740234375,232.3,374.7,67.60444335937501,8.116259765624989,68.08989965122615
274,14,176.95850857393816,502.43841458228417,186.5,507.8,9.541491426061839,5.361585417715844,10.944709079051611
274,15,187.36380458204076,684.368820309639,123.8,683.3,-63.56380458204076,-1.0688203096390225,63.572790011121604
274,17,1228.6800825638138,394.6689464809438,1259.4,405.0,30.71991743618628,10.331053519056184,32.41055374565058
274,18,1378.4678812791103,469.1391775691175,1389.1,469.5,10.632118720889594,0.3608224308824788,10.638239578131286
274,19,1617.1458957819355,584.5317335920187,1601.0,577.7,-16.14589578193545,-6.831733592018622,17.53175788315127
274,21,1663.9200575099953,513.1665284549147,1669.2,512.0,5.279942490004714,-1.166528454914669,5.4072711540926806
274,22,1674.0863381086006,445.43523105784425,1696.8,445.7,22.713661891399397,0.2647689421557402,22.71520502019604
274,24,1481.5018042085915,322.6464930690769,1521.9,335.6,40.398195791408625,12.95350693092314,42.424138942475416
274,25,1655.7416123924504,379.71392313552207,1679.7,386.6,23.95838760754964,6.886076864477957,24.928345138357795
274,26,1823.8171764283502,440.82115429601515,1849.3,438.3,25.48282357164976,-2.5211542960151405,25.607235621365774
274,31,532.2497070289031,566.4942284597016,532.2,561.1,-0.04970702890307166,-5.394228459701594,5.39445747635265
275,14,189.46888143045362,501.5788109367131,189.47,501.58,0.001118569546378012,0.0011890632868585271,0.0016325040061938947
275,15,199.02285343653057,682.5266152322292,199.02,682.53,-0.002853436530557474,0.003384767770739927,0.004427047875928112
275,17,1233.7600619228604,394.7517098607079,1233.76,394.75,-6.192286036821315e-05,-0.0017098607078764871,0.0017109816132781974
275,18,1382.8509109593329,469.35438317683816,1382.85,469.35,-0.0009109593329412746,-0.0043831768381323855,0.004476838851311607
275,19,1621.1094218364515,584.648800194014,1621.11,584.65,0.0005781635484254366,0.0011998059859479326,0.0013318436442181878
275,21,1667.9400431324966,513.3748963411861,1667.94,513.37,-4.313249655751861e-05,-0.004896341186054087,0.004896531162211554
275,22,1678.3147535814505,445.5764232933832,1678.31,445.58,-0.004753581450586353,0.0035767066167977646,0.005948896269897767
275,24,1486.1263531564437,322.9848698018077,1486.13,322.98,0.00364684355645295,-0.004869801807672047,0.006083949175597076
275,25,1659.5562092943378,380.03544235164156,1659.56,380.04,0.003790705662140681,0.004557648358456845,0.0059280357603787946
275,26,1827.3628823212625,441.36586572201134,1827.36,441.37,-0.0028823212626321038,0.004134277988669055,0.005039844278210843
275,31,539.1872802716773,565.8706713447762,539.19,565.87,0.0027197283227451408,-0.0006713447761512725,0.002801361447226634
276,14,198.85166107284022,500.43410820253484,198.85,500.43,-0.0016610728402213226,-0.004108202534837346,0.004431308051553732
276,15,207.51714007739793,680.6449614241719,207.52,680.64,0.0028599226020844526,-0.0049614241719382335,0.00572668203271375
276,17,1238.5700464421452,395.0637823955309,1238.57,395.06,-4.644214527615986e-05,-0.0037823955308908808,0.0037826806400965383
276,18,1387.1381832194998,469.5157873826286,1387.14,469.52,0.0018167805003486137,0.004212617371365468,0.004587683130293227
276,19,1625.3320663773386,584.7366001455105,1625.33,584.74,-0.002066377338678649,0.003399854489543941,0.00397855826347645
276,21,1672.2050323493725,513.7811722558895,1672.21,513.78,0.004967650627577314,-0.0011722558895144175,0.005104090186132149
276,22,1682.736065186088,446.1823174700374,1682.74,446.18,0.003934813912110258,-0.0023174700373829182,0.004566555364506601
276,24,1490.8447648673327,323.48865235135577,1490.84,323.49,-0.0047648673328239965,0.001347648644241417,0.004951779232532383
276,25,1663.9171569707532,380.7765817637312,1663.92,380.78,0.0028430292468328844,0.0034182362687715795,0.004446026820374862
276,26,1831.272161740947,442.02439929150853,1831.27,442.02,-0.0021617409470309212,-0.004399291508548231,0.004901723135720204
276,31,545.890460203758,565.1530035085821,545.89,565.15,-0.00046020375805255753,-0.003003508582082759,0.003038560728629672
277,14,212.88874580463016,499.32558115190113,212.89,499.33,0.0012541953698246289,0.004418848098850958,0.004593389222176612
277,15,220.63785505804844,678.483721068129,220.64,678.48,0.002144941951542023,-0.0037210681289252534,0.004295011524500044
277,17,1244.177534831609,395.2978367966482,1244.18,395.3,0.002465168391154293,0.002163203351813081,0.003279710953428914
277,18,1391.8536374146247,469.8868405369715,1391.85,469.89,-0.0036374146247908357,0.00315946302850989,0.004817986278639982
277,19,1629.249049783004,584.8024501091329,1629.25,584.8,0.0009502169959887397,-0.0024501091329511837,0.0026279168751763564
277,21,1676.1537742620294,514.0858791919171,1676.15,514.09,-0.0037742620293101936,0.004120808082916483,0.005588033028009276
277,22,1687.0520488895659,446.63673810252806,1687.05,446.64,-0.0020488895659127593,0.003261897471929842,0.0038520025403273647
277,24,1495.8835736504996,324.1164892635168,1495.88,324.12,-0.003573650499447467,0.003510736483178789,0.005009615608659382
277,25,1668.187867728065,381.5824363227984,1668.19,381.58,0.0021322719351246633,-0.002436322798416768,0.0032376306743366495
277,26,1834.7041213057103,442.7682994686314,1834.7,442.77,-0.004121305710214074,0.0017005313685558576,0.004458359305000617
277,31,553.1678451528185,564.3647526314365,553.17,564.36,0.00215484718148673,-0.004752631436531374,0.005218320797638602
278,13,179.27166748046875,366.68780517578125,179.27,366.69,-0.0016674804687397682,0.0021948242187477263,0.0027564006357621825
278,14,214.66655935347262,498.99418586392585,214.67,498.99,0.003440646527366198,-0.004185863925840749,0.005418441227136454
278,15,221.97839129353633,677.8627908010967,221.98,677.86,0.0016087064636565174,-0.00279080109669394,0.003221258643375033
278,17,1248.3831511237067,395.72337759748615,1248.38,395.72,-0.0031511237066297326,-0.003377597486121431,0.004619279748265709
278,18,1396.3902280609686,470.1651304027286,1396.39,470.17,-0.00022806096853855706,0.004869597271408566,0.004874934808905704
278,19,1634.436787337253,585.1018375818496,1634.44,585.1,0.0032126627470461244,-0.001837581849599701,0.0037010686267936466
278,21,1681.115330696522,514.5644093939378,1681.12,514.56,0.004669303477840003,-0.00440939393786266,0.006422238695924399
278,22,1692.2890366671745,447.22755357689607,1692.29,447.23,0.00096333282544947,0.0024464231039473816,0.0026292577158042152
278,24,1500.6626802378746,324.83736694763763,1500.66,324.84,-0.002680237874528757,0.0026330523623414592,0.0037572117064241096
278,25,1673.3909007960488,382.1868272420988,1673.39,382.19,-0.0009007960486542288,0.0031727579012112983,0.003298154972248847
278,26,1840.0280909792828,443.32622460147354,1840.03,443.33,0.0019090207172212104,0.003775398526443041,0.004230602100440087
278,31,558.1258838646138,564.0235644735774,558.13,564.02,0.004116135386198039,-0.0035644735773985303,0.0054450015979321765
279,13,186.45375061035156,367.26585388183594,186.45,367.27,-0.0037506103515738687,0.00414611816404431,0.005590829441107216
279,14,212.49991951510447,498.9956393979444,212.5,499.0,8.04848955340276e-05,0.004360602055612617,0.004361344758881383
279,15,219.23379347015225,677.3970931008225,219.23,677.4,-0.00379347015226017,0.0029068991774465758,0.0047791713323471026
279,17,1252.53736334278,397.0425331981146,1252.54,397.04,0.0026366572199094662,-0.0025331981145768623,0.0036563716965041294
279,18,1401.0426710457264,470.62384780204644,1401.04,470.62,-0.002671045726401644,-0.0038478020464367546,0.004684022401856268
279,19,1639.5775905029398,585.3263781863873,1639.58,585.33,0.0024094970601709065,0.003621813612767255,0.004350081600222971
279,21,1686.0864980223914,515.1733070454534,1686.09,515.17,0.0035019776084936893,-0.0033070454534254168,0.0048166790220454695
279,22,1697.4667775003809,448.42066518267205,1697.47,448.42,0.003222499619141672,-0.0006651826720371901,0.003290436412171911
279,24,1505.747010178406,326.6280252107282,1505.75,326.63,0.0029898215939283546,0.001974789271798727,0.003583130730455091
279,25,1679.0431755970367,383.6401204315741,1679.04,383.64,-0.0031755970367157715,-0.00012043157408925254,0.0031778798441155077
279,26,1845.521068234462,444.24466845110516,1845.52,444.24,-0.0010682344620818185,-0.004668451105146687,0.004789108537830872
279,31,563.3444128984604,563.767673355183,563.34,563.77,-0.004412898460373071,0.002326644817003398,0.004988682083080841
280,13,199.34031295776367,367.19939041137695,199.34,367.2,-0.0003129577636684644,0.0006095886230355063,0.0006852305095182868
280,14,218.12493963632835,498.7467295484583,218.12,498.75,-0.004939636328344932,0.0032704515417094626,0.00592417592100157
280,15,224.4253451026142,676.5478198256169,224.43,676.55,0.004654897385819368,0.00218017438305651,0.005140158559134515
280,17,1257.153022507085,397.78189989858595,1257.15,397.78,-0.0030225070850065094,-0.0018998985859752793,0.003570036934809696
280,18,1405.5320032842947,470.96788585153485,1405.53,470.97,-0.002003284294687546,0.0021141484651820974,0.0029125198193615093
280,19,1643.9331928772049,585.7447836397905,1643.93,585.74,-0.0031928772048104292,-0.004783639790503003,0.005751319369525715
280,21,1690.3148735167936,515.62998028409,1690.31,515.63,-0.004873516793622912,1.9715909957085387e-05,0.004873556674014367
280,22,1701.6000831252857,449.065498887004,1701.6,449.07,-8.312528575515898e-05,0.00450111299596756,0.0045018804977031476
280,24,1510.0602576338047,327.4710189080462,1510.06,327.47,-0.0002576338047219906,-0.001018908046148681,0.0010509751585275704
280,25,1683.2823816977775,384.48009032368054,1683.28,384.48,-0.0023816977775368287,-9.032368052430684e-05,0.0023834098830850152
280,26,1849.3908011758465,444.9335013383289,1849.39,444.93,-0.0008011758463908336,-0.003501338328874226,0.0035918314033489694
280,31,570.2583096738454,563.3257550163872,570.26,563.33,0.0016903261546303838,0.004244983612807118,0.004569145257269516
281,13,210.75523471832275,367.3995428085327,210.76,367.4,0.004765281677236999,0.0004571914672624189,0.004787163408653211
281,14,224.09370472724626,498.56004716134373,224.09,498.56,-0.003704727246258699,-4.7161343729840155e-05,0.003705027417106919
281,15,229.81900882696064,675.6608648692127,229.82,675.66,0.0009911730393525886,-0.0008648692127053437,0.0013154553390461452
281,17,1261.8647668803137,398.5864249239395,1261.86,398.59,-0.004766880313809452,0.0035750760604855714,0.005958549887719422
281,18,1409.899002463221,471.4759143886511,1409.9,471.48,0.0009975367790957534,0.00408561134889851,0.004205627149415058
281,19,1648.1998946579038,586.3085877298429,1648.2,586.31,0.00010534209627621749,0.0014122701570613572,0.001416193473284628
281,21,1694.4861551375952,516.4724852130676,1694.49,516.47,0.003844862404775995,-0.0024852130675299122,0.004578127445002081
281,22,1705.9500623439642,450.04912416525303,1705.95,450.05,-6.234396414583898e-05,0.0008758347469779437,0.0008780508378672253
281,24,1514.7951932253536,328.60326418103466,1514.8,328.6,0.004806774646340273,-0.0032641810346376587,0.005810332204580718
281,25,1687.711786273333,385.6100677427604,1687.71,385.61,-0.0017862733329820912,-6.774276039323013e-05,0.0017875574121433537
281,26,1853.2931008818848,445.9501260037467,1853.29,445.95,-0.003100881884847695,-0.00012600374668636505,0.0031034408980928885
281,31,577.193732255384,563.2443162622905,577.19,563.24,-0.0037322553839658212,-0.0043162622904446835,0.0057061239393354085
282,13,213.31642603874207,368.29965710639954,213.32,368.3,0.003573961257927749,0.00034289360047523587,0.0035903725564926225
282,14,222.5702785454347,499.17003537100777,222.57,499.17,-0.0002785454346962979,-3.537100775474755e-05,0.00028078224192376545
282,15,227.6142566202205,675.4956486519095,227.61,675.5,-0.004256620220473906,0.0043513480904948665,0.00608712131520316
282,17,1266.3985751602354,400.18981869295465,1266.4,400.19,0.0014248397646952071,0.0001813070453522414,0.0014363288619780128
282,18,1414.6742518474157,472.10693579148835,1414.67,472.11,-0.004251847415616794,0.003064208511659672,0.005240952227278435
282,19,1653.3999209934277,586.4814407973822,1653.4,586.48,7.900657237769337e-05,-0.0014407973822017084,0.0014429619312504981
282,21,1699.3646163531964,517.1043639098007,1699.36,517.1,-0.004616353196524869,-0.00436390980064516,0.006352513328064118
282,22,1711.212546757973,451.2868431239398,1711.21,451.29,-0.002546757973050262,0.003156876060245395,0.0040560871086609525
282,24,1520.3463949190152,330.70244813577597,1520.35,330.7,0.003605080984698361,-0.002448135775978244,0.004357749153388513
282,25,1693.7838397049998,387.20755080707033,1693.78,387.21,-0.003839704999791138,0.0024491929296459602,0.004554325470588243
282,26,1858.9698256614136,446.96259450281,1858.97,446.96,0.00017433858647564193,-0.0025945028100409218,0.002600353586350242
282,31,581.645299191538,563.4332371967179,581.65,563.43,0.0047008084619619694,-0.0032371967179187777,0.005707630225107208
283,13,224.23731952905655,368.47474282979965,224.24,368.47,0.0026804709434600227,-0.004742829799624815,0.005447876557608719
283,14,230.42770890907602,499.1275265282558,230.43,499.13,0.0022910909239897137,0.0024734717441674547,0.0033715219250633434
283,15,234.71069246516538,674.8717364889321,234.71,674.87,-0.0006924651653719138,-0.0017364889321243027,0.0018694656500304447
283,17,1270.7989313701764,400.64236401971596,1270.8,400.64,0.0010686298235214053,-0.0023640197159693344,0.0025943320753541023
283,18,1418.7556888855618,472.58020184361624,1418.76,472.58,0.00431111443822374,-0.00020184361625297242,0.004315836946049198
283,19,1657.2999407450707,586.8610805980367,1657.3,586.86,5.925492928327003e-05,-0.0010805980366512813,0.0010822214484378736
283,21,1703.0234622648973,517.5782729323505,1703.02,517.58,-0.0034622648972799652,0.001727067649540004,0.003869113707947168
283,22,1714.9094100684797,451.7151323429548,1714.91,451.72,0.00058993152038056,0.004867657045224405,0.004903274855508439
283,24,1524.2597961892614,331.276836101832,1524.26,331.28,0.00020381073863973143,0.0031638981679975586,0.003170455871738823
283,25,1697.3378797787498,387.9056631053028,1697.34,387.91,0.002120221250152099,0.004336894697246407,0.004827421026241707
283,26,1862.22736924606,447.7219458771075,1862.23,447.72,0.002630753939911301,-0.001945877107459637,0.0032722017067556087
283,31,588.2339743936535,563.3249278975384,588.23,563.32,-0.00397439365349328,-0.004927897538323123,0.006330875062828104
284,13,236.4279896467924,368.60605712234974,236.43,368.61,0.002010353207595017,0.003942877650274568,0.004425811132924932
284,14,240.070781681807,498.84564489619186,240.07,498.85,-0.0007816818070125464,0.00435510380816595,0.004424698365687311
284,15,243.78301934887403,673.9038023666991,243.78,673.9,-0.003019348874033767,-0.003802366699119375,0.004855353760304284
284,17,1275.3491985276323,400.981773014787,1275.35,400.98,0.0008014723675842106,-0.0017730147869770008,0.0019457490564921622
284,18,1422.8167666641714,472.9351513827122,1422.82,472.94,0.003233335828554118,0.004848617287791512,0.005827825510744335
284,19,1660.974955558803,587.1458104485275,1660.97,587.15,-0.004955558802976157,0.004189551472450148,0.006489214481743047
284,21,1706.517596698673,518.1837046992629,1706.52,518.18,0.0024033013269217918,-0.0037046992629257147,0.004415954471765575
284,22,1718.4320575513598,452.2863492572161,1718.43,452.29,-0.0020575513597123063,0.0036507427839183038,0.004190637239392779
284,24,1528.194847141946,331.70762707637397,1528.19,331.71,-0.004847141945901967,0.00237292362601238,0.005396809388760182
284,25,1700.7534098340623,388.4292473289771,1700.75,388.43,-0.0034098340622676915,0.0007526710228944467,0.0034919166658020293
284,26,1864.920526934545,448.29145940783064,1864.92,448.29,-0.0005269345449505636,-0.0014594078306231495,0.0015516221288530353
284,31,595.1754807952401,563.2436959231538,595.18,563.24,0.004519204759844797,-0.003695923153827607,0.0058380698540187815
285,13,245.5709922350943,368.7045428417623,245.57,368.7,-0.0009922350943156744,-0.004542841762315675,0.004649939973787943
285,14,247.05308626135525,498.63423367214386,247.05,498.63,-0.00308626135523582,-0.004233672143868716,0.005239178272839356
285,15,250.08726451165552,672.9278517750244,250.09,672.93,0.002735488344484338,0.002148224975599078,0.003478184444303856
285,17,1279.5118988957242,401.48632976109025,1279.51,401.49,-0.001898895724252725,0.003670238909762702,0.004132367194033147
285,18,1426.8625749981286,473.4513635370341,1426.86,473.45,-0.002574998128693551,-0.0013635370341376074,0.002913734477648928
285,19,1664.7312166691022,587.6093578363957,1664.73,587.61,-0.0012166691021775478,0.0006421636043114631,0.0013757390010084797
285,21,1710.3881975240047,518.6377785244472,1710.39,518.64,0.0018024759954187175,0.0022214755528011665,0.0028607469908668863
285,22,1722.32404316352,452.9647619429121,1722.32,452.96,-0.00404316352000933,-0.004761942912125505,0.0062468609355320675
285,24,1532.3961353564596,332.2807203072805,1532.4,332.28,0.00386464354050986,-0.0007203072805168631,0.0039311973078910946
285,25,1704.5650573755468,389.32193549673286,1704.57,389.32,0.004942624453178723,-0.0019354967328695238,0.005308077249636526
285,26,1868.4403952009088,448.968594555873,1868.44,448.97,-0.0003952009087697661,0.001405444127044575,0.0014599510103207355
285,31,601.13161059643,562.9327719423654,601.13,562.93,-0.0016105964300550113,-0.002771942365484392,0.0032058829264452493
286,13,254.42824417632073,368.7784071313217,254.43,368.78,0.0017558236792751813,0.0015928686782444856,0.0023706850104633827
286,14,254.28981469601644,498.2256752541079,254.29,498.23,0.00018530398355665056,0.004324745892120063,0.0043287139658022365
286,15,256.8154483837416,672.1958888312682,256.82,672.2,0.004551616258368085,0.0041111687318107215,0.006133426359292077
286,17,1283.6339241717933,401.8647473208177,1283.63,401.86,-0.00392417179318727,-0.004747320817671152,0.006159235277884787
286,18,1430.8969312485965,473.8385226527756,1430.9,473.84,0.0030687514035889762,0.0014773472243518881,0.003405846443738992
286,19,1668.5484125018265,587.9570183772968,1668.55,587.96,0.0015874981734214089,0.0029816227032597453,0.003377902366145336
286,21,1714.0411481430035,519.2283338933354,1714.04,519.23,-0.001148143003547375,0.0016661066646292966,0.002023399064573508
286,22,1725.9930323726398,453.4735714571841,1725.99,453.47,-0.003032372639836467,-0.003571457184079918,0.004685145701527844
286,24,1536.2971015173448,332.96054023046037,1536.3,332.96,0.0028984826551550213,-0.0005402304603876473,0.002948397980694796
286,25,1708.1737930316601,389.9914516225497,1708.17,389.99,-0.003793031660052293,-0.0014516225496663537,0.0040613171756043506
286,26,1871.5802964006816,449.7264459169047,1871.58,449.73,-0.0002964006816910114,0.0035540830953095792,0.0035664211771006824
286,31,607.3487079473225,562.6995789567741,607.35,562.7,0.0012920526775133112,0.00042104322596969723,0.0013589251339217647
287,13,262.57118313224055,368.8338053484913,262.57,368.83,-0.001183132240555551,-0.0038053484913120883,0.003985031874273176
287,14,260.9673610220123,497.6692564405809,260.97,497.67,0.002638977987714952,0.000743559419106532,0.0027417303713870374
287,15,262.86158628780623,671.1469166234511,262.86,671.15,-0.0015862878062193886,0.0030833765488296194,0.0034674947651053166
287,17,1287.725443128845,402.39856049061325,1287.73,402.4,0.004556871155045883,0.0014395093867278774,0.00477883479502764
287,18,1434.6726984364473,474.3788919895817,1434.67,474.38,-0.0026984364471900335,0.0011080104183065487,0.002917061251773679
287,19,1671.91130937637,588.4677637829726,1671.91,588.47,-0.0013093763698179828,0.0022362170274163873,0.002591357380128164
287,21,1717.5308611072526,519.6712504200016,1717.53,519.67,-0.0008611072526036878,-0.001250420001611019,0.0015182410483568056
287,22,1729.4947742794798,454.3551785928881,1729.49,454.36,-0.00477427947976139,0.00482140711193324,0.006785256891958558
287,24,1540.2228261380087,333.7204051728453,1540.22,333.72,-0.00282613800868603,-0.0004051728452623138,0.002855034339316744
287,25,1711.630344773745,390.74358871691226,1711.63,390.74,-0.00034477374492780655,-0.0035887169122474916,0.003605240354184824
287,26,1874.6852223005112,450.54483443767856,1874.69,450.54,0.004777699488840881,-0.004834437678539416,0.006796925781068379
287,31,613.0115309604919,562.2746842175806,613.01,562.27,-0.0015309604918911646,-0.004684217580575023,0.004928055840785467
288,13,271.6783873491804,368.8753540113685,271.68,368.88,0.0016126508195952738,0.004645988631523323,0.004917911450014658
288,14,269.22552076650925,497.25194233043567,269.23,497.25,0.0044792334907697295,-0.0019423304356678273,0.004882231066444392
288,15,270.6461897158547,670.1101874675884,270.65,670.11,0.0038102841452882785,-0.0001874675883755117,0.0038148931000129686
288,17,1291.7940823466338,402.7989203679599,1291.79,402.8,-0.0040823466338224534,0.0010796320401027515,0.004222695748061651
288,18,1438.5045238273356,474.78416899218627,1438.5,474.78,-0.004523827335560782,-0.004168992186293963,0.006151870415682297
288,19,1675.4334820322774,588.8508228372294,1675.43,588.85,-0.0034820322773612133,-0.0008228372294070141,0.0035779337454295503
288,21,1720.8981458304395,520.2534378150012,1720.9,520.25,0.0018541695606018038,-0.003437815001234412,0.003905959132169031
288,22,1732.87108070961,455.0163839446661,1732.87,455.02,-0.0010807096100506897,0.0036160553339072976,0.0037740945191045935
288,24,1543.9171196035065,334.29030387963394,1543.92,334.29,0.0028803964935377735,-0.00030387963391831363,0.002896381672344829
288,25,1714.722758580309,391.3076915376842,1714.72,391.31,-0.0027585803088641114,0.002308462315795623,0.00359704928850041
288,26,1877.5139167253833,451.1586258282589,1877.51,451.16,-0.003916725383305675,0.001374171741133523,0.004150793382277769
288,31,619.008648220369,561.7060131631854,619.01,561.71,0.0013517796310225094,0.003986836814647177,0.004209771485184605
289,13,279.0087905118853,368.90651550852635,279.01,368.91,0.0012094881146822445,0.0034844914736709143,0.0036884335875331836
289,14,275.9191405748819,496.68895674782675,275.92,496.69,0.0008594251181079926,0.0010432521732468558,0.0013516606935985174
289,15,276.734642286891,669.0826406006913,276.73,669.08,-0.004642286890998548,-0.00264060069127936,0.005340748972674339
289,17,1295.5955617599752,403.34919027596993,1295.6,403.35,0.004438240024683182,0.0008097240300912745,0.004511499475962181
289,18,1442.1283928705016,475.0881267441397,1442.13,475.09,0.00160712949855224,0.0018732558602891913,0.002468188149883346
289,19,1679.075111524208,589.1381171279221,1679.08,589.14,0.004888475791858582,0.0018828720778856223,0.00523854968758231
289,21,1724.4236093728296,520.6900783612509,1724.42,520.69,-0.0036093728294872562,-7.836125087123946e-05,0.0036102233598323177
289,22,1736.4033105322073,455.51228795849954,1736.4,455.51,-0.0033105322072515264,-0.0022879584995507685,0.004024223849503935
289,24,1547.6878397026298,334.96772790972545,1547.69,334.97,0.0021602973702101735,0.002272090274573202,0.0031351680885635335
289,25,1718.2920689352318,391.98076865326317,1718.29,391.98,-0.002068935231818614,-0.000768653263151009,0.002207106891931842
289,26,1880.6354375440374,451.86896937119417,1880.64,451.87,0.004562455962741296,0.0010306288058359314,0.00467741383110073
289,31,624.5064861652768,561.2795098723891,624.51,561.28,0.003513834723207765,0.0004901276108739694,0.003547852806552382
290,14,288.9393554311614,496.51671756087006,288.94,496.52,0.0006445688385952053,0.0032824391299186573,0.0033451271469570666
290,15,289.0509817151683,668.0619804505185,289.05,668.06,-0.0009817151682796066,-0.001980450518544785,0.002210418269928695
290,17,1299.6966713199813,403.76189270697745,1299.7,403.76,0.0033286800187397603,-0.0018927069774576921,0.0038291579191350104
290,18,1445.5962946528762,475.3160950581048,1445.6,475.32,0.003705347123741376,0.003904941895200409,0.005383137422759134
290,19,1681.806333643156,588.8535878459415,1681.81,588.85,0.00366635684395078,-0.0035878459415243924,0.005129796390432838
290,21,1726.8177070296222,520.7675587709382,1726.82,520.77,0.0022929703777663235,0.0024412290617874532,0.003349225654599804
290,22,1739.0524828991556,455.8842159688746,1739.05,455.88,-0.0024828991556660185,-0.004215968874632381,0.004892768313447516
290,24,1550.7658797769723,335.4757959322941,1550.77,335.48,0.0041202230277122,0.004204067705927628,0.005886460997417164
290,25,1720.4690517014237,392.4855764899474,1720.47,392.49,0.0009482985763042961,0.004423510052617985,0.004524014961893154
290,26,1881.9765781580281,452.4017270283956,1881.98,452.4,0.003421841971885442,-0.0017270283956349886,0.003832966156892911
290,31,631.6298646239576,560.7096324042918,631.63,560.71,0.00013537604240809742,0.00036759570821232046,0.0003917311291615672
291,13,289.006592883914,369.17988663139477,289.01,369.18,0.0034071160860094096,0.00011336860524124859,0.003409001681460193
291,14,294.95451657337105,496.38753817065253,294.95,496.39,-0.004516573371063259,0.002461829347453204,0.005143932226631646
291,15,294.7882362863762,667.0464853378888,294.79,667.05,0.0017637136238022322,0.0035146621111152854,0.0039323702142721705
291,17,1303.7725034899859,404.3214195302331,1303.77,404.32,-0.002503489985883789,-0.0014195302330790582,0.002877938184194702
291,18,1449.1972209896571,475.7370712935786,1449.2,475.74,0.002779010342919719,0.0029287064214145175,0.0040373530671579125
291,19,1685.354750232367,588.8901908844562,1685.35,588.89,-0.004750232367086937,-0.00019088445617398975,0.004754066093033331
291,21,1730.3632802722166,521.0756690782036,1730.36,521.08,-0.00328027221667071,0.00433092179639516,0.005432961386017063
291,22,1742.5393621743667,456.41316197665594,1742.54,456.41,0.0006378256332482124,-0.0031619766559174423,0.0032256654989312413
291,24,1554.574409832729,336.35684694922054,1554.57,336.36,-0.0044098327291521855,0.0031530507794741425,0.005421102647713315
291,25,1723.8517887760677,393.36418236746056,1723.85,393.36,-0.0017887760677695042,-0.004182367460543901,0.004548836927791693
291,26,1884.982433618521,453.0512952712967,1884.98,453.05,-0.002433618521081371,-0.001295271296669398,0.0027568508915293013
291,31,637.7223984679682,560.2822243032189,637.72,560.28,-0.002398467968191653,-0.0022243032188953293,0.0032711119522311556
292,13,300.0049446629355,369.3849149735461,364.9,379.1,64.89505533706449,9.715085026453949,65.61822219682496
292,14,303.21588743002826,495.7906536279894,322.9,503.3,19.684112569971717,7.5093463720106115,21.067856336185404
292,15,302.5911772147822,666.0348640034166,266.4,667.9,-36.191177214782215,1.8651359965833763,36.23920584777655
292,17,1307.8293776174894,404.4910646476748,1339.9,410.6,32.07062238251069,6.108935352325204,32.647264987139195
292,18,1452.8979157422427,476.05280347018396,1467.5,475.7,14.60208425775727,-0.3528034701839715,14.606345708602701
292,19,1689.0160626742752,589.1676431633421,1679.3,582.4,-9.716062674275236,-6.767643163342086,11.84072919531459
292,21,1733.7724602041624,521.5567518086527,1745.0,517.9,11.227539795837629,-3.656751808652757,11.80802623884292
292,22,1745.904521630775,456.809871482492,1770.9,453.7,24.99547836922511,-3.1098714824919966,25.188196432932973
292,24,1557.930807374547,337.0176352119154,1598.1,345.9,40.16919262545298,8.882364788084601,41.13952406639327
292,25,1726.8888415820506,394.0231367755954,1758.0,394.8,31.111158417949355,0.7768632244046216,31.12085626354412
292,26,1887.7368252138908,453.53847145347254,1920.0,449.3,32.263174786109175,-4.238471453472528,32.54039163164654
292,31,643.5417988509762,559.7116682274142,643.54,559.71,-0.001798850976229005,-0.0016682274141430753,0.002453333964216559
293,13,310.5037084972016,369.78868623015956,310.5,369.79,-0.003708497201614591,0.001313769840464829,0.003934328746825593
293,14,311.6619155725212,495.3429902209921,311.66,495.34,-0.0019155725211703611,-0.002990220992103332,0.0035511744065137674
293,15,310.19338291108664,665.0261480025624,310.19,665.03,-0.003382911086646345,0.0038519974375503807,0.005126594549898544
293,17,1312.372033213117,404.8682984857561,1312.37,404.87,-0.0020332131171016954,0.0017015142439049669,0.0026512461790195725
293,18,1456.673436806682,476.53960260263796,1456.67,476.54,-0.003436806681975213,0.00039739736206456655,0.003459705888171038
293,19,1692.5120470057063,589.3757323725065,1692.51,589.38,-0.002047005706344862,0.004267627493504733,0.004733167732621137
293,21,1737.0793451531217,521.9175638564896,1737.08,521.92,0.0006548468782057171,0.0024361435104083284,0.002522621580261373
293,22,1749.4283912230812,457.357403611869,1749.43,457.36,0.0016087769188288803,0.0025963881309962744,0.003054405752570354
293,24,1561.6981055309102,337.76322640893653,1561.7,337.76,0.0018944690898479166,-0.0032264089365412474,0.003741487372447275
293,25,1730.4166311865379,394.7673525816965,1730.42,394.77,0.0033688134622025245,0.00264741830346793,0.0042845919078313595
293,26,1890.802618910418,454.1538535901044,1890.8,454.15,-0.002618910418050291,-0.003853590104426985,0.004659275530671043
293,31,650.4063491382321,559.0337511705607,650.41,559.03,0.0036508617678236988,-0.003751170560690298,0.005234507830077852
294,13,316.6277813729012,369.84151467261967,316.63,369.84,0.002218627098784509,-0.001514672619691737,0.0026863617307251826
294,14,316.2464366793909,495.00724266574406,316.25,495.01,0.00356332060908926,0.0027573342559321645,0.004505568328423978
294,15,314.64503718331497,664.2696110019218,314.65,664.27,0.00496281668500842,0.00038899807816505927,0.004978038665359488
294,17,1316.5290249098377,405.1512238643171,1316.53,405.15,0.0009750901622282981,-0.0012238643171258445,0.0015648145868467351
294,18,1460.7550776050116,476.9047019519785,1460.76,476.9,0.004922394988398082,-0.004701951978518082,0.0068072259276519284
294,19,1696.6340352542798,589.7817992793798,1696.63,589.78,-0.004035254279642686,-0.001799279379838481,0.004418221745010832
294,21,1741.0595088648413,522.4381728923672,1741.06,522.44,0.0004911351586542878,0.001827107632834668,0.001891966185223477
294,22,1753.321293417311,458.0180527089018,1753.32,458.02,-0.0012934173109897529,0.0019472910981903624,0.0023377063462846205
294,24,1565.7735791481828,338.3224198067024,1565.77,338.32,-0.0035791481827800453,-0.0024198067023917247,0.0043203895879003335
294,25,1734.0624733899035,395.3255144362724,1734.06,395.33,-0.002473389903570933,0.004485563727598674,0.0051222982702528695
294,26,1894.3519641828134,454.8653901925783,1894.35,454.87,-0.0019641828134808748,0.0046098074217297835,0.0050108221471340045
294,31,655.8047618536741,558.5253133779205,655.8,558.53,-0.004761853674153826,0.004686622079475455,0.0066812930582245186
295,13,319.7208360296759,370.13113600446474,319.72,370.13,-0.0008360296758951336,-0.001136004464740381,0.0014104792670888153
295,14,318.4348275095432,495.00543199930803,318.43,495.01,-0.004827509543190445,0.0045680006919610605,0.006646162705753716
295,15,316.7337778874862,663.9522082514413,316.73,663.95,-0.0037778874861942313,-0.0022082514412886667,0.0043759351327797855
295,17,1320.6467686823783,405.6134178982378,1320.65,405.61,0.00323131762183948,-0.0034178982377852662,0.004703556307419523
295,18,1464.5663082037586,477.42852646398387,1464.57,477.43,0.003691796241355405,0.0014735360161353128,0.003975005393522608
295,19,1700.72552644071,590.0863494595349,1700.73,590.09,0.004473559290090634,0.0036505404651734352,0.005774008868180313
295,21,1744.794631648631,522.8286296692754,1744.79,522.83,-0.004631648630947893,0.001370330724626001,0.004830111317083232
295,22,1757.2409700629833,458.5135395316763,1757.24,458.51,-0.0009700629832423147,-0.003539531676324259,0.0036700554054618574
295,24,1569.580184361137,338.9918148550268,1569.58,338.99,-0.00018436113714415114,-0.0018148550267937935,0.0018241951094024416
295,25,1737.7968550424275,395.9941358272043,1737.8,395.99,0.0031449575724309398,-0.004135827204265752,0.005195750647975264
295,26,1898.01397313711,455.39904264443373,1898.01,455.4,-0.003973137110051539,0.000957355566242768,0.004086850642669084
295,31,661.1035713902556,558.3939850334403,661.1,558.39,-0.00357139025561537,-0.0039850334403581655,0.005351197985374608
296,13,321.54062702225696,370.59835200334857,321.54,370.6,-0.000627022256935561,0.0016479966514566513,0.0017632498047369524
296,14,319.8261206321574,495.004073999481,319.83,495.0,0.0038793678425577127,-0.004073999481022383,0.00562556367213469
296,15,318.05033341561466,663.964156188581,318.05,663.96,-0.0003334156146479472,-0.004156188580964226,0.004169540681253571
296,17,1324.2350765117837,405.9600634236783,1324.24,405.96,0.0049234882162636495,-6.342367834122342e-05,0.004923896706741658
296,18,1468.4247311528188,477.8213948479879,1468.42,477.82,-0.004731152818749251,-0.0013948479879104525,0.004932484962342696
296,19,1704.7941448305323,590.5647620946511,1704.79,590.56,-0.00414483053236836,-0.004762094651141524,0.0063132531715814864
296,21,1748.8459737364733,523.1214722519566,1748.85,523.12,0.004026263526611729,-0.0014722519565566472,0.004286994729330652
296,22,1761.1807275472374,458.88515464875724,1761.18,458.89,-0.0007275472373748926,0.0048453512427499845,0.004899668728417326
296,24,1573.4351382708528,339.4938611412701,1573.44,339.49,0.004861729147251026,-0.0038611412700788605,0.006208447648868144
296,25,1741.5976412818206,396.4956018704032,1741.6,396.5,0.0023587181792663614,0.004398129596779654,0.0049907008925872106
296,26,1902.0104798528325,455.7992819833253,1902.01,455.8,-0.0004798528325409279,0.0007180166747389194,0.0008636009993629506
296,31,665.0776785426917,558.2954887750802,665.08,558.3,0.002321457308312347,0.004511224919724555,0.005073491333456737
297,13,325.9054702666927,371.19876400251144,325.91,371.2,0.0045297333073222035,0.001235997488549856,0.0046953353050837275
297,14,323.86959047411807,495.25305549961075,323.87,495.25,0.00040952588193476913,-0.0030554996107525767,0.003082821648957915
297,15,321.787750061711,663.7231171414358,321.79,663.72,0.0022499382890259767,-0.0031171414357231697,0.0038443195802023854
297,17,1327.9263073838379,406.47004756775874,1327.93,406.47,0.003692616162197737,-4.7567758713285e-05,0.003692922530055694
297,18,1471.8185483646141,478.1160461359909,1471.82,478.12,0.0014516353858198272,0.003953864009076824,0.0042119218767253195
297,19,1708.0956086228994,590.6735715709883,1708.1,590.67,0.004391377100546379,-0.003571570988356143,0.005660416253604535
297,21,1751.6344803023549,523.3411041889674,1751.63,523.34,-0.004480302354750165,-0.001104188967360642,0.004614362628318329
297,22,1764.135545660428,459.41386598656794,1764.14,459.41,0.0044543395720211265,-0.0038659865679164795,0.005898049946057086
297,24,1576.3263537031396,340.12039585595255,1576.33,340.12,0.0036462968603245827,-0.0003958559525472083,0.003667721735461943
297,25,1744.1982309613654,397.1217014028024,1744.2,397.12,0.0017690386346203013,-0.0017014028023822902,0.002454438670395651
297,26,1904.5078598896243,456.34946148749395,1904.51,456.35,0.0021401103756488737,0.0005385125060684004,0.0022068230874159422
297,31,670.3082589070189,558.2216165813102,670.31,558.22,0.0017410929810921516,-0.0016165813101451931,0.0023758661370369976
298,14,329.90219285558857,495.43979162470805,329.9,495.44,-0.002192855588589282,0.0002083752919475046,0.0022027337321386476
298,15,327.59081254628325,663.5423378560768,327.59,663.54,-0.0008125462832708763,-0.0023378560767923773,0.0024750358579730437
298,17,1331.4447305378785,406.85253567581907,1331.44,406.85,-0.004730537878458563,-0.002535675819046901,0.005367274958377893
298,18,1475.1139112734606,478.5870346019932,1475.11,478.59,-0.003911273460744269,0.0029653980067791963,0.004908324095180806
298,19,1711.0717064671744,590.7551786782412,1711.07,590.76,-0.0017064671744719817,0.004821321758754493,0.005114408442722375
298,21,1754.4758602267661,523.5058281417255,1754.48,523.51,0.004139773233873711,0.004171858274503393,0.0058772547920300025
298,22,1766.8516592453211,459.81039948992594,1766.85,459.81,-0.0016592453212069813,-0.0003994899259396334,0.0017066596722470806
298,24,1578.9947652773546,340.8402968919644,1578.99,340.84,-0.004765277354636055,-0.0002968919644104062,0.004774517054649472
298,25,1746.6486732210242,397.59127605210176,1746.65,397.59,0.0013267789759083826,-0.0012760521017867177,0.0018408290027557683
298,26,1906.6308949172183,456.76209611562047,1906.63,456.76,-0.0008949172181473841,-0.0020961156204748477,0.0022791615830684993
298,31,675.2311941802641,558.1662124359826,675.23,558.17,-0.0011941802640649257,0.0037875640173297143,0.003971360936562299
299,13,327.67910270001954,371.8990730018836,327.68,371.9,0.0008972999804655046,0.0009269981163697594,0.0012901444735751407
299,14,330.17664464169144,495.82984371853104,330.18,495.83,0.003355358308567702,0.0001562814689464176,0.0033589958732350893
299,15,327.9431094097124,663.6567533920576,327.94,663.66,-0.003109409712408251,0.0032466079424011696,0.004495430111933798
299,17,1335.083547903409,407.6394017568643,1335.08,407.64,-0.0035479034090712958,0.0005982431356983398,0.0035979874165302335
299,18,1478.8354334550954,478.94027595149487,1478.84,478.94,0.0045665449044918205,-0.0002759514948706965,0.004574875035698963
299,19,1715.0537798503808,591.0663840086809,1715.05,591.07,-0.0037798503808517125,0.0036159913191795567,0.005230933198006523
299,21,1758.1068951700745,523.8793711062941,1758.11,523.88,0.0031048299254052836,0.0006288937058798183,0.0031678819673383396
299,22,1770.3887444339907,460.35779961744447,1770.39,460.36,0.0012555660093767074,0.0022003825555430012,0.0025334027304477467
299,24,1582.496073958016,341.88022266897326,1582.5,341.88,0.003926041983959294,-0.0002226689732651721,0.003932351348934375
299,25,1750.2365049157681,398.1934570390763,1750.24,398.19,0.0034950842318721698,-0.003457039076295132,0.0049159671442060085
299,26,1909.9731711879137,457.3215720867154,1909.97,457.32,-0.003171187913721951,-0.0015720867153845575,0.0035394758686597637
299,31,679.9233956351981,558.374659326987,679.92,558.37,-0.003395635198103264,-0.00465932698693905,0.0057653851883301185
300,14,337.6324834812686,495.8723827888983,337.63,495.87,-0.002483481268598098,-0.002382788898273702,0.003441709189518199
300,15,335.2073320572843,662.9925650440432,335.21,662.99,0.0026679427156750535,-0.0025650440431945754,0.003700995714351957
300,17,1338.8126609275569,407.9795513176482,1338.81,407.98,-0.0026609275569171587,0.0004486823518163874,0.002698490562516868
300,18,1482.6265750913217,479.45520696362115,1482.63,479.46,0.003424908678425709,0.004793036378828219,0.005890941960699194
300,19,1718.5403348877855,591.2997880065107,1718.54,591.3,-0.0003348877855842147,0.00021199348930167616,0.0003963471564674066
300,21,1761.5801713775559,524.1595283297206,1761.58,524.16,-0.00017137755594376358,0.0004716702793530203,0.0005018397344832452
300,22,1773.541558325493,460.76834971308335,1773.54,460.77,-0.0015583254930788826,0.0016502869166288292,0.002269763258486627
300,24,1585.622055468512,342.41016700173,1585.62,342.41,-0.002055468512025982,-0.00016700172994887907,0.002062241591505763
300,25,1752.9273786868262,398.6450927793072,1752.93,398.65,0.0026213131739041273,0.004907220692757619,0.005563460944691883
300,26,1912.7298783909353,457.74117906503653,1912.73,457.74,0.00012160906476310629,-0.0011790650365242072,0.0011853198407967308
300,31,683.9425467263985,558.2809944952402,683.94,558.28,-0.002546726398463761,-0.000994495240206561,0.002734014654574058
301,14,343.47436261095146,495.9042870916737,343.47,495.9,-0.004362610951432089,-0.0042870916737456355,0.00611649649167351
301,15,340.90549904296324,662.4944237830324,340.91,662.49,0.004500957036782438,-0.004423783032393658,0.006310980158791134
301,17,1342.3594956956676,408.48466348823615,1342.36,408.48,0.0005043043322530139,-0.004663488236133162,0.004690676431825323
301,18,1485.9699313184913,479.8414052227159,1485.97,479.84,6.868150876471191e-05,-0.0014052227159027098,0.0014069001495966885
301,19,1721.9052511658392,591.474841004883,1721.91,591.47,0.004748834160864135,-0.004841004883019195,0.006781353416892963
301,21,1764.6851285331668,524.3696462472905,1764.69,524.37,0.0048714668332650035,0.00035375270954318694,0.0048842942260996225
301,22,1776.65616874412,461.0762622848125,1776.66,461.08,0.0038312558801862906,0.003737715187469348,0.005352479466761274
301,24,1588.716541601384,343.0576252512975,1588.72,343.06,0.003458398615975966,0.0023747487024934344,0.0041952297180224505
301,25,1755.6955340151196,399.23381958448044,1755.7,399.23,0.004465984880425822,-0.0038195844804249646,0.005876584599518268
301,26,1915.5474087932014,458.0558842987774,1915.55,458.06,0.002591206798570056,0.004115701222588086,0.004863470903230403
301,31,688.4569100447989,558.2107458714302,688.46,558.21,0.0030899552011760534,-0.000745871430126499,0.003178702146404078
302,13,335.50932702501467,372.6743047514127,335.51,372.67,0.0006729749853207068,-0.004304751412689711,0.004357037991103758
302,14,346.8557719582136,495.9282153187553,346.86,495.93,0.004228041786404901,0.0017846812447146476,0.0045892727629573485
302,15,344.42912428222246,662.1208178372743,344.43,662.12,0.0008757177775464697,-0.0008178372743259388,0.00119822344877231
302,17,1345.5196217717507,408.86349761617714,1345.52,408.86,0.0003782282492466038,-0.003497616177128293,0.003518007323903361
302,18,1489.2274484888685,480.1310539170369,1489.23,480.13,0.0025515111315144168,-0.0010539170369270323,0.0027606068490400866
302,19,1725.1789383743794,591.6061307536622,1725.18,591.61,0.001061625620650375,0.0038692463377856257,0.004012245777727078
302,21,1767.763846399875,524.5272346854679,1767.76,524.53,-0.0038463998751012696,0.002765314532098273,0.004737273103866079
302,22,1779.49212655809,461.5571967136094,1779.49,461.56,-0.002126558089912578,0.0028032863905878003,0.0035186167591011396
302,24,1591.537406201038,343.79321893847316,1591.54,343.79,0.002593798961925131,-0.0032189384731395876,0.004133927666123599
302,25,1758.2716505113397,399.67536468836033,1758.27,399.68,-0.0016505113396760862,0.004635311639674455,0.004920396496147525
302,26,1918.160556594901,458.54191322408303,1918.16,458.54,-0.000556594900899654,-0.0019132240830117553,0.001992542164051659
302,31,692.8426825335991,558.1580594035727,692.84,558.16,-0.0026825335991134125,0.0019405964272891651,0.0033108761686266417
303,13,340.631995268761,373.2557285635595,340.63,373.26,-0.0019952687609929853,0.004271436440490106,0.004714474169378943
303,14,348.6418289686602,495.94616148906647,348.64,495.95,-0.0018289686602201982,0.003838510933519501,0.004251975134783413
303,15,346.3218432116669,661.8406133779557,346.32,661.84,-0.0018432116668805065,-0.0006133779556876107,0.0019425915076124285
303,17,1348.639716328813,409.3976232121329,1348.64,409.4,0.00028367118716232653,0.002376787867092389,0.0023936561799021328
303,18,1492.6705863666514,480.3482904377777,1492.67,480.35,-0.0005863666513050703,0.0017095622223450846,0.0018073264347738033
303,19,1728.8842037807844,591.7045980652467,1728.88,591.7,-0.004203780784337141,-0.004598065246682381,0.006230086427611618
303,21,1771.3228847999062,524.8954260141008,1771.32,524.9,-0.0028847999062691088,0.0045739858991282745,0.005407718327042797
303,22,1782.8690949185675,461.9178975352071,1782.87,461.92,0.0009050814323927625,0.0021024647929266393,0.0022890020980239818
303,24,1594.9030546507786,344.34491420385484,1594.9,344.34,-0.0030546507784947607,-0.004914203854866628,0.005786215594474914
303,25,1761.4537378835048,400.25652351627025,1761.45,400.26,-0.003737883504754791,0.0034764837297416307,0.005104675525268598
303,26,1921.3704174461757,458.90643491806225,1921.37,458.91,-0.00041744617578842735,0.0035650819377792686,0.0035894387489913194
303,31,696.8820119001994,558.1185445526795,696.88,558.12,-0.002011900199363481,0.0014554473204952956,0.002483157126509668
304,13,345.72399645157077,373.94179642266965,345.72,373.94,-0.003996451570742465,-0.0017964226696562946,0.0043816389131630835
304,14,351.4813717264951,495.95962111679984,351.48,495.96,-0.0013717264951083052,0.0003788832001418996,0.0014230903192460702
304,15,348.99138240875016,661.6304600334668,348.99,661.63,-0.001382408750146169,-0.000460033466765708,0.0014569436306958376
304,17,1351.7297872466097,409.79821740909966,1351.73,409.8,0.00021275339031490148,0.0017825909003477136,0.0017952421349480847
304,18,1496.0029397749886,480.51121782833326,1496.0,480.51,-0.002939774988590216,-0.0012178283332673345,0.0031820406711494586
304,19,1732.1631528355883,591.7784485489351,1732.16,591.78,-0.003152835588252856,0.0015514510648699797,0.0035138828456907785
304,21,1774.2421635999297,525.1715695105756,1774.24,525.17,-0.002163599929644988,-0.0015695105756776684,0.002672925008810356
304,22,1785.9018211889256,462.18842315140535,1785.9,462.19,-0.0018211889255326241,0.001576848594652347,0.00240897915992226
304,24,1597.927290988084,345.00868565289113,1597.93,345.01,0.0027090119160675386,0.0013143471088596925,0.003011022066336238
304,25,1764.3403034126286,400.6923926372027,1764.34,400.69,-0.00030341262868205376,-0.0023926372027176512,0.0024117985005120764
304,26,1923.7778130846318,459.1798261885467,1923.78,459.18,0.0021869153681564057,0.00017381145329409264,0.002193811580053053
304,31,701.4115089251495,557.8389084145097,701.41,557.84,-0.0015089251495510325,0.0010915854903714717,0.0018623678449052787
305,14,360.61102879487134,496.2197158375999,360.61,496.22,-0.001028794871331229,0.0002841624001348464,0.0010673177394421196
305,15,357.7435368065626,661.2228450251,357.74,661.22,-0.0035368065625789313,-0.002845025099986742,0.004539071323592081
305,17,1354.2973404349573,410.09866305682476,1354.3,410.1,0.002659565042677059,0.0013369431752607852,0.002976693344989742
305,18,1498.7522048312414,480.63341337124996,1498.75,480.63,-0.002204831241442662,-0.003413371249962438,0.004063543292904817
305,19,1734.3723646266913,591.3338364117013,1734.37,591.33,-0.002364626691360172,-0.0038364117012861243,0.004506607829760434
305,21,1776.4316226999472,524.8786771329317,1776.43,524.88,-0.0016226999471200543,0.00132286706832474,0.0020935931789250553
305,22,1787.9263658916943,462.391317363554,1787.93,462.39,0.0036341083057322976,-0.0013173635539942552,0.0038655128910902426
305,24,1600.195468241063,345.5065142396684,1600.2,345.51,0.004531758936991537,0.003485760331614074,0.005717286432605675
305,25,1766.0052275594715,401.019294477902,1766.01,401.02,0.004772440528540756,0.0007055220979736987,0.004824308243591777
305,26,1925.0833598134739,459.13486964141003,1925.08,459.13,-0.0033598134739349916,-0.004869641410039094,0.005916228024848489
305,31,706.3086316938621,557.8791813108822,706.31,557.88,0.0013683061378060302,0.000818689117750182,0.0015945261234235788
306,13,354.2929973386781,374.70634731700227,354.29,374.71,-0.0029973386780852707,0.003652682997710599,0.004725053675135347
306,14,364.9582715961535,496.16478687819995,364.96,496.16,0.0017284038464708829,-0.0047868781999227394,0.005089359759084723
306,15,362.05765260492194,660.667133768825,362.06,660.67,0.002347395078061254,0.0028662311749485525,0.0037048002376313303
306,17,1357.2230053262178,410.57399729261857,1357.22,410.57,-0.003005326217817128,-0.003997292618578285,0.005001033288635405
306,18,1502.0641536234311,480.7250600284375,1502.06,480.73,-0.0041536234311934095,0.00493997156252135,0.006454138722298936
306,19,1737.5292734700183,591.250377308776,1737.53,591.25,0.0007265299816481274,-0.0003773087760237104,0.0008186621566300343
306,21,1779.5737170249604,524.9090078496988,1779.57,524.91,-0.003717024960451454,0.00099215030115829,0.003847159572555786
306,22,1790.9447744187707,462.5434880226655,1790.94,462.54,-0.004774418770693956,-0.003488022665464996,0.005912814618500424
306,24,1603.1466011807972,346.1298856797513,1603.15,346.13,0.0033988192028573394,0.0001143202487128292,0.0034007412563994872
306,25,1768.7539206696035,401.51447085842653,1768.75,401.51,-0.003920669603530769,-0.0044708584265436,0.00594644643549793
306,26,1927.5625198601053,459.35115223105754,1927.56,459.35,-0.0025198601053944003,-0.0011522310575173833,0.0027707997691399327
306,31,710.7314737703966,557.6593859831617,710.73,557.66,-0.001473770396614782,0.0006140168383126365,0.0015965637662397135
307,13,353.7197480040086,375.2797604877517,353.72,375.28,0.0002519959914479841,0.00023951224829943385,0.0003476608933879422
307,14,361.46870369711513,496.37359015864996,361.47,496.37,0.0012963028848957947,-0.0035901586499562654,0.003817019819341387
307,15,359.04323945369146,660.2503503266188,359.04,660.25,-0.003239453691435301,-0.0003503266187863119,0.003258341442940572
307,17,1360.9172539946635,411.43049796946394,1360.92,411.43,0.002746005336575763,-0.0004979694639359877,0.0027907918044016225
307,18,1506.5481152175735,480.79379502132815,1506.55,480.79,0.0018847824264867086,-0.003795021328130588,0.004237285885582796
307,19,1742.8969551025139,590.937782981582,1742.9,590.94,0.003044897486233822,0.002217018418036787,0.0037665065203165895
307,21,1784.1802877687203,524.9317558872741,1784.18,524.93,-0.00028776872022717725,-0.0017558872741574305,0.001779311933273421
307,22,1795.708580814078,462.9076160169991,1795.71,462.91,0.0014191859220318293,0.0023839830009251273,0.0027744303253088385
307,24,1608.109950885598,347.3474142598135,1608.11,347.35,4.9114401917904615e-05,0.002585740186532348,0.002586206592042503
307,25,1774.3154405022026,402.1358531438199,1774.32,402.14,0.004559497797345102,0.0041468561801139,0.006163232621161049
307,26,1932.671889895079,459.51336417329316,1932.67,459.51,-0.00188989507887527,-0.0033641732931641855,0.0038586740411177675
307,31,712.2986053277975,557.7445394873712,712.3,557.74,0.001394672202422953,-0.00453948737117571,0.004748900519622942
308,13,362.53981100300643,375.70982036581375,362.54,375.71,0.0001889969935859881,0.0001796341862245754,0.0002607456700409567
308,14,367.85152777283633,496.2801926189875,367.85,496.28,-0.0015277728363116694,-0.00019261898751210538,0.0015398674987550038
308,15,365.0324295902686,659.6877627449641,365.03,659.69,-0.0024295902686048976,0.0022372550359932575,0.003302759296312223
308,17,1363.9379404959977,411.32287347709797,1363.94,411.32,0.0020595040023181355,-0.0028734770979781388,0.003535311495210752
308,18,1509.91108641318,480.8453462659961,1509.91,480.85,-0.001086413180019008,0.004653734003909449,0.004778863230608518
308,19,1746.1727163268854,590.7033372361865,1746.17,590.7,-0.002716326885320086,-0.0033372361864394406,0.004302973054992743
308,21,1787.3852158265402,524.9488169154556,1787.39,524.95,0.004784173459938756,0.0011830845444364968,0.004928286186299136
308,22,1798.7814356105584,462.9307120127493,1798.78,462.93,-0.0014356105584738543,-0.0007120127493180917,0.0016024792762445073
308,24,1611.3324631641985,347.51056069486015,1611.33,347.51,-0.0024631641986161412,-0.0005606948601553086,0.0025261743003104275
308,25,1777.236580376652,402.1018898578649,1777.24,402.1,0.0034196233480088267,-0.0018898578648531839,0.003907094392460276
308,26,1935.5039174213093,459.63502312996985,1935.5,459.64,-0.003917421309324709,0.0049768700301342506,0.006333673895268039
308,31,717.2239539958482,557.3084046155284,717.22,557.31,-0.003953995848178238,0.0015953844715568266,0.004263723112433006
309,13,367.4048582522548,375.7823652743603,367.4,375.78,-0.004858252254848594,-0.0023652743603292947,0.005403437588366558
309,14,371.13864582962725,495.9601444642406,371.14,495.96,0.0013541703727355525,-0.00014446424063407903,0.0013618543663757613
309,15,368.52432219270145,659.0158220587231,368.52,659.02,-0.00432219270146561,0.004177941276907404,0.006011367819547334
309,17,1367.2034553719982,411.49215510782346,1367.2,411.49,-0.003455371998143164,-0.0021551078234551824,0.0040723562437819235
309,18,1513.1833148098851,480.8840096994971,1513.18,480.88,-0.0033148098850688257,-0.004009699497089514,0.005202466206628343
309,19,1749.879537245164,590.7775029271398,1749.88,590.78,0.00046275483600766165,0.0024970728601374503,0.002539589515469676
309,21,1790.5389118699052,524.9616126865917,1790.54,524.96,0.0010881300947858108,-0.0016126865916703537,0.0019454524271058185
309,22,1801.836076707919,462.948034009562,1801.84,462.95,0.003923292081026375,0.0019659904380091575,0.004388318488372021
309,24,1614.4993473731488,347.88292052114514,1614.5,347.88,0.0006526268512061506,-0.0029205211451426294,0.0029925516814485378
309,25,1780.1774352824891,402.32641739339863,1780.18,402.33,0.0025647175109497766,0.0035826066013555646,0.004406001131530595
309,26,1938.377938065982,459.7262673474774,1938.38,459.73,0.0020619340180019208,0.0037326525226148988,0.0042643014374193705
309,31,722.1679654968862,556.7313034616463,722.17,556.73,0.0020345031138049308,-0.0013034616463301063,0.002416239885345731
310,14,384.35398437222045,495.2201083481805,384.35,495.22,-0.003984372220429577,-0.00010834818044713757,0.003985845119813002
310,15,381.1432416445261,657.5118665440423,381.14,657.51,-0.0032416445260992077,-0.0018665440422864776,0.003740621057442748
310,17,1370.1525915289985,411.3691163308676,1370.15,411.37,-0.002591528998436843,0.0008836691324063395,0.002738045595914509
310,18,1515.887486107414,480.9130072746228,1515.89,480.91,0.0025138925861938333,-0.0030072746228029246,0.003919611790965375
310,19,1751.409652933873,590.3331271953549,1751.41,590.33,0.00034706612700574624,-0.003127195354863943,0.003146395665519102
310,21,1792.404183902429,524.7212095149438,1792.4,524.72,-0.004183902428849251,-0.0012095149437527652,0.004355222833942245
310,22,1803.627057530939,462.9610255071715,1803.63,462.96,0.0029424690610539983,-0.001025507171505069,0.003116053454943982
310,24,1616.6245105298617,348.1621903908589,1616.62,348.16,-0.004510529861818213,-0.002190390858856972,0.0050142488718568825
310,25,1781.633076461867,402.744813045049,1781.63,402.74,-0.0030764618668399635,-0.004813045048990716,0.005712269274266968
310,26,1939.0334535494867,459.79470051060804,1939.03,459.79,-0.0034535494867213856,-0.004700510608017794,0.00583282127561966
310,31,728.8759741226646,555.7984775962348,728.88,555.8,0.004025877335379846,0.0015224037651933031,0.0043041144900896715
311,13,379.3036436891911,376.08677395577024,379.3,376.09,-0.003643689191108024,0.0032260442297342706,0.004866603774050157
311,14,391.7654882791653,494.91508126113536,391.77,494.92,0.004511720834670996,0.004918738864660099,0.0066745499405369705
311,15,388.10743123339455,656.6338999080317,388.11,656.63,0.0025687666054636793,-0.0038999080317125845,0.004669886993189634
311,17,1373.114443646749,411.5268372481507,1373.11,411.53,-0.004443646748995889,0.00316275184928827,0.005454263991597592
311,18,1518.6656145805605,480.9347554559671,1518.67,480.93,0.004385419439586258,-0.004755455967085709,0.006468868920915937
311,19,1753.8072397004048,590.2498453965162,1753.81,590.25,0.002760299595138349,0.00015460348379292554,0.0027646258502954505
311,21,1794.8031379268218,524.5409071362078,1794.8,524.54,-0.003137926821864312,-0.0009071362078429956,0.0032664171256830063
311,22,1805.9702931482043,463.2207691303786,1805.97,463.22,-0.00029314820426407096,-0.0007691303785577475,0.0008231023076651124
311,24,1619.4683828973962,348.62164279314413,1619.47,348.62,0.0016171026038591663,-0.0016427931441285182,0.0023051659692533547
311,25,1783.7248073464002,403.0586097837868,1783.72,403.06,-0.004807346400184542,0.0013902162132239937,0.005004326181503174
311,26,1940.775090162115,459.84602538295604,1940.78,459.85,0.00490983788495214,0.003974617043979833,0.006316968315798829
311,31,734.9069805919985,555.098858197176,734.91,555.1,0.003019408001478041,0.0011418028240086642,0.0032280858675542974
312,13,388.9777327668933,376.3150804668277,388.98,376.32,0.0022672331066928564,0.00491953317231264,0.005416839723821318
312,14,397.824116209374,494.6863109458515,397.82,494.69,-0.004116209373989932,0.0036890541484808637,0.005527413510942208
312,15,394.08057342504594,655.7254249310238,394.08,655.73,-0.0005734250459568102,0.004575068976237162,0.004610864606628384
312,17,1375.8358327350616,411.645127936113,1375.84,411.65,0.004167264938359949,0.00487206388697814,0.006411170219646386
312,18,1521.7492109354203,480.9510665919753,1521.75,480.95,0.0007890645797488105,-0.0010665919753023445,0.0013267408762804905
312,19,1756.6054297753035,590.1873840473871,1756.61,590.19,0.0045702246964083315,0.0026159526129276855,0.005265943585791991
312,21,1797.6023534451165,524.6556803521559,1797.6,524.66,-0.002353445116568764,0.004319647844113206,0.0049191525097168134
312,22,1808.7277198611532,463.41557684778394,1808.73,463.42,0.002280138846799673,0.004423152216077142,0.004976274579167942
312,24,1622.3512871730472,348.9662320948581,1622.35,348.97,-0.0012871730473307252,0.003767905141899064,0.003981698583786079
312,25,1786.2936055098003,403.2939573378401,1786.29,403.29,-0.003605509800308937,-0.003957337840063246,0.005353524418597549
312,26,1943.0813176215863,459.88451903721705,1943.08,459.88,-0.0013176215863950347,-0.004519037217050936,0.004707209790738633
312,31,740.4302354439989,554.574143647882,740.43,554.57,-0.00023544399891761714,-0.004143647881960533,0.004150331510410022
313,13,399.23329957517,376.4863103501208,399.23,376.49,-0.003299575169990021,0.003689649879220269,0.004949819444549955
313,14,405.36808715703046,494.2647332093886,405.37,494.26,0.0019128429695456362,-0.004733209388632531,0.005105118935223674
313,15,401.31043006878446,654.7940686982679,401.31,654.79,-0.0004300687844533968,-0.004068698267928994,0.004091364656787466
313,17,1378.6268745512962,411.9838459520847,1378.63,411.98,0.003125448703940492,-0.0038459520847027306,0.004955782182339392
313,18,1524.811908201565,481.2132999439815,1524.81,481.21,-0.001908201565129275,-0.003299943981517117,0.0038119369740740546
313,19,1758.9540723314776,590.1405380355403,1758.95,590.14,-0.004072331477573243,-0.0005380355403303838,0.00410772028087265
313,21,1800.2017650838375,524.7417602641169,1800.2,524.74,-0.0017650838374265732,-0.0017602641169105482,0.0024927997742352653
313,22,1811.2957898958648,463.56168263583794,1811.3,463.56,0.0042101041351543245,-0.001682635837937596,0.0045338990054869435
313,24,1625.2634653797854,349.47467407114357,1625.26,349.47,-0.0034653797854389268,-0.004674071143540459,0.005818573546171464
313,25,1788.7202041323503,403.72046800338006,1788.72,403.72,-0.00020413235029081989,-0.0004680033800354977,0.0005105851350753412
313,26,1945.0609882161898,460.16338927791276,1945.06,460.16,-0.0009882161898531194,-0.003389277912731359,0.0035304073430153147
313,31,745.3226765829992,554.1806077359115,745.32,554.18,-0.0026765829991290957,-0.0006077359115579384,0.002744711185065573
314,13,406.42497468137753,376.6147327625906,406.42,376.61,-0.004974681377518664,-0.004732762590606399,0.0068663306464861115
314,14,410.52606536777284,493.94854990704147,410.53,493.95,0.003934632227128532,0.0014500929585210542,0.004193339999464719
314,15,406.23282255158836,654.0955515237009,406.23,654.1,-0.002822551588337774,0.004448476299103277,0.00526837155604193
314,17,1381.4701559134721,412.23788446406354,1381.47,412.24,-0.0001559134720992006,0.0021155359364684045,0.0021212735111888043
314,18,1527.8589311511737,481.40997495798615,1527.86,481.41,0.0010688488262076135,2.504201387409921e-05,0.0010691421401031126
314,19,1761.7155542486082,590.1054035266552,1761.72,590.11,0.004445751391813246,0.004596473344804508,0.006394706611511412
314,21,1802.9013238128782,524.8063201980876,1802.9,524.81,-0.0013238128781267733,0.0036798019123125414,0.003910680586567168
314,22,1813.9718424218986,463.92126197687844,1813.97,463.92,-0.0018424218985728658,-0.0012619768784247754,0.0022331825035181484
314,24,1628.1975990348392,349.8560055533577,1628.2,349.86,0.002400965160859414,0.003994446642309413,0.00466049757879109
314,25,1791.2901530992626,404.04035100253503,1791.29,404.04,-0.0001530992626612715,-0.0003510025350124124,0.0003829388512707542
314,26,1947.2957411621423,460.37254195843457,1947.3,460.37,0.004258837857605613,-0.00254195843456273,0.0049597633593165885
314,31,749.7420074372494,553.6354558019336,749.74,553.64,-0.002007437249403665,0.0045441980663554205,0.00496785067977709
315,13,412.81873101103315,376.46104957194297,412.82,376.46,0.0012689889668422438,-0.0010495719429854944,0.0016467951486052207
315,14,415.64454902582963,493.4614124302811,415.64,493.46,-0.00454902582964678,-0.0014124302811069356,0.004763254695875646
315,15,411.17461691369124,653.0716636427757,411.17,653.07,-0.004616913691222635,-0.0016636427756111516,0.004907504387878038
315,17,1384.3526169351042,412.4284133480477,1384.35,412.43,-0.002616935104242657,0.0015866519523228817,0.003060361703725156
315,18,1530.8941983633804,481.5574812184896,1530.89,481.56,-0.004198363380282899,0.00251878151038909,0.0048959692983083945
315,19,1764.5366656864562,590.3290526449914,1764.54,590.33,0.003334313543746248,0.0009473550086340765,0.0034662845123263806
315,21,1805.6759928596587,525.1047401485657,1805.68,525.1,0.0040071403414003726,-0.004740148565701929,0.006206946281433758
315,22,1816.7288818164238,464.44094648265883,1816.73,464.44,0.0011181835761817638,-0.0009464826588327924,0.0014649791580475917
315,24,1631.1481992761294,350.3920041650183,1631.15,350.39,0.001800723870701404,-0.0020041650183202364,0.002694305825100855
315,25,1793.717614824447,404.53026325190126,1793.72,404.53,0.0023851755529449292,-0.000263251901287731,0.002399659138689859
315,26,1949.4718058716066,461.0294064688259,1949.47,461.03,-0.0018058716066207126,0.0005935311740472571,0.0019009080762006324
315,31,754.0565055779371,553.2265918514502,754.06,553.23,0.00349442206288586,0.0034081485498518305,0.00488123571357096
316,13,420.11404825827486,376.5957871789572,420.11,376.6,-0.004048258274849559,0.004212821042813175,0.005842624085003023
316,14,421.7334117693722,492.8460593227108,421.73,492.85,-0.0034117693721782416,0.003940677289222094,0.005212399423175886
316,15,416.8809626852684,652.0537477320818,416.88,652.05,-0.0009626852684050391,-0.003747732081819777,0.0038694003001893307
316,17,1387.014462701328,412.82131001103573,1387.01,412.82,-0.004462701328066032,-0.0013100110357413541,0.004651003338773953
316,18,1533.6706487725353,481.9181109138672,1533.67,481.92,-0.000648772535214448,0.0018890861327918174,0.0019973863470933526
316,19,1766.9024992648422,590.4967894837436,1766.9,590.5,-0.0024992648420720798,0.003210516256444862,0.004068628685898273
316,21,1807.756994644744,525.3285551114243,1807.76,525.33,0.0030053552559365926,0.0014448885757474272,0.0033346458898526436
316,22,1818.796661362318,465.08070986199414,1818.8,465.08,0.003338637681963519,-0.000709861994153016,0.0034132690521213875
316,24,1633.611149457097,351.29400312376373,1633.61,351.29,-0.001149457097199047,-0.004003123763709482,0.004164883129918153
316,25,1795.7882111183353,405.39769743892595,1795.79,405.4,0.0017888816646518535,0.002302561074031928,0.0029157992231590045
316,26,1950.853854403705,461.77205485161943,1950.85,461.77,-0.0038544037051906344,-0.0020548516194480726,0.004367933504591806
316,31,758.2923791834528,552.6699438885876,758.29,552.67,-0.0023791834528310574,5.611141239114659e-05,0.002379845035464629
317,13,424.58553619370616,376.6968403842179,424.59,376.7,0.004463806293813377,0.003159615782067249,0.005468888234273612
317,14,425.55005882702915,492.6345444920331,425.55,492.63,-5.8827029135954945e-05,-0.004544492033119241,0.00454487276592439
317,15,420.4107220139513,651.2903107990613,420.41,651.29,-0.0007220139512469359,-0.00031079906136710633,0.0007860662836821632
317,17,1389.510847025996,413.36598250827683,1389.51,413.37,-0.0008470259961086413,0.004017491723175226,0.004105812073617749
317,18,1536.5029865794015,482.18858318540043,1536.5,482.19,-0.002986579401522249,0.0014168145995654413,0.0033056043518755805
317,19,1769.6768744486317,590.6225921128076,1769.68,590.62,0.0031255513683845493,-0.0025921128076333844,0.0040605566322743925
317,21,1810.317745983558,525.7464163335683,1810.32,525.75,0.0022540164418387576,0.0035836664317230316,0.004233586566250646
317,22,1821.3474960217386,465.5605323964956,1821.35,465.56,0.002503978261302109,-0.0005323964956005511,0.0025599517889212833
317,24,1636.4583620928229,351.9705023428228,1636.46,351.97,0.0016379071771552844,-0.0005023428227559634,0.0017132099207485408
317,25,1798.0911583387515,406.0482730791945,1798.09,406.05,-0.0011583387515656796,0.0017269208055381569,0.002079423990430834
317,26,1953.1403908027787,462.32904113871456,1953.14,462.33,-0.0003908027786110324,0.0009588612854258827,0.0010354427924606359
317,31,762.2192843875896,552.5024579164407,762.22,552.5,0.0007156124104312767,-0.0024579164406759446,0.0025599715528318604
318,13,432.18915214527965,377.02263028816344,432.19,377.02,0.0008478547203480957,-0.0026302881634592268,0.0027635617325564234
318,14,432.41254412027183,492.47590836902486,432.41,492.48,-0.00254412027180706,0.004091630975153748,0.004818090077432887
318,15,427.05804151046345,650.217733099296,427.06,650.22,0.0019584895365483135,0.0022669007040576616,0.002995750334528288
318,17,1391.883135269497,413.7744868812076,1391.88,413.77,-0.0031352694968518335,-0.004486881207640181,0.005473757191305087
318,18,1539.1272399345512,482.39143738905034,1539.13,482.39,0.002760065448910609,-0.001437389050352067,0.0031119203981371597
318,19,1771.7576558364738,590.7169440846058,1771.76,590.72,0.0023441635262315685,0.0030559153942704143,0.0038514570664429483
318,21,1812.2383094876686,525.8098122501763,1812.24,525.81,0.0016905123313790682,0.00018774982368086057,0.0017009062110642334
318,22,1823.2606220163038,465.9203992973717,1823.26,465.92,-0.0006220163038506143,-0.00039929737170041335,0.000739149966720447
318,24,1638.8437715696173,352.7278767571171,1638.84,352.73,-0.003771569617356363,0.0021232428829307537,0.004328151767034253
318,25,1799.8183687540636,406.5362048093958,1799.82,406.54,0.0016312459363234666,0.0037951906041939765,0.004130912130139549
318,26,1954.355293102084,462.74678085403593,1954.36,462.75,0.004706897915866648,0.0032191459640671383,0.005702437086751553
318,31,766.1644632906922,552.1268434373305,766.16,552.13,-0.0044632906922288385,0.0031565626694600724,0.005466703914569133
319,13,435.64186410895974,377.2669727161226,435.64,377.27,-0.0018641089597508653,0.0030272838773726107,0.0035551863366107272
319,14,435.8094080902039,492.85693127676865,435.81,492.86,0.0005919097961282205,0.0030687232313653112,0.003125287103207273
319,15,429.7935311328476,649.913299824472,429.79,649.91,-0.0035311328475700066,-0.0032998244720374714,0.0048329846609983405
319,17,1396.6623514521227,414.5808651609057,1396.66,414.58,-0.002351452122638875,-0.0008651609057324094,0.0025055599130474997
319,18,1544.3454299509135,482.2935780417878,1544.35,482.29,0.004570049086396466,-0.0035780417877617765,0.00580411334202242
319,19,1776.0682418773554,590.5377080634544,1776.07,590.54,0.0017581226445599896,0.002291936545589124,0.002888592799672813
319,21,1816.6787321157515,525.6073591876323,1816.68,525.61,0.0012678842485911446,0.0026408123677583717,0.0029294061564643283
319,22,1827.695466512228,466.1902994730288,1827.7,466.19,0.004533487772050648,-0.0002994730288037317,0.0045433682961337875
319,24,1644.382828677213,353.79590756783784,1644.38,353.8,-0.002828677212846742,0.00409243216216737,0.004974878468507578
319,25,1804.3637765655476,407.4021536070469,1804.36,407.4,-0.003776565547696009,-0.0021536070469210244,0.00434746715325054
319,26,1958.266469826563,462.81008564052695,1958.27,462.81,0.0035301734369568294,-8.564052694737256e-05,0.0035312120857931228
319,31,768.8733474680191,551.8451325779979,768.87,551.85,-0.0033474680191147854,0.004867422002121202,0.005907396980543108
320,13,442.2313980817198,377.70022953709196,442.23,377.7,-0.0013980817197989381,-0.00022953709196826821,0.0014167991289611968
320,14,442.10705606765293,492.8926984575765,442.11,492.89,0.0029439323470796808,-0.0026984575765141017,0.003993546163052136
320,15,436.0951483496357,649.434974868354,436.1,649.43,0.004851650364344096,-0.004974868353997408,0.006948944264954575
320,17,1398.496763589092,414.9356488706793,1398.5,414.94,0.0032364109079026093,0.0043511293206961454,0.005422792816456544
320,18,1546.259072463185,482.7201835313408,1546.26,482.72,0.0009275368149701535,-0.00018353134078097355,0.0009455201193913531
320,19,1777.8011814080164,590.9032810475908,1777.8,590.9,-0.0011814080164640473,-0.0032810475908036096,0.0034872622778454286
320,21,1818.2590490868135,525.9555193907242,1818.26,525.96,0.0009509131864433584,0.004480609275788083,0.004580403406953373
320,22,1829.0215998841709,466.6427246047716,1829.02,466.64,-0.0015998841709006228,-0.0027246047716289468,0.0031596044882044334
320,24,1645.7871215079097,354.3469306758784,1645.79,354.35,0.0028784920903035527,0.0030693241216113165,0.004207905331331159
320,25,1805.5228324241607,408.0516152052852,1805.52,408.05,-0.0028324241607151635,-0.0016152052851907683,0.003260600364888526
320,26,1958.9498523699222,463.3575642303952,1958.95,463.36,0.00014763007789042604,0.0024357696048014077,0.0024402393750557216
320,31,773.4050106010143,551.8838494334984,773.41,551.88,0.0049893989856855114,-0.003849433498430699,0.006301764871621284
321,13,444.67354856128986,378.025172152819,444.67,378.03,-0.00354856128984693,0.00482784718099083,0.0059916938866067925
321,14,444.5802920507397,493.1695238431824,444.58,493.17,-0.0002920507396879657,0.00047615681762636086,0.0005585865640385126
321,15,438.0713612622268,649.3262311512655,438.07,649.33,-0.0013612622267942243,0.003768848734580388,0.004007150562961787
321,17,1403.1225726918192,415.70173665300945,1403.12,415.7,-0.002572691819295869,-0.0017366530094591326,0.003103982421395996
321,18,1551.4443043473889,482.7901376485056,1551.44,482.79,-0.004304347388824681,-0.00013764850558573016,0.004306547753685292
321,19,1782.6008860560123,590.927460785693,1782.6,590.93,-0.0008860560124048789,0.002539214306921167,0.002689368802078283
321,21,1822.9442868151102,526.2166395430431,1822.94,526.22,-0.004286815110162934,0.003360456956897906,0.005446967481809009
321,22,1833.7661999131283,466.98204345357874,1833.77,466.98,0.0038000868717062986,-0.00204345357872171,0.004314668325712316
321,24,1651.0903411309323,355.5101980069088,1651.09,355.51,-0.0003411309323837486,-0.0001980069088176606,0.0003944325658062871
321,25,1810.3921243181205,408.78871140396393,1810.39,408.79,-0.0021243181204226858,0.0012885960360904392,0.0024845939750760414
321,26,1963.4623892774416,463.7681731727964,1963.46,463.77,-0.0023892774415799067,0.0018268272035584232,0.00300764763968516
321,31,775.8037579507607,551.9128870751238,775.8,551.91,-0.0037579507607006235,-0.0028870751237946024,0.004738923579282959
322,13,452.2551614209674,379.26887911461426,452.26,379.27,0.0048385790325937705,0.0011208853857169743,0.004966712303181044
322,14,452.18521903805475,493.6271428823868,452.19,493.63,0.004780961945243689,0.002857117613189075,0.005569624599330152
322,15,445.0535209466701,648.9946733634491,445.05,648.99,-0.0035209466701076053,-0.004673363449114731,0.005851272629203272
322,17,1407.3419295188644,416.2763024897571,1407.34,416.28,-0.001929518864471902,0.0036975102428868922,0.004170686399695669
322,18,1555.5832282605415,482.8426032363792,1555.58,482.84,-0.0032282605416185106,-0.0026032363792296564,0.004147108121416148
322,19,1784.9506645420092,590.1955955892697,1784.95,590.2,-0.0006645420091899723,0.00440441073033071,0.0044542619998637865
322,21,1825.4582151113327,525.9124796572823,1825.46,525.91,0.0017848886673164088,-0.0024796572823788665,0.0030552459463632532
322,22,1836.574649934846,466.9865325901841,1836.57,466.99,-0.0046499348461566115,0.0034674098159257483,0.005800415925179827
322,24,1655.3177558481993,356.3826485051816,1655.32,356.38,0.002244151800596228,-0.00264850518158255,0.0034714257879132184
322,25,1813.5440932385904,409.5915335529729,1813.54,409.59,-0.004093238590485271,-0.0015335529729441078,0.004371085320542663
322,26,1965.3467919580812,463.8261298795973,1965.35,463.83,0.0032080419186968356,0.0038701204026665437,0.005026864319160796
322,31,780.6028184630704,551.6846653063428,780.6,551.68,-0.002818463070411781,-0.0046653063428721,0.0054505795427750294
323,13,454.44137106572555,379.4516593359607,454.44,379.45,-0.0013710657255501246,-0.0016593359607099956,0.0021524908952847287
323,14,454.38891427854105,493.9703571617901,454.39,493.97,0.0010857214589350406,-0.00035716179007749815,0.0011429591552996965
323,15,447.29014071000256,648.9960050225868,447.29,649.0,-0.00014071000254034516,0.003994977413185552,0.003997454669746441
323,17,1411.5064471391483,416.9572268673178,1411.51,416.96,0.003552860851641526,0.002773132682193591,0.004507004005342925
323,18,1559.9374211954062,482.88195242728443,1559.94,482.88,0.0025788045938952564,-0.0019524272844364532,0.003234533263781218
323,19,1789.4629984065068,590.3966966919522,1789.46,590.4,-0.0029984065067765187,0.0033033080477480325,0.0044611977806634714
323,21,1829.5936613334995,526.1843597429618,1829.59,526.18,-0.0036613334996218327,-0.004359742961810298,0.005693217165057687
323,22,1840.6809874511346,467.48989944263803,1840.68,467.49,-0.0009874511345060455,0.00010055736197500664,0.0009925580718953672
323,24,1659.7383168861495,357.2869863788862,1659.74,357.29,0.0016831138505040144,0.0030136211138369617,0.0034517798961582677
323,25,1817.658069928943,410.19365016472966,1817.66,410.19,0.0019300710571314994,-0.0036501647296631745,0.004129028558783983
323,26,1969.0100939685608,464.119597409698,1969.01,464.12,-9.396856080456928e-05,0.0004025903020306032,0.00041341146780027077
323,31,783.7021138473028,551.7634989797571,783.7,551.76,-0.002113847302780414,-0.0034989797570688097,0.004087934656993595
324,13,460.0810282992942,379.5887445019705,460.08,379.59,-0.001028299294205226,0.0012554980294794404,0.0016228600495698095
324,14,459.7916857089058,493.72776787134256,459.79,493.73,-0.0016857089057680241,0.0022321286574538135,0.0027971436964182215
324,15,452.4676055325019,648.2470037669401,452.47,648.25,0.0023944674981066782,0.002996233059889164,0.0038354774342527474
324,17,1415.1298353543611,417.46792015048834,1415.13,417.47,0.00016464563896079198,0.0020798495116878257,0.0020863561962658475
324,18,1563.9530658965546,483.1614643204633,1563.95,483.16,-0.003065896554517167,-0.0014643204632989182,0.003397639784061311
324,19,1792.59724880488,590.5475225189641,1792.6,590.55,0.0027511951197993767,0.002477481035839446,0.0037022948113503876
324,21,1832.9452460001246,526.3882698072214,1832.95,526.39,0.0047539998754473345,0.0017301927786093074,0.005059059385587905
324,22,1844.010740588351,467.8674245819785,1844.01,467.87,-0.0007405883509363775,0.0025754180214789812,0.002679785269550785
324,24,1663.803737664612,358.2152397841646,1663.8,358.22,-0.0037376646121174417,0.004760215835403869,0.006052255079910693
324,25,1820.9935524467073,410.89523762354725,1820.99,410.9,-0.0035524467073173582,0.004762376452731587,0.005941389322865674
324,26,1971.7575704764206,464.5896980572735,1971.76,464.59,0.0024295235793942993,0.00030194272648031983,0.002448214498957813
324,31,787.5265853854771,551.5726242348178,787.53,551.57,0.0034146145228532987,-0.002624234817744764,0.0043065300089915265
325,13,462.0607712244706,379.6915583764779,462.06,379.69,-0.000771224470611287,-0.001558376477873935,0.0017387709541111017
325,14,461.59376428167934,493.7958259035069,461.59,493.8,-0.003764281679366377,0.004174096493102297,0.005620756007455069
325,15,454.10070414937644,648.1852528252051,454.1,648.19,-0.0007041493764177176,0.004747174794943021,0.00479911396802074
325,17,1419.347376515771,418.1009401128663,1419.35,418.1,0.002623484228934103,-0.0009401128662602787,0.0027868408100883845
325,18,1567.964799422416,483.12109824034746,1567.96,483.12,-0.004799422415999288,-0.0010982403474599778,0.004923473102189699
325,19,1796.44793660366,590.6606418892231,1796.45,590.66,0.0020633963399632194,-0.0006418892231749851,0.002160931796841769
325,21,1836.4589345000934,526.5412023554161,1836.46,526.54,0.001065499906644618,-0.0012023554161260108,0.0016065330988645214
325,22,1847.7580554412632,468.1505684364839,1847.76,468.15,0.0019445587367954431,-0.0005684364839453337,0.0020259389717184532
325,24,1668.1028032484592,358.91142983812347,1668.1,358.91,-0.0028032484592586115,-0.0014298381234425506,0.003146845878587875
325,25,1824.9951643350305,411.42142821766043,1825.0,411.42,0.00483566496950516,-0.0014282176604183405,0.005042168321548793
325,26,1975.3181778573155,464.94227354295515,1975.32,464.94,0.0018221426844320376,-0.0022735429551516972,0.0029136234367792115
325,31,790.8949390391078,551.4294681761133,790.89,551.43,-0.004939039107853205,0.0005318238866038882,0.004967589350506525
326,13,465.295578418353,380.5186687823584,465.3,380.52,0.0044215816470227765,0.0013312176415638532,0.004617631933199037
326,14,464.9453232112595,494.34686942763017,464.95,494.35,0.004676788740482607,0.0031305723698551446,0.005627862497076963
326,15,457.5755281120323,648.3889396189038,457.58,648.39,0.0044718879676679535,0.0010603810961811178,0.004595888386864033
326,17,1422.7605323868283,418.5757050846497,1422.76,418.58,-0.0005323868283539923,0.004294915350271822,0.004327786224041727
326,18,1571.223599566812,483.0908236802606,1571.22,483.09,-0.003599566811999466,-0.000823680260623405,0.003692604826648614
326,19,1799.335952452745,590.2454814169173,1799.34,590.25,0.004047547254913297,0.004518583082699479,0.006066319465377182
326,21,1839.09420087507,526.405901766562,1839.09,526.41,-0.004200875070182519,0.004098233437957788,0.005868804705157286
326,22,1850.5685415809473,468.11292632736297,1850.57,468.11,0.0014584190525965823,-0.0029263273629567266,0.003269614345479598
326,24,1671.5771024363444,359.4335723785926,1671.58,359.43,0.002897563655551494,-0.00357237859259385,0.004599756944317357
326,25,1827.9963732512729,411.81607116324534,1828.0,411.82,0.00362674872712887,0.003928836754653275,0.00534687428077801
326,26,1977.7386333929867,464.70670515721633,1977.74,464.71,0.0013666070133240282,0.0032948427836458904,0.0035670160775934023
326,31,794.4212042793308,551.572101132085,794.42,551.57,-0.0012042793308637556,-0.0021011320849311232,0.0024217854457141046
327,13,466.72168381376474,380.8890015867688,466.72,380.89,-0.0016838137647141593,0.00099841323117289,0.0019575642452859528
327,14,465.7089924084446,494.0101520707226,465.71,494.01,0.0010075915553784398,-0.00015207072260636778,0.0010190025746503128
327,15,457.93164608402424,648.0417047141779,457.93,648.04,-0.0016460840242302766,-0.0017047141778903097,0.002369734804387693
327,17,1423.3203992901213,418.6817788134873,1423.32,418.68,-0.00039929012132233765,-0.001778813487305797,0.0018230770756077809
327,18,1571.917699675109,483.56811776019543,1571.92,483.57,0.002300324891166383,0.0018822398045585942,0.0029722586170763147
327,19,1801.0019643395588,590.684111062688,1801.0,590.68,-0.001964339558753636,-0.004111062688025413,0.00455625573546516
327,21,1840.5706506563026,526.8044263249215,1840.57,526.8,-0.0006506563026960066,-0.004426324921496416,0.004473891587298277
327,22,1851.6764061857104,468.58469474552226,1851.68,468.58,0.0035938142896156933,-0.004694745522272115,0.005912371492653351
327,24,1672.4328268272584,359.82517928394446,1672.43,359.83,-0.002826827258331832,0.0048207160555193695,0.005588403675146427
327,25,1828.9972799384545,412.112053372434,1829.0,412.11,0.0027200615454603394,-0.0020533724339770743,0.0034080893714380535
327,26,1979.0539750447401,465.2800288679123,1979.05,465.28,-0.003975044740172962,-2.886791230594099e-05,0.003975149562310535
327,31,797.0659032094982,551.6790758490638,797.07,551.68,0.0040967905018760575,0.0009241509361572753,0.004199731821088372
328,13,473.79126286032357,381.41675119007664,473.79,381.42,-0.0012628603235498304,0.0032488099233773937,0.003485625068051899
328,14,472.53174430633345,494.25761405304195,472.53,494.26,-0.0017443063334781073,0.0023859469580429504,0.0029555621244707828
328,15,464.6987345630182,647.7812785356334,464.7,647.78,0.0012654369817823863,-0.001278535633446154,0.0017988841321369404
328,17,1426.7402994675908,419.0113341101155,1426.74,419.01,-0.000299467590821223,-0.0013341101155219803,0.0013673078067100836
328,18,1575.4382747563318,483.67608832014656,1575.44,483.68,0.0017252436682611005,0.003911679853445094,0.004275243266847308
328,19,1803.251473254669,590.263083297016,1803.25,590.26,-0.0014732546690083836,-0.00308329701601906,0.003417191801574363
328,21,1843.177987992227,526.6033197436911,1843.18,526.6,0.0020120077731462516,-0.003319743691122312,0.003881864687743164
328,22,1854.507304639283,468.6885210591417,1854.51,468.69,0.002695360717098083,0.0014789408583055774,0.0030744488055001224
328,24,1675.8246201204438,360.36888446295836,1675.82,360.37,-0.004620120443860287,0.001115537041641801,0.004752887102283276
328,25,1831.747959953841,412.5840400293255,1831.75,412.58,0.0020400461589815677,-0.004040029325494743,0.00452588392268659
328,26,1981.040481283555,465.2100216509342,1981.04,465.21,-0.0004812835550183081,-2.1650934229455743e-05,0.0004817703013720014
328,31,800.7994274071236,551.7593068867978,800.8,551.76,0.0005725928763240518,0.0006931132021463782,0.0008990375481628433
329,13,477.5934471452427,381.5625633925575,477.59,381.56,-0.0034471452427169424,-0.002563392557476618,0.004295787672605871
329,14,476.3988082297501,494.4432105397815,476.4,494.44,0.001191770249874935,-0.0032105397814916614,0.003424599541118274
329,15,468.52405092226365,647.585958901725,468.52,647.59,-0.004050922263672874,0.004041098275024524,0.005721926813122197
329,17,1430.0552246006932,419.50850058258663,1430.06,419.51,0.004775399306709005,0.001499417413356241,0.005005266338367296
329,18,1578.8287060672487,483.7570662401099,1578.83,483.76,0.0012939327511958254,0.00293375989008382,0.0032064324501354814
329,19,1806.1886049410018,590.197312472762,1806.19,590.2,0.0013950589982414385,0.0026875272380948445,0.003028034389513453
329,21,1846.1334909941702,526.7024898077684,1846.13,526.7,-0.0034909941700789204,-0.002489807768370156,0.004287911265285394
329,22,1857.3804784794622,469.01639079435625,1857.38,469.02,-0.0004784794621173205,0.0036092056437269093,0.003640783977988567
329,24,1679.1184650903328,360.7766633472188,1679.12,360.78,0.0015349096670433937,0.0033366527811722335,0.003672764553859621
329,25,1834.5609699653808,412.9380300219941,1834.56,412.94,-0.0009699653808183939,0.0019699780058886063,0.0021958247160625143
329,26,1983.5303609626662,465.4075162382006,1983.53,465.41,-0.0003609626662637311,0.0024837617993966887,0.002509853924549893
329,31,803.5995705553428,551.8194801650984,803.6,551.82,0.0004294446572430388,0.0005198349016382053,0.0006742781611440442
330,17,1431.0414184505198,418.13137543693995,1431.04,418.13,-0.001418450519850012,-0.0013754369399521238,0.0019758108849400624
330,18,1578.8715295504367,483.56779968008243,1578.87,483.57,-0.0015295504367713875,0.002200319917562865,0.0026797261573249225
330,19,1804.3914537057512,589.8979843545715,1804.39,589.9,-0.0014537057511461171,0.00201564542851429,0.0024851734153587455
330,21,1844.6001182456275,526.2768673558263,1844.6,526.28,-0.00011824562761830748,0.0031326441736609922,0.0031348750449137533
330,22,1856.2853588595967,468.0122930957672,1856.29,468.01,0.004641140403236932,-0.0022930957671860597,0.005176724103141377
330,24,1676.8388488177497,359.8324975104141,1676.84,359.83,0.0011511822501688584,-0.0024975104141162774,0.0027500506980277827
330,25,1832.1707274740356,411.9535225164956,1832.17,411.95,-0.000727474035556952,-0.0035225164955932087,0.0035968515307329236
330,26,1981.6477707219997,465.0556371786505,1981.65,465.06,0.002229278000413615,0.00436282134950261,0.0048993765451130515
330,31,801.1996779165071,552.3646101238238,801.2,552.36,0.0003220834929607008,-0.00461012382379522,0.0046213612115005714
331,13,484.19508535893203,382.4219225444181,484.2,382.42,0.004914641067955472,-0.0019225444181074636,0.005277297970214556
331,14,482.7991061723126,494.83240790483615,482.8,494.83,0.0008938276874346229,-0.0024079048361613786,0.002568449655888564
331,15,474.64303819169777,647.4394691762938,474.64,647.44,-0.003038191697783077,0.0005308237062990884,0.003084215070264575
331,17,1434.7810638378899,418.848531577705,1434.78,418.85,-0.001063837889887509,0.0014684222950336334,0.001813288474708906
331,18,1582.4036471628274,483.67584976006185,1582.4,483.68,-0.0036471628272920498,0.004150239938155664,0.005525060020763871
331,19,1807.2935902793133,589.4234882659287,1807.29,589.42,-0.003590279313357314,-0.003488265928695,0.005005807101478827
331,21,1847.7000886842206,525.9576505168698,1847.7,525.96,-8.868422060004377e-05,0.002349483130274166,0.0023511562837094284
331,22,1859.4640191446974,468.25921982182535,1859.46,468.26,-0.00401914469739495,0.0007801781746366032,0.004094166836216771
331,24,1681.1291366133123,360.62437313281055,1681.13,360.62,0.0008633866877971741,-0.004373132810542302,0.0044575472124596715
331,25,1835.6280456055267,412.4651418873717,1835.63,412.47,0.0019543944733868557,0.004858112628312483,0.005236498454785823
331,26,1984.2358280414996,465.04172788398785,1984.24,465.04,0.004171958500364781,-0.0017278839878258623,0.0045156196478612935
331,31,806.1497584373803,552.2734575928679,806.15,552.27,0.0002415626196352605,-0.0034575928679032586,0.003466020908676191
332,17,1441.0857978784175,418.13639868327874,1465.7,423.0,24.614202121582593,4.863601316721258,25.09010888478035
332,18,1585.5527353721204,483.2568873200464,1585.9,485.2,0.3472646278796674,1.9431126799535718,1.9738995944000688
332,19,1806.470192709485,588.8176161994465,1788.0,587.8,-18.47019270948499,-1.0176161994465929,18.498204276493666
332,21,1847.7750665131655,525.7182378876523,1853.0,528.5,5.224933486834516,2.7817621123476783,5.9193015121328045
332,22,1860.848014358523,467.944414866369,1882.2,468.4,21.351985641477086,0.45558513363096154,21.356845475112404
332,24,1685.3468524599843,359.96827984960794,1714.5,365.3,29.153147540015652,5.331720150392073,29.636687589068007
332,25,1838.721034204145,412.09885641552876,1872.5,413.7,33.7789657958549,1.601143584471231,33.81689209575044
332,31,813.1123188280353,551.7050931946509,813.11,551.71,-0.0023188280352997026,0.004906805349151,0.0054271265133354635
333,13,492.89631401919905,382.3164419083136,492.9,382.32,0.0036859808009239714,0.003558091686386433,0.005123130967827426
333,14,491.09932962923443,494.3743059286271,491.1,494.37,0.000670370765590178,-0.004305928627104549,0.004357799709150988
333,15,482.4822786437733,646.3296018822203,482.48,646.33,-0.002278643773308886,0.00039811777969589457,0.002313161302665542
333,17,1443.5643484088132,419.10229901245907,1443.56,419.1,-0.004348408813257265,-0.0022990124590478445,0.004918751619473245
333,18,1588.9145515290902,483.6926654900348,1588.91,483.69,-0.004551529090122131,-0.002665490034814866,0.00527458568836694
333,19,1810.3526445321138,589.1132121495849,1810.35,589.11,-0.0026445321138908184,-0.003212149584896906,0.004160703673316956
333,21,1851.3312998848742,526.2886784157392,1851.33,526.29,-0.0012998848742427072,0.001321584260722375,0.0018537221055147626
333,22,1864.1360107688922,468.70831114977676,1864.14,468.71,0.003989231107880187,0.0016888502232177416,0.004331994910955182
333,24,1688.7601393449881,361.226209887206,1688.76,361.23,-0.0001393449881561537,0.0037901127940358492,0.003792673465675429
333,25,1841.7907756531088,413.0741423116466,1841.79,413.07,-0.0007756531088034535,-0.004142311646603503,0.004214307003860004
333,26,1987.1768710311248,465.7812959129909,1987.18,465.78,0.003128968875216742,-0.001295912990940451,0.0033867147358706416
333,31,817.5842391210265,551.5288198959881,817.58,551.53,-0.0042391210264440815,0.001180104011837102,0.0044003173244204045
334,15,502.86170898283,645.4972014116653,502.86,645.5,-0.0017089828299958754,0.0027985883347128038,0.0032791338765612017
334,17,1449.17326130661,418.5767242593443,1449.17,418.58,-0.003261306609829262,0.0032757406556811475,0.004622401718435816
334,18,1591.6859136468177,483.5194991175261,1591.69,483.52,0.004086353182401581,0.0005008824738865769,0.004116936431859285
334,19,1810.0144833990853,588.8349091121887,1810.01,588.83,-0.004483399085302153,-0.004909112188670406,0.006648326845082192
334,21,1851.9984749136556,525.9665088118045,1852.0,525.97,0.0015250863443725393,0.0034911881955395074,0.0038097615902397356
334,22,1865.852008076669,468.53123336233256,1865.85,468.53,-0.0020080766691989993,-0.00123336233258442,0.002356598088945043
334,24,1692.8201045087412,360.66965741540446,1692.82,360.67,-0.00010450874128764553,0.00034258459555758236,0.00035817074436486336
334,25,1844.8430817398316,412.805606733735,1844.84,412.81,-0.0030817398317140032,0.004393266265026341,0.005366368312536063
334,31,823.1881793407699,550.8966149219912,823.19,550.9,0.0018206592301339697,0.0033850780088187093,0.0038436380107991514
335,13,499.1722355143993,382.2373314312352,499.17,382.24,-0.0022355143992740523,0.0026685687648182466,0.0034812043723293825
335,14,496.8244972219258,493.78072944647033,496.82,493.78,-0.00449722192581703,-0.0007294464703591075,0.004555995742224613
335,15,502.89628173712254,644.622901058749,502.9,644.62,0.0037182628774417026,-0.0029010587489892714,0.004716102277394781
335,17,1451.1299459799575,419.68254319450824,1451.13,419.68,5.402004262577975e-05,-0.002543194508234592,0.0025437681639095726
335,18,1595.0144352351133,483.8896243381446,1595.01,483.89,-0.00443523511330568,0.00037566185540072183,0.0044511158533454016
335,19,1814.510862549314,589.3761818341416,1814.51,589.38,-0.0008625493139788887,0.003818165858433531,0.003914381412375768
335,21,1855.7488561852417,526.7248816088534,1855.75,526.72,0.0011438147582794045,-0.004881608853338548,0.005013822613361094
335,22,1869.1390060575018,469.6484250217494,1869.14,469.65,0.0009939424983258505,0.001574978250573622,0.0018623850782687721
335,24,1696.115078381556,362.2522430615534,1696.12,362.25,0.004921618443859188,-0.002243061553372172,0.005408664644729909
335,25,1847.8823113048738,414.10420505030123,1847.88,414.1,-0.002311304873728659,-0.004205050301209212,0.004798393299326509
335,26,1990.6326532733437,466.58597193474316,1990.63,466.59,-0.0026532733436397393,0.004028065256818536,0.004823398091517823
335,31,826.1411345055774,550.6724611914933,826.14,550.67,-0.001134505577397249,-0.002461191493352999,0.0027100860635962524
336,13,505.12917663579947,382.1779985734264,505.13,382.18,0.0008233642005279762,0.002001426573599474,0.0021641711892133684
336,14,502.36837291644434,493.33554708485275,502.37,493.34,0.0016270835556611019,0.004452915147226122,0.004740870616827526
336,15,504.1722113028419,643.9671757940617,504.17,643.97,-0.002211302841885754,0.0028242059382819207,0.003586920606921608
336,17,1453.097459484968,420.51190739588117,1453.1,420.51,0.002540515031796531,-0.001907395881175944,0.0031768499609378916
336,18,1598.010826426335,484.16721825360844,1598.01,484.17,-0.0008264263349246903,0.0027817463915766893,0.002901912037623985
336,19,1818.3831469119855,590.0321363756061,1818.38,590.03,-0.003146911985368206,-0.0021363756061418826,0.0038035714498576415
336,21,1859.0616421389313,527.2936612066401,1859.06,527.29,-0.0016421389314018597,-0.003661206640117598,0.004012611908927505
336,22,1872.1042545431264,470.486318766312,1872.1,470.49,-0.004254543126535282,0.0036812336879847862,0.005626066003976729
336,24,1698.8363087861671,363.43918229616503,1698.84,363.44,0.0036912138327807043,0.0008177038349685972,0.003780700876958394
336,25,1850.4117334786554,415.0781537877259,1850.41,415.08,-0.0017334786552964943,0.0018462122740743325,0.0025324786295862914
336,26,1993.4744899550078,467.43947895105737,1993.47,467.44,-0.004489955007784374,0.0005210489426303866,0.004520087164264006
336,31,829.355850879183,550.50434589362,829.36,550.5,0.004149120817032781,-0.004345893619984054,0.006008493564160061
337,17,1453.823094613726,419.38393054691085,1453.82,419.38,-0.0030946137260343676,-0.0039305469108512625,0.005002582646170147
337,18,1598.2581198197513,483.8754136902063,1598.26,483.88,0.0018801802486905217,0.004586309793694454,0.0049567444246504805
337,19,1817.0373601839892,589.5241022817046,1817.04,589.52,0.0026398160107419244,-0.004102281704604138,0.004878252120841977
337,21,1857.7962316041985,526.7202459049801,1857.8,526.72,0.0037683958014440577,-0.0002459049800336288,0.0037764104882211285
337,22,1870.8281909073448,469.614739074734,1870.83,469.61,0.0018090926550939912,-0.004739074734004589,0.005072636944351103
337,24,1696.6272315896254,362.8293867221238,1696.63,362.83,0.0027684103747560584,0.0006132778761980262,0.002835525657879142
337,25,1847.8088001089916,414.3086153407944,1847.81,414.31,0.0011998910083548253,0.001384659205598382,0.0018322171125658394
337,31,825.7668881593872,551.128259420215,825.77,551.13,0.003111840612746164,0.0017405797849505689,0.003565553251168041
338,17,1453.1173209602944,418.5379479101831,1453.12,418.54,0.0026790397055265203,0.002052089816913849,0.0033746594436282217
338,18,1597.9435898648135,483.90656026765475,1597.94,483.91,-0.003589864813420718,0.0034397323452708406,0.004971809327170402
338,19,1816.278020137992,589.3930767112785,1816.28,589.39,0.0019798620080564433,-0.0030767112784815254,0.003658689090655383
338,21,1856.5971737031489,526.7901844287351,1856.6,526.79,0.0028262968510262,-0.00018442873511048674,0.0028323078661146757
338,22,1869.3711431805086,469.2110543060505,1869.37,469.21,-0.0011431805087340763,-0.0010543060505483481,0.0015551279445024315
338,24,1693.720423692219,362.37204004159287,1693.72,362.37,-0.000423692218873839,-0.0020400415928634175,0.002083575003916813
338,25,1844.8566000817436,413.9814615055958,1844.86,413.98,0.0033999182562638453,-0.001461505595784729,0.0037007354344489774
338,31,827.0751661195404,550.8461945651613,827.08,550.85,0.004833880459614193,0.003805434838682231,0.006152051252167555
339,17,1453.8379907202207,417.90346093263736,1453.84,417.9,0.002009279779258577,-0.00346093263738112,0.004001907039378505
339,18,1598.70769239861,483.9299202007411,1598.71,483.93,0.002307601389929914,7.979925891277162e-05,0.0023089807484103237
339,19,1816.708515103494,589.2948075334589,1816.71,589.29,0.001484896506099176,-0.004807533458915714,0.005031629516609865
339,21,1856.9478802773617,526.8426383215512,1856.95,526.84,0.0021197226383264933,-0.0026383215512169045,0.0033843706462279516
339,22,1869.5283573853815,468.9082907295379,1869.53,468.91,0.0016426146185040125,0.0017092704621290977,0.0023706092671779764
339,24,1692.7903177691642,362.0290300311947,1692.79,362.03,-0.0003177691642122227,0.0009699688052933197,0.0010206942367654893
339,25,1843.8924500613077,413.7360961291969,1843.89,413.74,-0.0024500613076270383,0.003903870803128484,0.004609013740340785
339,31,828.0563745896553,550.384645923871,828.06,550.38,0.0036254103446253794,-0.004645923870953084,0.005893064464402914
340,13,509.5968824768496,382.1334989300698,509.6,382.13,0.00311752315042213,-0.003498930069781636,0.004686305818727588
340,14,505.5262796873333,492.00166031363955,505.53,492.0,0.00372031266670092,-0.0016603136395474394,0.004073986710788656
340,15,503.37915847713145,642.4753818455463,503.38,642.48,0.0008415228685407783,0.0046181544537375885,0.00469419975042109
340,17,1455.3784930401655,419.17759569947805,1455.38,419.18,0.001506959834614463,0.0024043005219596125,0.0028375321924229363
340,18,1600.7807692989577,484.69744015055585,1600.78,484.7,-0.0007692989577208209,0.0025598494441396724,0.002672947822725414
340,19,1821.2813863276206,590.4711056500942,1821.28,590.47,-0.0013863276205938746,-0.0011056500941322156,0.0017732361383290302
340,21,1860.4609102080212,527.8819787411635,1860.46,527.88,-0.0009102080211960129,-0.0019787411634979435,0.002178048492107271
340,22,1872.6462680390362,470.43121804715344,1872.65,470.43,0.003731960963932579,-0.0012180471534293247,0.003925706497471999
340,24,1696.5927383268731,363.771772523396,1696.59,363.77,-0.0027383268732137367,-0.0017725233960277365,0.003261943171489997
340,25,1847.6693375459809,415.30207209689763,1847.67,415.3,0.0006624540192206041,-0.0020720968976206677,0.0021754151053789087
340,26,1996.1058674662559,468.829609213293,1996.11,468.83,0.004132533744041211,0.0003907867069870008,0.004150969693456821
340,31,833.2922809422415,549.7884844429032,833.29,549.79,-0.0022809422415548397,0.0015155570968090615,0.002738541732929686
341,13,514.9476618576372,382.1001241975523,514.95,382.1,0.002338142362873441,-0.0001241975522816574,0.0023414386050153338
341,14,510.14470976549995,491.25124523522965,510.14,491.25,-0.004709765499967489,-0.0012452352296463687,0.00487160156846149
341,15,505.78436885784856,641.1065363841597,505.78,641.11,-0.004368857848589869,0.0034636158403600348,0.005575262647694568
341,16,496.0,1056.0,496.0,1056.0,0.0,0.0,0.0
341,17,1457.5338697801242,420.38319677460856,1457.53,420.38,-0.0038697801242051355,-0.0031967746085683757,0.005019418901394922
341,18,1602.8355769742184,485.0230801129169,1602.84,485.02,0.004423025781534307,-0.003080112916904909,0.005389828628537426
341,19,1825.4610397457154,590.8533292375706,1825.46,590.85,-0.0010397457153885625,-0.003329237570596888,0.0034878208030434624
341,21,1863.345682656016,528.4114840558726,1863.35,528.41,0.004317343983984756,-0.0014840558726518793,0.004565290889877872
341,22,1874.9847010292772,471.0734135353651,1874.98,471.07,-0.004701029277157431,-0.0034135353650981415,0.005809638538968412
341,24,1699.1945537451547,365.078829392547,1699.19,365.08,-0.004553745154680655,0.0011706074529911348,0.004701799309070512
341,25,1850.5020031594856,416.22655407267325,1850.5,416.23,-0.0020031594856391166,0.003445927326765741,0.003985857883349186
341,26,1997.8294005996918,469.37220690996975,1997.83,469.37,0.0005994003081468691,-0.002206909969743265,0.0022868608055495593
341,31,837.7192107066811,549.3413633321774,837.72,549.34,0.0007892933189168616,-0.0013633321773340867,0.0015753280829850322
342,15,515.0882766433864,642.3299022881197,515.09,642.33,0.001723356613638316,9.771188035756495e-05,0.0017261244536052247
342,17,1452.650402335093,419.2873975809564,1452.65,419.29,-0.0004023350929855951,0.002602419043626014,0.0026333359841985726
342,18,1601.3766827306638,484.76731008468767,1601.38,484.77,0.00331726933632126,0.0026899153123167707,0.004270821962706187
342,19,1825.3457798092866,591.139996928178,1825.35,591.14,0.004220190713340344,3.0718219932168722e-06,0.004220191831309856
342,21,1862.759261992012,528.8086130419044,1862.76,528.81,0.0007380079880476842,0.0013869580955088168,0.0015710851501811209
342,22,1874.488525771958,470.80506015152383,1874.49,470.81,0.0014742280420705356,0.004939848476169573,0.00515513833835155
342,24,1696.395915308866,364.30912204441023,1696.4,364.31,0.004084691134039531,0.0008779555897717728,0.00417797889871558
342,25,1847.8765023696142,415.66991555450494,1847.88,415.67,0.0034976303859366453,8.444549507657939e-05,0.0034986496478307248
342,26,1995.8720504497687,469.0291551824773,1995.87,469.03,-0.002050449768830731,0.0008448175226476451,0.0022176701515488058
342,31,838.0394080300108,549.006022499133,838.04,549.01,0.0005919699891592245,0.0039775008669948875,0.004021310932396331
343,15,505.31620748253977,643.2474267160898,505.32,643.25,0.0037925174602264633,0.0025732839102374783,0.0045831188909747555
343,17,1451.4878017513197,418.9655481857173,1451.49,418.97,0.0021982486803153733,0.004451814282731448,0.004964972071264852
343,18,1602.782512047998,484.3254825635157,1602.78,484.33,-0.0025120479979250376,0.004517436484263726,0.005168908737174241
343,19,1825.7593348569649,590.8549976961335,1825.76,590.85,0.0006651430351212184,-0.00499769613350054,0.005041763768759551
343,21,1864.8194464940088,528.6064597814284,1864.82,528.61,0.0005535059910926066,0.003540218571629339,0.0035832270953826922
343,22,1877.1163943289685,470.6037951136429,1877.12,470.6,0.003605671031436941,-0.0037951136428659993,0.005234859229168553
343,24,1698.5469364816495,363.98184153330766,1698.55,363.98,0.0030635183504728047,-0.001841533307640475,0.0035744075882351307
343,25,1850.1573767772106,415.5024366658787,1850.16,415.5,0.002623222789452484,-0.0024366658786902917,0.0035803126130934996
343,26,1997.4040378373265,468.771866386858,1997.4,468.77,-0.004037837326450244,-0.0018663868580119924,0.004448317679599191
343,31,834.5295560225081,549.0045168743497,834.53,549.0,0.00044397749184099666,-0.004516874349747013,0.004538641856840427
344,15,508.7371556119048,643.4355700370674,508.74,643.44,0.0028443880951840583,0.004429962932704257,0.005264514718486263
344,17,1449.6158513134897,418.72416113928796,1449.62,418.72,0.004148686510234256,-0.004161139287930382,0.0058759407701028995
344,18,1602.8368840359985,484.24411192263676,1602.84,484.24,0.003115964001381144,-0.004111922636752752,0.005159180112047155
344,19,1826.5695011427238,590.8912482721001,1826.57,590.89,0.0004988572761703836,-0.0012482721001561004,0.0013442625554616389
344,21,1865.6145848705066,528.9548448360713,1865.61,528.95,-0.004584870506732841,-0.004844836071242753,0.006670342878797428
344,22,1877.8372957467263,470.70284633523215,1877.84,470.7,0.002704253273577706,-0.0028463352321637103,0.003926144421886717
344,24,1698.1602023612372,363.98638114998073,1698.16,363.99,-0.0002023612371431227,0.003618850019279307,0.003624503487698134
344,25,1850.118032582908,415.62682749940905,1850.12,415.63,0.0019674170919188327,0.003172500590949312,0.003733026923710582
344,26,1997.303028377995,468.8288997901435,1997.3,468.83,-0.00302837799495137,0.001100209856474521,0.0032220389520596065
344,31,834.1471670168811,548.5033876557623,834.15,548.5,0.0028329831188784738,-0.0033876557622534165,0.004416107439293023
345,13,521.2107463932279,382.0750931481642,521.21,382.08,-0.0007463932278142238,0.004906851835755788,0.004963295053549293
345,14,515.858532324125,490.68843392642225,515.86,490.69,0.0014676758750056251,0.001566073577748739,0.002146312867453453
345,15,512.3028667089286,641.5766775278005,512.3,641.58,-0.0028667089286500413,0.003322472199556614,0.004388261796933773
345,16,498.0,1056.25,498.0,1056.25,0.0,0.0,0.0
345,17,1455.4618884851172,420.043120854466,1455.46,420.04,-0.0018884851172060735,-0.0031208544659762083,0.0036477539165509073
345,18,1606.127663026999,484.18308394197754,1606.13,484.18,0.0023369730010927015,-0.003083941977536142,0.0038693850840470453
345,19,1830.677125857043,590.4184362040751,1830.68,590.42,0.002874142957125514,0.001563795924880651,0.0032720261968186507
345,21,1867.71093865288,528.7161336270535,1867.71,528.72,-0.0009386528799950611,0.0038663729465042707,0.003978681815700162
345,22,1879.6279718100448,471.0271347514241,1879.63,471.03,0.0020281899553538096,0.002865248575858459,0.0035104421226473757
345,24,1702.1201517709278,365.4897858624855,1702.12,365.49,-0.00015177092791418545,0.00021413751449017582,0.0002624676926251365
345,25,1853.588524437181,416.4701206245568,1853.59,416.47,0.001475562818995968,-0.00012062455675732053,0.001480485027447501
345,26,1998.977271283496,469.1216748426076,1998.98,469.12,0.0027287165039524552,-0.001674842607599203,0.0032017169642509324
345,31,840.1103752626608,548.1275407418217,840.11,548.13,-0.0003752626607820275,0.00245925817830539,0.0024877244325164217
346,13,526.9080597949209,382.55631986112314,526.91,382.56,0.0019402050791086367,0.0036801388768594734,0.0041602665662156145
346,14,521.3938992430938,490.5163254448167,521.39,490.52,-0.0038992430937696554,0.0036745551832950696,0.005357840283116978
346,15,516.2271500316965,640.1825081458503,516.23,640.18,0.0028499683035079215,-0.0025081458503564136,0.0037964608436884895
346,16,501.75,1055.4375,501.75,1055.44,0.0,0.0025000000000545697,0.0025000000000545697
346,17,1459.346416363838,421.0323406408495,1459.35,421.03,0.003583636161920367,-0.002340640849524789,0.004280309302782623
346,18,1607.8457472702494,484.13731295648313,1607.85,484.14,0.004252729750533035,0.002687043516857557,0.00503049830459717
346,19,1833.0078443927823,590.0638271530563,1833.01,590.06,0.002155607217673605,-0.003827153056363386,0.00439246434176968
346,21,1868.78320398966,528.2871002202901,1868.78,528.29,-0.0032039896600508655,0.002899779709878203,0.004321373868057955
346,22,1880.2209788575335,471.2703510635681,1880.22,471.27,-0.000978857533482369,-0.00035106356813230377,0.0010399075438350142
346,24,1704.3401138281959,366.61733939686417,1704.34,366.62,-0.00011382819593563909,0.0026606031358369364,0.0026630369701931104
346,25,1855.4413933278856,417.1025904684176,1855.44,417.1,-0.00139332788558022,-0.0025904684175657167,0.0029414093933250564
346,26,1999.732953462622,469.3412561319557,1999.73,469.34,-0.0029534626219174243,-0.0012561319556994022,0.003209487334324993
346,31,845.8327814469956,547.8456555563663,845.83,547.85,-0.0027814469955274035,0.004344443633726769,0.0051585499780032636
347,13,531.1810448461906,382.6672398958424,531.18,382.67,-0.0010448461906662487,0.002760104157630394,0.002951250332167429
347,14,525.5454244323203,490.13724408361253,525.55,490.14,0.004575567679694359,0.0027559163874570913,0.005341431898481732
347,15,519.1703625237724,638.8868811093878,519.17,638.89,-0.00036252377242362854,0.0031188906121997206,0.003139888873262843
347,16,503.8125,1055.828125,503.81,1055.83,-0.0024999999999977263,0.0018749999999272404,0.0031249999999545253
347,17,1463.2598122728784,421.7742554806371,1463.26,421.77,0.00018772712155623594,-0.004255480637141318,0.004259619340416755
347,18,1609.884310452687,483.85298471736235,1609.88,483.85,-0.004310452686922872,-0.002984717362323863,0.0052429514683199315
347,19,1835.0058832945867,589.5478703647923,1835.01,589.55,0.00411670541325293,0.0021296352076660696,0.004634933610876954
347,21,1869.587402992245,527.7153251652176,1869.59,527.72,0.0025970077549573034,0.004674834782463222,0.005347759299242659
347,22,1880.91573414315,471.2027632976761,1880.92,471.2,0.004265856849997363,-0.002763297676096954,0.005082651740124662
347,24,1706.5050853711468,367.4630045476481,1706.51,367.46,0.00491462885315741,-0.00300454764811775,0.005760285004589375
347,25,1857.0810449959142,417.5769428513132,1857.08,417.58,-0.0010449959142988519,0.0030571486867643216,0.0032308163912370676
347,26,2000.0497150969663,469.2559420989668,2000.05,469.26,0.0002849030336165015,0.00405790103320669,0.004067890182129282
347,31,849.6245860852466,547.3842416672748,849.62,547.38,-0.004586085246614857,-0.0042416672747549455,0.006246912770236631
348,13,534.885783634643,382.5004299218818,534.89,382.5,0.004216365357024188,-0.0004299218817891415,0.004238227182249062
348,14,529.1590683242403,489.6029330627094,529.16,489.6,0.0009316757597161995,-0.0029330627093600015,0.003077478932223743
348,15,521.6277718928293,637.6651608320408,521.63,637.67,0.0022281071707084266,0.0048391679591759384,0.0053274767105335455
348,16,505.359375,1056.37109375,505.36,1056.37,0.0006250000000136424,-0.0010937500001091394,0.0012597277732731764
348,17,1465.9448592046588,422.33069161047786,1465.94,422.33,-0.004859204658714589,-0.000691610477872473,0.004908176338353844
348,18,1611.4132328395153,483.6397385380218,1611.41,483.64,-0.0032328395152489975,0.00026146197819798545,0.0032433953964015206
348,19,1836.75441247094,589.1609027735942,1836.75,589.16,-0.004412470939996638,-0.000902773594248174,0.004503876103845062
348,21,1870.4405522441837,527.5364938739132,1870.44,527.54,-0.0005522441836092185,0.003506126086790573,0.003549351176596025
348,22,1881.6868006073626,471.4020724732571,1881.69,471.4,0.003199392637498022,-0.0020724732571011373,0.0038119888051089484
348,24,1708.12881402836,368.0972534107361,1708.13,368.1,0.001185971640097705,0.0027465892639497724,0.002991702076738289
348,25,1858.5607837469356,417.93270713848494,1858.56,417.93,-0.0007837469356672955,-0.002707138484936422,0.0028183076545671417
348,26,2000.5372863227249,469.19195657422506,2000.54,469.19,0.0027136772750964155,-0.0019565742250620133,0.0033454785982803305
348,31,852.9684395639349,547.0381812504561,852.97,547.04,0.0015604360651195748,0.0018187495438724,0.0023964162027206217
349,15,526.2208289196219,638.4988706240306,526.22,638.5,-0.0008289196218811412,0.0011293759694126493,0.0014009274855703044
349,17,1460.958644403494,420.99801870785836,1460.96,421.0,0.0013555965060731978,0.001981292141636004,0.002400658334246347
349,18,1609.0599246296365,483.4798039035163,1609.06,483.48,7.537036344729131e-05,0.0001960964837053325,0.00021008218060504923
349,19,1833.815809353205,589.3706770801957,1833.82,589.37,0.0041906467949957005,-0.0006770801957145522,0.004244992126239647
349,21,1868.3304141831377,527.9023704054349,1868.33,527.9,-0.00041418313776375726,-0.0023704054349309445,0.0024063186816292623
349,22,1879.7651004555219,471.3015543549428,1879.77,471.3,0.004899544478121243,-0.001554354942811642,0.005140190208672374
349,24,1704.3466105212701,367.32294005805204,1704.35,367.32,0.003389478729786788,-0.002940058052047334,0.004486926276314937
349,25,1854.6705878102016,417.1995303538637,1854.67,417.2,-0.0005878102015230979,0.0004696461363096205,0.0007523884145607105
349,26,1997.9029647420437,469.1439674306688,1997.9,469.14,-0.002964742043559454,-0.003967430668808447,0.004952797340559266
349,31,852.4763296729511,546.2786359378421,852.48,546.28,0.0036703270488942508,0.0013640621579043,0.003915605472525458
350,13,541.6643377259823,382.62532244141136,541.66,382.63,-0.0043377259822818814,0.0046775585886393856,0.006379296281528034
350,14,535.6193012431802,489.20219979703205,535.62,489.2,0.0006987568198155714,-0.0021997970320626337,0.002308109199217044
350,15,530.6656216897164,637.1241529680229,530.67,637.12,0.004378310283527753,-0.0041529680229359656,0.006034628765580658
350,16,510.01953125,1054.2783203125,510.02,1054.28,0.0004687499999818101,0.0016796874999727152,0.0017438683035274015
350,17,1463.2189833026205,421.7485140308938,1463.22,421.75,0.0010166973795548984,0.001485969106227003,0.00180049375068476
350,18,1610.0449434722273,483.85985292763723,1610.04,483.86,-0.004943472227296297,0.00014707236277899938,0.004945659505257435
350,19,1834.8618570149038,589.5280078101468,1834.86,589.53,-0.001857014903862364,0.001992189853126547,0.0027234765951018045
350,21,1868.9978106373533,527.9267778040762,1869.0,527.93,0.0021893626467317517,0.0032221959237404008,0.003895620023805391
350,22,1880.0738253416414,471.72616576620715,1880.07,471.73,-0.00382534164145909,0.00383423379287251,0.005416141380382019
350,24,1705.5099578909526,367.992205043539,1705.51,367.99,4.2109047399208066e-05,-0.002205043538992868,0.0022054455741929023
350,25,1855.502940857651,417.89964776539773,1855.5,417.9,-0.0029408576510832063,0.0003522346022464262,0.0029618765907705085
350,26,1998.1772235565327,469.60797557300157,1998.18,469.61,0.0027764434673827054,0.0020244269984459606,0.0034361232515160195
350,31,857.8572472547133,545.9589769533816,857.86,545.96,0.002752745286670688,0.0010230466184566467,0.0029367041044039946
351,14,535.2144759323851,487.901649847774,535.21,487.9,-0.004475932385048509,-0.0016498477740469752,0.004770321623649059
351,15,528.2492162672874,637.5931147260172,528.25,637.59,0.0007837327126480886,-0.003114726017201974,0.003211814927281708
351,17,1458.9142374769654,420.8113855231703,1458.91,420.81,-0.004237476965272435,-0.001385523170313263,0.004458237935181276
351,18,1607.7837076041706,483.6448896957279,1607.78,483.64,-0.0037076041705859097,-0.004889695727911203,0.0061364039141258535
351,19,1831.6463927611778,589.3960058576101,1831.65,589.4,0.0036072388222692098,0.0039941423898426365,0.005381946241948539
351,21,1866.998357978015,527.9450833530572,1867.0,527.95,0.001642021984935127,0.004916646942888292,0.005183594636931314
351,22,1878.555369006231,471.5446243246554,1878.56,471.54,0.004630993768842018,-0.004624324655367218,0.006544500118824259
351,24,1702.8824684182146,367.4941537826543,1702.88,367.49,-0.00246841821444832,-0.004153782654270799,0.0048318732206403345
351,25,1852.6272056432383,417.4247358240483,1852.63,417.42,0.0027943567617967346,-0.004735824048282211,0.005498768873892341
351,26,1995.8829176673994,469.4559816797512,1995.88,469.46,-0.002917667399287893,0.004018320248803775,0.00496585145516998
351,31,855.892935441035,545.4692327150362,855.89,545.47,-0.0029354410349924365,0.0007672849637856416,0.00303406332919552
352,13,543.4982532944866,383.46899183105853,543.5,383.47,0.0017467055133693066,0.0010081689414960238,0.0020167758341055027
352,14,536.6608569492888,488.4262373858305,536.66,488.43,-0.0008569492888454988,0.003762614169488643,0.0038589671509471958
352,15,528.1869122004655,636.944836044513,528.19,636.94,0.003087799534569058,-0.004836044512899207,0.005737755004915025
352,16,509.0146484375,1054.958740234375,509.01,1054.96,-0.004648437500009095,0.0012597656250363798,0.004816116757462812
352,17,1461.935678107724,421.3585391423777,1461.94,421.36,0.004321892276038852,0.0014608576223054115,0.004562111116394702
352,18,1608.837780703128,483.2336672717959,1608.84,483.23,0.002219296871999177,-0.0036672717959049805,0.00428650918943439
352,19,1832.7347945708834,588.2970043932075,1832.73,588.3,-0.004794570883404958,0.002995606792410399,0.005653456465803015
352,21,1867.2487684835114,527.2088125147928,1867.25,527.21,0.0012315164885876584,0.0011874852071969144,0.00171077584124127
352,22,1878.6665267546732,471.15846824349154,1878.67,471.16,0.003473245326858887,0.00153175650848425,0.0037960125265640203
352,24,1704.911851313661,368.1206153369907,1704.91,368.12,-0.0018513136608362402,-0.0006153369906769512,0.0019508977120531582
352,25,1853.9704042324288,417.56855186803625,1853.97,417.57,-0.0004042324287638621,0.0014481319637411616,0.0015034926141731337
352,26,1996.4121882505497,469.0919862598134,1996.41,469.09,-0.0021882505495796067,-0.001986259813406832,0.0029552780772865344
352,31,859.4197015807763,545.3519245362772,859.42,545.35,0.0002984192236681338,-0.0019245362772153385,0.0019475353438057463
353,15,523.6401841503491,637.7086270333847,523.64,637.71,-0.00018415034912777628,0.001372966615349469,0.0013852612309409582
353,17,1458.451758580793,420.5189043567833,1458.45,420.52,-0.0017585807929663133,0.0010956432166722152,0.0020719653625555293
353,18,1607.6283355273458,483.17525045384696,1607.63,483.18,0.0016644726542835997,0.0047495461530502325,0.005032758475906842
353,19,1830.8010959281626,588.4727532949057,1830.8,588.47,-0.0010959281626128359,-0.0027532949056876532,0.0029633918700188015
353,21,1866.6865763626336,527.4066093860946,1866.69,527.41,0.0034236373664953135,0.0033906139053669904,0.004818459865198729
353,22,1878.499895066005,471.11885118261864,1878.5,471.12,0.00010493399508959556,0.0011488173813631875,0.0011535998088798537
353,24,1703.4338884852457,367.340461502743,1703.43,367.34,-0.0038884852456249064,-0.00046150274300771343,0.003915776077260577
353,25,1852.4778031743217,417.1764139010272,1852.48,417.18,0.002196825678311143,0.0035860989727893866,0.004205490328550086
353,26,1995.8091411879122,469.06898969486,1995.81,469.07,0.0008588120876993344,0.0010103051399710239,0.0013259995014442349
353,31,856.0647761855822,545.2639434022079,856.06,545.26,-0.004776185582272774,-0.003943402207937652,0.006193736327119348
354,17,1459.0888189355946,419.88917826758745,1459.09,419.89,0.0011810644052729913,0.0008217324125325831,0.0014388041170393779
354,18,1607.4712516455093,483.3814378403852,1607.47,483.38,-0.001251645509228183,-0.001437840385221989,0.0019063057084702849
354,19,1828.3508219461219,588.3545649711793,1828.35,588.35,-0.0008219461219596269,-0.00456497117932031,0.004638378735660718
354,21,1865.014932271975,527.5549570395709,1865.01,527.55,-0.004932271975121694,-0.004957039570967936,0.006992821186381991
354,22,1876.8749212995037,470.839138386964,1876.87,470.84,-0.004921299503848786,0.0008616130359655472,0.004996155104710829
354,24,1701.3254163639342,366.75534612705724,1701.33,366.76,0.004583636065717656,0.004653872942753878,0.0065320940708354985
354,25,1850.1083523807413,416.8823104257704,1850.11,416.88,0.0016476192586196703,-0.0023104257704176234,0.0028377308649666375
354,26,1994.1068558909342,469.05174227114503,1994.11,469.05,0.0031441090657153836,-0.0017422711450194583,0.0035945695931336587
354,31,854.5485821391867,545.4479575516559,854.55,545.45,0.0014178608132624504,0.0020424483441274788,0.002486347627387276
355,15,532.9801381127618,638.0314702750385,532.98,638.03,-0.00013811276176056708,-0.0014702750385140462,0.0014767477184132066
355,17,1454.066614201696,419.4168837006906,1454.07,419.42,0.0033857983039524697,0.0031162993093971636,0.004601624880495656
355,18,1604.603438734132,483.5360783802889,1604.6,483.54,-0.0034387341320325504,0.003921619711093172,0.005215744778000564
355,19,1827.5131164595914,589.0159237283845,1827.51,589.02,-0.003116459591410603,0.004076271615531368,0.0051311120303967105
355,21,1863.7611992039813,528.1662177796782,1863.76,528.17,-0.0011992039812867006,0.0037822203217956485,0.003967780330529634
355,22,1875.4061909746279,471.12935379022304,1875.41,471.13,0.003809025372220276,0.0006462097769599495,0.003863452000744469
355,24,1697.4940622729507,366.5665095952929,1697.49,366.57,-0.004062272950704937,0.0034904047070654087,0.005355836680214713
355,25,1847.081264285556,416.9117328193278,1847.08,416.91,-0.001264285556089817,-0.0017328193277990067,0.002145013004653151
355,26,1992.3301419182008,469.2888067033588,1992.33,469.29,-0.00014191820082487538,0.0011932966412473434,0.0012017061411749381
355,31,855.16143660439,544.8359681637419,855.16,544.84,-0.0014366043900508885,0.004031836258150179,0.004280132683229332
356,15,542.4851035845713,638.0236027062789,542.49,638.02,0.004896415428675027,-0.0036027062789116826,0.006079011151682197
356,17,1449.799960651272,419.062662775518,1449.8,419.06,3.934872802346945e-05,-0.0026627755179902124,0.002663066236803942
356,18,1601.952579050599,483.9020587852167,1601.95,483.9,-0.002579050599024413,-0.0020587852167182064,0.0033000149334367584
356,19,1826.6348373446936,589.5119427962884,1826.63,589.51,-0.004837344693441992,-0.0019427962884037697,0.005212903327456482
356,21,1862.320899402986,528.8746633347587,1862.32,528.87,-0.0008994029860787123,-0.004663334758674864,0.004749275397661464
356,22,1873.804643230971,471.5970153426673,1873.8,471.6,-0.004643230970941659,0.0029846573327176884,0.005519762064007586
356,24,1693.870546704713,366.6748821964697,1693.87,366.67,-0.00054670471308782,-0.004882196469679911,0.004912710902533084
356,25,1844.310948214167,416.93379961449585,1844.31,416.93,-0.0009482141670105193,-0.0037996144958469813,0.003916143565239911
356,26,1990.4976064386506,469.7166050275191,1990.5,469.72,0.002393561349435913,0.003394972480919023,0.00415391069712758
356,31,856.3710774532925,544.3769761228064,856.37,544.38,-0.0010774532925097446,0.0030238771936410558,0.0032100995124392322
357,17,1452.349970488454,418.7969970816385,1452.35,418.8,2.9511546017602086e-05,0.003002918361517004,0.0030030633721725417
357,18,1602.7144342879492,484.1765440889125,1602.71,484.18,-0.004434287949152349,0.0034559110874852195,0.0056219419296717225
357,19,1824.9761280085202,589.3839570972164,1824.98,589.38,0.0038719914798548416,-0.003957097216357397,0.00553632878356876
357,21,1860.9906745522394,528.655997501069,1860.99,528.66,-0.000674552239388504,0.004002498930958609,0.004058943017090638
357,22,1872.6034824232281,471.44776150700045,1872.6,471.45,-0.003482423228206244,0.0022384929995382663,0.004139821548005689
357,24,1693.1529100285347,366.75616164735226,1693.15,366.76,-0.002910028534643061,0.0038383526477332452,0.004816764175335726
357,25,1842.9832111606252,416.9503497108719,1842.98,416.95,-0.003211160625141929,-0.0003497108718875097,0.0032301470948515993
357,26,1989.373204828988,469.78745377063933,1989.37,469.79,-0.0032048289881458913,0.002546229360689267,0.00409319102907454
357,31,857.5283080899694,544.5327320921048,857.53,544.53,0.0016919100305585744,-0.0027320921047930824,0.0032135473888799913
358,17,1454.7624778663403,418.5977478112289,1491.6,426.0,36.837522133659604,7.402252188771115,37.57387888432638
358,18,1603.535825715962,484.3824080666844,1605.5,486.3,1.9641742840381085,1.9175919333156344,2.745020845238485
358,19,1823.73209600639,589.2879678229123,1806.3,587.7,-17.43209600639011,-1.5879678229122192,17.50427413469655
358,21,1860.2430059141795,528.4919981258017,1867.5,530.5,7.256994085820452,2.0080018741982713,7.529676931211377
358,22,1871.702611817421,471.33582113025034,1897.5,472.2,25.79738818257897,0.8641788697496509,25.811858556903392
358,24,1693.114682521401,366.8171212355142,1733.1,371.2,39.98531747859897,4.382878764485781,40.22480876435005
358,25,1842.237408370469,416.9627622831539,1883.9,418.8,41.66259162953111,1.8372377168461185,41.70308122569935
358,26,1988.5299036217411,469.8405903279795,1988.53,469.84,9.637825883146434e-05,-0.0005903279795234084,0.0005981437052946177
358,31,859.1462310674771,544.3995490690786,874.2,544.0,15.053768932522985,-0.39954906907860277,15.059070307704783
359,17,1456.3218583997552,418.4483108584217,1456.32,418.45,-0.0018583997552923393,0.0016891415783106822,0.002511344046929558
359,18,1604.1518692869713,484.5368060500133,1604.15,484.54,-0.0018692869712140237,0.00319394998672351,0.003700749964323665
359,19,1822.5490720047926,588.9659758671842,1822.55,588.97,0.000927995207348431,0.004024132815857229,0.004129748179310778
359,21,1859.4322544356346,528.3689985943513,1859.43,528.37,-0.0022544356345406413,0.001001405648707987,0.002466838726700821
359,22,1871.0269588630658,471.2518658476878,1871.03,471.25,0.003041136934143651,-0.001865847687781752,0.0035678987438285234
359,24,1693.3360118910507,366.86284092663567,1693.34,366.86,0.00398810894921553,-0.00284092663565616,0.004896516837507416
359,25,1841.9280562778517,416.9720717123654,1841.93,416.97,0.0019437221483258327,-0.0020717123653639646,0.002840782975641459
359,26,1987.8974277163059,469.8804427459846,1987.9,469.88,0.0025722836942350114,-0.00044274598462834547,0.0026101086970721815
359,31,859.1096733006078,544.549661801809,859.11,544.55,0.0003266993921897665,0.00033819819100244786,0.0004702238926878249
360,17,1458.4913937998165,418.58623314381623,1458.49,418.59,-0.0013937998164692544,0.003766856183744949,0.0040164515977921715
360,18,1604.8639019652285,484.65260453751,1604.86,484.65,-0.0039019652285787743,-0.0026045375100238743,0.004691369553356372
360,19,1821.4118040035944,588.4744819003881,1821.41,588.47,-0.0018040035943158728,-0.004481900388100257,0.004831341434545671
360,21,1858.574190826726,528.2767489457635,1858.57,528.28,-0.004190826726016894,0.0032510542364434514,0.00530399682275493
360,22,1870.5202191472995,471.1888993857658,1870.52,471.19,-0.00021914729950367473,0.001100614234189834,0.0011222197785554432
360,24,1693.752008918288,367.14713069497674,1693.75,367.15,-0.0020089182880838052,0.0028693050232391215,0.00350266527155862
360,25,1841.696042208389,417.229053784274,1841.7,417.23,0.003957791611128414,0.0009462157260031745,0.004069329015606155
360,26,1986.9230707872293,469.9103320594885,1986.92,469.91,-0.0030707872292623506,-0.0003320594884712591,0.003088688671796583
360,31,859.3322549754558,544.4122463513568,859.33,544.41,-0.002254975455798558,-0.002246351356802734,0.0031829245552578525
361,17,1459.8685453498624,418.9396748578622,1459.87,418.94,0.0014546501374752552,0.0003251421377967745,0.0014905450118087127
361,18,1605.3979264739214,484.73945340313253,1605.4,484.74,0.0020735260786750587,0.0005465968674798205,0.0021443597026815065
361,19,1820.8088530026957,588.1058614252911,1820.81,588.11,0.0011469973042039783,0.004138574708917986,0.0042945783771107015
361,21,1858.1806431200444,528.2075617093226,1858.18,528.21,-0.0006431200442875706,0.0024382906774462754,0.002521678968284001
361,22,1870.3901643604745,471.14167453932436,1870.39,471.14,-0.00016436047440038237,-0.0016745393243695617,0.0016825861982095263
361,24,1694.064006688716,367.61034802123254,1694.06,367.61,-0.004006688716117424,-0.00034802123252575257,0.004021774887552936
361,25,1841.7720316562918,417.4217903382055,1841.77,417.42,-0.0020316562918196723,-0.0017903382054669237,0.002707939840182013
361,26,1986.442303090422,470.18274904461634,1986.44,470.18,-0.002303090421946763,-0.0027490446163369597,0.003586289418643473
361,31,859.2491912315919,544.3091847635176,859.25,544.31,0.0008087684080919644,0.0008152364823672542,0.0011483539785754847
362,17,1460.651409012397,418.95475614339665,1460.65,418.95,-0.0014090123968344415,-0.0047561433966620825,0.004960465295115517
362,18,1605.5484448554412,484.8045900523494,1605.55,484.8,0.0015551445587789203,-0.004590052349385587,0.004846344516106942
362,19,1820.1066397520217,587.8293960689683,1820.11,587.83,0.0033602479782075534,0.0006039310317191848,0.0034140883360161247
362,21,1857.6354823400334,527.905671281992,1857.64,527.91,0.004517659966722931,0.004328718007968746,0.006256760437114718
362,22,1869.7926232703558,471.10625590449325,1869.79,471.11,-0.002623270355798013,0.003744095506760914,0.004571629744779852
362,24,1694.048005016537,367.9577610159244,1694.05,367.96,0.0019949834629642282,0.00223898407557499,0.002998834558320805
362,25,1841.3290237422189,417.5663427536541,1841.33,417.57,0.0009762577810761286,0.003657246345881049,0.0037853044909983095
362,26,1985.8317273178166,470.3870617834623,1985.83,470.39,-0.0017273178166306025,0.0029382165377001,0.0034083343823726976
362,31,859.436893423694,543.9818885726381,859.44,543.98,0.0031065763060951213,-0.0018885726381085988,0.003635591142442186
363,17,1461.2385567592978,419.2160671075475,1461.24,419.22,0.001443240702201365,0.00393289245255346,0.00418934204474195
363,18,1605.6613336415808,484.60344253926206,1605.66,484.6,-0.0013336415806861623,-0.0034425392620391904,0.003691839167192474
363,19,1819.0799798140163,587.3720470517262,1819.08,587.37,2.0185983657938777e-05,-0.0020470517262083376,0.0020471512508138654
363,21,1856.726611755025,527.679253461494,1856.73,527.68,0.003388244974985355,0.0007465385059504115,0.0034695134747367937
363,22,1869.0944674527668,471.0796919283699,1869.09,471.08,-0.0044674527669030795,0.00030807163005874827,0.004478062343665733
363,24,1694.0360037624027,368.2183207619433,1694.04,368.22,0.0039962375972208974,0.001679238056738086,0.004334715144578632
363,25,1840.7467678066641,417.92475706524056,1840.75,417.92,0.003232193335861666,-0.0047570652405397595,0.005751238428646491
363,26,1984.8737954883625,470.2902963375967,1984.87,470.29,-0.003795488362584365,-0.00029633759669422943,0.0038070392540303357
363,31,858.8276700677704,543.7364164294786,858.83,543.74,0.0023299322295997626,0.0035835705214140035,0.004274407780789656
364,17,1461.6789175694735,419.4120503306606,1461.68,419.41,0.0010824305265941803,-0.0020503306605519356,0.0023185149692210943
364,18,1605.7460002311855,484.45258190444656,1605.75,484.45,0.003999768814537674,-0.0025819044465720253,0.004760712251436387
364,19,1818.3099848605123,587.0290352887946,1818.31,587.03,1.5139487686610664e-05,0.0009647112053698947,0.0009648299922025891
364,21,1856.0449588162687,527.5094400961204,1856.04,527.51,-0.004958816268754163,0.0005599038795480737,0.004990325755057874
364,22,1868.570850589575,471.0597689462775,1868.57,471.06,-0.0008505895750658965,0.00023105372252985035,0.0008814127568317147
364,24,1694.027002821802,368.6637405714575,1694.03,368.66,0.00299717819802936,-0.003740571457456099,0.004793219375229738
364,25,1840.310075854998,418.1935677989304,1840.31,418.19,-7.585499815832009e-05,-0.0035677989304190305,0.0035686052161376406
364,26,1984.1553466162718,470.4677222531975,1984.16,470.47,0.004653383728282279,0.0022777468025196868,0.0051809372336509675
364,31,858.3707525508278,543.552312322109,858.37,543.55,-0.0007525508277694826,-0.0023123221089917934,0.002431700286653104
365,17,1462.509188177105,419.80903774799543,1462.51,419.81,0.0008118228950024786,0.0009622520045695637,0.0012589620062370226
365,18,1605.809500173389,484.3394364283349,1605.81,484.34,0.000499826610848686,0.0005635716650544964,0.0007532859102391211
365,19,1817.2324886453841,586.521776466596,1817.23,586.52,-0.0024886453841190814,-0.0017764665959703052,0.003057644422508205
365,21,1855.2837191122017,527.1320800720903,1855.28,527.13,-0.0037191122016793088,-0.0020800720902798275,0.004261278619081485
365,22,1867.9281379421814,471.0448267097081,1867.93,471.04,0.0018620578186983039,-0.004826709708083854,0.005173430769449458
365,24,1694.2702521163515,368.9978054285931,1694.27,369.0,-0.0002521163514757063,0.0021945714069033784,0.0022090057298882896
365,25,1839.9825568912486,418.3951758491978,1839.98,418.4,-0.002556891248559623,0.004824150802164695,0.005459864816915073
365,26,1983.116509962204,470.35079168989813,1983.12,470.35,0.003490037795927492,-0.0007916898981079612,0.0035787060108045505
365,31,857.7780644131208,543.4142342415817,857.78,543.41,0.001935586879199036,-0.004234241581684728,0.0046556737792714225
366,13,562.3736899708649,386.3517438732939,562.37,386.35,-0.003689970864911629,-0.0017438732938899193,0.0040812962461746335
366,14,551.2456427119666,491.5696780393729,551.25,491.57,0.004357288033361328,0.000321960627104545,0.004369166699850142
366,15,548.6138276884285,637.5177020297092,548.61,637.52,-0.0038276884284869084,0.002297970290783269,0.0044645118616591355
366,16,500.260986328125,1051.7190551757812,500.26,1051.72,-0.000986328125009095,0.0009448242187772848,0.0013658462485111797
366,30,288.0,556.0,288.0,556.0,0.0,0.0,0.0
366,31,863.5835483098406,550.0606756811862,863.58,550.06,-0.003548309840539332,-0.0006756811862942413,0.003612069737696139
367,13,576.7802674781487,388.76380790497046,576.78,388.76,-0.00026747814877126075,-0.003807904970472009,0.003817287626602891
367,14,562.4342320339749,493.9272585295297,562.43,493.93,-0.0042320339749721825,0.002741470470311924,0.005042397436231216
367,15,553.2103707663214,637.1382765222819,553.21,637.14,-0.0003707663213390333,0.0017234777180874516,0.0017629075726716954
367,16,493.94573974609375,1049.039291381836,493.95,1049.04,0.004260253906238631,0.0007086181640261202,0.004318784904114728
367,30,288.5,556.0,288.5,556.0,0.0,0.0,0.0
367,31,867.6876612323804,555.0455067608897,867.69,555.05,0.0023387676196762186,0.0044932391102747715,0.005065474477376111
368,13,587.3352006086116,390.57285592872785,654.9,389.3,67.56479939138842,-1.2728559287278358,67.57678801936252
368,14,570.8256740254812,495.69544389714724,617.1,492.4,46.274325974518774,-3.2954438971472655,46.39152072173608
368,15,556.657778074741,636.6037073917114,570.8,627.7,14.142221925258923,-8.90370739171135,16.711626081877537
368,16,489.2093048095703,1047.029468536377,427.0,1042.4,-62.20930480957031,-4.629468536376862,62.381323998608195
368,30,289.125,556.0,294.9,556.8,5.774999999999977,0.7999999999999545,5.830147939803901
368,31,870.7657459242853,558.7841300706673,878.1,546.1,7.334254075714739,-12.684130070667265,14.651909039328078
369,13,595.7514004564587,392.17964194654587,595.75,392.18,-0.0014004564586684864,0.0003580534541356428,0.0014455035692258747
369,14,577.369255519111,497.02158292286043,577.37,497.02,0.0007444808890113563,-0.0015829228604502532,0.0017492560064893735
369,15,559.4933335560557,636.4527805437835,559.49,636.45,-0.003333556055736153,-0.0027805437835013436,0.0043409699041462085
369,16,485.90697860717773,1045.0221014022827,485.91,1045.02,0.003021392822290636,-0.0021014022827330336,0.003680313320963988
369,30,289.59375,556.0,289.59,556.0,-0.003750000000025011,0.0,0.003750000000025011
369,31,873.8243094432139,561.5880975530005,873.82,561.59,-0.004309443213855957,0.0019024469995656546,0.0047106905438168535
370,14,579.7769416393332,498.5161871921453,579.78,498.52,0.003058360666727822,0.0038128078546719735,0.004887849599203738
370,15,559.3700001670418,637.3395854078376,559.37,637.34,-1.6704177596693626e-07,0.000414592162428562,0.0004145921960796489
370,16,481.4302339553833,1042.516576051712,481.43,1042.52,-0.00023395538329396004,0.0034239482879456773,0.0034319319631802665
370,30,287.9453125,555.75,287.95,555.75,0.004687499999988631,0.0,0.004687499999988631
370,31,872.6182320824105,564.6910731647504,872.62,564.69,0.0017679175895182198,-0.0010731647503234854,0.0020681429313915375
371,14,581.5827062295,499.887140394109,616.5,494.5,34.91729377050001,-5.387140394108997,35.33042153557243
371,15,559.2775001252813,638.2546890558782,571.3,628.7,12.02249987471862,-9.554689055878157,15.356841673733797
371,16,478.0726754665375,1040.637432038784,426.3,1043.5,-51.772675466537464,2.862567961215973,51.85175233582748
371,30,287.208984375,555.8125,293.8,564.9,6.591015625000011,9.087499999999977,11.226047533259152
371,31,871.2136740618079,567.0183048735628,876.2,546.0,4.986325938192181,-21.018304873562784,21.601680168910963
372,14,582.6870296721249,501.1653552955818,582.69,501.17,0.002970327875118528,0.004644704418240053,0.005513268252001241
372,15,558.958125093961,638.9410167919086,558.96,638.94,0.0018749060390064187,-0.0010167919085688482,0.00213287093853187
372,16,475.3045065999031,1039.228074029088,475.3,1039.23,-0.004506599903095321,0.0019259709119978652,0.004900898554391903
372,30,286.90673828125,556.109375,286.91,556.11,0.003261718750025011,0.0006250000000136424,0.003321059199153453
372,31,868.9102555463559,569.0137286551721,868.91,569.01,-0.00025554635590196995,-0.0037286551721535943,0.0037374019495958056
373,13,590.313550342344,391.6347314599094,590.31,391.63,-0.0035503423440559345,-0.004731459909407931,0.005915373499140278
373,14,578.0152722540937,498.37401647168633,578.02,498.37,0.004727745906279779,-0.00401647168632735,0.006203517241163635
373,15,556.2185938204708,636.4557625939315,556.22,636.46,0.0014061795292263923,0.004237406068568816,0.004464633362142875
373,16,485.47837994992733,1040.171055521816,485.48,1040.17,0.0016200500726881728,-0.001055521815942484,0.0019335688614444207
373,17,1460.6318911328287,422.60677831099656,1460.63,422.61,-0.0018911328286321805,0.0032216890034533208,0.0037357279625934224
373,18,1602.1071251300418,485.2545773212512,1602.11,485.25,0.0028748699580773973,-0.004577321251190369,0.005405251808422518
373,19,1815.674366484038,587.141332349947,1815.67,587.14,-0.0043664840379733505,-0.0013323499470061506,0.004565231564243303
373,21,1851.9627893341512,527.8490600540676,1851.96,527.85,-0.002789334151202638,0.0009399459323731207,0.0029434475301676633
373,22,1864.1961034566361,472.7836200322811,1864.2,472.78,0.0038965433639077673,-0.003620032281105523,0.005318616728347674
373,24,1692.2026890872635,371.74835407144485,1692.2,371.75,-0.0026890872634339757,0.001645928555149112,0.003152819550659072
373,25,1837.9869176684365,420.54638188689836,1837.99,420.55,0.003082331563518892,0.003618113101651943,0.004753052733119028
373,26,1979.587382471653,471.5130937674236,1979.59,471.51,0.002617528346945619,-0.003093767423592908,0.004052511754251746
373,31,870.4326916597669,563.2602964913791,870.43,563.26,-0.0026916597669242037,-0.0002964913791174695,0.0027079400729649533
374,15,560.1639453653531,637.5918219454486,560.16,637.59,-0.003945365353160923,-0.0018219454485688402,0.004345732733093848
374,17,1456.7239183496215,423.7050837332474,1456.72,423.71,-0.003918349621471862,0.004916266752559295,0.006286743396895455
374,18,1597.3303438475314,486.4409329909384,1597.33,486.44,-0.0003438475314396783,-0.0009329909383950508,0.0009943355650907986
374,19,1808.7557748630286,587.8559992624603,1808.76,587.86,0.004225136971399479,0.0040007375397408396,0.005818735540388337
374,21,1846.2220920006134,528.8867950405507,1846.22,528.89,-0.0020920006134019786,0.003204959449249145,0.0038273008292797734
374,22,1858.3970775924772,474.0877150242108,1858.4,474.09,0.002922407522873982,0.0022849757891663103,0.003709660373514892
374,24,1687.1520168154475,373.31126555358367,1687.15,373.31,-0.0020168154474049516,-0.001265553583664314,0.002381001978583139
374,25,1832.4901882513273,421.90978641517376,1832.49,421.91,-0.00018825132724487048,0.0002135848262696527,0.0002847051812350682
374,26,1974.1905368537398,472.8848203255677,1974.19,472.88,-0.0005368537397316686,-0.004820325567720829,0.004850128917532709
374,31,864.0745187448251,559.4452223685344,864.07,559.45,-0.004518744825077192,0.004777631465685772,0.006576079167412196
375,13,587.985162756758,391.7260485949321,587.99,391.73,0.004837243242036493,0.00395140506793723,0.006246000655903564
375,14,577.0114541905702,497.5305123537647,577.01,497.53,-0.0014541905702571967,-0.000512353764747786,0.0015418095196476705
375,15,560.1229590240148,637.1938664590864,560.12,637.19,-0.0029590240147854274,-0.0038664590863390913,0.004868811865990612
375,16,500.8587849624455,1036.878291641362,500.86,1036.88,0.0012150375545161296,0.0017083586380977067,0.002096379139193955
375,17,1456.2929387622162,426.02881279993557,1456.29,426.03,-0.002938762216217583,0.0011872000644075342,0.003169505853661945
375,18,1595.7477578856485,487.3306997432038,1595.75,487.33,0.002242114351474811,-0.0006997432038247098,0.0023487693195348457
375,19,1807.3168311472714,588.6419994468451,1807.32,588.64,0.0031688527285496093,-0.001999446845161401,0.003746920776032259
375,21,1843.9165690004602,529.6650962804131,1843.92,529.67,0.003430999539887125,0.004903719586877742,0.005984832798786786
375,22,1855.547808194358,475.5657862681581,1855.55,475.57,0.0021918056420417997,0.004213731841900881,0.004749689253828681
375,24,1686.1140126115856,375.4834491651877,1686.11,375.48,-0.00401261158572197,-0.003449165187703329,0.005291294003354446
375,25,1831.1176411884953,423.6823398113803,1831.12,423.68,0.0023588115045640734,-0.0023398113802954867,0.0033224552682352398
375,26,1971.3929026403048,473.9136152441758,1971.39,473.91,-0.002902640304682791,-0.0036152441757622,0.004636303612658635
375,31,866.0558890586188,557.0839167764008,866.06,557.08,0.0041109413811000195,-0.00391677640072885,0.005678113807607856
376,13,586.4888720675685,392.04453644619906,586.49,392.04,0.0011279324314728,-0.004536446199040256,0.004674566898307792
376,14,576.5085906429276,497.14788426532357,576.51,497.15,0.0014093570723616722,0.002115734676408465,0.0025421684795412553
376,15,560.3422192680111,637.1453998443149,560.34,637.15,-0.0022192680111174923,0.0046001556851251735,0.005107502602305636
376,16,512.6440887218341,1034.1587187310215,512.64,1034.16,-0.004088721834136777,0.00128126897857328,0.004284774957031119
376,17,1454.9697040716621,428.27160959995166,1454.97,428.27,0.0002959283378913824,-0.0016095999516778647,0.0016365773998221228
376,18,1593.0608184142363,488.2480248074029,1593.06,488.25,-0.000818414236391618,0.001975192597114983,0.0021380335960939217
376,19,1804.9876233604537,589.4814995851339,1804.99,589.48,0.0023766395463553636,-0.0014995851338426291,0.002810190581960954
376,21,1840.6874267503451,530.7488222103098,1840.69,530.75,0.002573249654915344,0.0011777896902458451,0.0028299827457020548
376,22,1852.1608561457683,476.9243397011186,1852.16,476.92,-0.0008561457682390028,-0.004339701118567518,0.0044233461739920064
376,24,1683.835509458689,377.3625868738908,1683.84,377.36,0.004490541310815388,-0.002586873890777497,0.0051823621825308475
376,25,1828.8382308913715,425.51175485853526,1828.84,425.51,0.001769108628423055,-0.0017548585352642476,0.0024918414512064536
376,26,1967.7946769802286,475.1852114331318,1967.79,475.19,-0.004676980228623506,0.004788566868171529,0.0066936176100734395
376,31,867.2919167939641,555.8129375823006,867.29,555.81,-0.0019167939641420162,-0.002937582300660324,0.003507632944611518
377,13,584.1166540506764,393.0334023346493,584.12,393.03,0.0033459493236023263,-0.0034023346493086137,0.004771923924582289
377,14,574.6314429821957,496.86091319899265,574.63,496.86,-0.0014429821957264721,-0.0009131989926345341,0.0017076680055948578
377,15,559.2566644510084,636.3590498832361,559.26,636.36,0.003335548991572068,0.0009501167638745756,0.003468228501724322
377,16,517.7330665413756,1034.1190390482661,517.73,1034.12,-0.003066541375574161,0.0009609517337594298,0.0032135812176952243
377,17,1450.9772780537467,430.20370719996373,1450.98,430.2,0.0027219462533594196,-0.003707199963741914,0.0045991654653149226
377,18,1587.7956138106772,489.43601860555214,1587.8,489.44,0.004386189322758582,0.003981394447862385,0.005923694668410149
377,19,1801.4907175203402,590.3611246888504,1801.49,590.36,-0.0007175203402312036,-0.0011246888503819719,0.0013340766277913064
377,20,1896.9795920751776,723.373022725774,1896.98,723.37,0.00040792482241158723,-0.0030227257740307323,0.0030501268442032397
377,21,1836.0155700627588,531.8116166577323,1836.02,531.81,0.004429937241184234,-0.0016166577323701858,0.004715710570472206
377,22,1846.8706421093261,478.4432547758389,1846.87,478.44,-0.0006421093262360955,-0.003254775838911428,0.003317509630491065
377,24,1678.8766320940167,379.52194015541806,1678.88,379.52,0.003367905983395758,-0.0019401554180831226,0.003886771637144411
377,25,1824.1286731685286,427.1338161439014,1824.13,427.13,0.0013268314714878215,-0.0038161439014174903,0.004040227225052626
377,26,1962.8460077351715,476.63890857484887,1962.85,476.64,0.003992264828411862,0.0010914251511167095,0.004138766400833046
377,31,867.7189375954731,554.6097031867255,867.72,554.61,0.0010624045269196358,0.0002968132745309049,0.0011030872579977948
378,13,579.5874905380073,394.27505175098696,579.59,394.28,0.002509461992758588,0.0049482490130117185,0.005548204014622331
378,14,570.4735822366467,496.8956848992445,570.47,496.9,-0.0035822366467073152,0.00431510075549113,0.005608254088667256
378,15,555.6924983382563,636.269287412427,555.69,636.27,-0.002498338256259558,0.0007125875729343534,0.0025979751907573177
378,16,518.0497999060317,1036.3392792861996,518.05,1036.34,0.00020009396826026205,0.0007207138003195723,0.0007479745838631278
378,17,1446.73295854031,432.1527803999728,1446.73,432.15,-0.0029585403099190444,-0.002780399972834857,0.004059998124920251
378,18,1582.0967103580078,490.8270139541641,1582.1,490.83,0.003289641992068937,0.002986045835882578,0.0044427710012980605
378,19,1795.868038140255,591.5208435166378,1795.87,591.52,0.0019618597448243236,-0.0008435166378149006,0.0021355125793665357
378,20,1917.2346940563832,720.5297670443306,1917.23,720.53,-0.004694056383186762,0.00023295566938941192,0.004699833366454289
378,21,1829.2616775470692,533.1087124932992,1829.26,533.11,-0.0016775470692209637,0.001287506700805352,0.002114672001533696
378,22,1839.9029815819945,480.0824410818792,1839.9,480.08,-0.002981581994390581,-0.0024410818792262035,0.0038534026431662504
378,24,1672.6574740705125,381.3914551165635,1672.66,381.39,0.0025259294875468186,-0.0014551165635339203,0.002915078727844121
378,25,1817.8465048763965,428.85036210792606,1817.85,428.85,0.003495123603443062,-0.00036210792603696973,0.0035138314065196142
378,26,1955.3845058013785,477.9791814311367,1955.38,477.98,-0.004505801378400065,0.0008185688633375321,0.004579552494034501
378,31,866.2892031966048,554.207277390044,866.29,554.21,0.0007968033951328835,0.00272260995598117,0.0028368117002901478
379,13,575.9406179035054,395.95628881324023,575.94,395.96,-0.0006179035053719417,0.003711186759744578,0.003762274831488842
379,14,566.3551866774851,497.17176367443335,566.36,497.17,0.004813322514905849,-0.0017636744333344723,0.005126267759227685
379,15,551.2693737536922,636.2019655593203,551.27,636.2,0.0006262463077746361,-0.0019655593202969612,0.002062912475023508
379,16,514.7873499295238,1038.5044594646497,514.79,1038.5,0.002650070476192923,-0.00445946464969893,0.005187455878434416
379,17,1441.2997189052326,433.8645852999796,1441.3,433.86,0.0002810947673879127,-0.004585299979567026,0.004593907941053046
379,18,1576.0725327685059,492.12026046562306,1576.07,492.12,-0.00253276850594375,-0.000260465623057371,0.002546126203764299
379,19,1790.4010286051912,592.3906326374783,1790.4,592.39,-0.0010286051910952665,-0.0006326374783611755,0.001207583876248485
379,20,1932.6760205422875,718.3973252832479,1932.68,718.4,0.003979457712603107,0.002674716752039785,0.004794809004542163
379,21,1823.446258160302,534.3315343699744,1823.45,534.33,0.0037418396980228863,-0.0015343699743652905,0.004044212598755628
379,22,1833.927236186496,481.56183081140944,1833.93,481.56,0.00276381350408883,-0.0018308114094338634,0.0033151976565956045
379,24,1666.7431055528843,383.29359133742264,1666.74,383.29,-0.0031055528843353386,-0.0035913374226197448,0.004747858801661289
379,25,1812.3848786572973,430.38777158094456,1812.38,430.39,-0.004878657297240352,0.0022284190554273664,0.005363501515848423
379,26,1949.5383793510339,479.48438607335254,1949.54,479.48,0.001620648966081717,-0.004386073352520725,0.004675910876498196
379,31,864.2169023974536,554.155458042533,864.22,554.16,0.0030976025464042323,0.00454195746692676,0.005497683072609928
380,13,572.9554634276291,397.4672166099302,572.96,397.47,0.004536572370966496,0.002783390069851066,0.00532238190643645
380,14,563.7663900081138,498.378822755825,563.77,498.38,0.003609991886150965,0.0011772441749826612,0.0037970969523579996
380,15,549.2020303152692,636.9014741694903,549.2,636.9,-0.002030315269166749,-0.0014741694902795643,0.002509054757928324
380,16,516.0905124471428,1038.6283445984873,516.09,1038.63,-0.0005124471427961907,0.001655401512834942,0.001732903991240194
380,17,1438.2247891789243,435.6484389749847,1438.22,435.65,-0.004789178924283988,0.0015610250152917615,0.005037165261054334
380,18,1572.0543995763794,493.3401953492173,1572.05,493.34,-0.004399576379455539,-0.0001953492173356608,0.004403911174782793
380,19,1786.3007714538935,593.0429744781088,1786.3,593.04,-0.0007714538935488235,-0.002974478108853873,0.0030728913306400135
380,20,1943.0070154067157,716.047993962436,1943.01,716.05,0.0029845932842818,0.002006037564001417,0.003596106753249236
380,21,1818.8346936202265,535.2486507774809,1818.83,535.25,-0.004693620226589701,0.0013492225191384932,0.004883694527466105
380,22,1829.195427139872,482.6713731085571,1829.2,482.67,0.004572860128064349,-0.0013731085570611867,0.004774565620065908
380,24,1663.0573291646633,384.970193503067,1663.06,384.97,0.0026708353366302617,-0.00019350306695287145,0.002677835848649624
380,25,1808.288658992973,432.04082868570845,1808.29,432.04,0.0013410070268946583,-0.0008286857084272015,0.0015763945729202265
380,26,1945.1537845132755,480.6132895550144,1945.15,480.61,-0.0037845132753773214,-0.003289555014362122,0.005014350698148482
380,31,862.6626767980902,554.6165935318998,862.66,554.62,-0.0026767980901922783,0.0034064681002519137,0.004332351894028336
381,13,570.4665975707218,399.10041245744765,570.47,399.1,0.003402429278253294,-0.00041245744762363756,0.003427338054469596
381,14,561.3247925060854,499.03411706686876,561.32,499.03,-0.004792506085323112,-0.004117066868786878,0.006318097354419417
381,15,547.4015227364519,637.4261056271177,547.4,637.43,-0.001522736451875062,0.003894372882200514,0.004181490935956671
381,16,516.0678843353571,1039.9712584488655,516.07,1039.97,0.002115664642929005,-0.0012584488654283632,0.0024616519713878825
381,17,1433.9185918841931,437.4863292312385,1433.92,437.49,0.001408115806952992,0.0036707687614807583,0.003931581542592479
381,18,1566.5407996822846,494.755146511913,1566.54,494.76,-0.0007996822846507712,0.004853488087007918,0.0049189265462204305
381,19,1780.2255785904201,594.2822308585817,1780.23,594.28,0.004421409579890678,-0.002230858581697248,0.004952332045075464
381,20,1948.5052615550367,715.7859954718269,1948.51,715.79,0.004738444963322763,0.004004528173027211,0.0062039589424018205
381,21,1812.3760202151698,536.6864880831106,1812.38,536.69,0.00397978483033512,0.003511916889465283,0.00530775352991047
381,22,1822.396570354904,484.25352983141784,1822.4,484.25,0.0034296450960482616,-0.003529831417836249,0.0049216029221374365
381,24,1656.7929968734975,386.9776451273002,1656.79,386.98,-0.0029968734975227562,0.0023548726998114944,0.0038113876990502754
381,25,1801.9664942447298,433.78062151428134,1801.97,433.78,0.0035057552702255634,-0.0006215142813630337,0.003560421325721511
381,26,1938.1153383849567,482.20996716626075,1938.12,482.21,0.004661615043232814,3.283373922613464e-05,0.004661730672800182
381,30,273.1800537109375,560.58203125,273.18,560.58,-5.371093749317879e-05,-0.0020312499999590727,0.002031959996441891
381,31,860.4970075985676,555.2124451489249,860.5,555.21,0.0029924014323796655,-0.002445148924834939,0.003864352416269682
382,13,568.3499481780414,401.07530934308573,568.35,401.08,5.182195866382244e-05,0.004690656914249303,0.004690943167700344
382,14,559.743594379564,500.7755878001516,559.74,500.78,-0.0035943795639923337,0.004412199848388809,0.00569096406175333
382,15,546.551142052339,638.5695792203383,546.55,638.57,-0.0011420523389915616,0.0004207796617947679,0.0012171027355060114
382,16,518.5509132515178,1038.7284438366491,518.55,1038.73,-0.0009132515178862377,0.0015561633508696104,0.0018043482783296721
382,17,1430.4389439131448,439.3647469234289,1430.44,439.36,0.001056086855214744,-0.004746923428911032,0.004862982776619905
382,18,1562.1555997617133,496.06635988393475,1562.16,496.07,0.004400238286734748,0.0036401160652417275,0.005710739177066071
382,19,1775.9191839428152,594.9616731439362,1775.92,594.96,0.0008160571849202825,-0.0016731439361592493,0.001861547732443754
382,20,1952.3789461662775,714.3394966038702,1952.38,714.34,0.001053833722608033,0.0005033961298295253,0.001167892622818232
382,21,1807.5320151613773,537.5148660623329,1807.53,537.51,-0.002015161377357799,-0.0048660623328942165,0.005266824280760323
382,22,1817.547427766178,485.4401473735634,1817.55,485.44,0.002572233821865666,-0.0001473735633794604,0.002576452173344735
382,24,1652.5947476551232,388.7332338454752,1652.59,388.73,-0.004747655123310324,-0.0032338454751652534,0.0057443873239138
382,25,1797.4748706835474,435.335466135711,1797.47,435.34,-0.004870683547324006,0.004533864288987388,0.006654283102568441
382,26,1933.3365037887174,483.40747537469554,1933.34,483.41,0.003496211282481454,0.0025246253044883815,0.004312450145777185
382,30,269.1350402832031,564.9365234375,269.14,564.94,0.004959716796861358,0.0034765625000545697,0.00605683725403402
382,31,858.8727556989257,556.1593338616937,858.87,556.16,-0.002755698925739125,0.0006661383063146786,0.0028350691018843893
383,13,567.512461133531,402.5564820073143,567.51,402.56,-0.002461133531028281,0.0035179926857153987,0.004293419475697521
383,14,559.807695784673,502.83169085011366,559.81,502.83,0.002304215326944359,-0.001690850113675424,0.002858038204755404
383,15,546.6633565392542,640.9271844152537,546.66,640.93,-0.0033565392542413974,0.002815584746258537,0.004381081285325251
383,16,523.9131849386383,1036.0463328774867,523.91,1036.05,-0.003184938638355561,0.0036671225132067775,0.004857120716737249
383,17,1428.5792079348587,441.0235601925717,1428.58,441.02,0.0007920651412405277,-0.0035601925717401173,0.0036472370824833815
383,18,1559.616699821285,497.0497699129511,1559.62,497.05,0.0033001787148805306,0.0002300870489193585,0.0033081897769370685
383,19,1771.6893879571114,595.7212548579521,1771.69,595.72,0.0006120428886333684,-0.0012548579520625935,0.0013961607992568064
383,20,1954.5342096247082,713.0046224529026,1954.53,713.0,-0.004209624708209958,-0.004622452902594887,0.0062520405485473034
383,21,1803.6490113710329,538.3861495467497,1803.65,538.39,0.0009886289672067505,0.003850453250265673,0.003975346207222934
383,22,1813.6605708246336,486.58011053017253,1813.66,486.58,-0.0005708246335416334,-0.00011053017254880615,0.0005814272794611626
383,24,1649.6960607413425,390.29992538410636,1649.7,390.3,0.003939258657510436,7.461589365220789e-05,0.003939965266643405
383,25,1794.1061530126606,436.75159960178325,1794.11,436.75,0.003846987339329644,-0.0015996017832549114,0.00416629781148142
383,26,1929.002377841538,484.3056065310217,1929.0,484.31,-0.002377841537963832,0.00439346897832138,0.004995668127802177
383,31,857.1545667741943,557.6195003962703,857.15,557.62,-0.0045667741943589135,0.000499603729736009,0.004594021161142887
384,13,566.6343458501483,404.1673615054857,566.63,404.17,-0.004345850148297359,0.0026384945143149707,0.0050840994102718294
384,14,559.8557718385048,505.1237681375852,559.86,505.12,0.004228161495234417,-0.0037681375852116616,0.005663586362974234
384,15,546.7475174044407,643.1953883114403,546.75,643.2,0.0024825955592859827,0.0046116885597484725,0.005237456642598717
384,16,527.9348887039787,1034.534749658115,527.93,1034.53,-0.004888703978735975,-0.004749658115088096,0.00681606035785564
384,17,1426.184405951144,443.0176701444288,1426.18,443.02,-0.004405951144008213,0.0023298555711903646,0.004984037767312169
384,18,1556.7125248659638,498.28732743471335,1556.71,498.29,-0.002524865963778211,0.0026725652866730343,0.0036766225461114977
384,19,1767.0170409678335,596.5409411434641,1767.02,596.54,0.0029590321664727526,-0.000941143464160632,0.003105096195346081
384,20,1954.4006572185313,712.253466839677,1954.4,712.25,-0.0006572185311597423,-0.0034668396770030085,0.003528585204262764
384,21,1798.9867585282745,539.5396121600622,1798.99,539.54,0.0032414717254596326,0.0003878399377299502,0.0032645916688389407
384,22,1808.9954281184753,487.9350828976294,1809.0,487.94,0.004571881524725541,0.004917102370598059,0.006714163864478419
384,24,1646.272045556007,392.2249440380798,1646.27,392.22,-0.0020455560070331558,-0.0049440380797705075,0.005350496417355148
384,25,1789.8296147594954,438.31369970133744,1789.83,438.31,0.00038524050455635006,-0.00369970133743891,0.003719704320587604
384,26,1924.0017833811535,485.4792048982663,1924.0,485.48,-0.0017833811534728738,0.0007951017337290978,0.001952597015654089
384,31,855.3659250806458,559.2146252972027,855.37,559.21,0.004074919354252415,-0.004625297202665024,0.006164279516427027
385,13,565.7257593876112,406.3755211291143,565.73,406.38,0.004240612388798581,0.004478870885691322,0.006167907087718278
385,14,559.3918288788786,507.34282610318894,559.39,507.34,-0.0018288788786549048,-0.0028261031889655897,0.003366252692159562
385,15,546.3106380533305,645.3965412335803,546.31,645.4,-0.0006380533305900826,0.0034587664197260892,0.0035171262699684137
385,16,530.701166527984,1033.9010622435862,530.7,1033.9,-0.0011665279839689902,-0.0010622435861478152,0.001577703702757564
385,17,1423.388304463358,445.0132526083216,1423.39,445.01,0.001695536642046136,-0.0032526083215884682,0.003668011095701271
385,18,1553.0343936494728,499.465495576035,1553.03,499.47,-0.004393649472831385,0.0045044239650451345,0.0062923756203030696
385,19,1761.762780725875,597.1557058575982,1761.76,597.16,-0.0027807258750272013,0.004294142401818135,0.005115867019297727
385,20,1952.8004929138983,711.4401001297578,1952.8,711.44,-0.0004929138983698067,-0.00010012975769768673,0.0005029811920765205
385,21,1793.740068896206,540.6547091200466,1793.74,540.65,-6.889620590300183e-05,-0.0047091200466411465,0.004709624008439032
385,22,1803.9965710888564,489.20131217322205,1804.0,489.2,0.003428911143600999,-0.0013121732220611193,0.003671407113819628
385,24,1642.4540341670054,394.1687080285599,1642.45,394.17,-0.0040341670053294365,0.0012919714401391502,0.004235999720139734
385,25,1785.3722110696215,439.98527477600305,1785.37,439.99,-0.0022110696215804637,0.004725223996956629,0.005216950324939922
385,26,1918.501337535865,486.6094036736997,1918.5,486.61,-0.0013375358651046554,0.0005963263002968233,0.001464447761740567
385,31,853.2744438104843,560.9109689729021,853.27,560.91,-0.004443810484303867,-0.0009689729021147286,0.004548226039396196
386,13,564.5443195407084,408.5316408468357,564.54,408.53,-0.004319540708479508,-0.001640846835755383,0.004620693700151537
386,14,558.793871659159,509.7571195773917,558.79,509.76,-0.0038716591590173266,0.002880422608313893,0.004825616960150128
386,15,545.7329785399979,647.5474059251852,545.73,647.55,-0.0029785399979118665,0.0025940748147377235,0.003949800585297614
386,16,532.525874895988,1034.6757966826897,532.53,1034.68,0.00412510401201871,0.004203317310384591,0.005889342876904995
386,17,1420.5412283475184,447.00993945624117,1420.54,447.01,-0.0012283475184631243,6.0543758820585936e-05,0.0012298386775698026
386,18,1549.5257952371046,501.09912168202624,1549.53,501.1,0.00420476289536964,0.0008783179737861246,0.004295517834831214
386,19,1756.8220855444063,598.1167793931986,1756.82,598.12,-0.0020855444063272444,0.003220606801392023,0.0038369002645280495
386,20,1950.8503696854236,711.5800750973183,1950.85,711.58,-0.0003696854237205116,-7.509731824484334e-05,0.0003772358939960267
386,21,1789.0550516721544,541.991031840035,1789.06,541.99,0.004948327845568201,-0.0010318400350115553,0.005054764319439462
386,22,1799.2474283166423,490.65098412991654,1799.25,490.65,0.002571683357700749,-0.0009841299165600503,0.0027535553353697996
386,24,1638.590525625254,396.1265310214199,1638.59,396.13,-0.000525625254113038,0.003468978580087878,0.0035085743966559845
386,25,1781.029158302216,441.7389560820023,1781.03,441.74,0.0008416977839260653,0.0010439179977197455,0.0013409772352390072
386,26,1913.3760031518989,487.9570527552748,1913.38,487.96,0.003996848101223804,0.002947244725191922,0.004965988946265178
386,31,851.2058328578632,562.9332267296766,851.21,562.93,0.0041671421367937,-0.0032267296766121945,0.005270375507890439
387,13,563.6582396555314,410.8987306351268,563.66,410.9,0.0017603444686074,0.0012693648731669782,0.002170276440775895
387,14,558.3454037443693,512.0678396830438,558.35,512.07,0.0045962556307586055,0.002160316956292263,0.005078635168519595
387,15,545.2997339049984,649.6605544438889,545.3,649.66,0.00026609500150698295,-0.0005544438889728553,0.0006149915250199349
387,16,534.144406171991,1033.5068475120172,534.14,1033.51,-0.00440617199103599,0.0031524879827884433,0.005417797716435674
387,17,1417.655921260639,449.00745459218086,1417.66,449.01,0.004078739361148109,0.0025454078191273766,0.004807828589067384
387,18,1545.8943464278284,502.8243412615197,1545.89,502.82,-0.004346427828295418,-0.004341261519698492,0.006143125137012568
387,19,1751.8665641583048,599.337584544899,1751.87,599.34,0.0034358416951363324,0.002415455101072439,0.004199932320804012
387,20,1948.1377772640676,711.9350563229887,1948.14,711.94,0.0022227359324915597,0.004943677011397085,0.005420377977466621
387,21,1784.2912887541158,543.4932738800262,1784.29,543.49,-0.001288754115876145,-0.0032738800261995493,0.0035184055475649856
387,22,1794.4355712374818,492.4882380974374,1794.44,492.49,0.004428762518273288,0.001761902562634532,0.004766365290604623
387,24,1634.6928942189406,398.34489826606494,1634.69,398.34,-0.0028942189405825047,-0.004898266064969903,0.0056894212112711656
387,25,1776.521868726662,443.55421706150173,1776.52,443.55,-0.0018687266619963339,-0.004217061501719854,0.004612564042541163
387,26,1908.2820023639242,489.7177895664561,1908.28,489.72,-0.0020023639242481295,0.002210433543950785,0.0029825287487890532
387,31,849.4043746433974,564.9499200472574,849.4,564.95,-0.004374643397454747,7.995274268068897e-05,0.004375373960698282
388,13,562.2436797416485,413.1740479763451,562.24,413.17,-0.003679741648511481,-0.004047976345077586,0.005470522012577747
388,14,557.2590528082769,514.5508797622829,557.26,514.55,0.0009471917230712279,-0.0008797622829206375,0.0012927311532969156
388,15,544.7248004287488,651.9954158329167,544.72,652.0,-0.004800428748808372,0.004584167083294233,0.006637673087757807
388,16,535.6083046289932,1033.880135634013,535.61,1033.88,0.0016953710068037253,-0.00013563401284955034,0.0017007878868784165
388,17,1414.4919409454792,451.00559094413563,1414.49,451.01,-0.001940945479191214,0.0044090558643574695,0.004817368884382616
388,18,1541.9207598208714,504.61825594613975,1541.92,504.62,-0.0007598208712806809,0.0017440538602500055,0.0019023805150092026
388,19,1746.8999231187286,600.7531884086742,1746.9,600.75,7.688127152505331e-05,-0.0031884086741911233,0.0031893354485799242
388,20,1944.8533329480506,712.7012922422415,1944.85,712.7,-0.003332948050683626,-0.0012922422414476387,0.0035746933741423754
388,21,1779.2184665655868,545.1199554100197,1779.22,545.12,0.0015334344132043043,4.458998034806427e-05,0.0015340825812017649
388,22,1789.5766784281113,494.11617857307806,1789.58,494.12,0.0033215718885912793,0.0038214269219452035,0.00506321474271509
388,24,1630.5196706642055,400.2586736995487,1630.52,400.26,0.0003293357945040043,0.0013263004512964471,0.0013665778253179521
388,25,1771.8914015449964,445.4156627961263,1771.89,445.42,-0.0014015449962698767,0.004337203873717499,0.0045580331085632985
388,26,1902.9615017729432,491.28834217484206,1902.96,491.29,-0.0015017729431292537,0.0016578251579630887,0.0022368965615536273
388,31,847.0532809825481,566.962440035443,847.05,566.96,-0.0032809825481763255,-0.0024400354429872095,0.0040888408436219915
389,13,561.6827598062364,415.38053598225883,561.68,415.38,-0.002759806236440454,-0.0005359822588388852,0.002811371096900169
389,14,556.9442896062077,516.6631598217122,556.94,516.66,-0.004289606207635188,-0.0031598217121882044,0.005327775771313798
389,15,544.5436003215616,653.9965618746876,544.54,654.0,-0.0036003215616347006,0.003438125312413831,0.004978254815799653
389,16,536.9562284717449,1032.4101017255098,536.96,1032.41,0.003771528255128942,-0.00010172550969400618,0.0037728998739111094
389,17,1411.3689557091093,453.0041932081017,1411.37,453.0,0.0010442908906043158,-0.004193208101696655,0.004321288887396169
389,18,1538.1905698656535,506.46369195960483,1538.19,506.46,-0.0005698656534605107,-0.003691959604850581,0.003735681007104653
389,19,1742.1749423390465,602.3148913065056,1742.17,602.31,-0.004942339046465349,-0.0048913065056694904,0.006953531087341215
389,20,1941.639999711038,713.7759691816811,1941.64,713.78,2.889621555368649e-07,0.004030818318824458,0.004030818329182049
389,21,1774.6638499241901,546.8399665575148,1774.66,546.84,-0.003849924190035381,3.3442485232626495e-05,0.0038500694368852778
389,22,1784.9325088210835,496.08713392980854,1784.93,496.09,-0.0025088210834383062,0.002866070191430481,0.0038090079510170244
389,24,1626.389752998154,402.44400527466155,1626.39,402.44,0.00024700184599169006,-0.004005274661551539,0.00401288362980913
389,25,1767.4185511587473,447.3117470970947,1767.42,447.31,0.0014488412527953187,-0.0017470970947215392,0.0022696892373595887
389,26,1898.2211263297074,493.21625663113156,1898.22,493.22,-0.0011263297074037837,0.003743368868470043,0.003909146850044263
389,31,845.2899607369111,568.9718300265822,845.29,568.97,3.926308886548213e-05,-0.0018300265821835637,0.0018304477271000432
390,13,561.0120698546773,417.2854019866941,561.01,417.29,-0.002069854677301919,0.00459801330589471,0.005042422507717241
390,14,556.7082172046557,518.4973698662841,556.71,518.5,0.001782795344297483,0.0026301337159111426,0.003177414452541773
390,15,544.6577002411711,655.7474214060157,544.66,655.75,0.0022997588288262705,0.00257859398425353,0.0034551465390621097
390,16,538.4671713538087,1031.0575762941323,538.47,1031.06,0.0028286461913467065,0.002423705867613535,0.003724995222617675
390,17,1408.276716781832,455.2531449060763,1408.28,455.25,0.0032832181680078065,-0.003144906076272491,0.0045464223041103615
390,18,1534.39292739924,508.3477689697036,1534.39,508.35,-0.0029273992399794224,0.0022310302964001494,0.003680647021066736
390,19,1737.131206754285,603.9861684798792,1737.13,603.99,-0.0012067542847944424,0.0038315201207979044,0.004017063895427721
390,20,1937.7299997832783,715.0819768862609,1937.73,715.08,2.1672167349606752e-07,-0.0019768862608771087,0.0019768862727564678
390,21,1769.4978874431426,548.6299749181361,1769.5,548.63,0.00211255685735523,2.5081863896048162e-05,0.0021127057474847524
390,22,1779.9493816158126,498.0653504473564,1779.95,498.07,0.0006183841874189966,0.004649552643570587,0.004690494514289947
390,24,1622.0423147486156,404.58300395599616,1622.04,404.58,-0.0023147486156176456,-0.003003955996177865,0.003792336058483841
390,25,1762.5639133690604,449.48381032282106,1762.56,449.48,-0.003913369060455807,-0.0038103228210388806,0.005461960948584534
390,26,1892.6658447472805,495.1621924733487,1892.67,495.16,0.004155252719556302,-0.0021924733486571313,0.004698198010721967
390,31,843.4674705526834,570.7288725199367,843.47,570.73,0.002529447316646838,0.0011274800633600535,0.0027693528162670566
391,13,560.509052391008,419.2140514900206,560.51,419.21,0.0009476089919644437,-0.0040514900206289894,0.004160833352696087
391,14,556.2811629034918,520.623027399713,556.28,520.62,-0.0011629034918314574,-0.003027399713005252,0.003243068539765708
391,15,544.7432751808783,657.5605660545118,544.74,657.56,-0.0032751808782904845,-0.0005660545118644222,0.0033237369775482683
391,16,539.8503785153565,1032.2931822205992,539.85,1032.29,-0.0003785153564876964,-0.003182220599228458,0.003204653150849704
391,17,1404.957537586374,457.18985867955723,1404.96,457.19,0.0024624136260626983,0.00014132044276493616,0.0024664655548704757
391,18,1530.2946955494301,510.01082672727773,1530.29,510.01,-0.004695549430152823,-0.0008267272777402468,0.004767773321244237
391,19,1732.0984050657137,605.4896263599094,1732.1,605.49,0.0015949342862313642,0.00037364009062912373,0.0016381154705092345
391,20,1933.7974998374589,716.3114826646956,1933.8,716.31,0.002500162541082318,-0.0014826646956862533,0.002906734823073065
391,21,1764.373415582357,550.472481188602,1764.37,550.47,-0.003415582357092717,-0.0024811886020188467,0.004221670252029554
391,22,1774.4620362118594,499.7990128355173,1774.46,499.8,-0.0020362118593766354,0.0009871644826944248,0.0022628858681249054
391,24,1617.2817360614617,406.6872529669971,1617.28,406.69,-0.0017360614617700776,0.0027470330028904755,0.0032496307048667425
391,25,1757.1729350267954,451.3628577421158,1757.17,451.36,-0.0029350267952850118,-0.0028577421157933713,0.004096470711407587
391,26,1886.7493835604605,496.87164435501154,1886.75,496.87,0.0006164395394989697,-0.001644355011535481,0.0017561039575775558
391,31,841.6006029145126,572.5466543899524,841.6,572.55,-0.0006029145125694413,0.0033456100475177664,0.003399501801664279
392,13,559.381789293256,421.41053861751544,559.38,421.41,-0.0017892932560243935,-0.0005386175154171724,0.0018686035384662375
392,14,555.4608721776189,522.7172705497848,555.46,522.72,-0.0008721776188167496,0.002729450215269935,0.0028654131074597167
392,15,544.5574563856587,659.1704245408839,544.56,659.17,0.0025436143412207457,-0.0004245408839551601,0.00257879989123105
392,16,540.8877838865174,1033.7198866654494,540.89,1033.72,0.002216113482631954,0.00011333455063322617,0.002219009618787256
392,17,1401.4681531897804,459.1423940096679,1401.47,459.14,0.0018468102196038672,-0.0023940096679098133,0.0030235724362546595
392,18,1526.2210216620726,511.7581200454583,1526.22,511.76,-0.0010216620726168912,0.0018799545416641195,0.0021396313863250816
392,19,1727.0738037992853,606.867219769932,1727.07,606.87,-0.0038037992853787728,0.002780230067969569,0.004711535655631838
392,20,1929.848124878094,717.2336119985217,1929.85,717.23,0.001875121905868582,-0.003611998521705573,0.004069719337088427
392,21,1759.2800616867678,551.8543608914515,1759.28,551.85,-6.168676782181137e-05,-0.00436089145148344,0.004361327723176239
392,22,1769.3465271588946,501.349259626638,1769.35,501.35,0.003472841105349289,0.0007403733620208186,0.003550884123453437
392,24,1612.4613020460963,408.7654397252478,1612.46,408.77,-0.0013020460962707148,0.004560274752179794,0.0047425130313139136
392,25,1751.8797012700966,453.2721433065868,1751.88,453.27,0.00029872990353396744,-0.0021433065868450285,0.002164024648768747
392,26,1881.0620376703455,498.65373326625866,1881.06,498.65,-0.0020376703455440293,-0.0037332662586777587,0.004253160871080631
392,31,839.7004521858844,574.4099907924643,839.7,574.41,-0.00045218588434181584,9.207535640598508e-06,0.000452279617836757
393,13,555.786341969942,423.3079039631366,555.79,423.31,0.0036580300579771574,0.0020960368634064253,0.004215987955132582
393,14,550.8456541332141,523.2879529123386,550.85,523.29,0.004345866785911312,0.0020470876613671862,0.004803865736488572
393,15,539.918092289244,658.877818405663,539.92,658.88,0.0019077107559724027,0.0021815943370029345,0.0028980535156715222
393,16,532.165837914888,1038.0399149990872,532.17,1038.04,0.00416208511194327,8.500091280438937e-05,0.004162952994478487
393,17,1396.1011148923353,461.1067955072509,1396.1,461.11,-0.0011148923354085127,0.0032044927490915143,0.003392898274120923
393,18,1520.1657662465545,513.8185900340937,1520.17,513.82,0.004233753445532784,0.001409965906304933,0.004462361717129508
393,19,1721.805352849464,609.150414827449,1721.81,609.15,0.004647150535902256,-0.0004148274490489712,0.004665628565994201
393,20,1925.3860936585706,720.6752089988913,1925.39,720.68,0.003906341429456006,0.004791001108628734,0.006181682213311046
393,21,1753.2100462650758,553.8907706685886,1753.21,553.89,-4.626507575267169e-05,-0.0007706685886432751,0.0007720560412015556
393,22,1763.2598953691709,503.5119447199785,1763.26,503.51,0.00010463082912792743,-0.0019447199784963232,0.001947532645468809
393,23,1935.2207596444243,580.6015129127325,1935.22,580.6,-0.0007596444243063161,-0.0015129127324371439,0.0016929160012682553
393,24,1606.0959765345722,410.5740797939359,1606.1,410.57,0.004023465427735573,-0.004079793935886755,0.0057300080809263906
393,25,1745.9097759525725,455.20410747994015,1745.91,455.2,0.00022404742753678875,-0.004107479940159919,0.004113585869846646
393,26,1875.2965282527591,500.74029994969396,1875.3,500.74,0.0034717472408374306,-0.0002999496939537494,0.003484680576920252
393,30,254.60128021240234,572.452392578125,254.6,572.45,-0.0012802124023494343,-0.0023925781249545253,0.002713553736180697
393,31,836.0253391394133,575.5574930943483,836.03,575.56,0.004660860586682247,0.0025069056516713317,0.005292277142673997
394,13,551.8397564774565,425.48092797235245,551.84,425.48,0.00024352254354198521,-0.0009279723524286965,0.0009593935147191725
394,14,546.1342405999105,524.465964684254,546.13,524.47,-0.004240599910531273,0.004035315746023116,0.005853756125027754
394,15,535.438569216933,659.1583638042473,535.44,659.16,0.0014307830670077237,0.0016361957526669357,0.002173540136708165
394,16,525.124378436166,1041.2799362493154,525.12,1041.28,-0.0043784361660073046,6.375068460329203e-05,0.004378900251157605
394,17,1390.8258361692515,462.8300966304382,1390.83,462.83,0.004163830748439068,-9.663043823593398e-05,0.004164951853652131
394,18,1514.3743246849158,515.6139425255703,1514.37,515.61,-0.004324684915900434,-0.003942525570323596,0.0058520430188500954
394,19,1716.604014637098,610.8628111205868,1716.6,610.86,-0.004014637098180174,-0.0028111205867844546,0.004900990714491092
394,20,1921.039570243928,723.2564067491685,1921.04,723.26,0.0004297560719805915,0.0035932508314999723,0.003618859187572712
394,21,1747.6575346988068,555.6680780014415,1747.66,555.67,0.0024653011932969093,0.0019219985584868482,0.0031259859936501135
394,22,1757.6949215268783,505.38395853998384,1757.69,505.38,-0.00492152687820635,-0.003958539983841547,0.006315969095600435
394,23,1951.1655697333183,589.7011346845493,1951.17,589.7,0.0044302666817657155,-0.0011346845492425928,0.004573267092337082
394,24,1600.321982400929,412.4305598454519,1600.32,412.43,-0.0019824009291369293,-0.0005598454519031293,0.00205993698298263
394,25,1740.4323319644295,456.9030806099551,1740.43,456.9,-0.0023319644294588215,-0.0030806099551341504,0.0038637049312716465
394,26,1869.9723961895693,502.5552249622705,1869.97,502.56,-0.0023961895692536928,0.0047750377295301405,0.005342537764979912
394,30,242.45096015930176,578.8392944335938,242.45,578.84,-0.0009601593017691812,0.0007055664062818323,0.0011915241661197397
394,31,832.0190043545599,576.6681198207611,832.02,576.67,0.0009956454400708026,0.0018801792388103422,0.00212752997919823
395,13,546.6298173580924,427.36069597926434,546.63,427.36,0.0001826419075996455,-0.0006959792643215224,0.0007195451360249508
395,14,540.100680449933,525.3494735131906,540.1,525.35,-0.0006804499329291502,0.0005264868094627673,0.000860349040658249
395,15,528.8289269126998,659.8687728531854,528.83,659.87,0.0010730873002557928,0.001227146814585467,0.0016301551025953095
395,16,515.5932838271245,1043.9599521869866,515.59,1043.96,-0.0032838271245054784,4.781301345246902e-05,0.0032841751883682037
395,17,1385.3693771269386,464.37257247282867,1385.37,464.37,0.0006228730612747313,-0.002572472828660466,0.00264680700177745
395,18,1508.780743513687,517.4604568941777,1508.78,517.46,-0.0007435136869844428,-0.00045689417765970575,0.0008726768544613399
395,19,1711.7030109778236,612.6471083404401,1711.7,612.65,-0.003010977823578287,0.002891659559850268,0.004174647585623688
395,20,1917.779677682946,725.6923050618764,1917.78,725.69,0.00032231705404228705,-0.00230506187631363,0.002327487601892008
395,21,1742.9931510241051,557.2510585010812,1742.99,557.25,-0.0031510241051364574,-0.0010585010811610118,0.003324060386029418
395,22,1753.0211911451588,507.2879689049879,1753.02,507.29,-0.0011911451588275668,0.0020310950121142923,0.0023546069178599443
395,23,1963.6241772999888,597.025851013412,1963.62,597.03,-0.004177299988896266,0.0041489865880066645,0.005887607740389294
395,24,1595.4914868006967,414.07291988408895,1595.49,414.07,-0.0014868006967390102,-0.002919884088953495,0.0032766292748413555
395,25,1735.824248973322,458.6773104574663,1735.82,458.68,-0.004248973322091842,0.0026895425336874723,0.005028659198271664
395,26,1866.229297142177,504.4164187217028,1866.23,504.42,0.0007028578229437699,0.003581278297190238,0.0036495976985414526
395,31,828.5142532659199,577.7510898655709,828.51,577.75,-0.004253265919942351,-0.001089865570861548,0.0043906808069241856
396,13,543.2223630185692,429.27052198444824,543.22,429.27,-0.002363018569212727,-0.0005219844482553526,0.0024199844054589707
396,14,536.0755103374497,526.7621051348929,536.08,526.76,0.0044896625503270116,-0.002105134892872229,0.004958695668519799
396,15,524.6216951845248,660.9015796398891,524.62,660.9,-0.0016951845248058817,-0.0015796398890870478,0.0023170914423769045
396,16,509.9449628703434,1046.7199641402399,509.94,1046.72,-0.004962870343376835,3.5859760146195185e-05,0.004962999895987008
396,17,1381.2770328452038,466.02942935462147,1381.28,466.03,0.002967154796124305,0.0005706453785023768,0.003021530031651115
396,18,1504.085557635265,519.3453426706333,1504.09,519.35,0.004442364734813964,0.004657329366750673,0.006436250559721628
396,19,1706.7772582333678,614.23533125533,1706.78,614.24,0.0027417666321980505,0.0046687446699706925,0.005414283060462797
396,20,1913.3347582622096,727.7692287964073,1913.33,727.77,-0.0047582622096342675,0.000771203592648817,0.004820354160945855
396,21,1737.994863268079,558.9382938758108,1737.99,558.94,-0.004863268078906913,0.0017061241892406542,0.0051538564353721585
396,22,1748.015893358869,508.96597667874096,1748.02,508.97,0.0041066411308747774,0.004023321259069235,0.005749053429171704
396,23,1970.7181329749915,602.769388260059,1970.72,602.77,0.0018670250085506268,0.0006117399409504287,0.0019646903414806877
396,24,1590.6186151005227,415.8046899130667,1590.62,415.8,0.001384899477216095,-0.004689913066670215,0.004890115656599283
396,25,1731.1181867299915,460.50798284309974,1731.12,460.51,0.0018132700083697273,0.0020171569002513934,0.0027123550806420903
396,26,1861.4219728566327,506.0623140412771,1861.42,506.06,-0.0019728566326193686,-0.0023140412770885632,0.0030408798603265967
396,30,232.83822011947632,584.3794708251953,232.84,584.38,0.0017798805236850512,0.0005291748046829525,0.0018568792778488894
396,31,824.6356899494399,579.3133173991781,824.64,579.31,0.004310050560093259,-0.003317399178172309,0.00543890367058459
397,13,538.416772263927,431.20289148833615,538.42,431.2,0.0032277360729722204,-0.002891488336160819,0.004333472620765036
397,14,530.8066327530873,528.0715788511696,530.81,528.07,0.00336724691260315,-0.0015788511695973284,0.0037190217512370503
397,15,518.9662713883936,662.4261847299168,518.97,662.43,0.0037286116064478847,0.0038152700831233233,0.005334681838583603
397,16,502.45872215275756,1049.2899731051798,502.46,1049.29,0.0012778472424201937,2.6894820166489808e-05,0.0012781302384000939
397,17,1376.9577746339028,467.5220720159661,1376.96,467.52,0.002225366097263759,-0.0020720159661209436,0.003040642108290787
397,18,1499.3141682264488,521.009007002975,1499.31,521.01,-0.004168226448882706,0.000992997025036857,0.004284875123139224
397,19,1702.582943675026,615.9264984414975,1702.58,615.93,-0.002943675026017445,0.003501558502421176,0.004574509220088734
397,20,1910.501068696657,730.0769215973055,1910.5,730.08,-0.001068696657057444,0.0030784026945411824,0.003258630954030261
397,21,1733.9961474510592,560.4537204068581,1734.0,560.45,0.0038525489408129943,-0.003720406858064962,0.005355703551438982
397,22,1744.0119200191518,510.72448250905575,1744.01,510.72,-0.0019200191518393694,-0.0044825090557196745,0.004876408614753163
397,23,1976.7885997312437,607.5770411950443,1976.79,607.58,0.0014002687562424398,0.002958804955710548,0.0032734201312459186
397,24,1586.4639613253921,417.3535174348,1586.46,417.35,-0.003961325392083381,-0.0035174347999600286,0.005297588737712131
397,25,1727.3386400474938,462.1309871323248,1727.34,462.13,0.0013599525061636086,-0.0009871323247807595,0.0016804466803941585
397,26,1858.0664796424744,507.7967355309578,1858.07,507.8,0.003520357525530926,0.0032644690422216627,0.004801007731214962
397,31,821.4767674620799,580.7349880493836,821.48,580.73,0.003232537920098366,-0.004988049383541693,0.0059438992300950505
398,13,536.8125791979453,433.1521686162521,536.81,433.15,-0.0025791979453515523,-0.0021686162521064034,0.0033697416058513585
398,14,528.8549745648155,529.5536841383772,528.85,529.55,-0.004974564815483973,-0.003684138377252566,0.006190248031072443
398,15,516.9747035412952,663.8196385474376,516.97,663.82,-0.004703541295157265,0.0003614525624016096,0.0047174091056549645
398,16,500.09404161456814,1050.2174798288847,500.09,1050.22,-0.004041614568166096,0.002520171115293124,0.004762972891794599
398,17,1372.468330975427,468.89155401197456,1372.47,468.89,0.0016690245729478193,-0.0015540119745764969,0.0022804815812084065
398,18,1494.4856261698367,522.7567552522312,1494.49,522.76,0.004373830163331149,0.0032447477688037907,0.005445987365099424
398,19,1697.6872077562693,617.6948738311231,1697.69,617.69,0.0027922437307097425,-0.00487383112306361,0.005617014764786661
398,20,1907.3758015224928,732.5576911979791,1907.38,732.56,0.004198477507316056,0.0023088020208206217,0.0047914277778950435
398,21,1729.2471105882944,562.3402903051435,1729.25,562.34,0.0028894117056097457,-0.0002903051434941517,0.002903958863492005
398,22,1739.2589400143638,512.5433618817918,1739.26,512.54,0.0010599856361750426,-0.003361881791875021,0.003525027479529516
398,23,1979.8414497984327,611.9327808962832,1979.84,611.93,-0.001449798432759053,-0.002780896283297807,0.003136128127817829
398,24,1581.847970994044,418.7651380761,1581.85,418.77,0.0020290059558192297,0.004861923899966314,0.005268317490225277
398,25,1722.5039800356203,463.8482403492436,1722.5,463.85,-0.003980035620315903,0.0017596507564121566,0.00435167258919203
398,26,1853.7998597318558,509.5975516482183,1853.8,509.6,0.0001402681441504683,0.0024483517817088796,0.002452366530366222
398,31,820.10757559656,582.0512410370377,820.11,582.05,0.002424403440045353,-0.0012410370377438085,0.0027235831122173725
399,13,535.3594343984589,435.11412646218906,606.3,444.0,70.94056560154104,8.885873537810937,71.49491308055781
399,14,527.3912309236116,531.1652631037829,571.3,541.9,43.90876907638835,10.7347368962171,45.20193113169616
399,15,515.7310276559714,665.3647289105783,527.2,670.2,11.468972344028657,4.835271089421781,12.446572746595436
399,17,1368.6012482315703,470.6686655089809,1376.4,477.8,7.798751768429838,7.131334491019118,10.567708397206388
399,18,1490.1142196273775,524.5675664391733,1477.5,531.0,-12.614219627377452,6.4324335608266665,14.159616460983814
399,19,1693.515405817202,619.5211553733424,1650.2,618.5,-43.31540581720196,-1.021155373342367,43.327440951496314
399,20,1904.2818511418695,734.6682683984843,1897.2,746.6,-7.0818511418694925,11.931731601515708,13.87511566100286
399,21,1724.9353329412208,564.0052177288576,1706.4,568.4,-18.53533294122076,4.39478227114239,19.04921726614117
399,22,1734.9442050107727,514.4075214113439,1732.4,518.5,-2.5442050107726573,4.092478588656149,4.8188546497533755
399,23,1981.6310873488246,615.4495856722124,1981.63,615.45,-0.0010873488245124463,0.0004143277876664797,0.0011636129003243297
399,24,1577.3859782455331,420.57385355707504,1587.6,427.5,10.214021754466785,6.92614644292496,12.34089725058769
399,25,1718.1279850267151,465.63618026193274,1718.13,465.64,0.0020149732849858992,0.0038197380672500003,0.0043186243459700955
399,26,1849.849894798892,511.44816373616374,1854.6,514.4,4.750105201107999,2.951836263836242,5.592569780529517
399,31,818.08068169742,583.5384307777783,816.5,585.7,-1.5806816974200046,2.161569222221715,2.677860364360841
400,13,534.0195757988442,437.0855948466418,534.02,437.09,0.0004242011557380465,0.004405153358163716,0.004425530785055117
400,14,525.7934231927087,532.8739473278372,525.79,532.87,-0.003423192708737588,-0.003947327837181547,0.0052249062551726734
400,15,513.7982707419785,667.0235466829337,513.8,667.02,0.0017292580214416375,-0.0035466829336883166,0.003945794360687872
400,16,496.74039840819455,1051.6848324037476,496.74,1051.68,-0.00039840819454184384,-0.004832403747514036,0.004848799342978196
400,17,1364.9509361736777,472.25149913173567,1364.95,472.25,-0.0009361736777009355,-0.0014991317356702893,0.0017674323510997272
400,18,1485.835664720533,526.17567482938,1485.84,526.18,0.004335279466886277,0.0043251706199498585,0.006123867156273331
400,19,1689.1365543629015,621.1408665300067,1689.14,621.14,0.003445637098593579,-0.0008665300067605131,0.0035529268593401625
400,20,1900.961388356402,736.5012012988632,1900.96,736.5,-0.00138835640200341,-0.0012012988631795452,0.0018359336746354216
400,21,1720.7014997059157,565.7539132966432,1720.7,565.75,-0.0014997059156485193,-0.0039132966431907334,0.004190824316413063
400,22,1730.9581537580796,516.055641058508,1730.96,516.06,0.0018462419204752223,0.0043589414920006675,0.0047338124339273355
400,23,1981.9733155116185,618.3371892541593,1981.97,618.34,-0.0033155116184389044,0.002810745840747586,0.004346597459310353
400,24,1573.53948368415,422.1803901678063,1573.54,422.18,0.00051631585006362,-0.0003901678063016334,0.0006471576114835917
400,25,1714.0959887700365,467.2271351964496,1714.1,467.23,0.004011229963452934,0.0028648035504375002,0.00492920533172457
400,26,1846.137421099169,513.0861228021229,1846.14,513.09,0.00257890083116763,0.003877197877159233,0.004656543017695118
400,31,816.310511273065,584.9038230833337,816.31,584.9,-0.0005112730650580488,-0.0038230833337138392,0.0038571189148863916
401,13,530.2646818491332,440.06419613498133,530.26,440.06,-0.004681849133248761,-0.004196134981327759,0.00628707086710693
401,14,522.0950673945315,535.4054604958778,522.1,535.41,0.004932605468525253,0.00453950412213544,0.006703558337406327
401,15,509.8487030564839,669.5176600122003,509.85,669.52,0.0012969435161380716,0.0023399877997007934,0.0026753701401490493
401,16,492.8052988061459,1054.0136243028107,492.81,1054.01,0.00470119385408907,-0.0036243028107492137,0.005936058837118235
401,17,1361.4632021302582,474.18862434880174,1361.46,474.19,-0.003202130258159741,0.0013756511982592201,0.0034851189950264537
401,18,1481.6267485403998,527.881756122035,1481.63,527.88,0.0032514596002783946,-0.0017561220349762152,0.003695396343286
401,19,1684.352415772176,622.355649897505,1684.35,622.36,-0.002415772176163955,0.004350102494981911,0.004975876498063007
401,20,1896.2210412673016,737.3759009741474,1896.22,737.38,-0.0010412673016162444,0.004099025852610794,0.0042292139380488685
401,21,1715.7761247794367,567.0654349724824,1715.78,567.07,0.003875220563259063,0.00456502751762855,0.005988055665290009
401,22,1726.2186153185596,517.541730793881,1726.22,517.54,0.0013846814404132601,-0.0017307938810517953,0.0022165265958502003
401,23,1979.729986633714,620.2528919406195,1979.73,620.25,1.336628611170454e-05,-0.002891940619520028,0.002891971508233493
401,24,1569.6546127631125,424.13529262585473,1569.65,424.14,-0.004612763112390894,0.004707374145255017,0.006590671807520803
401,25,1709.8219915775273,468.9203513973372,1709.82,468.92,-0.0019915775274057523,-0.0003513973371696011,0.0020223405094685456
401,26,1841.6030658243767,514.5645921015921,1841.6,514.56,-0.0030658243767902604,-0.004592101592152176,0.005521474091396965
401,31,813.4828834547988,586.9278673125002,813.48,586.93,-0.0028834547987344195,0.002132687499738495,0.0035864561265803022
402,17,1354.3474015976935,474.3914682616013,1354.35,474.39,0.0025984023063756467,-0.0014682616013033112,0.0029845412839563878
402,18,1475.7200614053,529.1613170915263,1475.72,529.16,-6.140529990261712e-05,-0.0013170915262890048,0.0013185221649553074
402,19,1678.264311829132,623.2667374231288,1678.26,623.27,-0.0043118291321206925,0.00326257687117959,0.005407058193228615
402,20,1894.6657809504763,738.0319257306105,1894.67,738.03,0.004219049523726426,-0.0019257306105373573,0.0046377599407490646
402,21,1711.3320935845775,568.2990762293618,1711.33,568.3,-0.0020935845775511552,0.0009237706381099997,0.0022883287734052128
402,22,1721.6639614889198,518.6562980954108,1721.66,518.66,-0.003961488919685507,0.003701904589206606,0.005421945411785329
402,23,1978.7974899752853,621.1896689554646,1978.8,621.19,0.002510024714638348,0.0003310445354145486,0.0025317611562947944
402,24,1561.9909595723343,425.3514694693911,1561.99,425.35,-0.0009595723342954443,-0.00146946939105419,0.001755026881842663
402,25,1703.3664936831456,469.9402635480029,1703.37,469.94,0.0035063168543274514,-0.0002635480029198334,0.0035162075355109216
402,26,1836.4522993682826,515.9234440761941,1836.45,515.92,-0.0022993682825926953,-0.003444076194114132,0.004141105568547724
402,31,803.362162591099,587.9459004843752,803.36,587.95,-0.002162591099022393,0.004099515624830019,0.0046349572403417425
403,17,1346.7605511982702,475.04360119620094,1346.76,475.04,-0.0005511982701591478,-0.0036011962009183662,0.0036431351348166197
403,18,1469.040046053975,530.6209878186447,1469.04,530.62,-4.6053974983806256e-05,-0.0009878186447167536,0.0009888916237191278
403,19,1672.698233871849,624.4500530673466,1672.7,624.45,0.0017661281510754634,-5.3067346584612096e-05,0.0017669252359097615
403,20,1893.4993357128574,739.5239442979579,1893.5,739.52,0.0006642871426265629,-0.003944297957900744,0.0039998454705849505
403,21,1706.249070188433,569.9743071720213,1706.25,569.97,0.0009298115669480467,-0.004307172021299266,0.00440639085546137
403,22,1715.9979711166898,519.992223571558,1716.0,519.99,0.002028883310231322,-0.0022235715580336546,0.003010089360838216
403,23,1977.098117481464,623.1422517165985,1977.1,623.14,0.0018825185359219176,-0.0022517165984936582,0.002934979331787781
403,24,1552.9932196792506,427.0136021020433,1552.99,427.01,-0.0032196792506056227,-0.0036021020433167905,0.00483130144032096
403,25,1695.5248702623592,471.2051976610022,1695.52,471.21,-0.004870262359190747,0.004802338997762945,0.006839730645046267
403,26,1830.339224526212,517.6925830571456,1830.34,517.69,0.0007754737878258311,-0.002583057145557177,0.0026969508361887012
403,31,797.2716219433242,588.7094253632814,797.27,588.71,-0.0016219433242667947,0.000574636718624788,0.0017207287716329625
404,14,525.0713005458986,542.5540953719084,556.7,551.2,31.62869945410148,8.645904628091671,32.78911856082649
404,15,507.8865272923629,674.8882450091502,512.9,679.9,5.0134727076370496,5.011754990849795,7.0889065925944745
404,30,233.37866508960724,591.0346031188965,250.8,620.0,17.421334910392773,28.965396881103516,33.80084505659453
404,31,798.4537164574932,599.0320690224611,801.0,596.3,2.546283542506785,-2.7320690224611326,3.7346701356790044
405,14,526.553475409424,548.1655715289313,526.55,548.17,-0.0034754094240270206,0.004428471068649742,0.00562937178293312
405,15,505.6648954692722,679.1661837568627,505.66,679.17,-0.004895469272184982,0.0038162431372938954,0.006207199938607594
405,16,454.5154805784571,1061.070163670331,454.52,1061.07,0.0045194215429091855,-0.0001636703311760357,0.0045223842229314085
405,30,233.03399881720543,596.2759523391724,233.03,596.28,-0.00399881720542794,0.004047660827609434,0.005689824005871395
405,31,798.5902873431199,607.0240517668458,798.59,607.02,-0.00028734311990774586,-0.004051766845805105,0.0040619429638196255
406,14,526.6651065570679,552.6241786466985,526.67,552.62,0.004893442932029757,-0.004178646698505872,0.006434817166009149
406,15,503.24867160195413,682.624637817647,503.25,682.62,0.0013283980458709266,-0.0046378176469943355,0.004824312789926226
406,16,441.1366104338428,1064.0526227527484,441.14,1064.05,0.003389566157181889,-0.00262275274849344,0.00428578939212401
406,30,232.02549911290407,600.7069642543793,232.03,600.71,0.004500887095929329,0.003035745620763919,0.005428971921486651
406,31,796.9427155073399,613.2680388251343,796.94,613.27,-0.0027155073398716922,0.001961174865641624,0.0033496547533322708
407,13,533.19851138685,443.798147101236,533.2,443.8,0.0014886131500588817,0.001852898764013844,0.0023768051961009042
407,14,528.498829917801,551.9681339850239,528.5,551.97,0.0011700821989961696,0.00186601497614447,0.002202522245881562
407,15,508.1865037014656,682.4684783632352,508.19,682.47,0.003496298534400921,0.0015216367647781226,0.0038130672542689907
407,17,1343.8204133987026,478.2827008971507,1343.82,478.28,-0.00041339870267620427,-0.0027008971507029855,0.0027323513511351124
407,18,1464.5300345404812,533.4657408639836,1464.53,533.47,-3.454048123785469e-05,0.004259136016457887,0.004259276071298139
407,19,1664.2736754038867,626.58753980051,1664.27,626.59,-0.0036754038867456984,0.002460199490087689,0.004422801743435162
407,20,1882.3745017846431,740.3929582234684,1882.37,740.39,-0.004501784643252904,-0.00295822346845398,0.0053867570080280746
407,21,1698.436802641325,572.230730379016,1698.44,572.23,0.003197358675151918,-0.0007303790159767232,0.0032797188910863007
407,22,1708.4984783375173,522.7441676786685,1708.5,522.74,0.0015216624826734915,-0.004167678668522967,0.004436778357686738
407,23,1967.073588111098,625.3566887874489,1967.07,625.36,-0.003588111097997171,0.003311212551125209,0.004882486027660456
407,24,1549.744914759438,430.0102015765325,1549.74,430.01,-0.004914759437951943,-0.00020157653250407748,0.004918891484002678
407,25,1689.3936526967693,474.15389824575163,1689.39,474.15,-0.00365269676922253,-0.0038982457516567592,0.005342145039981475
407,26,1822.254418394659,520.2694372928593,1822.25,520.27,-0.004418394659069236,0.0005627071407161566,0.004454082474483887
407,31,797.207036630505,609.9510291188508,797.21,609.95,0.0029633694950916833,-0.0010291188507380866,0.003136980135956302
408,13,537.3988835401375,447.848610325927,537.4,447.85,0.0011164598624873179,0.0013896740730388046,0.0017826038970622333
408,14,531.8741224383507,552.7261004887679,531.87,552.73,-0.004122438350691482,0.0038995112321345005,0.005674564811930078
408,15,513.8898777760992,683.3513587724265,513.89,683.35,0.00012222390080296464,-0.001358772426442556,0.0013642584757985138
408,17,1340.365310049027,480.962025672863,1340.37,480.96,0.004689950972988299,-0.0020256728629988174,0.005108717126336486
408,18,1459.647525905361,535.8493056479876,1459.65,535.85,0.002474094639183022,0.0006943520123741109,0.002569682665373712
408,19,1655.955256552915,628.1906548503824,1655.96,628.19,0.004743447085047592,-0.0006548503823751162,0.004788435994345475
408,20,1871.5308763384824,740.0447186676013,1871.53,740.04,-0.0008763384823851084,-0.0047186676013097895,0.004799353400965563
408,21,1690.8276019809937,573.923047784262,1690.83,573.92,0.0023980190062502516,-0.0030477842620939555,0.0038780773667637216
408,22,1701.123858753138,524.8081257590014,1701.12,524.81,-0.0038587531380471773,0.001874240998517962,0.0042898432489911036
408,23,1957.0551910833235,626.5175165905866,1957.06,626.52,0.004808916676438457,0.0024834094133439066,0.00541230098158011
408,24,1545.8086860695785,432.2576511823994,1545.81,432.26,0.0013139304214746517,0.0023488176005912464,0.002691348597510879
408,25,1683.045239522577,476.6154236843137,1683.05,476.62,0.004760477422905751,0.004576315686279031,0.006603393866374994
408,26,1814.4408137959942,522.2020779696445,1814.44,522.2,-0.0008137959941905137,-0.002077969644460609,0.002231641047180365
408,31,797.4052774728787,608.2132718391381,797.41,608.21,0.004722527121316489,-0.0032718391380512912,0.005745188748583811
409,14,528.405591828763,552.2945753665759,528.41,552.29,0.004408171236946146,-0.004575366575977569,0.00635342057153562
409,15,511.9174083320744,684.5135190793198,511.92,684.51,0.0025916679256283714,-0.003519079319858065,0.004370430401709146
409,17,1333.2739825367703,482.4715192546472,1333.27,482.47,-0.003982536770308798,-0.0015192546471780588,0.004262479772366522
409,18,1451.2356444290208,537.8869792359908,1451.24,537.89,0.004355570979214463,0.0030207640091930443,0.005300567304941167
409,19,1646.7164424146863,629.8929911377868,1646.72,629.89,0.0035575853137288505,-0.002991137786807485,0.004647937018089508
409,20,1865.6481572538619,743.033539000701,1865.65,743.03,0.001842746138208895,-0.0035390007010391855,0.003990017455079569
409,21,1681.8707014857453,575.9422858381965,1681.87,575.94,-0.000701485745366881,-0.0022858381964852015,0.0023910538495532986
409,22,1692.3428940648535,526.856094319251,1692.34,526.86,-0.002894064853535383,0.003905680748971463,0.0048610650570996335
409,23,1951.7913933124926,629.38813744294,1951.79,629.39,-0.0013933124926097662,0.00186255706000793,0.002326034931777213
409,24,1537.1065145521839,433.9432383867995,1537.11,433.94,0.0034854478160468716,-0.003238386799523596,0.0047576775365418145
409,25,1674.283929641933,478.2115677632353,1674.28,478.21,-0.003929641932927552,-0.00156776323530039,0.004230835293766721
409,26,1805.8306103469956,524.4015584772334,1805.83,524.4,-0.0006103469956997287,-0.0015584772334023,0.0016737307854589316
409,31,796.0539581046589,606.1599538793536,796.05,606.16,-0.0039581046589773905,4.612064640241442e-05,0.003958373353467697
410,13,532.5491626551031,451.13645774444524,532.55,451.14,0.000837344896808645,0.003542255554748408,0.003639879241315216
410,14,524.5541938715722,553.720931524932,524.55,553.72,-0.0041938715722835695,-0.0009315249319570285,0.004296079313009224
410,15,509.93805624905576,686.1351393094899,509.94,686.14,0.0019437509442354894,0.00486069051009963,0.00523492884079516
410,17,1330.7054869025778,484.8536394409854,1330.71,484.85,0.004513097422204737,-0.0036394409853528487,0.005797721882617099
410,18,1448.1767333217656,539.915234426993,1448.18,539.92,0.0032666782344676903,0.004765573006920931,0.005777704801375573
410,19,1641.7873318110146,631.4197433533401,1641.79,631.42,0.0026681889853534813,0.00025664665986369073,0.002680503678337493
410,20,1858.7361179403965,743.5251542505257,1858.74,743.53,0.0038820596034838672,0.004845749474270633,0.006208999495280656
410,21,1676.903026114309,577.4567143786473,1676.9,577.46,-0.0030261143087955134,0.003285621352688395,0.004466841779505837
410,22,1687.50717054864,528.6420707394383,1687.51,528.64,0.002829451359957602,-0.002070739438295277,0.003506245402090014
410,23,1945.3435449843694,630.5411030822049,1945.34,630.54,-0.003544984369455051,-0.001103082204963357,0.0037126411798862878
410,24,1534.3298859141378,435.95742879009964,1534.33,435.96,0.00011408586215111427,0.0025712099003385447,0.002573739679054918
410,25,1670.2129472314496,480.15867582242646,1670.21,480.16,-0.002947231449525134,0.0013241775735650663,0.0032310399971839853
410,26,1800.8729577602467,525.8011688579251,1800.87,525.8,-0.002957760246772523,-0.0011688579251085685,0.003180341888300213
410,31,791.5404685784943,606.3699654095152,791.54,606.37,-0.00046857849429216003,3.459048480181082e-05,0.0004698534952002934
411,13,532.1618719913274,454.60234330833396,532.16,454.6,-0.001871991327448086,-0.0023433083339341465,0.002999240816927856
411,14,524.6656454036792,555.790698643699,524.67,555.79,0.004354596320808923,-0.0006986436990246148,0.00441028481340938
411,15,511.4535421867918,688.1013544821174,511.45,688.1,-0.0035421867918330463,-0.0013544821173354649,0.003792322385348858
411,17,1327.7791151769334,486.89022958073906,1327.78,486.89,0.0008848230665989831,-0.00022958073907375365,0.0009141220787943367
411,18,1444.8825499913241,541.6864258202447,1444.88,541.69,-0.002549991324030998,0.003574179755332807,0.004390582726252205
411,19,1636.340498858261,632.3148075150051,1636.34,632.31,-0.0004988582611531456,-0.004807515005154528,0.0048333280552334415
411,20,1851.3020884552975,743.1438656878943,1851.3,743.14,-0.0020884552975530823,-0.003865687894290204,0.004393766997229071
411,21,1671.9272695857317,578.5925357839856,1671.93,578.59,0.0027304142683988175,-0.002535783985536,0.003726306817530823
411,22,1682.63037791148,529.7315530545787,1682.63,529.73,-0.00037791147997268126,-0.0015530545787214578,0.001598372801064516
411,23,1938.257658738277,630.9058273116536,1938.26,630.91,0.0023412617229041643,0.004172688346329778,0.004784645701693336
411,24,1531.4974144356033,437.46807159257474,1531.5,437.47,0.0025855643966679054,0.0019284074252823302,0.003225507471267226
411,25,1665.909710423587,481.61900686681986,1665.91,481.62,0.00028957641302440607,0.000993133180145378,0.001034489251991413
411,26,1795.654718320185,526.8508766434438,1795.65,526.85,-0.004718320185020275,-0.0008766434438030046,0.004799067523585447
411,31,789.4053514338707,607.0274740571364,789.41,607.03,0.0046485661292763325,0.0025259428635990844,0.005290515514429788
412,13,529.6214039934955,456.95175748125047,564.0,465.7,34.378596006504495,8.748242518749521,35.47421049925289
412,14,522.4992340527593,556.8430239827742,528.8,563.1,6.30076594724062,6.256976017225838,8.879718486643949
412,15,510.0901566400939,689.3260158615881,484.2,689.3,-25.890156640093892,-0.02601586158812097,25.89016971117903
412,17,1325.0843363827,488.4176721855543,1326.1,494.9,1.0156636172998788,6.482327814445682,6.561413451188913
412,18,1441.6619124934932,543.0148193651835,1427.7,547.9,-13.961912493493173,4.885180634816493,14.79188934216136
412,19,1631.755374143696,633.4861056362538,1592.9,633.5,-38.855374143695826,0.013894363746203453,38.855376627951124
412,20,1845.4765663414732,743.6078992659207,1830.3,754.9,-15.17656634147329,11.292100734079327,18.916651524668282
412,21,1667.6954521892987,579.6944018379892,1648.8,584.5,-18.895452189298794,4.805598162010824,19.4969712297269
412,22,1678.47278343361,530.798664790934,1673.9,533.3,-4.572783433609857,2.501335209065928,5.212199742796667
412,23,1932.9432440537078,631.6793704837403,1932.94,631.68,-0.0032440537077036424,0.0006295162596643422,0.003304568834151822
412,24,1528.8730608267024,438.8510536944311,1529.9,446.5,1.0269391732977056,7.648946305568927,7.717576280875357
412,25,1662.1822828176903,482.9642551501149,1662.18,482.96,-0.0022828176902294217,-0.0042551501149432625,0.004828825851853228
412,26,1791.2410387401387,527.8881574825829,1791.2,529.2,-0.04103874013867426,1.3118425174171762,1.3124842736945856
412,31,786.304013575403,607.5206055428523,774.7,606.7,-11.604013575402973,-0.8206055428522632,11.632992930243548
413,13,529.7160529951216,463.21381811093784,529.72,463.21,0.003947004878455118,-0.003818110937857,0.005491522434109849
413,14,518.3744255395695,561.3822679870807,518.37,561.38,-0.004425539569524517,-0.0022679870806996405,0.0049728428368135385
413,15,500.5676174800704,691.994511896191,500.57,691.99,0.002382519929597038,-0.004511896191047526,0.005102314029312215
413,16,424.3524578253821,1068.7894670645614,424.35,1068.79,-0.002457825382066403,0.0005329354385139595,0.002514940514277411
413,30,226.26912433467805,606.0302231907845,226.27,606.03,0.0008756653219563759,-0.00022319078448163054,0.0009036613759337561
413,31,783.2280101815522,615.8904541571392,783.23,615.89,0.0019898184477824543,-0.0004541571391882826,0.0020409890157007363
414,15,510.4257131100528,692.2458839221433,477.6,692.0,-32.82571311005279,-0.2458839221433209,32.82663400482389
414,17,1321.813252287025,488.81325413916574,1319.2,496.3,-2.613252287025034,7.486745860834276,7.929719484342478
414,18,1436.49643437012,543.7611145238876,1420.3,548.3,-16.19643437011996,4.538885476112341,16.820403314750415
414,19,1623.816530607772,634.1145792271903,1583.7,634.1,-40.11653060777189,-0.014579227190324673,40.116533256977284
414,20,1838.607424756105,745.4559244494405,1821.8,755.2,-16.807424756105092,9.7440755505595,19.427725941734554
414,21,1660.7715891419741,580.5208013784919,1640.6,582.5,-20.17158914197421,1.9791986215080897,20.268454200949595
414,22,1672.1045875752075,531.3489985932006,1662.1,534.5,-10.004587575207552,3.1510014067994234,10.489069663971598
414,23,1928.9574330402809,633.5095278628053,1928.96,633.51,0.0025669597191608773,0.00047213719471983495,0.0026100183390988666
414,24,1524.1547956200268,439.3882902708233,1522.2,448.6,-1.9547956200267436,9.211709729176732,9.416837157490036
414,25,1656.3867121132678,483.7231913625862,1656.39,483.72,0.0032878867323233862,-0.0031913625861648143,0.004582029498045678
414,26,1784.930779055104,528.9161181119372,1784.4,531.0,-0.5307790551039488,2.0838818880628196,2.1504162687101545
414,31,781.1710076361642,614.1678406178544,768.1,610.9,-13.071007636164154,-3.2678406178544037,13.473307794612303
415,13,527.2870397463412,463.9103635832034,527.29,463.91,0.002960253658784495,-0.00036358320335239114,0.002982498025163969
415,14,517.2808191546771,561.5367009903105,517.28,561.54,-0.0008191546771740832,0.003299009689499144,0.0033991880378327725
415,15,509.0692848325396,692.6844129416074,509.07,692.68,0.0007151674603846914,-0.0044129416074838446,0.004470516539221747
415,17,1318.1099392152687,490.3599406043743,1318.11,490.36,6.078473120396666e-05,5.939562572621071e-05,8.498602180915743e-05
415,18,1432.62232577759,545.0708358929157,1432.62,545.07,-0.0023257775901583955,-0.0008358929156884187,0.0024714284058780824
415,19,1619.112397955829,635.3359344203927,1619.11,635.34,-0.0023979558291102876,0.004065579607299696,0.004720077298271201
415,20,1832.705568567079,745.5919433370805,1832.71,745.59,0.004431432921137457,-0.0019433370804335937,0.004838817700919205
415,21,1656.0786918564806,581.640601033869,1656.08,581.64,0.001308143519281657,-0.0006010338689748096,0.0014396114679639876
415,22,1667.3284406814055,532.5117489449004,1667.33,532.51,0.001559318594445358,-0.0017489449004415292,0.0023431352380439926
415,23,1922.7180747802106,634.132145897104,1922.72,634.13,0.0019252197894275014,-0.0021458971040146935,0.0028829404465964817
415,24,1520.3660967150201,440.79121770311747,1520.37,440.79,0.0039032849797422386,-0.0012177031174473996,0.004088818229674986
415,25,1651.7900340849508,485.04239352193963,1651.79,485.04,-3.408495081203e-05,-0.0023935219396094,0.0023937646206892193
415,26,1779.948084291328,530.1870885839529,1779.95,530.19,0.0019157086719587824,0.002911416047140847,0.0034851518066459195
415,31,777.8782557271231,613.3758804633908,777.88,613.38,0.0017442728768628513,0.004119536609209717,0.004473596958106363
416,13,524.4652798097559,464.9327726874025,524.47,464.93,0.004720190244142941,-0.0027726874025120196,0.00547430282072074
416,14,515.7106143660078,562.6525257427329,515.71,562.65,-0.0006143660077668756,-0.002525742732927938,0.0025993887636207285
416,15,507.5519636244047,694.0133097062055,507.55,694.01,-0.0019636244047092077,-0.0033097062055276183,0.0038483731588396697
416,17,1314.0824544114516,491.7699554532807,1314.08,491.77,-0.002454411451708438,4.454671926623632e-05,0.00245481567219922
416,18,1428.4667443331925,546.3031269196867,1428.47,546.3,0.0032556668074903428,-0.003126919686792462,0.004514088289903581
416,19,1614.3342984668718,636.0019508152945,1614.33,636.0,-0.004298466871887285,-0.001950815294549102,0.004720434065015543
416,20,1827.2791764253093,745.6939575028103,1827.28,745.69,0.0008235746906848362,-0.0039575028102945,0.004042289421185163
416,21,1651.3090188923604,582.4804507754018,1651.31,582.48,0.0009811076395180862,-0.0004507754017595289,0.0010797086010365092
416,22,1662.246330511054,533.3838117086754,1662.25,533.38,0.003669488945888588,-0.003811708675357295,0.005290961363475697
416,23,1916.788556085158,634.349109422828,1916.79,634.35,0.0014439148419569392,0.0008905771720719713,0.0016964721542775886
416,24,1516.0245725362652,441.8434132773381,1516.02,441.84,-0.0045725362651865,-0.003413277338097487,0.005706009996767931
416,25,1646.842525563713,486.0317951414547,1646.84,486.03,-0.0025255637131067488,-0.0017951414547496825,0.003098548839621921
416,26,1774.711063218496,530.8903164379647,1774.71,530.89,-0.0010632184960286395,-0.0003164379646705129,0.00110930904430741
416,31,774.6586917953423,613.2819103475431,774.66,613.28,0.0013082046576755602,-0.0019103475431165862,0.0023153460134190756
417,13,518.5989598573169,465.6995795155519,518.6,465.7,0.0010401426831094795,0.00042048444811371155,0.0011219197708979372
417,14,510.78296077450585,563.4893943070497,510.78,563.49,-0.0029607745058797263,0.0006056929503301944,0.0030220935830557985
417,15,503.1639727183035,695.0099822796542,503.16,695.01,-0.0039727183034869995,1.7720345795169123e-05,0.003972757824171481
417,17,1310.3118408085888,493.0774665899605,1310.31,493.08,-0.0018408085888950154,0.0025334100394616144,0.003131571919818313
417,18,1424.6000582498943,547.2273451897651,1424.6,547.23,-5.824989443681261e-05,0.0026548102349579494,0.0026554491962452196
417,19,1610.250723850154,636.7514631114709,1610.25,636.75,-0.0007238501539177378,-0.0014631114709118265,0.0016323768626271635
417,20,1822.709382318982,746.0204681271077,1822.71,746.02,0.0006176810179567838,-0.0004681271077515703,0.0007750308567766698
417,21,1646.9817641692703,583.3603380815514,1646.98,583.36,-0.0017641692702454748,-0.0003380815513764901,0.001796271791645013
417,22,1657.9347478832906,534.2878587815065,1657.93,534.29,-0.004747883290519894,0.002141218493420638,0.005208379054654583
417,23,1911.8414170638684,634.761832067121,1911.84,634.76,-0.0014170638685300219,-0.0018320671209721695,0.002316147651433415
417,24,1512.0184294021988,442.8825599580035,1512.02,442.88,0.0015705978012192645,-0.0025599580035304825,0.0030033585255567746
417,25,1642.6318941727848,486.77384635609104,1642.63,486.77,-0.0018941727846595313,-0.003846356091059988,0.0042874637861303405
417,26,1770.033297413872,531.4177373284735,1770.03,531.42,-0.0032974138721328927,0.0022626715264095765,0.003999077478689188
417,31,770.7440188465067,613.2114327606573,770.74,613.21,-0.004018846506710361,-0.0014327606572805962,0.004266606420277033
418,13,514.9492198929877,466.5246846366639,514.95,466.52,0.0007801070123605314,-0.004684636663910169,0.0047491459888684695
418,14,507.8372205808794,564.3670457302873,507.84,564.37,0.0027794191205998686,0.002954269712745372,0.004056215007072575
418,15,500.37297953872763,696.0074867097406,500.37,696.01,-0.0029795387276294605,0.002513290259344103,0.0038979839606080647
418,17,1306.7338806064417,494.0580999424704,1306.73,494.06,-0.0038806064417258312,0.0019000575296104216,0.0043208014269801006
418,18,1420.9500436874207,548.1705088923238,1420.95,548.17,-4.36874206570792e-05,-0.0005088923238645293,0.0005107641216960229
418,19,1605.9380428876154,637.3135973336032,1605.94,637.31,0.0019571123846162664,-0.0035973336032384395,0.004095253098284259
418,20,1817.7820367392364,746.0153510953307,1817.78,746.02,-0.002036739236473295,0.004648904669238618,0.005075492226479955
418,21,1642.7363231269528,584.0202535611636,1642.74,584.02,0.0036768730471976596,-0.0002535611636176327,0.0036856056040905586
418,22,1653.451060912468,534.9658940861299,1653.45,534.97,-0.0010609124678921944,0.00410591387014847,0.00424076219253175
418,23,1906.8810627979014,635.0713740503408,1906.88,635.07,-0.001062797901340673,-0.0013740503407007054,0.001737110738517802
418,24,1508.0138220516492,443.6619199685026,1508.01,443.66,-0.003822051649194691,-0.0019199685025910185,0.004277190416623213
418,25,1638.4739206295885,487.58038476706827,1638.47,487.58,-0.003920629588492375,-0.00038476706828305396,0.003939464692949668
418,26,1765.5249730604041,532.0633029963551,1765.52,532.06,-0.004973060404154239,-0.0033029963551598485,0.005970017982013619
418,31,767.5580141348801,613.658574570493,767.56,613.66,0.001985865119877417,0.0014254295069804357,0.0024444855396823758
419,13,501.71191491974076,467.6435134774979,501.71,467.64,-0.0019149197407841712,-0.003513477497904205,0.004001429962141548
419,14,495.62791543565953,565.7752842977154,495.63,565.78,0.0020845643404641123,0.004715702284556755,0.0051558953176057
419,15,487.52973465404574,697.5056150323055,487.53,697.51,0.00026534595423299834,0.004384967694477382,0.004392988749933023
419,16,431.51434336903657,1068.592100298421,431.51,1068.59,-0.00434336903657595,-0.002100298421055413,0.0048245318990938965
419,17,1301.0504104548313,495.5435749568528,1301.05,495.54,-0.0004104548313534906,-0.0035749568527876363,0.00359844267258417
419,18,1416.2125327655656,548.3778816692429,1416.21,548.38,-0.002532765565547379,0.0021183307570709076,0.0033018519964370207
419,19,1602.7035321657115,637.4851980002024,1602.7,637.49,-0.0035321657114764093,0.004801999797564349,0.005961157326319923
419,20,1812.8365275544274,745.7615133214981,1812.84,745.76,0.003472445572469951,-0.0015133214981233323,0.0037878780617185146
419,21,1637.8022423452146,584.2651901708728,1637.8,584.27,-0.0022423452146540512,0.004809829127225385,0.005306841649680875
419,22,1648.588295684351,535.2244205645974,1648.59,535.22,0.001704315649021737,-0.004420564597353405,0.004737729750721821
419,23,1900.660797098426,634.8035305377556,1900.66,634.8,-0.0007970984258918179,-0.003530537755636942,0.0036194008819882264
419,24,1502.260366538737,444.74643997637696,1502.26,444.75,-0.00036653873689829197,0.003560023623037978,0.0035788432268311844
419,25,1633.6054404721913,488.18528857530123,1633.61,488.19,0.004559527808623898,0.004711424698768951,0.006556433217061296
419,26,1759.893729795303,532.0474772472663,1759.89,532.05,-0.0037297953028883057,0.002522752733625566,0.004502849581816268
419,31,759.91851060116,614.4939309278698,759.92,614.49,0.0014893988399080627,-0.003930927869760126,0.004203629719846452
420,13,499.28393618980556,468.4826351081234,533.5,471.8,34.21606381019444,3.3173648918765934,34.37650262154591
420,14,493.72093657674463,566.8314632232866,498.5,568.3,4.779063423255366,1.4685367767133357,4.999604731181945
420,15,485.8973009905343,698.6292112742292,454.0,698.4,-31.89730099053429,-0.22921127422921472,31.89812452620018
420,17,1297.7878078411236,496.1576812176396,1297.1,499.1,-0.6878078411236856,2.9423187823604167,3.021641845643211
420,18,1412.4093995741741,549.0334112519322,1397.2,551.3,-15.209399574174086,2.266588748067761,15.377361931090594
420,19,1598.2776491242837,637.8638985001519,1562.4,636.2,-35.87764912428361,-1.663898500151845,35.91621172818781
420,20,1808.6273956658206,746.0711349911236,1792.5,757.1,-16.127395665820586,11.028865008876437,19.537879985964384
420,21,1633.601681758911,584.6988926281546,1615.1,585.1,-18.50168175891099,0.4011073718454554,18.506029153542595
420,22,1644.4412217632632,535.668315423448,1637.6,536.4,-6.84122176326332,0.7316845765519702,6.8802381887338555
420,23,1896.4955978238195,635.3526479033167,1918.5,642.1,22.00440217618052,6.747352096683358,23.01565718044382
420,24,1498.6952749040527,445.30982998228274,1498.3,449.8,-0.3952749040527124,4.490170017717276,4.507534696237073
420,25,1629.4540803541436,488.6389664314759,1629.45,488.64,-0.0040803541435252555,0.0010335685240647763,0.004209222473393531
420,26,1755.6702973464771,532.5356079354498,1755.67,532.54,-0.0002973464770548162,0.004392064550188479,0.004402118346936988
420,31,756.68888295087,615.1204481959023,746.7,614.5,-9.988882950869993,-0.6204481959023269,10.00813362070969
421,13,496.7129521423542,468.8619763310926,496.71,468.86,-0.0029521423542178127,-0.0019763310925782207,0.003552608769208638
421,14,491.5407024325585,567.3735974174649,491.54,567.37,-0.0007024325584552571,-0.003597417464902719,0.0036653545416460197
421,15,484.1729757429007,699.2219084556718,484.17,699.22,-0.0029757429006735947,-0.001908455671809861,0.0035351448148799405
421,17,1294.8408558808428,496.61826091322973,1294.84,496.62,-0.0008558808428915654,0.0017390867702715695,0.0019382865659551933
421,18,1409.0570496806306,549.7750584389491,1409.06,549.78,0.0029503193693471985,0.004941561050827659,0.005755294084597433
421,19,1594.4582368432127,638.397923875114,1594.46,638.4,0.0017631567873195308,0.002076124886002617,0.0027237871427390043
421,20,1804.7205467493654,746.5533512433427,1804.72,746.55,-0.0005467493654123246,-0.003351243342763155,0.003395551032011321
421,21,1629.9512613191832,585.2741694711159,1629.95,585.27,-0.0012613191831860604,-0.0041694711159152575,0.004356077991533757
421,22,1640.5809163224474,536.251236567586,1640.58,536.25,-0.0009163224474377785,-0.0012365675860337433,0.0015390731699655086
421,23,1892.6216983678646,636.0144859274875,1892.62,636.01,-0.00169836786471933,-0.004485927487507979,0.0047966653861918436
421,24,1495.2714561780394,445.73237248671205,1495.27,445.73,-0.0014561780394615198,-0.0023724867120336057,0.002783729096263863
421,25,1625.8405602656076,489.22922482360696,1625.84,489.23,-0.0005602656076462154,0.0007751763930627931,0.0009564496805755255
421,26,1752.0027230098578,533.1517059515874,1752.0,533.15,-0.002723009857845682,-0.0017059515873825148,0.0032132621281833955
421,31,754.0166622131526,615.3403361469268,754.02,615.34,0.0033377868473962735,-0.00033614692677019775,0.003354670743162226
422,13,495.78471410676565,469.39648224831944,495.78,469.4,-0.004714106765675297,0.0035177516805333653,0.00588195371318756
422,14,490.65552682441887,568.0301980630986,490.66,568.03,0.00447317558115401,-0.00019806309865089133,0.004477558349243448
422,15,483.3797318071755,699.9164313417539,483.38,699.92,0.0002681928244783194,0.0035686582460812133,0.0035787217087145935
422,17,1291.3806419106322,496.9636956849223,1291.38,496.96,-0.0006419106321118306,-0.003695684922320197,0.003751018035771496
422,18,1405.292787260473,550.3312938292119,1405.29,550.33,-0.002787260473041897,-0.0012938292118178651,0.003072916362990535
422,19,1590.0936776324095,638.7984429063355,1590.09,638.8,-0.003677632409562648,0.0015570936644735411,0.003993685117758937
422,20,1800.540410062024,746.6650134325071,1800.54,746.67,-0.0004100620240024,0.004986567492892391,0.0050033994668325305
422,21,1625.9634459893873,585.455627103337,1625.96,585.46,-0.0034459893872735847,0.004372896663085157,0.005567501062705196
422,22,1636.6856872418355,536.4384274256895,1636.69,536.44,0.004312758164587649,0.001572574310557684,0.004590519899580373
422,23,1888.7162737758986,636.0108644456157,1888.72,636.01,0.003726224101455955,-0.0008644456156616798,0.0038251813390619716
422,24,1491.7035921335296,445.79927936503407,1491.7,445.8,-0.0035921335295370227,0.0007206349659441003,0.003663705507838391
422,25,1621.8804201992057,489.4219186177052,1621.88,489.42,-0.00042019920556413126,-0.0019186177052006315,0.0019640929894142144
422,26,1748.0020422573934,533.3637794636905,1748.0,533.36,-0.002042257393441105,-0.0037794636905346124,0.004295947049153931
422,31,751.2624966598644,615.7552521101951,751.26,615.76,-0.002496659864391404,0.0047478898048893825,0.0053643049948558525
423,13,495.5885355800742,470.0473616862396,495.59,470.05,0.001464419925753191,0.0026383137604284457,0.0030174865728630953
423,14,490.4916451183142,568.772648547324,490.49,568.77,-0.0016451183141725778,-0.002648547324042738,0.0031178866553035526
423,15,482.7847988553816,700.6873235063154,482.78,700.69,-0.004798855381636713,0.0026764936847030185,0.00549478219933409
423,17,1288.0354814329742,497.22277176369175,1288.04,497.22,0.004518567025797893,-0.002771763691725937,0.00530095481299343
423,18,1401.4695904453547,550.7484703719089,1401.47,550.75,0.0004095546453299903,0.0015296280911343274,0.00158350784800664
423,19,1585.570258224307,638.8488321797516,1585.57,638.85,-0.0002582243071174162,0.0011678202483835776,0.0011960283965361986
423,20,1796.405307546518,746.4987600743802,1796.41,746.5,0.0046924534819936525,0.001239925619756832,0.004853507517579809
423,21,1621.9725844920404,585.5917203275027,1621.97,585.59,-0.0025844920403415017,-0.0017203275026531628,0.0031046941593292966
423,22,1632.5142654313765,536.5788205692671,1632.51,536.58,-0.004265431376552442,0.001179430732918263,0.004425489993416567
423,23,1884.7872053319238,636.0081483342117,1884.79,636.01,0.0027946680761488096,0.0018516657883083099,0.0033524372995533745
423,24,1488.027694100147,445.8494595237755,1488.03,445.85,0.002305899852899529,0.0005404762245007078,0.002368393692115525
423,25,1617.9103151494041,489.5664389632789,1617.91,489.57,-0.0003151494040594116,0.0035610367210665572,0.0035749547795270726
423,26,1744.001531693045,533.5228345977679,1744.0,533.52,-0.0015316930450808286,-0.0028345977679009593,0.0032219602868654483
423,31,748.9468724948983,616.3164390826463,748.95,616.32,0.0031275051017018995,0.003560917353752302,0.004739348115661657
424,14,490.36873383873564,568.329486410493,490.37,568.33,0.001266161264368293,0.000513589507022516,0.0013663595899726928
424,15,483.0885991415362,700.7654926297365,483.09,700.77,0.0014008584637963395,0.004507370263468147,0.00472004143282522
424,17,1281.7766110747307,496.6670788227688,1281.78,496.67,0.003388925269291576,0.002921177231201,0.004474158121583336
424,18,1394.852192834016,550.8113527789317,1394.85,550.81,-0.0021928340161139204,-0.0013527789317322458,0.0025765348552590824
424,19,1579.6776936682304,638.8866241348137,1579.68,638.89,0.002306331769659664,0.0033758651862854094,0.004088475509002751
424,20,1795.5539806598886,748.3740700557852,1795.55,748.37,-0.003980659888611626,-0.0040700557851778285,0.0056930665939598
424,21,1616.2294383690303,585.943790245627,1616.23,585.94,0.0005616309697416,-0.0037902456269875984,0.0038316303656630952
424,22,1626.8856990735324,536.6841154269504,1626.89,536.68,0.0043009264677493775,-0.004115426950420442,0.005952705894400801
424,23,1884.3404039989427,637.2561112506587,1884.34,637.26,-0.0004039989428292756,0.003888749341285802,0.003909678578241174
424,24,1480.5207705751104,445.63709464283164,1480.52,445.64,-0.0007705751104367664,0.0029053571683448354,0.003005808755805558
424,25,1611.4327363620532,489.1748292224592,1611.43,489.17,-0.002736362053155972,-0.004829222459193261,0.005550591576249199
424,26,1738.5011487697839,533.8921259483259,1738.5,533.89,-0.0011487697838674649,-0.0021259483258972978,0.0024164702151511044
424,31,747.4601543711738,615.9873293119847,747.46,615.99,-0.0001543711737213016,0.0026706880153142265,0.0026751457781622173
425,13,492.19140168505567,470.5355212646797,518.5,473.7,26.308598314944334,3.1644787353203014,26.49823146859779
425,14,487.27655037905174,568.7471148078698,482.2,572.0,-5.076550379051753,3.2528851921301793,6.029313876738405
425,15,480.06644935615213,701.0741194723024,436.9,700.1,-43.16644935615216,-0.9741194723023909,43.17743923351138
425,17,1279.582458306048,497.0003091170766,1281.2,499.6,1.6175416939520346,2.5996908829234258,3.0618350410217072
425,18,1392.639144625512,551.1085145841987,1381.6,552.1,-11.039144625512108,0.9914854158013213,11.083580531250702
425,19,1576.7582702511727,638.9149681011103,1548.6,638.6,-28.15827025117278,-0.314968101110253,28.160031755003384
425,20,1791.4154854949165,747.7805525418389,1777.2,755.5,-14.215485494916493,7.719447458161085,16.176213924014817
425,21,1613.4220787767727,585.9578426842203,1597.7,586.4,-15.722078776772605,0.44215731577969564,15.728295017418164
425,22,1624.1642743051493,536.7630865702127,1621.9,536.8,-2.264274305149229,0.03691342978720513,2.264575176552476
425,23,1880.255302999207,636.942083437994,1896.5,640.1,16.24469700079294,3.157916562005994,16.54879505160913
425,24,1478.3905779313327,445.7278209821237,1481.7,451.4,3.3094220686673452,5.67217901787626,6.567030473465016
425,25,1608.82455227154,489.3811219168444,1608.82,489.38,-0.004552271539978392,-0.0011219168443972194,0.00468848307871954
425,26,1735.625861577338,533.9190944612444,1735.63,533.92,0.004138422662208541,0.0009055387555463312,0.004236335983946224
425,31,744.5951157783803,616.2404969839886,731.7,613.5,-12.895115778380273,-2.740496983988578,13.183107928598718
426,13,490.3935512637918,470.9016409485098,490.39,470.9,-0.0035512637917918255,-0.0016409485098165533,0.003912056560271185
426,14,485.7074127842888,569.3103361059024,485.71,569.31,0.002587215711173485,-0.00033610590242005856,0.002608956173220341
426,15,478.2998370171141,701.5555896042268,478.3,701.56,0.0001629828859108784,0.004410395773106757,0.004413406201171356
426,17,1277.4368437295361,497.25023183780746,1277.44,497.25,0.003156270463932742,-0.00023183780746194316,0.003164773611249779
426,18,1390.229358469134,551.331385938149,1390.23,551.33,0.0006415308660052688,-0.0013859381489282896,0.0015272152450431615
426,19,1573.5687026883795,638.9362260758327,1573.57,638.94,0.0012973116204193502,0.003773924167376208,0.00399067927320416
426,20,1787.3116141211874,747.3354144063792,1787.31,747.34,-0.001614121187458295,0.0045855936208454295,0.004861384171544157
426,21,1610.5665590825795,585.9683820131652,1610.57,585.97,0.003440917420448386,0.001617986834844487,0.003802340607057087
426,22,1621.123205728862,536.8223149276596,1621.12,536.82,-0.003205728862212709,-0.0023149276595404444,0.003954186086532726
426,23,1876.1914772494054,636.7065625784956,1876.19,636.71,-0.001477249405297698,0.0034374215044863377,0.0037414078105650977
426,24,1476.2929334484995,445.79586573659276,1476.29,445.8,-0.002933448499561564,0.004134263407252092,0.0050692459025109115
426,25,1606.118414203655,489.5358414376333,1606.12,489.54,0.0015857963448979717,0.0041585623667401705,0.0044506618615167085
426,26,1732.7193961830035,533.9393208459333,1732.72,533.94,0.0006038169965449924,0.000679154066801857,0.0009087602608884902
426,31,742.4463368337853,616.6803727379914,742.45,616.68,0.0036631662147783572,-0.00037273799148351827,0.003682080977842389
427,17,1274.577632797152,497.4376738783556,1274.58,497.44,0.0023672028478358698,0.002326121644387058,0.0033188087060401963
427,18,1385.6720188518505,551.7485394536118,1385.67,551.75,-0.002018851850380088,0.001460546388216244,0.002491778189549507
427,19,1568.1765270162846,638.4521695568745,1568.18,638.45,0.003472983715482769,-0.002169556874491718,0.004094947242598221
427,20,1784.4837105908905,747.5015608047844,1784.48,747.5,-0.0037105908904777607,-0.001560804784389802,0.004025493302872412
427,21,1605.1749193119347,585.976286509874,1605.17,585.98,-0.004919311934600046,0.003713490126074248,0.006163573543517541
427,22,1615.8424042966467,537.1167361957447,1615.84,537.12,-0.0024042966467732185,0.0032638042553116975,0.004053771155686479
427,23,1873.393607937054,637.0299219338717,1873.39,637.03,-0.003607937053857313,7.806612825334014e-05,0.003608781526357207
427,24,1470.4697000863746,446.34689930244457,1470.47,446.35,0.00029991362544024014,0.00310069755545328,0.003115168296114779
427,25,1600.3388106527414,489.90188107822496,1600.34,489.9,0.001189347258559792,-0.0018810782249829572,0.002225534135875863
427,26,1726.2895471372526,534.4544906344499,1726.29,534.45,0.0004528627473519009,-0.00449063444989406,0.004513411396107653
427,31,746.334752625339,616.7602795534935,746.33,616.76,-0.004752625338937833,-0.0002795534935557953,0.0047608400275658495
428,13,486.54516344784383,471.42623071138235,486.55,471.43,0.004836552156177731,0.0037692886176614593,0.006131865412960374
428,14,482.0305595882166,569.9827520794267,482.03,569.98,-0.0005595882166176125,-0.002752079426727505,0.0028083945846682718
428,15,474.7248777628356,702.1666922031701,474.72,702.17,-0.004877762835576505,0.0033077968298584892,0.005893563450727685
428,17,1272.683224597864,497.5782554087667,1272.68,497.58,-0.0032245978638911765,0.0017445912332618718,0.0036662828525613946
428,18,1384.004014138888,551.8114045902089,1384.0,551.81,-0.004014138887896479,-0.0014045902089492301,0.004252785518504175
428,19,1566.1323952622133,638.8391271676559,1566.13,638.84,-0.0023952622132128454,0.0008728323441573593,0.002549336653141858
428,20,1781.362782943168,747.3761706035883,1781.36,747.38,-0.002782943168085694,0.0038293964116746793,0.004733819763630819
428,21,1603.381189483951,586.2322148824055,1603.38,586.23,-0.0011894839508386212,-0.00221488240549661,0.0025140756033741516
428,22,1613.881803222485,537.0875521468085,1613.88,537.09,-0.0018032224847956968,0.002447853191483773,0.003040328366596289
428,23,1870.2952059527904,637.0224414504038,1870.3,637.02,0.004794047209543351,-0.002441450403807721,0.0053799227430868625
428,24,1469.102275064781,446.2601744768334,1469.1,446.26,-0.0022750647810880764,-0.00017447683342197706,0.0022817453678156767
428,25,1598.754107989556,489.9264108086687,1598.75,489.93,-0.004107989555905078,0.0035891913312866564,0.005455077690006668
428,26,1724.7171603529396,534.3408679758375,1724.72,534.34,0.0028396470604548085,-0.0008679758374228186,0.0029693395700558533
428,31,742.0010644690042,617.3202096651202,742.0,617.32,-0.0010644690041772265,-0.00020966512011000304,0.0010849210678407892
429,15,479.7936583221267,702.1250191523776,479.79,702.13,-0.0036583221266823784,0.004980847622391593,0.0061799808915609005
429,17,1268.762418448398,496.933691556575,1268.76,496.93,-0.002418448397975226,-0.003691556575006416,0.004413216808648997
429,18,1379.7530106041659,551.6085534426567,1379.75,551.61,-0.003010604165865516,0.001446557343342647,0.003340099637900842
429,19,1562.09929644666,638.6293453757419,1562.1,638.63,0.000703553339917562,0.0006546242581180195,0.0009609995949144433
429,20,1780.522087207376,748.5321279526912,1780.52,748.53,-0.0020872073760074272,-0.002127952691239443,0.0029807075144356243
429,21,1599.2858921129632,586.1741611618041,1599.29,586.17,0.0041078870367528,-0.004161161804177027,0.005847221858905604
429,22,1609.9113524168638,537.0656641101064,1609.91,537.07,-0.0013524168637104594,0.004335889893695821,0.004541912872733469
429,23,1869.7214044645928,638.0168310878029,1869.72,638.02,-0.0014044645927242527,0.00316891219711124,0.003466197528303384
429,24,1463.8267062985858,446.19513085762503,1463.83,446.2,0.003293701414122552,0.0048691423749573914,0.005878521623078255
429,25,1594.0655809921668,489.69480810650157,1594.07,489.69,0.0044190078331212135,-0.004808106501570819,0.006530353616737322
429,26,1720.5378702647047,534.505650981878,1720.54,534.51,0.002129735295284263,0.00434901812195676,0.004842492235728195
429,31,742.0007983517531,616.9901572488401,742.0,616.99,-0.0007983517531329198,-0.00015724884008250228,0.0008136908008805918
430,13,483.6588725858829,472.0696730335368,483.66,472.07,0.0011274141171497831,0.00032696646320573564,0.0011738695240996304
430,14,479.27291969116243,570.73706405957,479.27,570.74,-0.0029196911624467248,0.002935940430006667,0.004140572749344858
430,15,475.845243741595,702.8437643642832,475.85,702.84,0.004756258404995606,-0.0037643642831426405,0.006065676588089028
430,17,1267.8218138362986,497.20026866743126,1267.82,497.2,-0.0018138362986519496,-0.00026866743127129666,0.0018336259997429468
430,18,1379.0647579531244,551.7064150819925,1379.06,551.71,-0.0047579531244537066,0.0035849180075047116,0.005957327845186156
430,19,1560.8244723349949,638.7220090318065,1560.82,638.72,-0.004472334994943594,-0.0020090318064376333,0.00490285519939914
430,20,1777.391565405532,747.8990959645184,1777.39,747.9,-0.0015654055318918836,0.0009040354815397222,0.0018076987113898346
430,21,1597.9644190847225,586.1306208713531,1597.96,586.13,-0.004419084722485422,-0.000620871353135044,0.004462487089241581
430,22,1608.6835143126477,537.0492480825798,1608.68,537.05,-0.003514312647666884,0.0007519174201888745,0.0035938521383516763
430,23,1866.5410533484446,637.5126233158521,1866.54,637.51,-0.0010533484446568764,-0.002623315852133601,0.0028268938794932686
430,24,1463.6200297239393,446.1463481432188,1463.62,446.15,-2.9723939405812416e-05,0.003651856781175411,0.003651977746754577
430,25,1593.2991857441252,489.7711060798762,1593.3,489.77,0.000814255874729497,-0.001106079876194599,0.0013734719953658165
430,26,1719.4034026985285,534.3792382364086,1719.4,534.38,-0.003402698528361725,0.0007617635914130005,0.003486924295725028
430,31,739.0005987638149,617.49261793663,739.0,617.49,-0.0005987638148781116,-0.0026179366300311813,0.002685537246970596
431,13,481.24415443941217,472.3022547751526,481.24,472.3,-0.004154439412161537,-0.0022547751526076354,0.004726878231786586
431,14,476.70468976837185,571.0527980446775,476.7,571.05,-0.0046897683718611916,-0.0027980446775472956,0.005461042153221335
431,15,472.6339328061963,703.1328232732124,472.63,703.13,-0.003932806196303318,-0.0028232732123569804,0.004841263906181347
431,17,1266.6163603772238,497.4002015005734,1266.62,497.4,0.0036396227760633337,-0.00020150057343926164,0.0036451963504227475
431,18,1378.0485684648434,551.7798113114944,1378.05,551.78,0.0014315351565983292,0.00018868850554554228,0.0014439169840063566
431,19,1559.6183542512463,638.7915067738548,1559.62,638.79,0.0016457487536172266,-0.0015067738548850684,0.0022313351182191043
431,20,1775.043674054149,747.4243219733888,1775.04,747.42,-0.003674054149087169,-0.0043219733888690826,0.005672576827555282
431,21,1596.7233143135418,586.0979656535148,1596.72,586.1,-0.00331431354175038,0.002034346485174865,0.003888860999672433
431,22,1607.5126357344857,537.0369360619349,1607.51,537.04,-0.0026357344856933196,0.0030639380651109605,0.004041634910022048
431,23,1864.1557900113335,637.1344674868891,1864.16,637.13,0.004209988666616482,-0.004467486889097927,0.006138602746334145
431,24,1462.9650222929545,446.1097611074141,1462.97,446.11,0.00497770704555478,0.0002388925859122537,0.004983436274195702
431,25,1592.474389308094,489.82832955990716,1592.47,489.83,-0.004389308094005173,0.0016704400928233554,0.004696423708292409
431,26,1718.3025520238964,534.2844286773064,1718.3,534.28,-0.002552023896441824,-0.004428677306464124,0.0051113607437550754
431,31,736.2504490728611,617.8694634524725,736.25,617.87,-0.00044907286110174027,0.0005365475275311837,0.000699678271692018
432,13,480.18311582955914,472.4766910813645,501.1,473.9,20.91688417044088,1.4233089186354846,20.965253436996836
432,14,475.7785173262789,571.2895985335081,468.9,573.1,-6.8785173262789385,1.8104014664919532,7.1127740072207954
432,15,470.9754496046472,703.3496174549093,423.7,701.4,-47.275449604647235,-1.949617454909344,47.315633183357356
432,17,1265.4622702829179,497.30015112543003,1268.4,499.6,2.9377297170822203,2.2998488745699888,3.7308927532815557
432,18,1377.0364263486326,551.8348584836208,1369.6,551.8,-7.436426348632722,-0.03485848362083743,7.436508048305961
432,19,1558.2137656884347,638.8436300803911,1536.9,637.2,-21.313765688434614,-1.6436300803910626,21.377046747917706
432,20,1772.7827555406118,747.0682414800416,1761.8,754.2,-10.982755540611834,7.131758519958453,13.095147912560588
432,21,1595.2924857351563,586.0734742401362,1584.8,586.5,-10.492485735156379,0.42652575986380725,10.501151419072457
432,22,1606.1344768008644,537.0277020464512,1606.13,537.03,-0.004476800864267716,0.0022979535488047986,0.005032130412735022
432,23,1861.8668425085002,636.8508506151668,1885.8,639.8,23.933157491499742,2.949149384833163,24.114176527656756
432,24,1462.223766719716,446.08232083056055,1469.5,450.4,7.276233280284032,4.31767916943943,8.460846539166402
432,25,1591.3557919810705,489.87124716993037,1591.36,489.87,0.004208018929375612,-0.0012471699303659989,0.004388947042878576
432,26,1717.2269140179224,533.9633215079798,1722.0,532.1,4.773085982077646,-1.8633215079797765,5.123896645562453
432,31,734.1878368046458,617.9020975893543,718.2,613.9,-15.98783680464578,-4.002097589354321,16.48113196375485
433,14,476.8338879947092,571.717198900131,476.83,571.72,-0.003887994709202758,0.002801099868975143,0.004791937325838183
433,15,471.48158720348545,703.512213091182,471.48,703.51,-0.0015872034854282902,-0.0022130911820568144,0.0027234146735767837
433,17,1264.3467027121883,497.2251133440725,1264.35,497.23,0.0032972878116197535,0.004886655927521133,0.005895041396515686
433,18,1375.7773197614745,551.8761438627156,1375.78,551.88,0.0026802385254995897,0.003856137284401484,0.004696112574217474
433,19,1556.660324266326,638.6327225602934,1556.66,638.63,-0.0003242663258333778,-0.0027225602933640403,0.002741802910690695
433,20,1770.5870666554588,746.3011811100312,1770.59,746.3,0.00293334454113392,-0.001181110031211574,0.0031622035201467934
433,21,1593.9693643013672,585.8051056801021,1593.97,585.81,0.0006356986327773484,0.004894319897857713,0.0049354310869751715
433,22,1604.8508576006484,536.7707765348384,1604.85,536.77,-0.0008576006484872778,-0.0007765348384509707,0.0011569292232517401
433,23,1859.9001318813753,636.1381379613752,1859.9,636.14,-0.0001318813751822745,0.0018620386248358045,0.0018667031198078558
433,24,1461.417825039787,445.8117406229204,1461.42,445.81,0.0021749602130967105,-0.0017406229204084411,0.0027857171571437217
433,25,1590.516843985803,489.65343537744775,1590.52,489.65,0.0031560141969748656,-0.0034353774477722254,0.004665002017166651
433,26,1716.1701855134418,533.7224911309848,1716.17,533.72,-0.00018551344169281947,-0.002491130984822121,0.0024980289871395695
433,31,732.3908776034843,618.1765731920157,732.39,618.18,-0.0008776034843549496,0.0034268079842831867,0.0035374002935629075
434,15,476.61119040261406,703.1341598183865,417.6,702.2,-59.011190402614034,-0.9341598183864335,59.01858391472854
434,17,1263.2600270341413,497.4188350080544,1265.5,499.4,2.2399729658586693,1.9811649919456045,2.990400242958877
434,18,1374.832989821106,551.9071078970367,1367.7,551.6,-7.132989821105866,-0.3071078970366443,7.139597961259596
434,19,1555.2452431997444,638.22454192022,1531.3,636.0,-23.945243199744482,-2.2245419202199628,24.048352514251892
434,20,1768.4402999915942,745.2258858325233,1761.6,754.9,-6.840299991594293,9.67411416747666,11.848130185830062
434,21,1592.7270232260255,585.3538292600765,1583.9,585.3,-8.827023226025403,-0.05382926007655442,8.82718735623258
434,22,1604.1381432004864,536.5780824011288,1604.14,536.58,0.0018567995136891113,0.001917598871273185,0.002669248932779465
434,23,1858.4250989110315,635.1036034710314,1882.8,639.5,24.3749010889685,4.39639652896858,24.768207555996554
434,24,1460.8133687798402,445.60880546719034,1467.7,450.3,6.88663122015987,4.691194532809675,8.332646380781078
434,25,1589.6376329893524,489.4900765330858,1589.64,489.49,0.0023670106477311492,-7.65330858030211e-05,0.0023682476052337025
434,26,1715.1276391350814,533.2918683482386,1722.5,532.0,7.372360864918619,-1.2918683482386086,7.4846929497317625
434,31,730.5431582026133,618.6324298940117,714.2,615.0,-16.343158202613267,-3.6324298940116932,16.741964250665305
435,13,478.3873368721694,472.60751831102334,478.39,472.61,0.0026631278306012973,0.002481688976672558,0.003640196425889853
435,14,474.6254159960319,572.0378991750983,474.63,572.04,0.0045840039680911104,0.0021008249016176705,0.005042475349144698
435,15,472.45839280196054,703.6006198637899,472.46,703.6,0.0016071980394372076,-0.0006198637898933157,0.0017225901009792518
435,17,1261.945020275606,497.31412625604077,1261.95,497.31,0.004979724393933793,-0.00412625604076311,0.006467120221046872
435,18,1373.3747423658294,551.6803309227776,1373.37,551.68,-0.004742365829542905,-0.0003309227776071566,0.00475389772144452
435,19,1554.1839323998083,638.168406440165,1554.18,638.17,-0.0039323998082636535,0.0015935598349869906,0.00424301793535165
435,20,1767.3302249936955,745.4194143743925,1767.33,745.42,-0.00022499369561046478,0.000585625607413931,0.0006273591595915294
435,21,1591.5452674195192,585.2653719450574,1591.55,585.27,0.00473258048077696,0.004628054942600102,0.006619381433242559
435,22,1602.8536074003648,536.4335618008465,1602.85,536.43,-0.0036074003648991493,-0.0035618008465689854,0.005069493333982604
435,23,1857.3188241832736,635.0777026032736,1857.32,635.08,0.0011758167263451469,0.0022973967264761086,0.0025808093096500095
435,24,1459.3600265848802,445.4566041003927,1459.36,445.46,-2.6584880288282875e-05,0.0033958996072556147,0.0033960036658429536
435,25,1588.4782247420144,489.36755739981436,1588.48,489.37,0.0017752579856278317,0.0024426001856454604,0.003019575563295382
435,26,1713.845729351311,532.968901261179,1713.85,532.97,0.004270648688816436,0.0010987388210423887,0.004409724165994418
435,31,728.15736865196,618.7243224205088,728.16,618.72,0.0026313480399267064,-0.004322420508742653,0.005060366741810835
436,13,476.29050265412707,474.2056387332675,493.9,474.6,17.60949734587291,0.3943612667325169,17.61391261426614
436,14,467.4690619970239,574.5284243813237,461.2,573.3,-6.269061997023925,-1.228424381323748,6.388283398782512
436,15,458.3437946014704,705.7004648978425,414.9,701.9,-43.443794601470415,-3.8004648978425166,43.6097101895264
436,30,204.70184325100854,614.2726673930883,140.9,644.1,-63.801843251008535,29.827332606911682,70.42971654542988
436,31,724.11802648897,624.5432418153816,710.2,615.7,-13.918026488969986,-8.843241815381589,16.48982677753116
437,17,1258.7087652067046,496.4855946920306,1258.71,496.49,0.0012347932954526186,0.004405307969420846,0.004575090467732585
437,18,1369.531056774372,551.2602481920832,1369.53,551.26,-0.0010567743720457656,-0.00024819208317694574,0.0010855281588076995
437,19,1550.6379492998562,637.6263048301237,1550.64,637.63,0.002050700143854556,0.0036951698763232343,0.004226068089239898
437,20,1767.4976687452718,746.5645607807944,1767.5,746.56,0.0023312547282330343,-0.004560780794463426,0.0051220572100529405
437,21,1587.9089505646393,584.9490289587931,1587.91,584.95,0.001049435360755524,0.0009710412069807717,0.0014297676741550534
437,22,1598.8902055502735,536.075171350635,1598.89,536.08,-0.00020555027344926202,0.004828649365094861,0.004833022409005163
437,23,1857.489118137455,635.8082769524551,1857.49,635.81,0.0008818625449293904,0.0017230475448286597,0.0019356069822899001
437,24,1454.2700199386602,445.09245307529454,1454.27,445.09,-1.9938660216212156e-05,-0.0024530752945679524,0.00245315632420579
437,25,1583.8586685565108,488.77566804986077,1583.86,488.78,0.001331443489107187,0.0043319501392034,0.0045319459146408924
437,26,1709.6342970134833,532.9766759458843,1709.63,532.98,-0.004297013483210321,0.003324054115751096,0.0054326476638314304
437,31,728.0885198667276,622.4074313615363,728.09,622.41,0.0014801332724800886,0.002568638463685602,0.0029645738414530586
438,15,461.2578459511028,705.0253486733818,461.26,705.03,0.0021540488971822924,0.004651326618159146,0.005125891723422185
438,17,1255.0315739050284,495.6141960190229,1255.03,495.61,-0.0015739050284082623,-0.004196019022913333,0.004481490006582563
438,18,1365.898292580779,550.9451861440624,1365.9,550.95,0.0017074192210202455,0.004813855937641165,0.00510768924120022
438,19,1547.978461974892,637.4697286225928,1547.98,637.47,0.0015380251079477603,0.0002713774072162778,0.0015617832531517135
438,20,1768.1232515589538,748.1734205855957,1768.12,748.17,-0.0032515589539343637,-0.003420585595790726,0.004719432322752571
438,21,1585.1817129234796,584.9617717190948,1585.18,584.96,-0.00171292347954477,-0.0017717190947905692,0.0024643651104536593
438,22,1595.9176541627053,535.8063785129762,1595.92,535.81,0.002345837294797093,0.0036214870237927244,0.00431487205802907
438,23,1858.3668386030913,636.8562077143413,1858.37,636.86,0.0031613969085810822,0.003792285658732908,0.004937191603636354
438,24,1449.9525149539952,444.5693398064709,1449.95,444.57,-0.0025149539951598854,0.0006601935290859728,0.002600163282107041
438,25,1580.3940014173832,488.0817510373956,1580.39,488.08,-0.0040014173830513755,-0.0017510373955929026,0.004367776669445279
438,26,1706.9757227601126,532.9825069594132,1706.98,532.98,0.004277239887414908,-0.0025069594131537087,0.004957784440018855
438,31,727.0663899000457,620.8055735211522,727.07,620.81,0.0036100999543577927,0.004426478847790349,0.005711964344285555
439,13,471.9678769905953,473.65422904995063,471.97,473.65,0.002123009404726872,-0.004229049950652097,0.004732022022103158
439,14,464.35179649776796,573.8963182859927,464.35,573.9,-0.0017964977679412186,0.003681714007257142,0.0040966354806659605
439,15,458.1933844633271,705.0190115050364,458.19,705.02,-0.003384463327108733,0.0009884949636216334,0.00352586362550358
439,17,1254.5236804287713,495.7106470142672,1254.52,495.71,-0.003680428771303923,-0.0006470142672014845,0.00373686812753728
439,18,1365.6737194355842,550.9588896080468,1365.67,550.96,-0.0037194355841165816,0.0011103919532615691,0.00388164544417193
439,19,1547.2338464811692,637.6022964669446,1547.23,637.6,-0.003846481169148319,-0.002296466944585518,0.004479863593033449
439,20,1765.8424386692154,747.6300654391969,1765.84,747.63,-0.002438669215507616,-6.543919687374e-05,0.0024395470545066377
439,21,1584.6362846926097,584.9713287893211,1584.64,584.97,0.0037153073903937184,-0.0013287893210645052,0.003945781299678082
439,22,1595.1882406220288,535.6047838847321,1595.19,535.6,0.0017593779712115065,-0.004783884732091792,0.0050971525360268815
439,23,1855.7751289523185,636.3921557857559,1855.78,636.39,0.004871047681490381,-0.00215578575591735,0.005326773670878927
439,24,1450.2143862154965,444.4270048548532,1450.21,444.43,-0.004386215496424484,0.0029951451468264167,0.005311288057677922
439,25,1580.0455010630374,488.06131327804667,1580.05,488.06,0.00449893696259096,-0.0013132780466662552,0.004686697453561805
439,26,1706.4817920700843,532.7368802195599,1706.48,532.74,-0.001792070084320585,0.0031197804401017493,0.003597852857129965
439,31,723.7997924250343,620.3541801408642,723.8,620.35,0.00020757496565693145,-0.004180140864150417,0.004185291508426584
440,13,469.22590774294645,473.240671787463,487.3,473.9,18.074092257053564,0.659328212536991,18.086114137877455
440,14,462.263847373326,573.4222387144946,454.8,573.7,-7.463847373325962,0.27776128550544854,7.46901392046035
440,15,456.1450383474953,705.0142586287773,407.7,701.2,-48.44503834749531,-3.8142586287772247,48.59496176948278
440,17,1254.1427603215784,495.7829852607004,1256.1,498.0,1.9572396784215016,2.2170147392996,2.957353802482749
440,18,1365.255289576688,550.7191672060351,1359.1,550.7,-6.155289576688119,-0.019167206035035633,6.155319419386179
440,19,1546.6753848608769,637.7017223502085,1524.7,636.1,-21.97538486087683,-1.6017223502084335,22.033679998375483
440,20,1763.8818290019117,746.9725490793976,1753.2,752.8,-10.681829001911638,5.8274509206023595,12.168017712762826
440,21,1583.9772135194573,584.7284965919908,1574.7,583.9,-9.277213519457291,-0.82849659199087,9.31413427477517
440,22,1594.6411804665217,535.4535879135491,1594.64,535.45,-0.0011804665216459398,-0.0035879135490404224,0.003777118590157675
440,23,1853.8313467142389,635.794116839317,1872.7,638.0,18.868653285761184,2.2058831606830154,18.997157612044262
440,24,1450.1607896616224,444.32025364113986,1459.0,448.3,8.839210338377598,3.9797463588601545,9.69381351620414
440,25,1579.784125797278,488.045984958535,1579.78,488.05,-0.004125797277993115,0.004015041465038394,0.005756974999517807
440,26,1706.1113440525633,532.30266016467,1713.5,530.7,7.388655947436746,-1.6026601646699419,7.560473286310341
440,31,720.8498443187757,619.7656351056481,703.7,614.8,-17.14984431877565,-4.965635105648175,17.854262576782244
441,13,467.91943080720984,472.9305038405972,467.92,472.93,0.0005691927901807503,-0.000503840597218641,0.0007601551024622439
441,14,461.6978855299945,573.066679035871,461.7,573.07,0.002114470005494695,0.0033209641291023217,0.003936976778052047
441,15,455.1087787606215,705.0106939715829,455.11,705.01,0.0012212393785375752,-0.000693971582904851,0.001404643078354892
441,17,1253.357070241184,495.8372389455253,1253.36,495.84,0.0029297588159806764,0.0027610544746607957,0.004025780487291985
441,18,1364.4414671825161,550.5393754045263,1364.44,550.54,-0.0014671825160803564,0.0006245954737096326,0.0015945983949792642
441,19,1545.2565386456577,637.5262917626563,1545.26,637.53,0.0034613543423347437,0.0037082373436305716,0.005072671690529154
441,20,1761.4113717514338,746.2294118095482,1761.41,746.23,-0.0013717514336804015,0.0005881904518219017,0.0014925381078614677
441,21,1582.732910139593,584.5463724439932,1582.73,584.55,-0.0029101395930410945,0.0036275560067906554,0.004650599427319918
441,22,1593.4808853498912,535.0901909351618,1593.48,535.09,-0.0008853498911776114,-0.0001909351617541688,0.0009057045135154727
441,23,1851.3735100356791,635.0955876294877,1851.37,635.1,-0.003510035679255452,0.004412370512341113,0.005638205743658496
441,24,1449.6205922462168,443.99019023085486,1449.62,443.99,-0.0005922462169110077,-0.00019023085485514457,0.0006220477148774999
441,25,1578.8380943479585,487.78448871890123,1578.84,487.78,0.0019056520413869293,-0.004488718901257016,0.004876485115054096
441,26,1704.8335080394224,531.9769951235025,1704.83,531.98,-0.0035080394225133205,0.003004876497470832,0.004619050048977621
441,31,719.1373832390818,619.5742263292361,719.14,619.57,0.002616760918158434,-0.004226329236075799,0.004970844647995994
442,14,464.0234141474959,573.0500092769032,464.02,573.05,-0.003414147495902853,-9.27690325625008e-06,0.0034141600994554645
442,15,456.8315840704661,705.0080204786872,456.83,705.01,-0.0015840704660945448,0.001979521312819088,0.002535307450676938
442,17,1252.517802680888,495.877929209144,1252.52,495.88,0.002197319111928664,0.0020707908560098076,0.0030193353654373676
442,18,1363.581100386887,550.4045315533947,1363.58,550.4,-0.0011003868871739542,-0.004531553394713228,0.004663242162980748
442,19,1543.6924039842434,637.1447188219922,1543.69,637.14,-0.002403984243301238,-0.004718821992241828,0.005295887200130471
442,20,1758.8085288135753,745.1720588571611,1758.81,745.17,0.0014711864246237383,-0.0020588571611597217,0.002530470767674633
442,21,1581.2996826046947,584.1597793329948,1581.3,584.16,0.0003173953052737488,0.00022066700512368698,0.00038656656213396614
442,22,1592.3606640124185,534.8176432013713,1592.36,534.82,-0.0006640124186105822,0.002356798628738943,0.002448553096931908
442,23,1849.0301325267594,634.3216907221158,1849.03,634.32,-0.00013252675944386283,-0.0016907221157680397,0.0016959081976085403
442,24,1448.9654441846626,443.7426426731412,1448.97,443.74,0.004555815337425884,-0.0026426731411675064,0.00526679928607243
442,25,1577.8785707609688,487.5883665391759,1577.88,487.59,0.0014292390312675707,0.0016334608240526904,0.0021704650359343635
442,26,1703.6251310295668,531.4827463426269,1703.63,531.48,0.004868970433335562,-0.0027463426268923286,0.005590104731128188
442,31,718.1030374293114,619.4306697469272,718.1,619.43,-0.0030374293113482054,-0.0006697469272012313,0.0031103918994127935
443,14,466.5175606106219,572.7875069576774,466.52,572.79,0.0024393893780825238,0.002493042322612382,0.0034879622360682724
443,15,458.62368805284956,704.5060153590154,458.62,704.51,-0.003688052849554424,0.003984640984640464,0.005429465682512694
443,17,1251.888352010666,495.658446906858,1251.89,495.66,0.0016479893340601848,0.0015530931420357774,0.0022645015241802543
443,18,1362.9358252901652,550.053398665046,1362.94,550.05,0.004174709834842361,-0.0033986650460064993,0.005383226383877599
443,19,1542.5193029881825,636.8585391164942,1542.52,636.86,0.0006970118174649542,0.001460883505842503,0.0016186432872404225
443,20,1756.6063966101815,744.1290441428708,1756.61,744.13,0.0036033898184086866,0.0009558571291563567,0.0037280130142973507
443,21,1580.224761953521,583.6198344997462,1580.22,583.62,-0.0047619535209832975,0.00016550025384276523,0.00476482860867285
443,22,1591.520498009314,534.3632324010284,1591.52,534.36,-0.0004980093140147801,-0.0032324010284128235,0.0032705396627054914
443,23,1847.2725993950696,633.4912680415869,1847.27,633.49,-0.002599395069637467,-0.0012680415868544515,0.00289219366468567
443,24,1448.724083138497,443.30698200485585,1448.72,443.31,-0.0040831384969806095,0.0030179951441482444,0.005077431897684838
443,25,1577.1589280707267,487.19127490438194,1577.16,487.19,0.0010719292733938346,-0.0012749043819439976,0.0016656570926390103
443,26,1702.7188482721751,531.1120597569702,1702.72,531.11,0.0011517278248902585,-0.002059756970197668,0.0023598889293575498
443,31,717.3272780719835,619.3230023101953,717.33,619.32,0.00272192801651272,-0.003002310195256541,0.004052500294339068
444,17,1249.6662640079994,494.4938351801435,1249.67,494.49,0.0037359920006565517,-0.0038351801434828303,0.0053540865665335224
444,18,1359.9518689676238,549.2900489987844,1359.95,549.29,-0.0018689676237499953,-4.899878445030481e-05,0.0018696098147750807
444,19,1539.8894772411368,635.8939043373706,1539.89,635.89,0.0005227588633260893,-0.0039043373706135753,0.003939178484501015
444,20,1757.4547974576362,745.0967831071531,1757.45,745.1,-0.004797457636186664,0.003216892846921837,0.00577615783714249
444,21,1577.4185714651408,582.9648758748096,1577.42,582.96,0.0014285348593148228,-0.004875874809613379,0.005080833298121473
444,22,1588.6403735069855,533.7724243007713,1588.64,533.77,-0.00037350698539739824,-0.002424300771281196,0.002452904746983717
444,23,1848.2044495463022,634.1184510311901,1848.2,634.12,-0.0044495463021121395,0.0015489688098568877,0.004711450590693834
444,24,1444.5430623538728,442.4802365036419,1444.54,442.48,-0.0030623538727923005,-0.00023650364187233208,0.003071472808739299
444,25,1573.619196053045,486.14345617828644,1573.62,486.14,0.0008039469548748457,-0.0034561782864557244,0.0035484502327101284
444,26,1699.5391362041314,530.8340448177277,1699.54,530.83,0.000863795868554007,-0.004044817727617556,0.004136023906142252
444,31,719.7454585539876,617.7422517326465,719.75,617.74,0.004541446012353845,-0.002251732646527671,0.0050690267107762555
445,17,1247.9996980059996,493.37037638510765,1248.0,493.37,0.0003019940004378441,-0.0003763851076428182,0.0004825620432190543
445,18,1357.7139017257177,548.4675367490884,1357.71,548.47,-0.003901725717696536,0.0024632509116599977,0.004614224596823214
445,19,1537.9171079308526,635.1704282530279,1537.92,635.17,0.0028920691474922933,-0.00042825302796245523,0.00292360472872716
445,20,1758.0910980932272,745.5725873303649,1758.09,745.57,-0.0010980932272559585,-0.0025873303648040746,0.002810709368181383
445,21,1575.3139285988555,582.2236569061072,1575.31,582.22,-0.003928598855509335,-0.0036569061071531905,0.005367201435016536
445,22,1586.4802801302392,533.0793182255784,1586.48,533.08,-0.0002801302391617355,0.0006817744216505162,0.0007370816188928516
445,23,1848.6533371597266,634.3388382733926,1848.65,634.34,-0.003337159726470418,0.0011617266073926658,0.0035335879429130084
445,24,1441.4072967654047,441.8601773777314,1441.41,441.86,0.002703234595401227,-0.00017737773140424906,0.002709047828550126
445,25,1570.9643970397838,485.35759213371483,1570.96,485.36,-0.004397039783725631,0.002407866285182081,0.005013160570636303
445,26,1696.9043521530984,530.3755336132957,1696.9,530.38,-0.004352153098352574,0.004466386704280012,0.00623617244659488
445,31,722.3090939154907,616.5566887994848,722.31,616.56,0.0009060845092108138,0.0033112005150996993,0.0034329343117846453
446,15,462.9677660396372,703.3795115192615,462.97,703.38,0.0022339603628438454,0.0004884807384542,0.0022867427346770263
446,17,1246.2497735044997,492.02778228883074,1246.25,492.03,0.00022649550032838306,0.002217711169237191,0.002229247191728273
446,18,1356.0354262942883,547.6006525618163,1356.04,547.6,0.0045737057116639335,-0.0006525618163095714,0.004620023902645151
446,19,1536.9378309481394,634.3778211897709,1536.94,634.38,0.00216905186061922,0.00217881022911115,0.0030744105107378033
446,20,1759.5683235699203,746.1794404977736,1759.57,746.18,0.0016764300796694442,0.0005595022263378269,0.0017673314780474781
446,21,1574.2354464491416,581.6677426795804,1574.24,581.67,0.004553550858418021,0.002257320419516873,0.005082353873606926
446,22,1585.3602100976793,532.3094886691838,1585.36,532.31,-0.00021009767942814506,0.000511330816152622,0.000552811214112375
446,23,1849.9900028697948,634.5041287050444,1849.99,634.5,-2.8697947982436744e-06,-0.0041287050444225315,0.004128706041795933
446,24,1439.0554725740535,440.8951330332986,1439.06,440.9,0.00452742594643496,0.004866966701399633,0.006647176135246103
446,25,1569.2232977798378,484.2681941002861,1569.22,484.27,-0.0032977798377942236,0.0018058997138723498,0.0037598704279704015
446,26,1695.9282641148238,529.7816502099718,1695.93,529.78,0.0017358851762310223,-0.0016502099717854435,0.0023950971370778934
446,31,721.981820436618,615.1675165996137,721.98,615.17,-0.0018204366180043507,0.002483400386267931,0.0030791666013203684
447,15,464.9758245297279,702.2846336394462,464.98,702.28,0.004175470272116399,-0.004633639446183224,0.006237400621296742
447,17,1244.6873301283747,490.7708367166231,1244.69,490.77,0.0026698716253577004,-0.0008367166230982548,0.0027979115788850646
447,18,1354.5265697207162,546.7004894213622,1354.53,546.7,0.00343027928374795,-0.0004894213622037569,0.003465017926979849
447,19,1536.2033732111045,633.5333658923282,1536.2,633.53,-0.0033732111044173507,-0.003365892328247355,0.0047652685465059495
447,20,1760.6762426774403,746.3845803733302,1760.68,746.38,0.0037573225597498094,-0.004580373330213661,0.005924296807397266
447,21,1573.4265848368561,581.0008070096853,1573.43,581.0,0.0034151631439272023,-0.00080700968533165,0.0035092169969749404
447,22,1584.2701575732594,531.4821165018878,1584.27,531.48,-0.00015757325945742195,-0.0021165018878264164,0.0021223594354559316
447,23,1850.992502152346,634.1280965287833,1850.99,634.13,-0.002502152346096409,0.001903471216678554,0.0031438780249557234
447,24,1437.0416044305402,439.9213497749739,1437.04,439.92,-0.0016044305402829195,-0.001349774973903095,0.0020966854410634996
447,25,1567.9174733348784,483.2011455752146,1567.92,483.2,0.002526665121649785,-0.001145575214593464,0.0027742348871810374
447,26,1694.9461980861179,529.0862376574788,1694.95,529.09,0.003801913882170993,0.0037623425212132133,0.005348810186796079
447,31,721.2363653274635,613.8756374497102,721.24,613.88,0.0036346725364637678,0.00436255028978394,0.005678264653766843
448,15,464.9818683972959,701.2134752295847,464.98,701.21,-0.0018683972958797312,-0.003475229584637418,0.003945646857131268
448,17,1243.515497596281,489.5781275374673,1243.52,489.58,0.0045024037190160016,0.0018724625326740352,0.004876243962854728
448,18,1353.3949272905372,545.5253670660217,1353.39,545.53,-0.004927290537125373,0.004632933978314213,0.00676330313416925
448,19,1535.6525299083282,632.6500244192462,1535.65,632.65,-0.002529908328142483,-2.4419246187790122e-05,0.002530026175435557
448,20,1761.5071820080802,746.2884352799977,1761.51,746.29,0.0028179919197555137,0.0015647200023067853,0.003223263430969661
448,21,1572.5699386276422,580.2506052572639,1572.57,580.25,6.137235777714523e-05,-0.000605257263941894,0.000608360848389797
448,22,1583.4526181799447,530.6115873764159,1583.45,530.61,-0.002618179944647636,-0.0015873764158413906,0.0030618017747928356
448,23,1851.4943766142596,633.5960723965875,1851.49,633.6,-0.0043766142596268764,0.003927603412535063,0.005880545973268671
448,24,1435.2812033229052,438.94101233123047,1435.28,438.94,-0.0012033229052121897,-0.0010123312304699539,0.00157251408082507
448,25,1566.6881050011589,482.15085918141096,1566.69,482.15,0.0018949988411804952,-0.0008591814109877305,0.0020806761653516114
448,26,1694.2096485645884,528.0646782431091,1694.21,528.06,0.0003514354116305185,-0.004678243109196956,0.004691424670321022
448,31,720.6772739955977,612.6567280872827,720.68,612.66,0.002726004402234139,0.003271912717309533,0.0042586984902305254
449,17,1242.1366231972106,488.1835956531005,1242.14,488.18,0.003376802789489375,-0.003595653100489926,0.004932698885819612
449,18,1351.5461954679029,544.3940252995162,1351.55,544.39,0.0038045320970923058,-0.004025299516229097,0.005538727351401203
449,19,1534.4893974312463,631.2375183144346,1534.49,631.24,0.0006025687537203339,0.0024816855653853054,0.0025537917590128328
449,20,1761.6303865060602,745.2163264599983,1761.63,745.22,-0.0003865060600674042,0.0036735400017278153,0.0036938168713084875
449,21,1571.1774539707317,578.937953942948,1571.18,578.94,0.0025460292683874286,0.002046057052098149,0.0032662845093356448
449,22,1582.0894636349585,529.458690532312,1582.09,529.46,0.0005363650413983123,0.0013094676880882616,0.001415059392315895
449,23,1849.8707824606947,632.4470542974407,1849.87,632.45,-0.0007824606948361179,0.002945702559372876,0.0030478530652344993
449,24,1432.4609024921788,438.70575924842285,1432.46,438.71,-0.000902492178738612,0.004240751577128776,0.004335719787025514
449,25,1564.5160787508692,481.36314438605825,1564.52,481.36,0.003921249130826254,-0.003144386058238524,0.005026266848193643
449,26,1692.1572364234412,527.0485086823319,1692.16,527.05,0.0027635765588911454,0.001491317668069314,0.003140284029184036
449,31,712.7579554966983,612.242546065462,712.76,612.24,0.002044503301704026,-0.0025460654619564593,0.00326533965878685
450,17,1240.852467397908,486.8876967398254,1240.85,486.89,-0.0024673979080489516,0.0023032601745853754,0.0033753607019806633
450,18,1350.159646600927,543.2955189746372,1350.16,543.3,0.0003533990729920333,0.004481025362792934,0.004494939288442634
450,19,1533.3670480734347,629.928138735826,1533.37,629.93,0.00295192656517429,0.001861264173953714,0.003489724168387135
450,20,1761.7227898795452,744.4122448449987,1761.72,744.41,-0.0027898795451619662,-0.002244844998699591,0.0035808877313732845
450,21,1569.8830904780489,577.703465457211,1569.88,577.7,-0.0030904780487617245,-0.0034654572109502624,0.004643322975069175
450,22,1581.067097726219,528.3440178992339,1581.07,528.34,0.0029022737810464605,-0.004017899233872413,0.004956481348063588
450,23,1848.653086845521,631.3352907230806,1848.65,631.34,-0.003086845521011128,0.00470927691947054,0.005630799621265562
450,24,1430.345676869134,438.2793194363171,1430.35,438.28,0.0043231308659414935,0.0006805636828630668,0.0043763714890863855
450,25,1562.6370590631518,480.5223582895437,1562.64,480.52,0.002940936848290221,-0.0023582895437357365,0.003769700136313832
450,26,1690.6179273175808,526.0363815117489,1690.62,526.04,0.0020726824191115156,0.003618488251049712,0.004170068300816998
450,31,706.5684666225237,611.6819095490964,706.57,611.68,0.0015333774763348629,-0.0019095490964673445,0.0024490047441257283
451,17,1239.639350548431,485.915772554869,1256.5,490.1,16.86064945156909,4.184227445131,17.37208275484792
451,18,1348.8697349506954,542.2216392309779,1356.3,541.6,7.43026504930458,-0.6216392309778485,7.456223845647871
451,19,1532.525286055076,628.9461040518695,1521.9,626.0,-10.625286055076003,-2.946104051869497,11.026161291974395
451,20,1761.7920924096588,743.559183633749,1753.1,744.9,-8.692092409658926,1.3408163662510333,8.794899600680893
451,21,1568.9123178585367,576.7775990929083,1573.3,573.6,4.387682141463301,-3.177599092908281,5.417461635283402
451,22,1580.3003232946642,527.5080134244254,1594.0,524.0,13.699676705335833,-3.5080134244253713,14.14168660438598
451,23,1847.7398151341408,630.2514680423104,1875.9,628.2,28.160184865859264,-2.0514680423103755,28.234810656492634
451,24,1428.5092576518505,437.70948957723783,1458.4,439.7,29.890742348149615,1.9905104227621564,29.95694593690401
451,25,1561.2277942973637,479.8917687171578,1561.23,479.89,0.002205702636274509,-0.0017687171578018024,0.002827275102279721
451,26,1689.4634454881857,525.2772861338117,1712.7,521.1,23.236554511814347,-4.177286133811663,23.609048795414328
451,31,701.1763499668928,611.2614321618223,701.18,611.26,0.00365003310719203,-0.0014321618223220867,0.003920947483570116
452,17,1238.7295129113231,485.1868294161518,1238.73,485.19,0.00048708867689128965,0.0031705838482025683,0.003207780746503525
452,18,1347.6523012130215,541.4162294232334,1347.65,541.42,-0.002301213021382864,0.0037705767665556778,0.004417332964841061
452,19,1531.893964541307,627.9595780389021,1531.89,627.96,-0.003964541306913816,0.00042196109791348135,0.003986933526205103
452,20,1761.8440693072441,742.9193877253117,1761.84,742.92,-0.004069307244208176,0.000612274688251091,0.004115111388727905
452,21,1568.1842383939024,575.8331993196812,1568.18,575.83,-0.004238393902369353,-0.003199319681129964,0.005310332314809239
452,22,1579.4752424709982,526.631010068319,1579.48,526.63,0.004757529001835792,-0.0010100683190330528,0.004863570726577637
452,23,1847.3048613506057,629.4386010317328,1847.3,629.44,-0.00486135060577908,0.0013989682672672643,0.00505864032375592
452,24,1427.1319432388877,437.28211718292835,1427.13,437.28,-0.0019432388876339246,-0.0021171829283730403,0.002873785121857056
452,25,1560.170845723023,479.4188265378683,1560.17,479.42,-0.0008457230228486878,0.001173462131703218,0.0014464649342164444
452,26,1688.5975841161394,524.4579646003588,1688.6,524.46,0.002415883860521717,0.0020353996412723063,0.00315901037149623
452,31,697.1322624751696,610.6960741213668,697.13,610.7,-0.0022624751695730083,0.0039258786332538875,0.00453114962630609
453,17,1238.2971346834925,484.64012206211385,1238.3,484.64,0.0028653165074956632,-0.00012206211386001087,0.0028679152441742624
453,18,1346.989225909766,540.8121720674251,1346.99,540.81,0.0007740902340174216,-0.0021720674251355376,0.0023058821716939637
453,19,1531.4204734059804,627.2196835291766,1531.42,627.22,-0.0004734059803013224,0.0003164708234635327,0.0005694444698903858
453,20,1761.883051980433,742.1895407939837,1761.88,742.19,-0.003051980432928758,0.0004592060163304268,0.00308633354134223
453,21,1567.888178795427,575.1248994897609,1567.89,575.12,0.0018212045731615945,-0.004899489760873621,0.005227024585192819
453,22,1579.1064318532485,525.9732575512393,1579.11,525.97,0.003568146751376844,-0.003257551239244094,0.004831491624298014
453,23,1846.9786460129544,628.8289507737995,1846.98,628.83,0.001353987045604299,0.0010492262005072917,0.0017129379847195944
453,24,1426.3489574291657,436.9615878871963,1426.35,436.96,0.0010425708342154394,-0.001587887196308202,0.0018995630267396235
453,25,1559.628134292267,479.0641199034012,1559.63,479.06,0.0018657077330317406,-0.004119903401203828,0.004522661758339364
453,26,1687.9481880871044,523.8434734502691,1687.95,523.84,0.0018119128956186614,-0.003473450269098066,0.003917637695500521
453,31,694.5991968563771,610.522055591025,694.6,610.52,0.0008031436228748134,-0.002055591025055037,0.0022069196046189126
454,14,463.13817045796645,569.340630218258,463.14,569.34,0.0018295420335334711,-0.0006302182579247528,0.0019350449878717288
454,15,461.23640129797195,699.6601064221885,461.24,699.66,0.0035987020280572324,-0.00010642218853718077,0.0036002752629425826
454,17,1237.9728510126192,483.9800915465854,1237.97,483.98,-0.002851012619203175,-9.154658539500815e-05,0.002852482030119249
454,18,1347.4919194323245,540.3591290505688,1347.49,540.36,-0.00191943232448466,0.0008709494312597599,0.0021077887370626793
454,19,1532.0653550544853,627.1647626468824,1532.07,627.16,0.004644945514655774,-0.004762646882454646,0.006652693000663398
454,20,1762.9122889853247,742.6421555954878,1762.91,742.64,-0.002288985324639725,-0.0021555954878067496,0.003144208282456626
454,21,1568.6661340965702,575.0936746173206,1568.67,575.09,0.003865903429868922,-0.0036746173205983723,0.005333668698177068
454,22,1579.5798238899365,525.4799431634294,1579.58,525.48,0.00017611006342121982,5.683657059307734e-05,0.0001850544519729475
454,23,1848.9839845097158,629.1217130803497,1848.98,629.12,-0.003984509715792228,-0.0017130803496456792,0.004337160587248854
454,24,1427.0117180718744,435.7211909153972,1427.01,435.72,-0.0017180718743929901,-0.0011909153971600972,0.0020904665624623692
454,25,1560.4711007192004,478.0480899275509,1560.47,478.05,-0.001100719200394451,0.0019100724491067922,0.0022045315871980194
454,26,1689.2111410653283,523.3826050877019,1689.21,523.38,-0.0011410653282837302,-0.0026050877019088148,0.002844030945339345
454,27,1897.9369689660343,616.093984652796,1897.94,616.09,0.0030310339657262375,-0.003984652796020782,0.005006458309645888
454,31,698.9493976422829,609.3915416932688,698.95,609.39,0.0006023577171845318,-0.0015416932687912777,0.0016551897034745278
455,14,459.35362784347484,566.7554726636935,459.35,566.76,-0.0036278434748169275,0.004527336306523466,0.005801553439393392
455,15,457.17730097347896,698.7450798166414,457.18,698.75,0.0026990265210429243,0.00492018335864941,0.005611857842463908
455,17,1237.7296382594645,483.4850686599391,1237.73,483.49,0.0003617405354816583,0.004931340060920775,0.004944590075168281
455,18,1347.8689395742433,540.0193467879266,1347.87,540.02,0.0010604257565773878,0.0006532120734163982,0.0012454673010840853
455,19,1532.799016290864,627.1235719851618,1532.8,627.12,0.0009837091358804173,-0.0035719851617841414,0.0037049644613708073
455,20,1763.6842167389937,742.9816166966159,1763.68,742.98,-0.004216738993591207,-0.001616696615883484,0.004516037609219137
455,21,1569.2496005724277,575.0702559629905,1569.25,575.07,0.0003994275723471219,-0.00025596299042263126,0.00047440429805937817
455,22,1580.1848679174523,525.1099573725721,1580.18,525.11,-0.004867917452202164,4.2627427887964586e-05,0.004868104088766257
455,23,1850.7379883822869,629.3412848102622,1850.74,629.34,0.0020116177131512814,-0.001284810262177416,0.002386910813930925
455,24,1427.7587885539058,434.7908931865479,1427.76,434.79,0.0012114460942029837,-0.0008931865478984946,0.0015051192140513303
455,25,1561.3533255394004,477.2860674456632,1561.35,477.29,-0.003325539400520938,0.0039325543368136096,0.005150164649446529
455,26,1690.4083557989961,523.0369538157764,1690.41,523.04,0.0016442010039554589,0.0030461842235354197,0.00346159432416975
455,31,701.7120482317122,608.5436562699516,701.71,608.54,-0.002048231712137749,-0.003656269951648028,0.00419089049080634
456,14,456.0152208826061,564.8166044977701,456.02,564.82,0.004779117393866272,0.0033955022299778648,0.005862541979221965
456,15,453.63297573010925,698.058809862481,453.63,698.06,-0.002975730109255892,0.0011901375189609098,0.0032049020261422207
456,17,1237.5472286945983,483.3638014949543,1237.55,483.36,0.0027713054016658134,-0.0038014949543025978,0.004704412558108634
456,18,1348.1517046806825,539.7645100909449,1348.15,539.76,-0.0017046806824509986,-0.004510090944904732,0.0048214994099795615
456,19,1533.349262218148,627.0926789888713,1533.35,627.09,0.0007377818519671564,-0.002678988871252841,0.0027787233459609932
456,20,1764.0131625542454,743.236212522462,1764.01,743.24,-0.0031625542453639355,0.003787477538025996,0.004934241122596352
456,21,1569.6872004293207,575.0526919722429,1569.69,575.05,0.0027995706793717545,-0.0026919722429283865,0.0038838525391027548
456,22,1580.638650938089,524.832468029429,1580.64,524.83,0.0013490619110143598,-0.0024680294289964877,0.0028126744038623535
456,23,1851.8034912867151,629.5059636076967,1851.8,629.51,-0.003491286715188835,0.004036392303305547,0.0053368104476211545
456,24,1428.0690914154293,434.09316988991094,1428.07,434.09,0.0009085845706522377,-0.00316988991096423,0.003297533619185728
456,25,1562.0149941545503,476.7145505842474,1562.01,476.71,-0.0049941545503315865,-0.0045505842473971825,0.006756433723885485
456,26,1691.056266849247,522.7777153618323,1691.06,522.78,0.0037331507528506336,0.0022846381676799865,0.004376755202285069
456,31,703.7840361737841,607.9077422024637,703.78,607.91,-0.00403617378412946,0.00225779753623101,0.004624753888619884
457,14,454.5114156619546,563.3624533733275,454.51,563.36,-0.0014156619545815374,-0.002453373327512054,0.002832514687304761
457,15,451.97473179758197,697.2941073968607,451.97,697.29,-0.004731797581939645,-0.004107396860717927,0.006265829340788445
457,17,1237.4104215209486,483.27285112121575,1237.41,483.27,-0.00042152094852099253,-0.002851121215769581,0.0028821124365738145
457,18,1348.363778510512,539.5733825682087,1348.36,539.57,-0.0037785105121201923,-0.0033825682086217057,0.005071381407090287
457,19,1533.511946663611,627.0695092416535,1533.51,627.07,-0.0019466636110792024,0.0004907583465865173,0.002007571410795704
457,20,1764.259871915684,743.4271593918465,1764.26,743.43,0.00012808431597477465,0.0028406081534058103,0.0028434943772046206
457,21,1569.7654003219905,575.0395189791822,1569.77,575.04,0.004599678009526542,0.00048102081780143635,0.00462476148773971
457,22,1580.7289882035668,524.8743510220718,1580.73,524.87,0.0010117964332039264,-0.004351022071773514,0.004467115970209915
457,23,1852.3526184650364,629.6294727057725,1852.35,629.63,-0.0026184650364484696,0.0005272942274814341,0.002671029454992649
457,24,1428.301818561572,433.8198774174332,1428.3,433.82,-0.001818561572008548,0.00012258256680297563,0.0018226883104003843
457,25,1562.2612456159127,476.53591293818556,1562.26,476.54,-0.0012456159126941202,0.004087061814459503,0.004272661147010117
457,26,1691.5422001369352,522.8332865213742,1691.54,522.83,-0.0022001369352437905,-0.003286521374207041,0.003954974750481181
457,27,1918.9527267245257,617.820488489597,1918.95,617.82,-0.0027267245257007744,-0.0004884895969325953,0.002770135145686846
457,31,705.8380271303381,607.4308066518478,705.84,607.43,0.0019728696619267794,-0.0008066518478244689,0.0021314084325979653
