frame,cid,orig_x,orig_y,cvat_x,cvat_y,dx,dy,dist_px
0,13,240.0,326.0,240.0,326.0,0.0,0.0,0.0
0,14,248.0,435.0,248.0,435.0,0.0,0.0,0.0
0,15,259.0,571.0,259.0,571.0,0.0,0.0,0.0
0,16,313.0,952.0,313.0,952.0,0.0,0.0,0.0
0,17,1031.0,330.0,1031.0,330.0,0.0,0.0,0.0
0,18,1145.0,380.0,1145.0,380.0,0.0,0.0,0.0
0,19,1319.0,460.0,1319.0,460.0,0.0,0.0,0.0
0,20,1526.0,561.0,1526.0,561.0,0.0,0.0,0.0
0,21,1337.0,407.0,1337.0,407.0,0.0,0.0,0.0
0,22,1342.0,358.0,1342.0,358.0,0.0,0.0,0.0
0,23,1590.0,452.0,1590.0,452.0,0.0,0.0,0.0
0,24,1200.0,272.0,1200.0,272.0,0.0,0.0,0.0
0,25,1324.0,311.0,1324.0,311.0,0.0,0.0,0.0
0,26,1443.0,350.0,1443.0,350.0,0.0,0.0,0.0
0,27,1699.0,438.0,1699.0,438.0,0.0,0.0,0.0
0,28,1898.0,508.0,1898.0,508.0,0.0,0.0,0.0
0,31,515.0,474.0,515.0,474.0,0.0,0.0,0.0
1,13,239.25,326.0,239.25,326.0,0.0,0.0,0.0
1,14,247.25,435.0,247.25,435.0,0.0,0.0,0.0
1,15,258.25,571.25,258.25,571.25,0.0,0.0,0.0
1,16,312.5,952.25,312.5,952.25,0.0,0.0,0.0
1,17,1030.75,330.0,1030.75,330.0,0.0,0.0,0.0
1,18,1144.75,380.0,1144.75,380.0,0.0,0.0,0.0
1,19,1318.75,460.0,1318.75,460.0,0.0,0.0,0.0
1,20,1525.75,560.75,1525.75,560.75,0.0,0.0,0.0
1,21,1336.75,407.0,1336.75,407.0,0.0,0.0,0.0
1,22,1341.75,358.0,1341.75,358.0,0.0,0.0,0.0
1,23,1589.75,452.0,1589.75,452.0,0.0,0.0,0.0
1,24,1199.75,272.0,1199.75,272.0,0.0,0.0,0.0
1,25,1323.75,310.75,1323.75,310.75,0.0,0.0,0.0
1,26,1442.75,350.0,1442.75,350.0,0.0,0.0,0.0
1,27,1698.75,438.0,1698.75,438.0,0.0,0.0,0.0
1,28,1897.75,508.0,1897.75,508.0,0.0,0.0,0.0
1,31,514.5,474.0,514.5,474.0,0.0,0.0,0.0
2,13,237.6875,326.0,223.6,327.3,-14.087500000000006,1.3000000000000114,14.147355097331804
2,14,245.6875,435.0,245.1,445.4,-0.5875000000000057,10.399999999999977,10.416580832979674
2,15,256.6875,571.6875,268.2,584.2,11.512499999999989,12.512500000000045,17.002950111671822
2,16,311.125,953.1875,325.1,948.5,13.975000000000023,-4.6875,14.740192714140498
2,17,1030.0625,330.0,1030.06,330.0,-0.0025000000000545697,0.0,0.0025000000000545697
2,18,1144.3125,380.0,1144.31,380.0,-0.0025000000000545697,0.0,0.0025000000000545697
2,19,1318.5625,460.0,1296.0,458.5,-22.5625,-1.5,22.61230652211313
2,20,1525.5625,560.8125,1494.5,558.8,-31.0625,-2.0125000000000455,31.127625391282262
2,21,1336.3125,407.0,1334.8,406.0,-1.5125000000000455,-1.0,1.8131895240156606
2,22,1341.3125,357.75,1346.3,353.2,4.9874999999999545,-4.550000000000011,6.75112259183609
2,23,1589.5625,452.0,1589.1,444.5,-0.46250000000009095,-7.5,7.514246885084365
2,24,1199.3125,271.75,1211.2,264.5,11.887500000000045,-7.25,13.923905926499256
2,25,1323.5625,310.5625,1332.0,303.7,8.4375,-6.862500000000011,10.875905134746263
2,26,1442.5625,350.0,1447.6,344.5,5.037499999999909,-5.5,7.458311219706448
2,27,1698.8125,438.0,1712.3,430.5,13.487499999999955,-7.5,15.43251943948229
2,28,1898.0625,508.25,1898.1,508.2,0.03749999999990905,-0.05000000000001137,0.06249999999995452
2,31,513.375,474.0,528.8,478.4,15.424999999999955,4.399999999999977,16.04028132546304
3,13,235.515625,326.0,221.6,327.9,-13.915625000000006,1.8999999999999773,14.044736349986248
3,14,243.515625,435.0,240.7,445.2,-2.8156250000000114,10.199999999999989,10.581481188407643
3,15,254.265625,572.015625,264.4,583.6,10.134374999999977,11.584375000000023,15.391663353297787
3,16,308.84375,953.890625,319.5,949.3,10.65625,-4.5906250000000455,11.602995387102652
3,17,1029.046875,330.0,1029.3,328.5,0.2531249999999545,-1.5,1.5212075024877365
3,18,1143.484375,380.25,1139.2,381.5,-4.2843749999999545,1.25,4.463000015754494
3,19,1318.171875,460.0,1296.7,459.6,-21.471874999999955,-0.39999999999997726,21.475600480909097
3,20,1525.421875,561.109375,1495.8,556.8,-29.621875000000045,-4.3093750000000455,29.93369658772957
3,21,1335.734375,407.0,1333.1,405.3,-2.634375000000091,-1.6999999999999886,3.1352721796720364
3,22,1340.984375,357.8125,1345.8,353.0,4.8156249999999545,-4.8125,6.8081128362142
3,23,1589.671875,452.0,1589.7,444.5,0.028125000000045475,-7.5,7.500052734189607
3,24,1198.734375,271.5625,1209.5,263.5,10.765625,-8.0625,13.450003267309082
3,25,1323.171875,310.421875,1328.5,304.1,5.328125,-6.321874999999977,8.267709448889075
3,26,1442.421875,350.0,1447.5,343.7,5.078125,-6.300000000000011,8.091807802686933
3,27,1699.109375,438.0,1713.5,430.3,14.390625,-7.699999999999989,16.321154612668334
3,28,1898.796875,508.4375,1898.8,508.44,0.0031249999999545253,0.0024999999999977263,0.0040019526483586
3,31,511.78125,474.0,525.4,479.6,13.618749999999977,5.600000000000023,14.725160493607518
4,13,232.88671875,326.0,217.4,327.3,-15.486718749999994,1.3000000000000114,15.541185850558554
4,14,240.88671875,435.25,237.0,445.6,-3.88671875,10.350000000000023,11.055726237638215
4,15,251.69921875,572.26171875,262.0,584.7,10.30078125,12.438281250000045,16.14982770231479
4,16,306.1328125,955.16796875,316.4,951.3,10.267187499999977,-3.8679687500000455,10.971614348450856
4,17,1027.78515625,330.0,1028.5,327.4,0.71484375,-2.6000000000000227,2.6964794801581897
4,18,1142.36328125,380.4375,1136.0,381.6,-6.36328125,1.1625000000000227,6.46859756953558
4,19,1317.62890625,460.25,1296.1,460.2,-21.52890625000009,-0.05000000000001137,21.528964311394382
4,20,1525.31640625,561.33203125,1494.8,556.5,-30.516406250000045,-4.83203125,30.89659490002124
4,21,1335.30078125,407.25,1333.1,405.8,-2.200781250000091,-1.4499999999999886,2.635514771416
4,22,1340.48828125,357.859375,1344.2,353.0,3.7117187500000455,-4.859375,6.1147674910602206
4,23,1589.75390625,452.0,1588.7,443.3,-1.0539062499999545,-8.699999999999989,8.763601906966608
4,24,1198.30078125,271.421875,1208.1,264.1,9.799218749999909,-7.321874999999977,12.23251983959047
4,25,1322.87890625,310.31640625,1326.6,302.9,3.721093749999909,-7.416406250000023,8.297567135090128
4,26,1442.31640625,350.0,1446.8,343.7,4.4835937499999545,-6.300000000000011,7.732568325921136
4,27,1699.58203125,438.0,1712.2,431.2,12.617968750000045,-6.800000000000011,14.33363650215736
4,28,1899.59765625,508.578125,1899.6,508.58,0.0023437499999090505,0.0018749999999840838,0.0030014644862156855
4,31,509.8359375,474.25,509.84,474.25,0.004062499999974989,0.0,0.004062499999974989
5,13,229.9150390625,326.0,229.92,326.0,0.0049609374999874944,0.0,0.0049609374999874944
5,14,237.9150390625,435.4375,237.92,435.44,0.0049609374999874944,0.0024999999999977263,0.005555258848944016
5,15,248.5244140625,572.6962890625,248.52,572.7,-0.004414062499989768,0.0037109375000454747,0.0057667152594054515
5,16,302.849609375,956.1259765625,302.85,956.13,0.00039062500002273737,0.0040234374999954525,0.00404235540335241
5,17,1026.5888671875,330.0,1026.59,330.0,0.0011328124999181455,0.0,0.0011328124999181455
5,18,1141.2724609375,380.578125,1141.27,380.58,-0.00246093750001819,0.0018749999999840838,0.0030938387771401554
5,19,1316.9716796875,460.4375,1316.97,460.44,-0.0016796874999727152,0.0024999999999977263,0.003011868207201839
5,20,1524.7373046875,561.4990234375,1524.74,561.5,0.002695312500009095,0.0009765625,0.0028667723643692965
5,21,1334.9755859375,407.4375,1334.98,407.44,0.00441406250001819,0.0024999999999977263,0.005072863861178956
5,22,1340.1162109375,357.89453125,1340.12,357.89,0.0037890624998908606,-0.004531250000013642,0.0059067098448038575
5,23,1589.8154296875,452.25,1589.82,452.25,0.004570312499936335,0.0,0.004570312499936335
5,24,1197.9755859375,271.31640625,1197.98,271.32,0.00441406250001819,0.003593749999993179,0.005692010788510314
5,25,1322.6591796875,310.2373046875,1322.66,310.24,0.0008203125000818545,0.002695312500009095,0.002817378581322684
5,26,1442.4873046875,350.0,1442.49,350.0,0.002695312500009095,0.0,0.002695312500009095
5,27,1699.9365234375,438.0,1699.94,438.0,0.0034765625000545697,0.0,0.0034765625000545697
5,28,1899.9482421875,508.93359375,1899.95,508.93,0.0017578125000454747,-0.003593749999993179,0.004000617933240701
5,31,507.626953125,474.4375,507.63,474.44,0.0030468749999954525,0.0024999999999977263,0.003941249454879242
6,13,226.936279296875,325.75,226.94,325.75,0.0037207031249977263,0.0,0.0037207031249977263
6,14,234.936279296875,435.578125,234.94,435.58,0.0037207031249977263,0.0018749999999840838,0.004166444136707963
6,15,245.643310546875,573.272216796875,245.64,573.27,-0.0033105468750136424,-0.00221679687501819,0.003984207449010783
6,16,299.88720703125,957.844482421875,299.89,957.84,0.0027929687499863576,-0.004482421874968168,0.00528136159561088
6,17,1025.191650390625,329.75,1025.19,329.75,-0.0016503906249454303,0.0,0.0016503906249454303
6,18,1140.204345703125,380.43359375,1140.2,380.43,-0.004345703124954525,-0.003593749999993179,0.005639164362978836
6,19,1316.228759765625,460.578125,1316.23,460.58,0.00124023437501819,0.0018749999999840838,0.0022480672376326014
6,20,1524.302978515625,561.874267578125,1524.3,561.87,-0.0029785156250454747,-0.0042675781249954525,0.005204207757342105
6,21,1334.231689453125,407.578125,1334.23,407.58,-0.00168945312498181,0.0018749999999840838,0.002523861498072174
6,22,1339.587158203125,357.6708984375,1339.59,357.67,0.0028417968749181455,-0.0008984374999840838,0.0029804361123285613
6,23,1589.611572265625,452.4375,1589.61,452.44,-0.0015722656251000444,0.0024999999999977263,0.0029533064852567984
6,24,1197.231689453125,270.9873046875,1197.23,270.99,-0.00168945312498181,0.002695312500009095,0.0031810314890324616
6,25,1322.244384765625,309.927978515625,1322.24,309.93,-0.004384765624990905,0.002021484375006821,0.004828309089577696
6,26,1442.365478515625,350.0,1442.37,350.0,0.004521484374890861,0.0,0.004521484374890861
6,27,1699.952392578125,438.0,1699.95,438.0,-0.0023925781249545253,0.0,0.0023925781249545253
6,28,1900.211181640625,509.2001953125,1900.21,509.2,-0.0011816406249636202,-0.00019531250001136868,0.0011976733858715847
6,31,505.22021484375,474.578125,505.22,474.58,-0.00021484374997271516,0.0018749999999840838,0.0018872686180940574
7,13,223.45220947265625,325.8125,206.3,327.5,-17.15220947265624,1.6875,17.235020917999446
7,14,231.45220947265625,435.68359375,227.6,445.6,-3.8522094726562557,9.916406250000023,10.63835658061254
7,15,241.98248291015625,573.7041625976562,249.4,586.1,7.417517089843756,12.395837402343773,14.44563410458222
7,16,296.1654052734375,958.6333618164062,307.8,954.5,11.634594726562511,-4.13336181640625,12.34700264666212
7,17,1023.8937377929688,329.5625,1023.9,328.3,0.006262207031227263,-1.2624999999999886,1.2625155306913547
7,18,1139.1532592773438,380.5751953125,1128.0,380.6,-11.15325927734375,0.024804687500022737,11.153286859942964
7,19,1315.4215698242188,460.68359375,1291.3,458.8,-24.121569824218795,-1.8835937499999886,24.19500064475514
7,20,1523.7272338867188,562.1557006835938,1494.7,558.0,-29.027233886718705,-4.15570068359375,29.323201654762943
7,21,1333.6737670898438,407.68359375,1329.3,404.6,-4.3737670898437955,-3.0835937499999773,5.351484744558241
7,22,1339.1903686523438,357.753173828125,1341.7,352.2,2.5096313476562955,-5.553173828125011,6.09393051047612
7,23,1589.7086791992188,452.578125,1588.3,442.9,-1.4086791992187955,-9.678125000000023,9.780106369663734
7,24,1196.6737670898438,270.740478515625,1202.9,262.7,6.226232910156341,-8.040478515625011,10.169329919505085
7,25,1322.1832885742188,309.69598388671875,1326.5,301.0,4.31671142578125,-8.69598388671875,9.70845679248471
7,26,1442.5241088867188,350.0,1443.8,340.7,1.2758911132812045,-9.300000000000011,9.387113407909279
7,27,1700.4642944335938,438.0,1711.6,429.3,11.135705566406159,-8.699999999999989,14.131310571270058
7,28,1900.9083862304688,509.400146484375,1900.91,509.4,0.0016137695313318545,-0.00014648437502273737,0.001620404200309551
7,31,502.6651611328125,474.68359375,511.8,478.8,9.134838867187511,4.116406250000011,10.019485093781954
8,13,220.5891571044922,325.859375,220.59,325.86,0.0008428955078159106,0.0006250000000136424,0.0010493320909575267
8,14,228.3391571044922,435.7626953125,228.34,435.76,0.0008428955078159106,-0.002695312500009095,0.0028240365277031245
8,15,238.9868621826172,574.0281219482422,238.99,574.03,0.003137817382821595,0.0018780517577852152,0.0036569080290400385
8,16,292.8740539550781,959.2250213623047,292.87,959.23,-0.0040539550781204525,0.00497863769533069,0.006420388234116866
8,17,1022.4203033447266,329.421875,1022.42,329.42,-0.00030334472660342726,-0.0018749999999840838,0.0018993796416457724
8,18,1137.6149444580078,380.431396484375,1137.61,380.43,-0.004944458007912544,-0.0013964843749931788,0.0051378822097835775
8,19,1314.316177368164,460.7626953125,1314.32,460.76,0.0038226318358738354,-0.002695312500009095,0.004677309442974823
8,20,1522.795425415039,562.1167755126953,1522.8,562.12,0.004574584960892025,0.0032244873046920475,0.0055967978293431035
8,21,1332.7553253173828,407.5126953125,1332.76,407.51,0.004674682617178405,-0.002695312500009095,0.005396051060178658
8,22,1338.3927764892578,357.56488037109375,1338.39,357.56,-0.0027764892577124556,-0.004880371093747726,0.005614883312312113
8,23,1589.281509399414,452.68359375,1589.28,452.68,-0.0015093994140897848,-0.003593749999993179,0.0038978616770872668
8,24,1195.7553253173828,270.55535888671875,1195.76,270.56,0.004674682617178405,0.004641113281252274,0.006587305219948912
8,25,1321.637466430664,309.52198791503906,1321.64,309.52,0.0025335693360375444,-0.00198791503908069,0.0032203695103377354
8,26,1442.143081665039,350.0,1442.14,350.0,-0.0030816650389624556,0.0,0.0030816650389624556
8,27,1700.3482208251953,438.0,1700.35,438.0,0.0017791748045965505,0.0,0.0017791748045965505
8,28,1900.9312896728516,509.55010986328125,1900.93,509.55,-0.0012896728514988354,-0.00010986328123863132,0.0012943438509367036
8,31,500.4988708496094,474.7626953125,500.5,474.76,0.001129150390625,-0.002695312500009095,0.002922274812086274
9,13,217.69186782836914,325.64453125,217.69,325.64,-0.0018678283691428987,-0.004531250000013642,0.004901123277290489
9,14,225.25436782836914,435.822021484375,225.25,435.82,-0.004367828369140625,-0.002021484375006821,0.0048129329665668906
9,15,235.7401466369629,574.0210914611816,235.74,574.02,-0.00014663696288153005,-0.001091461181658815,0.001101267410736909
9,16,289.1555404663086,958.6687660217285,289.16,958.67,0.004459533691431261,0.0012339782714434477,0.004627109585843531
9,17,1020.8152275085449,329.31640625,1020.82,329.32,0.004772491455128147,0.003593749999993179,0.005974254242306913
9,18,1136.2112083435059,380.32354736328125,1136.21,380.32,-0.0012083435058229952,-0.003547363281256821,0.0037475165479653014
9,19,1313.237133026123,460.822021484375,1313.24,460.82,0.00286697387696222,-0.002021484375006821,0.0035079820822775734
9,20,1521.5965690612793,562.0875816345215,1521.6,562.09,0.0034309387206121755,0.0024183654785474573,0.004197598371977241
9,21,1331.816493988037,407.634521484375,1331.82,407.63,0.0035060119628269604,-0.0045214843750045475,0.005721533084488459
9,22,1337.7945823669434,357.4236602783203,1337.79,357.42,-0.004582366943395755,-0.003660278320296584,0.005864786797996951
9,23,1589.2111320495605,452.7626953125,1589.21,452.76,-0.0011320495605104952,-0.002695312500009095,0.00292339625780654
9,24,1195.066493988037,270.41651916503906,1195.07,270.42,0.0035060119628269604,0.003480834960953416,0.004940478914931357
9,25,1321.228099822998,309.3914909362793,1321.23,309.39,0.001900177001971315,-0.0014909362793105174,0.002415277132708581
9,26,1441.8573112487793,350.0,1441.86,350.0,0.0026887512206030806,0.0,0.0026887512206030806
9,27,1700.5111656188965,438.0,1700.51,438.0,-0.00116561889649347,0.0,0.00116561889649347
9,28,1901.1984672546387,509.66258239746094,1901.2,509.66,0.0015327453613735997,-0.002582397460912489,0.0030030126521444355
9,31,498.12415313720703,474.822021484375,498.12,474.82,-0.0041531372070267025,-0.002021484375006821,0.004618976914727576
10,13,214.51890087127686,325.4833984375,214.52,325.48,0.001099128723154763,-0.00339843749998181,0.0035717588652296275
10,14,222.19077587127686,435.86651611328125,222.19,435.87,-0.0007758712768577425,0.0034838867187545475,0.0035692356194803377
10,15,232.55510997772217,574.2658185958862,232.56,574.27,0.004890022277834305,0.004181404113751341,0.006434007945302247
10,16,285.86665534973145,959.7515745162964,285.87,959.75,0.003344650268559235,-0.0015745162963867188,0.0036967265230959017
10,17,1019.3614206314087,329.2373046875,1019.36,329.24,-0.0014206314086777638,0.002695312500009095,0.0030467856951264306
10,18,1135.1584062576294,380.24266052246094,1135.16,380.24,0.0015937423706873233,-0.002660522460928405,0.003101353657554808
10,19,1312.4278497695923,460.61651611328125,1312.43,460.62,0.0021502304077785084,0.0034838867187545475,0.004094014835787684
10,20,1520.9474267959595,562.0656862258911,1520.95,562.07,0.0025732040405728185,0.004313774108936741,0.005022949939761818
10,21,1331.3623704910278,407.47589111328125,1331.36,407.48,-0.0023704910279320757,0.00410888671876819,0.004743646042990149
10,22,1337.3459367752075,357.31774520874023,1337.35,357.32,0.004063224792389519,0.002254791259758804,0.004646921490468022
10,23,1588.9083490371704,452.572021484375,1588.91,452.57,0.0016509628296716983,-0.002021484375006821,0.0026099956596428086
10,24,1194.2998704910278,270.0623893737793,1194.3,270.06,0.00012950897212249401,-0.0023893737792946013,0.002392881031526806
10,25,1320.9210748672485,309.0436182022095,1320.92,309.04,-0.0010748672484623967,-0.0036182022094521926,0.0037744836508192547
10,26,1441.8929834365845,349.75,1441.89,349.75,-0.002983436584372612,0.0,0.002983436584372612
10,27,1700.6333742141724,438.0,1700.63,438.0,-0.003374214172254142,0.0,0.003374214172254142
10,28,1901.148850440979,509.4969367980957,1901.15,509.5,0.0011495590210870432,0.003063201904296875,0.0032718025382731464
10,31,495.5931148529053,474.86651611328125,495.59,474.87,-0.0031148529052984486,0.0034838867187545475,0.004673304536488128
11,13,211.13917565345764,325.362548828125,192.4,325.4,-18.739175653457636,0.03745117187497726,18.73921307743242
11,14,218.89308190345764,435.89988708496094,213.5,443.9,-5.393081903457642,8.00011291503904,9.648167653537989
11,15,229.41633248329163,574.6993639469147,237.4,589.9,7.98366751670838,15.200636053085304,17.16969083692835
11,16,282.8999915122986,961.5636808872223,294.5,961.6,11.600008487701416,0.0363191127777327,11.600065344328792
11,17,1018.0210654735565,328.927978515625,1018.7,326.9,0.6789345264435269,-2.0279785156250227,2.13860911599894
11,18,1134.118804693222,380.1819953918457,1128.8,381.5,-5.318804693222091,1.3180046081542969,5.479673303378342
11,19,1311.5708873271942,460.46238708496094,1287.6,459.1,-23.970887327194305,-1.3623870849609148,24.009571795896584
11,20,1520.4605700969696,562.0492646694183,1493.2,558.7,-27.26057009696956,-3.3492646694182895,27.465546705601994
11,21,1330.7717778682709,407.35691833496094,1330.77,407.36,-0.0017778682708922133,0.0030816650390761424,0.0035577345322142053
11,22,1336.7594525814056,356.9883089065552,1338.1,350.3,1.3405474185942694,-6.688308906555164,6.821330032406063
11,23,1588.4312617778778,452.42901611328125,1587.8,443.1,-0.6312617778778531,-9.329016113281227,9.350349355723042
11,24,1193.4749028682709,269.7967920303345,1201.5,261.8,8.025097131729126,-7.996792030334461,11.32920415343054
11,25,1320.1908061504364,308.7827136516571,1322.9,300.1,2.7091938495636896,-8.682713651657082,9.095561976655757
11,26,1441.4197375774384,349.5625,1442.1,341.6,0.6802624225615546,-7.962499999999977,7.991505691266756
11,27,1700.2250306606293,437.75,1711.3,429.5,11.074969339370682,-8.25,13.810048727937229
11,28,1901.1116378307343,509.3727025985718,1901.11,509.37,-0.001637830734352974,-0.0027025985717727963,0.003160146919771225
11,31,492.94483613967896,474.89988708496094,505.4,482.0,12.455163860321022,7.1001129150390625,14.336760798512032
12,13,207.85438174009323,325.27191162109375,207.85,325.27,-0.0043817400932368855,-0.00191162109376819,0.004780579614525741
12,14,215.41981142759323,435.9249153137207,215.42,435.92,0.00018857240675629328,-0.004915313720687209,0.004918929611751503
12,15,226.06224936246872,575.024522960186,226.06,575.02,-0.0022493624687172087,-0.0045229601860228286,0.005051415678799483
12,16,279.92499363422394,963.1727606654167,279.92,963.17,-0.004993634223922072,-0.0027606654167584566,0.005705931677264628
12,17,1016.7657991051674,328.69598388671875,1016.77,328.7,0.004200894832592894,0.004016113281238631,0.005811771096855675
12,18,1133.0891035199165,380.1364965438843,1133.09,380.14,0.0008964800833837216,0.003503456115709014,0.003616335340452068
12,19,1310.9281654953957,460.3467903137207,1310.93,460.35,0.0018345046044032642,0.0032096862793196124,0.0036969572833925675
12,20,1520.0954275727272,562.0369485020638,1520.1,562.04,0.004572427272705681,0.0030514979362123995,0.005497156612185181
12,21,1330.0788334012032,407.2676887512207,1330.08,407.27,0.0011665987967717228,0.002311248779278685,0.00258898120355217
12,22,1336.0695894360542,356.7412316799164,1336.07,356.74,0.00041056394570659904,-0.001231679916372741,0.0012983058845704018
12,23,1588.0734463334084,452.32176208496094,1588.07,452.32,-0.0034463334084193775,-0.0017620849609443212,0.0038706791873744425
12,24,1192.6061771512032,269.34759402275085,1192.61,269.35,0.003822848796744438,0.002405977249168245,0.0045169568789491
12,25,1319.6431046128273,308.5870352387428,1319.64,308.59,-0.003104612827200981,0.0029647612571466198,0.004292834741601227
12,26,1441.0648031830788,349.421875,1441.06,349.42,-0.004803183078820439,-0.0018749999999840838,0.005156180048117725
12,27,1700.168772995472,437.5625,1700.17,437.56,0.0012270045281184139,-0.0024999999999977263,0.0027848770371439605
12,28,1901.0837283730507,509.27952694892883,1901.08,509.28,-0.003728373050762457,0.00047305107113970735,0.003758263285289919
12,31,490.4586271047592,474.9249153137207,490.46,474.92,0.0013728952407632278,-0.004915313720687209,0.005103444945807317
13,13,204.89078630506992,324.9539337158203,204.89,324.95,-0.0007863050699370433,-0.003933715820323869,0.00401153285142662
13,14,212.31485857069492,435.9436864852905,212.31,435.94,-0.004858570694921127,-0.0036864852905296175,0.006098842758658203
13,15,223.04668702185154,575.2683922201395,223.05,575.27,0.003312978148471757,0.001607779860478331,0.0036824964754920094
13,16,276.94374522566795,964.3795704990625,276.94,964.38,-0.003745225667955765,0.00042950093745730555,0.003769772719832246
13,17,1015.5743493288755,328.52198791503906,1015.57,328.52,-0.004349328875491665,-0.00198791503908069,0.0047820986888382775
13,18,1132.0668276399374,379.8523724079132,1132.07,379.85,0.0031723600625355175,-0.0023724079131852704,0.003961336601819447
13,19,1310.1961241215467,460.2600927352905,1310.2,460.26,0.0038758784533001744,-9.27352905364387e-05,0.003876987699086422
13,20,1519.5715706795454,562.0277113765478,1519.57,562.03,-0.0015706795454661915,0.0022886234521592996,0.0027757578317136084
13,21,1329.5591250509024,407.2007665634155,1329.56,407.2,0.0008749490975787921,-0.0007665634155387124,0.0011632520764633602
13,22,1335.5521920770407,356.5559237599373,1335.55,356.56,-0.002192077040717777,0.004076240062715897,0.0046282755753446776
13,23,1588.0550847500563,452.2413215637207,1588.06,452.24,0.004915249943678646,-0.00132156372069403,0.0050898146014061825
13,24,1191.9546328634024,269.01069551706314,1191.95,269.01,-0.0046328634023211634,-0.0006955170631499641,0.004684780388630782
13,25,1319.2323284596205,308.1902764290571,1319.23,308.19,-0.002328459620457579,-0.0002764290571235506,0.0023448107018955
13,26,1441.048602387309,349.06640625,1441.05,349.07,0.0013976126908801234,0.003593749999993179,0.0038559512829080393
13,27,1700.376579746604,437.421875,1700.38,437.42,0.00342025339614338,-0.0018749999999840838,0.0039004818027739393
13,28,1901.312796279788,509.2096452116966,1901.31,509.21,-0.0027962797880718426,0.0003547883033547805,0.0028186974639674393
13,31,488.0939703285694,474.9436864852905,488.09,474.94,-0.0039703285694372425,-0.0036864852905296175,0.00541790390710105
14,13,201.91808972880244,324.71545028686523,201.92,324.72,0.0019102711975449438,0.00454971313479291,0.004934473189417176
14,14,209.2361439280212,435.9577648639679,209.24,435.96,0.0038560719788165443,0.0022351360320840286,0.004457030871301485
14,15,220.03501526638865,575.7012941651046,220.04,575.7,0.004984733611337333,-0.0012941651045821345,0.005149993446006919
14,16,273.70780891925097,965.7846778742969,273.71,965.78,0.002191080749014418,-0.004677874296930895,0.00516559220095705
14,17,1014.1807619966567,328.1414909362793,1014.18,328.14,-0.0007619966567062875,-0.0014909362793105174,0.0016743744783637407
14,18,1130.800120729953,379.6392793059349,1130.8,379.64,-0.00012072995309608814,0.0007206940650803517,0.0007307363799733977
14,19,1309.39709309116,460.1950695514679,1309.4,460.2,0.0029069088400319743,0.0049304485320931235,0.005723586439626406
14,20,1519.178678009659,562.2707835324109,1519.18,562.27,0.0013219903410117695,-0.0007835324108782515,0.0015367437979784072
14,21,1328.9193437881768,407.15057492256165,1328.92,407.15,0.0006562118232977809,-0.0005749225616682452,0.0008724390574423954
14,22,1334.9141440577805,356.41694281995296,1334.91,356.42,-0.004144057780422372,0.0030571800470511334,0.0051497150142087245
14,23,1588.0413135625422,452.1809911727905,1588.04,452.18,-0.0013135625422364683,-0.0009911727905205225,0.0016455607108323209
14,24,1190.9659746475518,268.50802163779736,1190.97,268.51,0.004025352448252306,0.001978362202635253,0.004485240164970729
14,25,1318.6742463447154,307.89270732179284,1318.67,307.89,-0.004246344715284067,-0.0027073217928546,0.0050359740598107106
14,26,1440.7864517904818,348.7998046875,1440.79,348.8,0.003548209518157819,0.00019531250001136868,0.003553580976621531
14,27,1700.532434809953,437.31640625,1700.53,437.32,-0.0024348099530016043,0.003593749999993179,0.004340891448733388
14,28,1901.984597209841,509.15723390877247,1901.98,509.16,-0.004597209840994765,0.002766091227556444,0.005365221244394664
14,31,485.82047774642706,474.9577648639679,485.82,474.96,-0.0004777464270659948,0.0022351360320840286,0.0022856234883494395
15,13,199.43856729660183,324.5365877151489,199.44,324.54,0.0014327033981658133,0.0034122848510946824,0.0037008548920656327
15,14,206.6771079460159,435.9683236479759,206.68,435.97,0.002892053984112408,0.001676352024105654,0.003342773153497493
15,15,217.2762614497915,575.7759706238285,217.28,575.78,0.0037385502085101052,0.004029376171502008,0.005496601676765302
15,16,270.7808566894382,966.0885084057227,270.78,966.09,-0.0008566894382511236,0.0014915942773541246,0.0017201076367037613
15,17,1012.6355714974925,328.1061182022095,1012.64,328.11,0.004428502507494159,0.003881797790540986,0.005888971773198691
15,18,1129.6000905474648,379.4794594794512,1129.6,379.48,-9.054746487890952e-05,0.0005405205488386855,0.0005480522850174709
15,19,1308.54781981837,460.1463021636009,1308.55,460.15,0.002180181629910294,0.0036978363990556318,0.004292689829649823
15,20,1518.6340085072443,562.2030876493081,1518.63,562.2,-0.004008507244179782,-0.0030876493080995715,0.005059813096987828
15,21,1328.1895078411326,407.11293119192123,1328.19,407.11,0.0004921588674733357,-0.0029311919212204884,0.0029722224731437742
15,22,1334.1856080433354,356.3127071149647,1334.19,356.31,0.0043919566646764,-0.0027071149647213133,0.0051592397479292935
15,23,1587.7809851719067,452.1357433795929,1587.78,452.14,-0.0009851719066773512,0.00425662040709085,0.004369139615046487
15,24,1189.9744809856638,268.381016228348,1189.97,268.38,-0.004480985663803949,-0.0010162283480212864,0.004594774485710762
15,25,1318.0056847585365,307.66953049134463,1318.01,307.67,0.004315241463473285,0.0004695086553851979,0.004340708152543854
15,26,1440.3398388428614,348.599853515625,1440.34,348.6,0.00016115713856379443,0.00014648437502273737,0.0002177826793752708
15,27,1700.3993261074647,437.2373046875,1700.4,437.24,0.0006738925353602099,0.002695312500009095,0.002778280155405406
15,28,1902.2384479073808,509.11792543157935,1902.24,509.12,0.001552092619249379,0.0020745684206531223,0.002590912123307077
15,31,483.6153583098203,475.2183236479759,483.62,475.22,0.004641690179710167,0.001676352024105654,0.004935123487121769
16,13,197.32892547245137,324.4024407863617,197.33,324.4,0.0010745275486385708,-0.0024407863617170733,0.0026668422368650315
16,14,204.50783095951192,435.97624273598194,204.51,435.98,0.0021690404880700953,0.0037572640180769667,0.004338406336481546
16,15,214.95719608734362,575.8319779678714,214.96,575.83,0.0028039126563896843,-0.001977967871312103,0.003431367523977166
16,16,268.33564251707867,966.566381304292,268.34,966.57,0.00435748292130711,0.0036186957080417415,0.0056641518373789085
16,17,1011.2266786231194,327.8295886516571,1011.23,327.83,0.0033213768806490407,0.00041134834287959166,0.0033467524322094303
16,18,1128.4500679105986,379.3595946095884,1128.45,379.36,-6.79105985454953e-05,0.0004053904116290141,0.0004110392137443202
16,19,1307.6608648637775,460.1097266227007,1307.66,460.11,-0.000864863777451319,0.0002733772993224193,0.0009070416205071211
16,20,1517.9755063804332,562.4023157369811,1517.98,562.4,0.004493619566801499,-0.002315736981131522,0.005055220527031578
16,21,1327.3921308808494,406.8346983939409,1327.39,406.83,-0.002130880849335881,-0.004698393940941514,0.005159026925529885
16,22,1333.3892060325015,356.23453033622354,1333.39,356.23,0.0007939674985664169,-0.0045303362235245,0.004599383729040016
16,23,1587.33573887893,452.1018075346947,1587.34,452.1,0.004261121069930596,-0.0018075346946488935,0.004628642829703534
16,24,1188.9808607392479,268.035762171261,1188.98,268.04,-0.0008607392478552356,0.0042378287390079095,0.004324357116839423
16,25,1317.5042635689024,307.5021478685085,1317.5,307.5,-0.004263568902388215,-0.0021478685084730387,0.004774029630731469
16,26,1439.754879132146,348.44989013671875,1439.75,348.45,-0.004879132146015763,0.00010986328123863132,0.00488036888348093
16,27,1700.2994945805985,437.177978515625,1700.3,437.18,0.0005054194014064706,0.002021484375006821,0.0020837101165264793
16,28,1902.4288359305356,509.0884440736845,1902.43,509.09,0.0011640694644938776,0.00155592631546142,0.0019431840924916026
16,31,481.9615187323652,475.16374273598194,481.96,475.16,-0.0015187323652412488,-0.003742735981916212,0.004039136123920756
17,13,194.74669410433853,324.05183058977127,194.75,324.05,0.003305895661469549,-0.0018305897712593833,0.0037788893917608474
17,14,202.13087321963394,435.98218205198646,202.13,435.98,-0.0008732196339451548,-0.0021820519864377275,0.0023502900673372518
17,15,212.4678970655077,576.1239834759035,212.47,576.12,0.002102934492285158,-0.003983475903510225,0.004504488178771173
17,16,266.001731887809,967.674785978219,266.0,967.67,-0.0017318878090009093,-0.004785978219047138,0.005089697721491875
17,17,1010.1700089673395,327.6221914887428,1010.17,327.62,-8.967339567789168e-06,-0.0021914887428238217,0.002191507089448368
17,18,1127.587550932949,379.2696959571913,1127.59,379.27,0.002449067050974918,0.0003040428086933389,0.0024678677942080113
17,19,1307.2456486478331,460.0822949670255,1307.25,460.08,0.00435135216685012,-0.0022949670255343335,0.004919465349836416
17,20,1517.731629785325,562.5517368027358,1517.73,562.55,-0.0016297853248943284,-0.0017368027358770632,0.002381739689510792
17,21,1326.794098160637,406.6260237954557,1326.79,406.63,-0.004098160637113324,0.003976204544301254,0.005710089595243408
17,22,1333.0419045243762,355.92589775216766,1333.04,355.93,-0.0019045243761866004,0.0041022478323498035,0.00452279232084645
17,23,1587.2518041591975,452.076355651021,1587.25,452.08,-0.0018041591974906623,0.0036443489789803607,0.004066481266461871
17,24,1188.235645554436,267.52682162844576,1188.24,267.53,0.004354445564104026,0.0031783715542132995,0.005391033473034414
17,25,1317.1281976766768,307.12661090138135,1317.13,307.13,0.001802323323317978,0.0033890986186406735,0.0038385360241435904
17,26,1439.5661593491095,348.08741760253906,1439.57,348.09,0.003840650890424513,0.002582397460912489,0.004628107162571528
17,27,1700.224620935449,437.13348388671875,1700.22,437.13,-0.004620935448883756,-0.0034838867187545475,0.0057870986765273715
17,28,1902.5716269479017,509.0663330552634,1902.57,509.07,-0.001626947901741005,0.003666944736608002,0.0040116633926984184
17,31,479.9711390492739,475.12280705198646,479.97,475.12,-0.001139049273888304,-0.00280705198645137,0.0030293520929377048
18,13,192.0600205782539,323.78887294232845,192.06,323.79,-2.0578253895564558e-05,0.0011270576715673997,0.0011272455187634673
18,14,199.59815491472546,435.98663653898984,199.6,435.99,0.0018450852745388602,0.003363461010167157,0.0038363015571295763
18,15,209.85092279913079,576.3429876069276,209.85,576.34,-0.0009227991307909633,-0.002987606927604247,0.0031268759792574836
18,16,263.50129891585675,969.0060894836643,263.5,969.01,-0.001298915856750682,0.003910516335736247,0.004120597094472887
18,17,1009.1275067255046,327.2166436165571,1009.13,327.22,0.002493274495350306,0.003356383442906008,0.004181115583785972
18,18,1126.6906631997117,379.20227196789347,1126.69,379.2,-0.000663199711652851,-0.002271967893477722,0.0023667851542820743
18,19,1306.6842364858749,460.06172122526914,1306.68,460.06,-0.0042364858747987455,-0.0017212252691365393,0.004572792253588987
18,20,1517.5487223389937,562.6638026020519,1517.55,562.66,0.0012776610062701366,-0.0038026020519055237,0.004011508445971331
18,21,1326.3455736204778,406.46951784659177,1326.35,406.47,0.0044263795221013424,0.0004821534082566359,0.004452561912289553
18,22,1332.531428393282,355.69442331412574,1332.53,355.69,-0.0014283932821399503,-0.004423314125745037,0.004648227105411064
18,23,1587.1888531193981,452.05726673826575,1587.19,452.06,0.001146880601936573,0.0027332617342494814,0.002964128003816785
18,24,1187.426734165827,267.1451162213343,1187.43,267.15,0.003265834173134863,0.004883778665657701,0.00587511420327714
18,25,1316.5961482575076,306.844958176036,1316.6,306.84,0.0038517424923156796,-0.004958176036041095,0.0062784894545967335
18,26,1439.4246195118321,347.8155632019043,1439.42,347.82,-0.004619511832061107,0.004436798095696304,0.0064050813350438355
18,27,1700.4184657015867,437.10011291503906,1700.42,437.1,0.0015342984133894788,-0.00011291503903976263,0.0015384477330643454
18,28,1902.9287202109263,509.04974979144754,1902.93,509.05,0.0012797890738056594,0.0002502085524724862,0.001304018555528534
18,31,477.97835428695544,475.09210528898984,477.98,475.09,0.0016457130445814983,-0.002105288989866949,0.0026721925746399163
19,13,189.29501543369042,323.59165470674634,189.3,323.59,0.00498456630958799,-0.001654706746364809,0.005252043003550604
19,14,196.6986161860441,435.7399774042424,196.7,435.74,0.0013838139558970397,2.2595757627641433e-05,0.001383998422252779
19,15,206.8881920993481,576.5072407051957,206.89,576.51,0.0018079006518973983,0.0027592948042638454,0.00329881987746656
19,16,260.37597418689256,969.7545671127482,260.38,969.75,0.004025813107432441,-0.0045671127481909934,0.00608815982302235
19,17,1008.0956300441285,326.91248271241784,1008.1,326.91,0.0043699558715388775,-0.0024827124178159465,0.0050259700823596844
19,18,1125.7679973997838,378.9017039759201,1125.77,378.9,0.0020026002162012446,-0.0017039759201225024,0.002629437499216629
19,19,1306.0131773644061,460.04629091895185,1306.01,460.05,-0.0031773644061559025,0.003709081048157259,0.0048839458219052554
19,20,1517.1615417542453,562.7478519515389,1517.16,562.75,-0.001541754245181437,0.0021480484610947315,0.002644072303048165
19,21,1326.0091802153584,406.3521383849438,1326.01,406.35,0.000819784641635124,-0.0021383849438052493,0.0022901390845435146
19,22,1332.1485712949616,355.5208174855943,1332.15,355.52,0.0014287050385064504,-0.0008174855943252624,0.0016460500551268317
19,23,1587.1416398395486,452.0429500536993,1587.14,452.04,-0.0016398395484884531,-0.0029500536992941306,0.0033751874871636093
19,24,1186.8200506243702,266.85883716600074,1186.82,266.86,-5.0624370260266005e-05,0.0011628339992739711,0.0011639354521328692
19,25,1316.1971111931307,306.633718632027,1316.2,306.63,0.0028888068693504465,-0.0037186320270166107,0.004708867091006073
19,26,1439.318464633874,347.6116724014282,1439.32,347.61,0.0015353661258359352,-0.0016724014282090138,0.0022703029924307453
19,27,1700.56384927619,437.0750846862793,1700.56,437.08,-0.0038492761900670303,0.004915313720687209,0.006243175166547299
19,28,1903.4465401581947,509.03731234358565,1903.45,509.04,0.003459841805351971,0.0026876564143663018,0.004381096018092449
19,31,475.7337657152166,475.0690789667424,475.73,475.07,-0.003765715216559329,0.0009210332576117253,0.003876714247123889
20,13,186.47126157526782,323.19374103005975,186.47,323.19,-0.001261575267818671,-0.0037410300597571222,0.003948022044565877
20,14,193.77396213953307,435.3049830531818,193.77,435.3,-0.003962139533058462,-0.0049830531817747215,0.006366268034870972
20,15,203.66614407451107,576.3804305288968,203.67,576.38,0.003855925488920775,-0.0004305288967998422,0.003879886146150246
20,16,257.0319806401694,970.0659253345611,257.03,970.07,-0.0019806401694495435,0.004074665438906777,0.004530544550035732
20,17,1006.8217225330964,326.4343620343134,1006.82,326.43,-0.0017225330963128727,-0.004362034313373897,0.004689825542484976
20,18,1124.8259980498378,378.6762779819401,1124.83,378.68,0.004001950162091816,0.0037220180599319974,0.005465256035935249
20,19,1305.5098830233046,460.0347181892139,1305.51,460.03,0.00011697669538079936,-0.004718189213917867,0.004719639075776146
20,20,1516.621156315684,562.8108889636542,1516.62,562.81,-0.001156315684056608,-0.0008889636542335211,0.001458534312158448
20,21,1325.5068851615188,406.01410378870787,1325.51,406.01,0.0031148384812240693,-0.004103788707880085,0.005152019072464539
20,22,1331.8614284712212,355.14061311419573,1331.86,355.14,-0.0014284712212884187,-0.0006131141957439468,0.0015544899636446591
20,23,1587.1062298796614,451.7822125402745,1587.11,451.78,0.0037701203384585824,-0.0022125402745132305,0.004371400442970437
20,24,1186.3650379682776,266.39412787450055,1186.37,266.39,0.00496203172224341,-0.004127874500568396,0.006454541556531547
20,25,1316.147833394848,306.22528897402026,1316.15,306.23,0.0021666051520696783,0.0047110259797591425,0.005185358586148161
20,26,1439.2388484754056,347.45875430107117,1439.24,347.46,0.0011515245944337948,0.0012456989288125442,0.0016964005166323888
20,27,1700.9228869571425,437.0563135147095,1700.92,437.06,-0.002886957142436586,0.0036864852905296175,0.0046823813748515675
20,28,1904.084905118646,509.02798425768924,1904.08,509.03,-0.0049051186460928875,0.0020157423107320938,0.0053031505725864205
20,31,473.30032428641243,475.0518092250568,473.3,475.05,-0.00032428641242177036,-0.0018092250567747215,0.001838057937972271
21,13,183.85344618145086,322.8953057725448,183.85,322.9,-0.003446181450868835,0.004694227455161126,0.005823395744160011
21,14,191.0804716046498,435.22873728988634,191.08,435.23,-0.00047160464978901473,0.0012627101136786223,0.0013479049584035584
21,15,200.7496080558833,576.5353228966726,200.75,576.54,0.00039194411669996043,0.004677103327367149,0.004693497174334355
21,16,254.02398548012707,970.7994440009209,254.02,970.8,-0.003985480127056462,0.0005559990790970915,0.004024075896292068
21,17,1005.6162918998223,326.07577152573504,1005.62,326.08,0.0037081001777323763,0.004228474264948545,0.005624055612939031
21,18,1123.8694985373784,378.50720848645506,1123.87,378.51,0.0005014626215142926,0.002791513544934787,0.0028361968606446146
21,19,1304.8824122674785,460.0260386419104,1304.88,460.03,-0.00241226747834844,0.003961358089554778,0.0046380375484442364
21,20,1516.465867236763,562.8581667227406,1516.47,562.86,0.004132763237066683,0.0018332772593794289,0.004521132323147338
21,21,1325.130163871139,405.7605778415309,1325.13,405.76,-0.00016387113896598748,-0.0005778415309123375,0.0006006284916927633
21,22,1331.646071353416,354.8554598356468,1331.65,354.86,0.003928646584199669,0.004540164353215914,0.006003945064518513
21,23,1587.329672409746,451.58665940520586,1587.33,451.59,0.00032759025384621054,0.0033405947941105296,0.003356618678499748
21,24,1186.0237784762082,266.0455959058754,1186.02,266.05,-0.003778476208253778,0.004404094124595304,0.00580283788457292
21,25,1316.110875046136,305.9189667305152,1316.11,305.92,-0.0008750461361159978,0.0010332694848216306,0.0013540131345725916
21,26,1439.4291363565542,347.0940657258034,1439.43,347.09,0.0008636434458821896,-0.004065725803400255,0.004156441544163699
21,27,1701.4421652178569,436.7922351360321,1701.44,436.79,-0.0021652178568274394,-0.0022351360320840286,0.0031119128280600577
21,28,1904.8136788389845,509.02098819326693,1904.81,509.02,-0.0036788389845696656,-0.000988193266948656,0.0038092495595894245
21,31,471.2252432148093,475.0388569187926,471.23,475.04,0.004756785190693336,0.001143081207430896,0.004892201957930714
22,13,181.39008463608815,322.6714793294086,181.39,322.67,-8.463608816100532e-05,-0.0014793294085961861,0.0014817485503811837
22,14,188.56035370348735,435.17155296741475,188.56,435.17,-0.0003537034873488665,-0.0015529674147387595,0.0015927378780587647
22,15,198.06220604191248,576.6514921725045,198.06,576.65,-0.002206041912472756,-0.001492172504526934,0.0026633061601799815
22,16,250.7679891100953,970.8495830006907,250.77,970.85,0.0020108899047102113,0.0004169993093228186,0.002053671500713089
22,17,1004.4622189248666,325.8068286443013,1004.46,325.81,-0.002218924866610905,0.0031713556987256197,0.003870545766620476
22,18,1122.9021239030337,378.3804063648413,1122.9,378.38,-0.002123903033634633,-0.00040636484129663586,0.0021624283758137374
22,19,1304.1618092006088,460.0195289814328,1304.16,460.02,-0.0018092006087044865,0.00047101856716835755,0.0018695093830077497
22,20,1516.0994004275722,562.8936250420554,1516.1,562.89,0.0005995724277454428,-0.003625042055432459,0.0036742913602171717
22,21,1324.8476229033542,405.5704333811482,1324.85,405.57,0.002377096645659549,-0.0004333811481842531,0.0024162797194048915
22,22,1331.4845535150619,354.6415948767351,1331.48,354.64,-0.004553515061843427,-0.0015948767351119386,0.004824741570139925
22,23,1587.4972543073095,451.4399945539044,1587.5,451.44,0.002745692690496071,5.446095599381806e-06,0.0027456980916701003
22,24,1185.5178338571561,265.78419692940656,1185.52,265.78,0.0021661428438619623,-0.004196929406589334,0.004722964245461603
22,25,1316.083156284602,305.6892250478864,1316.08,305.69,-0.003156284602027881,0.0007749521136020121,0.003250028194858396
22,26,1439.5718522674156,346.82054929435253,1439.57,346.82,-0.0018522674156429275,-0.0005492943525382543,0.001931998671009623
22,27,1702.0816239133926,436.5941763520241,1702.08,436.59,-0.001623913392677423,-0.00417635202410338,0.004480960938922532
22,28,1905.6102591292383,509.0157411449502,1905.61,509.02,-0.00025912923842952296,0.004258855049783961,0.00426673110205921
22,31,469.168932411107,475.02914268909444,469.17,475.03,0.0010675888930222754,0.0008573109055305395,0.001369207081944189
23,13,178.7925634770661,322.50360949705646,178.79,322.5,-0.0025634770661042694,-0.0036094970564590767,0.0044271755859723125
23,14,185.9202652776155,435.12866472556107,185.92,435.13,-0.00026527761551164986,0.0013352744389294458,0.0013613706477480308
23,15,195.29665453143434,576.9886191293783,195.3,576.99,0.0033454685656693073,0.0013808706216877908,0.003619249037814596
23,16,248.07599183257148,971.3871872505181,248.08,971.39,0.00400816742853749,0.002812749481904575,0.004896628001302865
23,17,1003.34666419365,325.60512148322596,1003.35,325.61,0.0033358063500372737,0.004878516774056152,0.005909951769659059
23,18,1122.1765929272754,378.28530477363097,1122.18,378.29,0.0034070727247126342,0.004695226369051397,0.005801146025408802
23,19,1303.8713569004567,460.0146467360746,1303.87,460.01,-0.001356900456812582,-0.004646736074619184,0.004840799003972949
23,20,1516.074550320679,562.9202187815415,1516.07,562.92,-0.0045503206790726836,-0.0002187815415481964,0.004555577202212546
23,21,1324.6357171775157,405.42782503586113,1324.64,405.43,0.004282822484356075,0.0021749641388737473,0.004803440166994148
23,22,1331.3634151362965,354.4811961575513,1331.36,354.48,-0.0034151362965531007,-0.0011961575513055323,0.0036185561777564925
23,23,1587.8729407304822,451.3299959154283,1587.87,451.33,-0.002940730482350773,4.0845716853255e-06,0.00294073331901294
23,24,1185.1383753928671,265.3381476970549,1185.14,265.34,0.0016246071329533152,0.0018523029450534523,0.0024638130076563205
23,25,1316.0623672134516,305.2669187859148,1316.06,305.27,-0.0023672134516345977,0.0030812140851708136,0.003885560418299373
23,26,1439.9288892005616,346.6154119707644,1439.93,346.62,0.0011107994384929043,0.004588029235605973,0.0047205812840508616
23,27,1702.8112179350444,436.44563226401806,1702.81,436.45,-0.0012179350444512238,0.0043677359819298545,0.004534366921671332
23,28,1906.4576943469287,509.01180585871265,1906.46,509.01,0.002305653071289271,-0.001805858712657482,0.002928679186122404
23,31,467.1266993083302,475.27185701682083,467.13,475.27,0.0033006916697786437,-0.0018570168208498217,0.003787225497889624
24,13,176.59442260779957,322.12770712279234,176.59,322.13,-0.004422607799568823,0.002292877207651145,0.004981640858007841
24,14,183.69019895821162,435.0964985441708,183.69,435.1,-0.00019895821162663196,0.0035014558292232323,0.003507103832790672
24,15,192.97249089857576,577.2414643470338,192.97,577.24,-0.002490898575757683,-0.0014643470337887265,0.002889444228580558
24,16,245.8069938744286,971.7903904378886,245.81,971.79,0.0030061255714031176,-0.0003904378886545601,0.003031374720475968
24,17,1002.5099981452374,325.45384111241947,1002.51,325.45,1.854762558650691e-06,-0.0038411124194794866,0.0038411128672851706
24,18,1121.3824446954566,378.2139785802232,1121.38,378.21,-0.002444695456460977,-0.003978580223247263,0.004669650572329282
24,19,1303.4035176753425,460.01098505205596,1303.4,460.01,-0.0035176753424366325,-0.000985052055966662,0.0036529943016313108
24,20,1515.8059127405093,562.9401640861561,1515.81,562.94,0.004087259490688666,-0.00016408615601903875,0.004090551846734335
24,21,1324.2267878831367,405.32086877689585,1324.23,405.32,0.0032121168633238995,-0.0008687768958566267,0.003327531823803349
24,22,1331.0225613522223,354.3608971181635,1331.02,354.36,-0.0025613522223011387,-0.00089711816349336,0.002713917133214771
24,23,1588.1547055478618,451.2474969365712,1588.15,451.25,-0.0047055478617039626,0.0025030634287759312,0.0053298693424194046
24,24,1184.6037815446502,265.0036107727912,1184.6,265.0,-0.0037815446503373096,-0.0036107727912053633,0.005228552389735011
24,25,1315.7967754100887,304.9501890894361,1315.8,304.95,0.0032245899112695042,-0.00018908943610540518,0.003230129240557989
24,26,1439.9466669004212,346.4615589780733,1439.95,346.46,0.0033330995788674045,-0.0015589780733193948,0.0036796692019442074
24,27,1703.3584134512832,436.33422419801354,1703.36,436.33,0.0015865487166593084,-0.004224198013559999,0.004512314892391436
24,28,1907.0932707601964,509.0088543940345,1907.09,509.01,-0.0032707601965284994,0.0011456059655188255,0.0034655858511119684
24,31,465.59502448124766,475.2038927626156,465.6,475.2,0.004975518752360131,-0.0038927626156350925,0.006317387722530055
25,13,174.1958169558497,321.84578034209426,174.2,321.85,0.004183044150295245,0.004219657905764507,0.005941664009770342
25,14,181.51764921865873,435.0723739081281,181.52,435.07,0.0023507813412777523,-0.00237390812810645,0.0033408999858106346
25,15,190.72936817393182,577.4310982602753,190.73,577.43,0.0006318260681723586,-0.0010982602753983883,0.0012670358372754442
25,16,243.85524540582145,972.8427928284165,243.86,972.84,0.004754594178564275,-0.002792828416431803,0.005514168692238774
25,17,1001.632498608928,325.0903808343146,1001.63,325.09,-0.002498608928021895,-0.0003808343146260995,0.0025274654004332985
25,18,1120.7868335215924,377.9104839351674,1120.79,377.91,0.0031664784075928765,-0.00048393516738087783,0.003203245034645317
25,19,1303.052638256507,459.75823878904197,1303.05,459.76,-0.0026382565069980046,0.0017612109580227298,0.0031721067818370574
25,20,1515.8544345553819,562.955123064617,1515.85,562.96,-0.004434555381976679,0.0048769353829811735,0.0065916447238600516
25,21,1323.9200909123524,405.2406515826719,1323.92,405.24,-9.091235233427142e-05,-0.0006515826718782591,0.0006578943943361745
25,22,1330.7669210141667,354.02067283862266,1330.77,354.02,0.003078985833326442,-0.0006728386226768635,0.003151644899729445
25,23,1588.3660291608962,451.1856227024284,1588.37,451.19,0.0039708391036583635,0.004377297571579675,0.005910016685027181
25,24,1184.2028361584876,264.5027080795934,1184.2,264.5,-0.0028361584875256085,-0.0027080795933898116,0.003921414292126997
25,25,1315.5975815575666,304.46264181707704,1315.6,304.46,0.002418442433281598,-0.0026418170770625693,0.0035816282989384078
25,26,1439.9600001753158,346.096169233555,1439.96,346.1,-1.7531579032947775e-07,0.003830766445048539,0.0038307664490602198
25,27,1703.7688100884625,436.25066814851016,1703.77,436.25,0.0011899115374944813,-0.000668148510158062,0.0013646654896673097
25,28,1907.5699530701472,509.00664079552587,1907.57,509.01,4.692985271503858e-05,0.0033592044741226346,0.0033595322754873752
25,31,463.94626836093573,475.1529195719617,463.95,475.15,0.003731639064255887,-0.0029195719617405302,0.004738040791895106
26,13,172.14686271688726,321.6343352565707,172.15,321.63,0.0031372831127498557,-0.0043352565706982205,0.005351354488662428
26,14,179.38823691399404,435.05428043109606,179.39,435.05,0.0017630860059512088,-0.004280431096049142,0.004629315568462086
26,15,188.79702613044887,577.5733236952065,188.8,577.57,0.002973869551141206,-0.003323695206404409,0.004459915910897922
26,16,241.89143405436607,973.8820946213124,241.89,973.88,-0.0014340543660864569,-0.0020946213123806956,0.002538493720136226
26,17,1000.724373956696,324.81778562573595,1000.72,324.82,-0.004373956695985726,0.0022143742640423625,0.004902545314386346
26,18,1120.0901251411942,377.68286295137557,1120.09,377.68,-0.00012514119430306891,-0.0028629513755618063,0.0028656850659733767
26,19,1302.7894786923803,459.56867909178146,1302.79,459.57,0.0005213076196923794,0.0013209082185312582,0.0014200563918847578
26,20,1515.8908259165364,563.2163422984628,1515.89,563.22,-0.0008259165363142529,0.00365770153723588,0.0037497891487995767
26,21,1323.6900681842644,405.1804886870039,1323.69,405.18,-6.81842643643904e-05,-0.0004886870038944835,0.0004934207957537663
26,22,1330.575190760625,353.765504628967,1330.58,353.77,0.004809239374935714,0.004495371032987805,0.006583095327401685
26,23,1588.5245218706723,451.1392170268213,1588.52,451.14,-0.00452187067230625,0.0007829731786728189,0.004589156935166239
26,24,1183.6521271188658,264.127031059695,1183.65,264.13,-0.00212711886570105,0.0029689403049815155,0.0036522925955302455
26,25,1315.448186168175,304.0969813628078,1315.45,304.1,0.0018138318250748853,0.0030186371922127364,0.0035216695455230437
26,26,1439.9700001314868,345.82212692516623,1439.97,345.82,-1.3148678590368945e-07,-0.00212692516623747,0.002126925170301735
26,27,1704.0766075663469,436.1880011113826,1704.08,436.19,0.003392433653061744,0.0019988886173791798,0.0039375324500394784
26,28,1908.1774648026103,509.0049805966444,1908.18,509.0,0.002535197389761379,-0.004980596644372781,0.005588700093849223
26,31,462.45970127070177,475.1146896789713,462.46,475.11,0.0002987292982084,-0.004689678971260491,0.004699183763920171
27,13,169.61014703766546,321.225751442428,169.61,321.23,-0.0001470376654424399,0.004248557571997935,0.004251101212349543
27,14,177.04117768549554,435.04071032332206,177.04,435.04,-0.0011776854955485305,-0.0007103233220391303,0.0013753189987265114
27,15,186.34776959783665,577.6799927714048,186.35,577.68,0.002230402163348799,7.228595109154412e-06,0.0022304138770322997
27,16,239.66857554077455,974.6615709659843,239.67,974.66,0.0014244592254328836,-0.0015709659843423651,0.002120617412189579
27,17,1000.043280467522,324.61333921930196,1000.04,324.61,-0.003280467522017716,-0.00333921930194947,0.004681009795922773
27,18,1119.5675938558957,377.51214721353165,1119.57,377.51,0.0024061441042704246,-0.002147213531657144,0.003224911688875661
27,19,1302.592109019285,459.4265093188361,1302.59,459.43,-0.0021090192851715983,0.00349068116389617,0.004078335117815263
27,20,1515.9181194374023,563.4122567238471,1515.92,563.41,0.0018805625977620366,-0.0022567238471538076,0.0029375701194038215
27,21,1323.5175511381983,404.88536651525294,1323.52,404.89,0.00244886180166759,0.004633484747046168,0.0052408114853308855
27,22,1330.4313930704689,353.57412847172526,1330.43,353.57,-0.0013930704687936668,-0.004128471725266536,0.004357169278023319
27,23,1588.8933914030042,451.10441277011597,1588.89,451.1,-0.0033914030041160004,-0.004412770115948206,0.005565442878381969
27,24,1183.2390953391493,263.59527329477123,1183.24,263.6,0.0009046608506650955,0.004726705228790706,0.004812499722036719
27,25,1315.3361396261312,303.82273602210586,1315.34,303.82,0.003860373868747047,-0.002736022105864322,0.004731627983081857
27,26,1440.227500098615,345.6165951938747,1440.23,345.62,0.0024999013849082985,0.003404806125331561,0.004224004224117413
27,27,1704.8074556747601,436.14100083353696,1704.81,436.14,0.002544325239796308,-0.0010008335369775523,0.0027340919323613714
27,28,1909.1330986019577,509.0037354474833,1909.13,509.0,-0.003098601957617575,-0.003735447483279586,0.004853339262002118
27,31,460.5947759530263,475.08601725922847,460.59,475.09,-0.004775953026353363,0.003982740771505178,0.006218677621725017
28,13,167.4576102782491,320.91931358182103,167.46,320.92,0.0023897217509158963,0.0006864181789865142,0.0024863507321461506
28,14,174.78088326412166,434.7805327424916,174.78,434.78,-0.0008832641216542925,-0.000532742491600402,0.0010314892490754972
28,15,184.01082719837748,577.7599945785537,184.01,577.76,-0.0008271983774932323,5.4214463034441e-06,0.0008272161433431151
28,16,237.00143165558092,975.2461782244882,237.0,975.25,-0.0014316555809159581,0.003821775511823944,0.004081128001563413
28,17,999.0324603506415,324.2100044144765,999.03,324.21,-0.002460350641513287,-4.414476507008658e-06,0.0024603546018404894
28,18,1118.6756953919216,377.38411041014876,1118.68,377.38,0.004304608078427918,-0.004110410148769006,0.005951900730016432
28,19,1302.1940817644638,459.3198819891271,1302.19,459.32,-0.004081764463762738,0.00011801087288176859,0.00408347005667418
28,20,1515.6885895780517,563.5591925428853,1515.69,563.56,0.0014104219483215275,0.0008074571146607923,0.0016252006227919756
28,21,1323.1381633536487,404.66402488643973,1323.14,404.66,0.0018366463514212228,-0.004024886439708553,0.004424136149887193
28,22,1330.3235448028518,353.18059635379393,1330.32,353.18,-0.00354480285182035,-0.000596353793923754,0.003594616127738947
28,23,1589.1700435522532,451.078309577587,1589.17,451.08,-4.355225314611744e-05,0.0016904224129916656,0.0016909833627504053
28,24,1182.929321504362,263.1964549710784,1182.93,263.2,0.0006784956381125085,0.003545028921564608,0.0036093747915209953
28,25,1315.2521047195983,303.3670520165794,1315.25,303.37,-0.002104719598264637,0.002947983420597211,0.003622216287776765
28,26,1440.4206250739612,345.212446395406,1440.42,345.21,-0.0006250739611459721,-0.0024463954060252036,0.002524988700870548
28,27,1705.3555917560702,436.1057506251527,1705.36,436.11,0.004408243929674427,0.00424937484729071,0.006122891566596487
28,28,1909.8498239514684,509.0028015856125,1909.85,509.0,0.00017604853155717137,-0.0028015856124739003,0.0028071115099839185
28,31,458.69608196476975,475.0645129444214,458.7,475.06,0.003918035230242367,-0.004512944421378506,0.005976425973428579
29,13,165.0932077086868,320.6894851863658,165.09,320.69,-0.003207708686801425,0.0005148136341972531,0.003248757931477306
29,14,172.33566244809123,434.83539955686865,172.34,434.84,0.0043375519087760495,0.004600443131323573,0.006322850114139113
29,15,181.50812039878312,578.0699959339153,181.51,578.07,0.0018796012168706966,4.0660847844264936e-06,0.0018796056148850154
29,16,234.50107374168567,975.6846336683661,234.5,975.68,-0.0010737416856727577,-0.004633668366182064,0.004756448647395211
29,17,998.0243452629811,323.90750331085735,998.02,323.91,-0.0043452629811326915,0.002496689142674313,0.005011463563705713
29,18,1118.0067715439413,377.03808280761154,1118.01,377.04,0.0032284560586504085,0.0019171923884755415,0.0037548042794618578
29,19,1301.895561323348,459.2399114918453,1301.9,459.24,0.004438676652171125,8.850815470395901e-05,0.004439559000168617
29,20,1515.5164421835389,563.419394407164,1515.52,563.42,0.003557816461125185,0.0006055928359955942,0.0036089888686531746
29,21,1323.1036225152366,404.49801866482983,1323.1,404.5,-0.003622515236656909,0.0019813351701714055,0.004128959396309149
29,22,1330.2426586021388,352.8854472653454,1330.24,352.89,-0.002658602138808419,0.004552734654566848,0.005272149292970621
29,23,1589.6275326641899,450.8087321831903,1589.63,450.81,0.002467335810251825,0.0012678168097295384,0.002774005310662511
29,24,1182.6969911282715,262.64734122830885,1182.7,262.65,0.003008871728525264,0.0026587716911308235,0.004015267859592591
29,25,1315.1890785396986,303.02528901243454,1315.19,303.03,0.0009214603014697786,0.004710987565431424,0.004800259673062934
29,26,1440.565468805471,344.9093347965545,1440.57,344.91,0.0045311945289086,0.0006652034455214562,0.004579761946078076
29,27,1706.0166938170528,435.82931296886454,1706.02,435.83,0.0033061829471989768,0.0006870311354418845,0.0033768117302295482
29,28,1910.6373679636013,509.0021011892094,1910.64,509.0,0.002632036398836135,-0.002101189209383847,0.0033678794067527724
29,31,456.5220614735773,475.298384708316,456.52,475.3,-0.002061473577327888,0.0016152916840042053,0.0026189388183831598
30,13,163.0699057815151,320.26711388977435,163.07,320.27,9.42184848895522e-05,0.0028861102256314553,0.002887647720444676
30,14,170.25174683606843,434.6265496676515,170.25,434.63,-0.0017468360684347317,0.0034503323485068904,0.0038673284790844424
30,15,179.38109029908733,578.3024969504364,179.38,578.3,-0.0010902990873375984,-0.00249695043646625,0.0027246125563129514
30,16,232.12580530626425,976.2634752512746,232.13,976.26,0.004194693735740884,-0.0034752512746081266,0.005447277022359816
30,17,997.0182589472358,323.680627483143,997.02,323.68,0.001741052764145934,-0.0006274831429777805,0.001850675504312269
30,18,1117.255078657956,376.77856210570866,1117.26,376.78,0.0049213420440992195,0.0014378942913140236,0.005127099326911089
30,19,1301.4216709925108,459.179933618884,1301.42,459.18,-0.0016709925107534218,6.638111602796926e-05,0.0016723105045293302
30,20,1515.3873316376541,563.564545805373,1515.39,563.56,0.0026683623459575756,-0.004545805373027179,0.005271100843160467
30,21,1322.8277168864274,404.37351399862234,1322.83,404.37,0.0022831135725027707,-0.0035139986223384767,0.004190560094157233
30,22,1329.931993951604,352.66408544900906,1329.93,352.66,-0.001993951603935784,-0.004085449009039621,0.0045460682577696645
30,23,1589.7206494981424,450.6065491373927,1589.72,450.61,-0.0006494981423657009,0.0034508626073375126,0.0035114527722378314
30,24,1182.2727433462037,262.2355059212316,1182.27,262.24,-0.0027433462037151912,0.004494078768402687,0.005265234312929137
30,25,1314.8918089047738,302.7689667593259,1314.89,302.77,-0.001808904773724862,0.0010332406740758415,0.002083200127440783
30,26,1440.6741016041033,344.6820010974159,1440.67,344.68,-0.004101604103198042,-0.002001097415870845,0.0045637207503500905
30,27,1706.2625203627895,435.6219847266484,1706.26,435.62,-0.002520362789482533,-0.001984726648402102,0.0032080162810505836
30,28,1911.2280259727008,509.001575891907,1911.23,509.0,0.0019740272991839447,-0.0015758919070094635,0.0025259095550912714
30,31,454.641546105183,475.473788531237,454.64,475.47,-0.0015461051830243377,-0.0037885312369780877,0.004091871230932547
31,13,160.80242933613633,319.95033541733073,160.8,319.95,-0.0024293361363163513,-0.0003354173307457131,0.002452382280350483
31,14,167.93881012705134,434.7199122507386,167.94,434.72,0.0011898729486574666,8.774926141086326e-05,0.0011931041726626246
31,15,177.2858177243155,578.7268727128273,177.29,578.73,0.004182275684485148,0.003127287172674187,0.0052221982882123714
31,16,230.09435397969818,977.697606438456,230.09,977.7,-0.00435397969818041,0.0023935615440677793,0.004968528562603551
31,17,996.2636942104268,323.26047061235727,996.26,323.26,-0.0036942104268291587,-0.00047061235727596795,0.003724065878648513
31,18,1116.691308993467,376.5839215792815,1116.69,376.58,-0.0013089934668641945,-0.003921579281495724,0.0041342771989006325
31,19,1301.316253244383,459.134950214163,1301.32,459.13,0.003746755616930386,-0.0049502141629886864,0.0062082846191563405
31,20,1515.5404987282407,563.6734093540297,1515.54,563.67,-0.0004987282407000748,-0.0034093540297135405,0.003445638512379926
31,21,1322.6207876648205,404.28013549896673,1322.62,404.28,-0.0007876648205638048,-0.00013549896675613127,0.0007992345335042713
31,22,1329.6989954637029,352.2480640867568,1329.7,352.25,0.001004536297159575,0.001935913243187315,0.002181021150163175
31,23,1590.040487123607,450.4549118530445,1590.04,450.45,-0.00048712360694480594,-0.004911853044518466,0.004935948717256718
31,24,1181.7045575096527,261.9266294409237,1181.7,261.93,-0.004557509652613589,0.0033705590763020155,0.005668470933197765
31,25,1314.6688566785804,302.32672506949444,1314.67,302.33,0.0011433214197040797,0.0032749305055403966,0.0034687683238972923
31,26,1440.7555762030775,344.5115008230619,1440.76,344.51,0.004423796922537804,-0.0015008230619173446,0.004671450425193218
31,27,1706.696890272092,435.4664885449863,1706.7,435.47,0.003109727907940396,0.0035114550137222977,0.004690492935163512
31,28,1911.9210194795255,509.00118191893023,1911.92,509.0,-0.0010194795254392375,-0.0011819189302286759,0.0015608558102600991
31,31,452.9811595788873,475.60534139842775,452.98,475.61,-0.0011595788872682533,0.004658601572259613,0.004800749087888058
32,13,159.10182200210224,319.71275156299805,159.1,319.71,-0.0018220021022443689,-0.002751562998071222,0.0033001197846347324
32,14,166.20410759528852,434.53993418805396,166.2,434.54,-0.004107595288530774,6.581194605814744e-05,0.004108122474635363
32,15,175.71436329323663,579.0451545346205,175.71,579.05,-0.004363293236622212,0.004845465379503366,0.006520495580300537
32,16,228.57076548477363,979.0232048288419,228.57,979.02,-0.0007654847736375814,-0.003204828841944618,0.003294980249535809
32,17,995.6977706578201,322.94535295926795,995.7,322.95,0.002229342179930427,0.0046470407320384766,0.005154120111177237
32,18,1116.2684817451002,376.4379411844611,1116.27,376.44,0.001518254899792737,0.0020588155388736595,0.0025580890062412392
32,19,1301.2371899332873,459.10121266062225,1301.24,459.1,0.002810066712754633,-0.0012126606222295777,0.003060558889294218
32,20,1515.6553740461804,563.7550570155222,1515.66,563.76,0.004625953819640927,0.0049429844777932885,0.006769973728837939
32,21,1322.4655907486153,404.21010162422505,1322.47,404.21,0.004409251384686286,-0.00010162422506709845,0.004410422344456188
32,22,1329.5242465977772,351.9360480650676,1329.52,351.94,-0.004246597777182615,0.0039519349323882125,0.005800981157614852
32,23,1590.2803653427052,450.3411838897834,1590.28,450.34,-0.00036534270520860446,-0.001183889783419545,0.0012389795444374045
32,24,1181.2784181322395,261.44497208069276,1181.28,261.44,0.001581867760478417,-0.004972080692766667,0.005217651964919092
32,25,1314.5016425089352,301.99504380212085,1314.5,302.0,-0.0016425089352196665,0.004956197879153024,0.005221276952968246
32,26,1440.8166821523082,344.13362561729645,1440.82,344.13,0.0033178476917328226,-0.0036256172964499456,0.004914591955173271
32,27,1707.2726677040691,435.34986640873973,1707.27,435.35,-0.0026677040691538423,0.00013359126029399704,0.002671046915613222
32,28,1912.6907646096442,509.00088643919764,1912.69,509.0,-0.0007646096441931149,-0.0008864391976430852,0.0011706418577478077
32,31,451.73586968416544,475.4540060488208,451.74,475.45,0.004130315834572684,-0.004006048820826891,0.005753949604243191
33,13,156.82636650157667,319.5345636722485,156.83,319.53,0.0036334984233405976,-0.004563672248536932,0.005833473680791295
33,14,164.1530806964664,434.6549506410405,164.15,434.65,-0.00308069646638387,-0.004950641040522896,0.005830912229668673
33,15,173.78577246992748,579.2838659009653,173.79,579.28,0.004227530072512309,-0.003865900965365654,0.005728629922416966
33,16,227.17807411358024,980.2674036216315,227.18,980.27,0.0019258864197695402,0.0025963783684801456,0.0032326798688030274
33,17,995.0233279933651,322.709014719451,995.02,322.71,-0.0033279933651328975,0.0009852805490027094,0.003470780546017231
33,18,1115.7013613088252,376.32845588834584,1115.7,376.33,-0.0013613088251531735,0.0015441116541410338,0.0020585049229705703
33,19,1301.1778924499654,458.8259094954667,1301.18,458.83,0.0021075500346796616,0.004090504533280637,0.0046015208883007025
33,20,1515.9915305346353,563.8162927616416,1515.99,563.82,-0.001530534635321601,0.00370723835840181,0.004010754606794683
33,21,1322.3491930614614,403.9075762181688,1322.35,403.91,0.000806938538516988,0.002423781831225824,0.0025545778849595372
33,22,1329.3931849483329,351.7020360488007,1329.39,351.7,-0.003184948332773274,-0.002036048800732715,0.0037801310296602664
33,23,1590.4602740070288,450.25588791733753,1590.46,450.26,-0.0002740070287927665,0.0041120826624592155,0.004121201727011857
33,24,1180.7088135991796,261.08372906051954,1180.71,261.08,0.0011864008204156562,-0.0037290605195607895,0.003913238973693011
33,25,1314.3762318817014,301.49628285159065,1314.38,301.5,0.0037681182986943895,0.003717148409350557,0.005293005555456453
33,26,1440.8625116142312,343.8502192129723,1440.86,343.85,-0.002511614231252679,-0.00021921297229710035,0.0025211625044519272
33,27,1707.7045007780519,435.0123998065548,1707.7,435.01,-0.0045007780518062646,-0.002399806554819861,0.005100595511523862
33,28,1913.2680734572332,508.75066482939826,1913.27,508.75,0.0019265427667960466,-0.0006648293982607356,0.002038029725270438
33,31,450.3019022631241,475.59050453661564,450.3,475.59,-0.0019022631240659393,-0.0005045366156650744,0.001968035108865661
34,13,154.8697748761825,319.40092275418635,154.87,319.4,0.0002251238175006165,-0.0009227541863765509,0.0009498189415259634
34,14,162.36481052234979,434.49121298078035,162.36,434.49,-0.004810522349771418,-0.0012129807803376025,0.0049610933927027355
34,15,172.08932935244562,579.462899425724,172.09,579.46,0.0006706475543865054,-0.002899425723967397,0.0029759767591512644
34,16,225.63355558518518,981.2005527162237,225.63,981.2,-0.003555585185182508,-0.0005527162236376171,0.003598288653368648
34,17,994.2674959950239,322.2817610395882,994.27,322.28,0.0025040049761173577,-0.0017610395882456942,0.0030612581321719755
34,18,1115.2760209816188,375.9963419162594,1115.28,376.0,0.003979018381187416,0.0036580837406177125,0.005405012852084535
34,19,1300.8834193374742,458.6194321216,1300.88,458.62,-0.0034193374740425497,0.0005678783999769621,0.0034661729095000556
34,20,1515.9936479009766,563.8622195712312,1515.99,563.86,-0.003647900976602614,-0.002219571231194095,0.004270091098026221
34,21,1322.261894796096,403.6806821636266,1322.26,403.68,-0.001894796095939455,-0.0006821636266067799,0.0020138518959081165
34,22,1329.2948887112498,351.52652703660056,1329.29,351.53,-0.0048887112498050556,0.0034729633994174947,0.005996746822875219
34,23,1590.5952055052717,450.19191593800315,1590.6,450.19,0.004794494728230347,-0.001915938003151041,0.005163138399360121
34,24,1180.2816101993847,260.81279679538966,1180.28,260.81,-0.0016101993846859841,-0.0027967953896563813,0.0032271979347487057
34,25,1314.032173911276,301.122212138693,1314.03,301.12,-0.002173911276031504,-0.002212138692982535,0.003101523469691532
34,26,1440.8968837106734,343.63766440972927,1440.9,343.64,0.0031162893267264735,0.0023355902707180576,0.003894385841251761
34,27,1708.028375583539,434.7592998549161,1708.03,434.76,0.0016244164610270673,0.0007001450838970413,0.0017688787344984666
34,28,1913.951055092925,508.56299862204867,1913.95,508.56,-0.0010550929248438479,-0.0029986220486648563,0.0031788292295740843
34,31,448.9764266973431,475.4428784024617,448.98,475.44,0.003573302656945998,-0.0028784024617038995,0.004588430299097982
35,13,152.90233115713687,319.05069206563974,152.9,319.05,-0.0023311571368651585,-0.0006920656397255698,0.0024317171806043
35,14,160.52360789176234,434.36840973558526,160.52,434.37,-0.0036078917623285633,0.0015902644147445244,0.003942819280347636
35,15,170.31699701433422,579.597174569293,170.32,579.6,0.0030029856657733944,0.0028254307070483264,0.004123224659071111
35,16,223.9751666888889,982.1504145371678,223.98,982.15,0.004833311111099192,-0.0004145371677850562,0.004851055283147179
35,17,993.450621996268,321.96132077969116,993.45,321.96,-0.000621996267909708,-0.0013207796911842706,0.00145991039106461
35,18,1114.707015736214,375.74725643719455,1114.71,375.75,0.0029842637859474053,0.0027435628054490735,0.00405375963909563
35,19,1300.4125645031056,458.4645740912,1300.41,458.46,-0.0025645031055319123,-0.004574091200026942,0.005243947605044002
35,20,1515.9952359257325,563.6466646784233,1516.0,563.65,0.004764074267541218,0.003335321576628303,0.005815563054956133
35,21,1321.9464210970718,403.51051162271995,1321.95,403.51,0.0035789029282113916,-0.0005116227199550849,0.0036152875372692434
35,22,1328.9711665334373,351.1448952774504,1328.97,351.14,-0.001166533437299222,-0.004895277450430058,0.005032349508631743
35,23,1590.6964041289539,449.89393695350236,1590.7,449.89,0.0035958710461727605,-0.003936953502375218,0.005331968816541229
35,24,1179.7112076495384,260.35959759654224,1179.71,260.36,-0.0012076495384008012,0.00040240345776965114,0.0012729281010428828
35,25,1313.774130433457,300.84165910401975,1313.77,300.84,-0.004130433457021354,-0.0016591040197795337,0.004451191603529327
35,26,1440.672662783005,343.22824830729695,1440.67,343.23,-0.002662783005007441,0.001751692703066965,0.003187293625904979
35,27,1708.2712816876542,434.56947489118704,1708.27,434.57,-0.0012816876542274258,0.0005251088129512027,0.0013850857404644748
35,28,1914.4632913196938,508.4222489665365,1914.46,508.42,-0.003291319693744299,-0.0022489665364560096,0.003986306035482976
35,31,447.48232002300733,475.3321588018463,447.48,475.33,-0.0023200230073143757,-0.0021588018462921355,0.0031690585614693794
36,13,151.17674836785267,318.7880190492298,151.18,318.79,0.0032516321473394783,0.0019809507702461815,0.0038075290643343074
36,14,158.64270591882175,434.2763073016889,158.64,434.28,-0.0027059188217606334,0.0036926983110561196,0.004577992735515771
36,15,168.48774776075066,579.4478809269697,168.49,579.45,0.0022522392493442567,0.00211907303037151,0.0030924184943721114
36,16,222.23137501666668,982.6128109028758,222.23,982.61,-0.0013750166666852692,-0.0028109028758080967,0.003129192517389829
36,17,992.837966497201,321.7209905847684,992.84,321.72,0.002033502799008602,-0.0009905847683739921,0.002261944255924618
36,18,1114.0302618021606,375.5604423278959,1114.03,375.56,-0.00026180216059401573,-0.00044232789588249943,0.0005139983840125707
36,19,1300.0594233773293,458.3484305684,1300.06,458.35,0.0005766226706782618,0.0015694316000463004,0.0016720075512879785
36,20,1515.9964269442994,563.4849985088175,1516.0,563.48,0.0035730557005990704,-0.00499850881749353,0.0061442507629607766
36,21,1321.7098158228039,403.13288371703993,1321.71,403.13,0.0001841771961608174,-0.0028837170399356182,0.002889592567473952
36,22,1328.728374900078,350.8586714580878,1328.73,350.86,0.0016250999219664664,0.00132854191218712,0.0020990410593442962
36,23,1591.0223030967154,449.67045271512677,1591.02,449.67,-0.0023030967154227255,-0.0004527151267552654,0.0023471696714519774
36,24,1179.2834057371538,260.0196981974067,1179.28,260.02,-0.003405737153798327,0.00030180259329881665,0.0034190832639882027
36,25,1313.5805978250928,300.3812443280148,1313.58,300.38,-0.0005978250928819762,-0.0012443280148204394,0.001380487975371868
36,26,1440.7544970872539,342.9211862304727,1440.75,342.92,-0.004497087253866994,-0.0011862304726832917,0.00465090706241432
36,27,1708.7034612657408,434.1771061683903,1708.7,434.18,-0.003461265740725139,0.0028938316096969174,0.004511609680945217
36,31,446.1117400172555,475.24911910138474,446.11,475.25,-0.0017400172554857818,0.0008808986152644138,0.0019502929061459035
37,13,148.8825612758895,318.59101428692236,148.88,318.59,-0.002561275889490844,-0.0010142869223841444,0.002754798022179959
37,14,156.4820294391163,434.20723047626666,156.48,434.21,-0.0020294391163133696,0.0027695237333205114,0.0034334945516555537
37,15,166.365810820563,579.5859106952273,166.37,579.59,0.004189179436991708,0.004089304772719515,0.005854198312279895
37,16,220.4235312625,982.7096081771568,220.42,982.71,-0.0035312625000187836,0.00039182284319849714,0.003552933996641517
37,17,991.8784748729008,321.5407429385763,991.88,321.54,0.0015251270991711863,-0.0007429385762520724,0.0016964581918543628
37,18,1113.5226963516204,375.4203317459219,1113.52,375.42,-0.002696351620443238,-0.000331745921869242,0.0027166831647698173
37,19,1299.794567532997,458.01132292629995,1299.79,458.01,-0.0045675329970436,-0.001322926299963001,0.0047552593698152665
37,20,1515.9973202082247,563.3637488816131,1516.0,563.36,0.002679791775335616,-0.0037488816130917257,0.004608188072131348
37,21,1321.532361867103,402.84966278777995,1321.53,402.85,-0.0023618671029908,0.0003372122200744343,0.0023858181602036824
37,22,1328.5462811750585,350.64400359356586,1328.55,350.64,0.0037188249414157326,-0.004003593565869323,0.005464285898959348
37,23,1591.2667273225366,449.50283953634505,1591.27,449.5,0.0032726774634284084,-0.0028395363450499644,0.004332826379453937
37,24,1178.9625543028653,259.514773648055,1178.96,259.51,-0.002554302865291902,-0.004773648054992918,0.005414072301011143
37,25,1313.4354483688196,300.0359332460111,1313.44,300.04,0.004551631180447657,0.0040667539889227555,0.00610375576258114
37,26,1441.0658728154403,342.4408896728545,1441.07,342.44,0.0041271845595929335,-0.000889672854498258,0.004221986520226396
37,27,1709.2775959493056,433.88282962629273,1709.28,433.88,0.002404050694394755,-0.0028296262927369753,0.0037129832611753452
37,31,444.58380501294164,475.1868393260386,444.58,475.19,-0.003805012941654695,0.003160673961417615,0.004946512243646329
38,13,146.66192095691713,318.44326071519174,146.66,318.44,-0.0019209569171323437,-0.003260715191743202,0.0037844866282157087
38,14,154.11152207933722,434.1554228572,154.11,434.16,-0.0015220793372066055,0.004577142800030742,0.004823583908322168
38,15,164.27435811542227,579.6894330214204,164.27,579.69,-0.004358115422263609,0.0005669785796271753,0.004394841833732809
38,16,218.567648446875,983.0322061328676,218.57,983.03,0.002351553124981365,-0.002206132867627275,0.003224410694876657
38,17,990.9088561546756,321.1555572039322,990.91,321.16,0.001143845324349968,0.004442796067849031,0.004587681225470237
38,18,1112.8920222637153,375.0652488094414,1112.89,375.07,-0.0020222637151618983,0.00475119055857931,0.0051636578369982635
38,19,1299.5959256497476,457.75849219472497,1299.6,457.76,0.0040743502522673225,0.0015078052750254756,0.0043443994666173885
38,20,1516.2479901561685,563.2728116612099,1516.25,563.27,0.002009843831501712,-0.0028116612098756377,0.0034561410541447545
38,21,1321.3992714003273,402.637247090835,1321.4,402.64,0.0007285996728114696,0.0027529091649967086,0.0028476949193942556
38,22,1328.409710881294,350.2330026951744,1328.41,350.23,0.00028911870617776003,-0.00300269517435936,0.0030165821613844517
38,23,1591.7000454919025,449.37712965225876,1591.7,449.38,-4.54919024832634e-05,0.002870347741236401,0.002870708217289325
38,24,1178.471915727149,259.13608023604127,1178.47,259.14,-0.00191572714902577,0.003919763958720068,0.004362861446527408
38,25,1313.3265862766148,299.5269499345083,1313.33,299.53,0.0034137233851652127,0.003050065491663645,0.004577816821789753
38,26,1441.2994046115803,342.08066725464084,1441.3,342.08,0.0005953884196969739,-0.0006672546408594826,0.0008942684865619368
38,27,1709.9581969619792,433.66212221971955,1709.96,433.66,0.0018030380208529095,-0.0021222197195243098,0.002784737445896653
38,31,442.93785375970623,475.14012949452894,442.94,475.14,0.002146240293768642,-0.00012949452894872593,0.0021501433049040614
39,13,144.49644071768785,318.08244553639383,144.5,318.08,0.0035592823121533,-0.002445536393850034,0.004318464869748551
39,14,152.08364155950292,433.8665671429,152.08,433.87,-0.003641559502909786,0.003432857099994635,0.005004544283170661
39,15,162.2057685865667,579.7670747660653,162.21,579.77,0.004231413433302578,0.0029252339346612644,0.005144108592946627
39,16,216.67573633515627,983.2741545996507,216.68,983.27,0.00426366484373375,-0.004154599650746604,0.0059531114686082395
39,17,989.9316421160067,320.86666790294913,989.93,320.87,-0.0016421160067920937,0.0033320970508725622,0.0037147564841045018
39,18,1112.1690166977864,374.79893660708103,1112.17,374.8,0.0009833022136263025,0.001063392918979389,0.0014483396505854185
39,19,1299.4469442373106,457.5688691460437,1299.45,457.57,0.0030557626894278656,0.0011308539562833175,0.003258299600181213
39,20,1516.4359926171264,563.2046087459074,1516.44,563.2,0.00400738287362401,-0.004608745907376033,0.006107344458483602
39,21,1321.2994535502455,402.47793531812624,1321.3,402.48,0.000546449754438072,0.002064681873775953,0.002135771189529536
39,22,1328.3072831609704,349.92475202138075,1328.31,349.92,0.0027168390295173594,-0.0047520213807388245,0.005473839741471041
39,23,1592.025034118927,449.0328472391941,1592.03,449.03,0.0049658810730761616,-0.0028472391941249953,0.0057242244767739155
39,24,1178.1039367953617,258.6020601770309,1178.1,258.6,-0.003936795361823897,-0.002060177030898558,0.0044432743691471665
39,25,1313.244939707461,299.1452124508812,1313.24,299.15,-0.004939707461062426,0.004787549118759671,0.006879050542437691
39,26,1441.4745534586853,341.8105004409806,1441.47,341.81,-0.004553458685222722,-0.0005004409806019794,0.0045808762451190616
39,27,1710.7186477214843,433.49659166478966,1710.72,433.5,0.0013522785156965256,0.0034083352103380093,0.0036667977978127237
39,31,441.45339031977966,475.1050971208967,441.45,475.11,-0.003390319779668971,0.004902879103326541,0.00596091366404939
40,13,142.62233053826589,317.8118341522954,142.62,317.81,-0.0023305382658804774,-0.0018341522953733147,0.0029657247430192137
40,14,150.0627311696272,433.649925357175,150.06,433.65,-0.00273116962719655,7.464282498403918e-05,0.0027321894304463117
40,15,160.40432643992503,579.825306074549,160.4,579.83,-0.004326439925023351,0.00469392545107894,0.0063836524470809565
40,16,215.00680225136722,983.7056159497381,215.01,983.71,0.0031977486327718907,0.0043840502619332256,0.00542637015117392
40,17,989.1987315870051,320.40000092721186,989.2,320.4,0.0012684129949320777,-9.272118859371403e-07,0.0012684133338287029
40,18,1111.62676252334,374.5992024553108,1111.63,374.6,0.0032374766601606098,0.0007975446892487525,0.003334266434530028
40,19,1299.085208177983,457.4266518595328,1299.09,457.43,0.004791822016841252,0.0033481404672102144,0.005845648195816713
40,20,1516.5769944628448,563.1534565594305,1516.58,563.15,0.003005537155104321,-0.0034565594305604463,0.0045805083438095525
40,21,1321.224590162684,402.1084514885947,1321.22,402.11,-0.004590162684053212,0.0015485114053035431,0.004844324621495729
40,22,1328.2304623707278,349.44356401603557,1328.23,349.44,-0.00046237072774601984,-0.0035640160355683292,0.0035938832746299056
40,23,1592.2687755891952,448.7746354293956,1592.27,448.77,0.0012244108047525515,-0.004635429395591473,0.004794412112064243
40,24,1177.5779525965213,258.20154513277316,1177.58,258.2,0.0020474034786275297,-0.0015451327731739184,0.002565013896849729
40,25,1313.1837047805957,298.6089093381609,1313.18,298.61,-0.003704780595626289,0.0010906618391004486,0.003861986860283066
40,26,1441.6059150940139,341.35787533073545,1441.61,341.36,0.004084905986019294,0.0021246692645604526,0.004604419224873439
40,27,1711.2889857911132,433.1224437485922,1711.29,433.12,0.0010142088867723942,-0.002443748592213524,0.002645850874095832
40,31,439.84004273983476,475.0788228406725,439.84,475.08,-4.2739834782423713e-05,0.0011771593274829684,0.001177934962448005
41,13,140.7167479036994,317.6088756142215,140.72,317.61,0.0032520963005993053,0.001124385778496162,0.0034409844125273376
41,14,148.0470483772204,433.7374440178812,148.05,433.74,0.002951622779619356,0.002555982118792599,0.0039045001760475563
41,15,158.55324482994376,580.1189795559117,158.55,580.12,-0.0032448299437533024,0.0010204440883399002,0.00340150371178776
41,16,213.50510168852543,984.7792119623036,213.51,984.78,0.004898311474562433,0.0007880376963385061,0.0049612960718627246
41,17,988.3990486902538,320.0500006954089,988.4,320.05,0.0009513097461422149,-6.954089144528552e-07,0.0009513100003146837
41,18,1110.970071892505,374.4494018414831,1110.97,374.45,-7.18925050477992e-05,0.000598158516879721,0.0006024633960646865
41,19,1298.8139061334873,457.3199888946496,1298.81,457.32,-0.00390613348736224,1.1105350381512835e-05,0.003906149273888517
41,20,1516.6827458471337,563.1150924195729,1516.68,563.12,-0.0027458471336103685,0.0049075804271296875,0.005623523995672348
41,21,1321.1684426220131,401.83133861644603,1321.17,401.83,0.0015573779869555437,-0.0013386164460484906,0.002053611497797281
41,22,1328.1728467780458,349.0826730120267,1328.17,349.08,-0.0028467780457503977,-0.0026730120267188795,0.003905014537328923
41,23,1592.4515816918965,448.58097657204667,1592.45,448.58,-0.001581691896490156,-0.0009765720466816674,0.0018588819805954995
41,24,1177.183464447391,257.9011588495799,1177.18,257.9,-0.0034644473910248053,-0.0011588495798946497,0.003653125794987162
41,25,1312.8877785854468,298.2066820036207,1312.89,298.21,0.002221414553332579,0.00331799637928043,0.003992966640315922
41,26,1441.7044363205105,341.0184064980516,1441.7,341.02,-0.004436320510421865,0.0015935019483777069,0.004713829454983842
41,27,1711.466739343335,432.8418328114442,1711.47,432.84,0.0032606566651338653,-0.0018328114442169863,0.003740465168656788
41,31,438.1300320548761,475.0591171305044,438.13,475.06,-3.205487610102864e-05,0.0008828694956264371,0.000883451221850721
42,13,138.78756092777456,317.20665671066615,138.79,317.21,0.0024390722254281627,0.003343289333827215,0.004138436527305682
42,14,146.0352862829153,433.5530830134109,146.04,433.55,0.004713717084683822,-0.0030830134109010032,0.005632415152155919
42,15,156.41493362245782,580.0892346669337,156.41,580.09,-0.004933622457826914,0.0007653330662833469,0.00499263109579716
42,16,211.12882626639407,985.3344089717277,211.13,985.33,0.0011737336059240988,-0.0044089717276847296,0.004562530249017409
42,17,987.7992865176903,319.7875005215567,987.8,319.79,0.0007134823096066611,0.0024994784433260975,0.0025993171208556886
42,18,1110.4775539193788,374.08705138111236,1110.48,374.09,0.002446080621211877,0.0029486188876148844,0.003831143921842081
42,19,1298.6104296001154,457.2399916709872,1298.61,457.24,-0.0004296001154671103,8.329012814556336e-06,0.00042968084861187326
42,20,1516.7620593853503,563.0863193146797,1516.76,563.09,-0.002059385350321463,0.003680685320318844,0.0042176429967849685
42,21,1321.12633196651,401.62350396233455,1321.13,401.62,0.0036680334901575407,-0.003503962334548305,0.0050726937347774625
42,22,1328.1296350835344,348.81200475902006,1328.13,348.81,0.0003649164657417714,-0.0020047590200533705,0.002037700359585485
42,23,1592.8386862689224,448.435732429035,1592.84,448.44,0.0013137310775164224,0.004267570964998413,0.004465204506551738
42,24,1176.8875983355433,257.4258691371849,1176.89,257.43,0.002401664456783692,0.004130862815088676,0.004778286278579429
42,25,1312.9158339390851,297.9050115027155,1312.92,297.91,0.004166060914940317,0.004988497284500681,0.006499320634071228
42,26,1441.7783272403829,340.7638048735387,1441.78,340.76,0.0016727596171222103,-0.0038048735386837507,0.004156343029882236
42,27,1712.1000545075012,432.88137460858314,1712.1,432.88,-5.450750131785753e-05,-0.0013746085831485289,0.0013756888545617871
42,31,436.34752404115704,475.0443378478783,436.35,475.04,0.002475958842978798,-0.004337847878275625,0.004994726860118103
43,13,136.5906706958309,316.9049925329996,136.59,316.9,-0.000670695830905288,-0.0049925329996085566,0.005037382122667898
43,14,144.02646471218648,433.41481226005817,144.03,433.41,0.0035352878135199717,-0.004812260058145057,0.005971273464818128
43,15,154.31120021684336,580.3169260002003,154.31,580.32,-0.0012002168433582483,0.00307399979976708,0.003299999278795207
43,16,209.09661969979555,986.2508067287959,209.1,986.25,0.0033803002044408004,-0.000806728795851086,0.0034752324846257206
43,17,987.0994648882678,319.3406253911675,987.1,319.34,0.0005351117322334176,-0.0006253911675457857,0.0008230787802015854
43,18,1110.108165439534,373.81528853583427,1110.11,373.82,0.0018345604657952208,0.0047114641657231005,0.0050560366580506165
43,19,1298.4578222000864,457.1799937532404,1298.46,457.18,0.002177799913624767,6.246759596706397e-06,0.0021778088726491823
43,20,1516.8215445390128,563.0647394860098,1516.82,563.06,-0.0015445390129116277,-0.004739486009839311,0.004984809765664943
43,21,1320.8447489748824,401.4676279717509,1320.84,401.47,-0.004748974882431867,0.0023720282491126454,0.005308416001836816
43,22,1328.0972263126507,348.60900356926504,1328.1,348.61,0.002773687349190368,0.0009964307349719093,0.002947238660281069
43,23,1592.8790147016919,448.32679932177626,1592.88,448.33,0.0009852983082510036,0.003200678223720388,0.0033489033799200874
43,24,1176.6656987516576,256.8194018528887,1176.67,256.82,0.004301248342471808,0.00059814711130457,0.00434263943591665
43,25,1312.9368754543138,297.42875862703664,1312.94,297.43,0.003124545686205238,0.001241372963363574,0.00336211132762641
43,26,1441.833745430287,340.322853655154,1441.83,340.32,-0.0037454302871537948,-0.002853655154012813,0.004708672400364338
43,27,1712.325040880626,432.66103095643734,1712.33,432.66,0.004959119374007059,-0.001030956437318764,0.005065149172660285
43,31,434.51064303086775,475.0332533859087,434.51,475.03,-0.0006430308677636276,-0.003253385908749351,0.0033163245571182693
44,13,134.69300302187318,316.6787443997497,134.69,316.68,-0.0030030218731837977,0.0012556002503174568,0.0032549458304889783
44,14,142.01984853413987,433.3111091950436,142.02,433.31,0.0001514658601422525,-0.0011091950436252773,0.0011194889689458817
44,15,152.4834001626325,580.4876945001502,152.48,580.49,-0.0034001626325164125,0.0023054998498537316,0.004108093899272085
44,16,207.32246477484665,987.1881050465969,207.32,987.19,-0.002464774846657747,0.0018949534031662552,0.0031090132590402522
44,17,986.5745986662008,319.0054690433756,986.57,319.01,-0.004598666200763546,0.004530956624364535,0.006455795749395878
44,18,1109.5811240796506,373.6114664018757,1109.58,373.61,-0.001124079650708154,-0.0014664018756889163,0.0018476713782921838
44,19,1298.3433666500648,457.1349953149303,1298.34,457.13,-0.003366650064890564,-0.004995314930283712,0.006023911014626877
44,20,1516.8661584042597,563.0485546145073,1516.87,563.05,0.0038415957401412015,0.0014453854926159693,0.004104509355932293
44,21,1320.6335617311618,401.3507209788132,1320.63,401.35,-0.0035617311616533698,-0.0007209788131490313,0.0036339701865731435
44,22,1328.072919734488,348.2067526769488,1328.07,348.21,-0.00291973448815952,0.0032473230511982365,0.004366916129282947
44,23,1593.159261026269,448.2450994913322,1593.16,448.25,0.0007389737311314093,0.004900508667788017,0.004955912365888623
44,24,1176.249274063743,256.36455138966653,1176.25,256.36,0.0007259362569129735,-0.004551389666517025,0.004608918674220535
44,25,1312.9526565907354,297.0715689702775,1312.95,297.07,-0.002656590735341524,-0.0015689702775034675,0.003085310692100834
44,26,1441.8753090727153,339.9921402413655,1441.88,339.99,0.004690927284855206,-0.0021402413655096098,0.005156106272608961
44,27,1712.7437806604694,432.495773217328,1712.74,432.5,-0.0037806604693741974,0.004226782671992169,0.005670898107085154
44,31,432.8829822731508,475.02494003943156,432.88,475.02,-0.0029822731507920253,-0.00494003943157395,0.00577043696191549
45,13,132.76975226640488,316.5090582998123,132.77,316.51,0.0002477335951311943,0.00094170018769546,0.00097374081647135
45,14,140.2648864006049,433.2333318962827,140.26,433.23,-0.004886400604902974,-0.0033318962827024734,0.005914257663501204
45,15,150.61255012197438,580.6157708751126,150.61,580.62,-0.002550121974365993,0.004229124887388025,0.004938483511896044
45,16,205.741848581135,987.8910787849477,205.74,987.89,-0.0018485811349933101,-0.0010787849477083,0.002140333893591174
45,17,985.9309489996506,318.75410178253173,985.93,318.75,-0.0009489996506317766,-0.0041017825317339884,0.0042101330471301405
45,18,1109.185843059738,373.45859980140676,1109.19,373.46,0.004156940261964337,0.0014001985932168282,0.004386423194584229
45,19,1298.2575249875485,457.10124648619774,1298.26,457.1,0.0024750124514412164,-0.0012464861977150576,0.0027711756486883325
45,20,1516.8996188031947,563.0364159608805,1516.9,563.04,0.000381196805392392,0.003584039119459703,0.0036042540718238566
45,21,1320.7251712983714,401.2630407341099,1320.73,401.26,0.004828701628639465,-0.0030407341099021323,0.005706349388667656
45,22,1328.054689800866,347.9050645077116,1328.05,347.91,-0.004689800866117366,0.004935492288439036,0.006808326981944712
45,23,1593.3694457697018,448.18382461849916,1593.37,448.18,0.0005542302981211833,-0.003824618499152166,0.003864566972820171
45,24,1175.9369555478074,256.0234135422499,1175.94,256.02,0.003044452192625613,-0.0034135422499161905,0.004573943576952583
45,25,1312.9644924430515,296.80367672770814,1312.96,296.8,-0.004492443051503869,-0.003676727708125327,0.005805202081814372
45,26,1442.1564818045365,339.7441051810241,1442.16,339.74,0.0035181954635845614,-0.004105181024101512,0.0054064970693259535
45,27,1713.307835495352,432.371829912996,1713.31,432.37,0.002164504647907961,-0.001829912996015537,0.002834371525365319
45,31,431.41223670486306,475.01870502957365,431.41,475.02,-0.0022367048630371755,0.0012949704263292006,0.002584530334393733
46,13,131.07731419980365,316.1317937248592,131.08,316.13,0.002685800196360333,-0.0017937248592261312,0.0032297014669122296
46,14,138.69866480045368,433.174998922212,138.7,433.17,0.0013351995463040112,-0.00499892221199616,0.0051741647741484825
46,15,148.95941259148077,580.7118281563345,148.96,580.71,0.0005874085192374423,-0.0018281563344544338,0.0019202094551581076
46,16,204.05638643585127,988.4183090887108,204.06,988.42,0.003613564148736259,0.0016909112891880795,0.003989614874262389
46,17,985.698211749738,318.3155763368988,985.7,318.32,0.0017882502620523155,0.0044236631011926875,0.004771439429834972
46,18,1109.1393822948035,373.0939498510551,1109.14,373.09,0.0006177051966460567,-0.003949851055097042,0.0039978598108756595
46,19,1298.1931437406615,457.0759348646483,1298.19,457.08,-0.0031437406614713836,0.004065135351709159,0.0051389133845886215
46,20,1516.9247141023961,563.0273119706603,1516.92,563.03,-0.004714102396064845,0.002688029339651621,0.005426625390738912
46,21,1320.7938784737785,400.94728055058243,1320.79,400.95,-0.0038784737785135803,0.0027194494175546424,0.004736872806531298
46,22,1328.2910173506496,347.6787983807837,1328.29,347.68,-0.0010173506495902984,0.00120161921631734,0.0015744494546491166
46,23,1593.7770843272763,448.1378684638744,1593.78,448.14,0.0029156727237023006,0.0021315361256029064,0.0036117300129566497
46,24,1175.9527166608555,255.5175601566874,1175.95,255.52,-0.002716660855412556,0.0024398433126009422,0.0036514492456248683
46,25,1313.2233693322887,296.3527575457811,1313.22,296.35,-0.0033693322886847454,-0.002757545781093995,0.004353901561404768
46,26,1442.6173613534024,339.55807888576805,1442.62,339.56,0.0026386465974610473,0.0019211142319477403,0.003263914177561187
46,27,1713.980876621514,432.27887243474703,1713.98,432.28,-0.0008766215139530686,0.001127565252943441,0.0014282397132032061
46,31,430.0591775286473,475.01402877218027,430.06,475.01,0.0008224713527056338,-0.004028772180276974,0.004111868724387382
47,13,128.80798564985275,315.84884529364444,128.81,315.85,0.0020143501472489334,0.0011547063555781278,0.002321842648271911
47,14,136.27399860034026,433.131249191659,136.27,433.13,-0.003998600340253233,-0.0012491916589851826,0.00418918661340736
47,15,146.7195594436106,580.7838711172509,146.72,580.78,0.00044055638940676545,-0.0038711172509238168,0.0038961055815579606
47,16,202.04228982688846,988.813731816533,202.04,988.81,-0.00228982688847168,-0.003731816533104393,0.004378328655539598
47,17,985.0236588123034,317.9866822526741,985.02,317.99,-0.003658812303456216,0.0033177473259229373,0.004939064161416754
47,18,1108.8545367211027,372.8204623882913,1108.85,372.82,-0.004536721102795127,-0.00046238829128242287,0.004560223820873457
47,19,1298.144857805496,456.8069511484862,1298.14,456.81,-0.004857805495930734,0.003048851513824502,0.005735309040465457
47,20,1517.193535576797,563.0204839779952,1517.19,563.02,-0.003535576797048634,-0.00048397799525901064,0.0035685484426757623
47,21,1320.845408855334,400.7104604129368,1320.85,400.71,0.004591144665937463,-0.00046041293683174445,0.004614172668633896
47,22,1328.218263012987,347.25909878558775,1328.22,347.26,0.0017369870129186893,0.000901214412238005,0.001956862616504716
47,23,1594.3328132454571,447.8534013479058,1594.33,447.85,-0.002813245457218727,-0.003401347905764851,0.004414013771910181
47,24,1175.9645374956417,255.13817011751556,1175.96,255.14,-0.00453749564167083,0.0018298824844293904,0.004892579749478107
47,25,1313.4175269992165,296.01456815933585,1313.42,296.01,0.002473000783538737,-0.004568159335860855,0.005194594555227183
47,26,1442.9630210150517,339.16855916432604,1442.96,339.17,-0.0030210150516722933,0.001440835673975016,0.0033470194773603554
47,27,1714.7356574661355,431.9591543260603,1714.74,431.96,0.004342533864473808,0.0008456739396933699,0.004424111749987599
47,31,428.2943831464855,475.01052157913523,428.29,475.01,-0.004383146485452016,-0.0005215791352384258,0.004414070446565894
48,13,126.60598923738957,315.38663397023333,126.61,315.39,0.004010762610434426,0.0033660297666529004,0.005236064658429282
48,14,134.2054989502552,433.09843689374424,134.21,433.1,0.004501049744817465,0.001563106255787261,0.004764740283814285
48,15,144.78966958270794,580.8379033379382,144.79,580.84,0.00033041729204796866,0.0020966620618310117,0.002122537959237898
48,16,200.28171737016635,989.3602988623998,200.28,989.36,-0.0017173701663466545,-0.00029886239974530326,0.0017431807199022875
48,17,984.5177441092276,317.74001168950554,984.52,317.74,0.0022558907724032906,-1.1689505527101574e-05,0.0022559210583603727
48,18,1108.640902540827,372.6153467912185,1108.64,372.62,-0.0009025408269280888,0.0046532087815194245,0.004739929525708323
48,19,1298.108643354122,456.60521336136463,1298.11,456.61,0.001356645877876872,0.004786638635380314,0.004975178133863733
48,20,1517.3951516825978,563.0153629834964,1517.4,563.02,0.00484831740232039,0.004637016503579616,0.006708807918558443
48,21,1320.8840566415006,400.5328453097026,1320.88,400.53,-0.004056641500483238,-0.0028453097026499563,0.004955010349881913
48,22,1328.4136972597403,346.9443240891908,1328.41,346.94,-0.0036972597401927487,-0.004324089190788527,0.005689242209323165
48,23,1594.7496099340929,447.64005101092937,1594.75,447.64,0.00039006590714052436,-5.101092938275542e-05,0.00039338724792480583
48,24,1175.9734031217313,254.60362758813667,1175.97,254.6,-0.0034031217312531226,-0.003627588136680515,0.004973995698340768
48,25,1313.5631452494124,295.7609261195019,1313.56,295.76,-0.0031452494124550867,-0.000926119501912126,0.003278763669185541
48,26,1443.4722657612888,338.8764193732445,1443.47,338.88,-0.00226576128875422,0.0035806267554789883,0.004237282404993698
48,27,1715.5517430996017,431.7193657445452,1715.55,431.72,-0.0017430996017537836,0.0006342554548268708,0.001854905982418473
48,31,426.7207873598641,475.0078911843514,426.72,475.01,-0.000787359864091286,0.002108815648568907,0.0022510084396178856
49,13,124.70449192804217,315.039975477675,124.7,315.04,-0.004491928042170912,2.4522325020370772e-05,0.004491994977787242
49,14,132.15412421269139,433.07382767030816,132.15,433.07,-0.00412421269138008,-0.0038276703081692176,0.005626738870054372
49,15,143.09225218703097,581.1284275034536,143.09,581.13,-0.0022521870309617498,0.0015724965463732588,0.002746833051131453
49,16,198.71128802762476,990.2702241467998,198.71,990.27,-0.0012880276247528855,-0.00022414679983739916,0.0013073855399245882
49,17,984.1383080819207,317.55500876712915,984.14,317.56,0.0016919180792456245,0.004991232870850126,0.0052701985121941086
49,18,1108.4806769056204,372.46151009341384,1108.48,372.46,-0.0006769056203665968,-0.0015100934138558841,0.0016548665618275106
49,19,1298.3314825155915,456.4539100210235,1298.33,456.45,-0.0014825155915332289,-0.003910021023500576,0.004181640453620517
49,20,1517.7963637619482,563.0115222376223,1517.8,563.01,0.0036362380517402926,-0.001522237622339162,0.003942008948212678
49,21,1321.1630424811256,400.39963398227695,1321.16,400.4,-0.0030424811254761153,0.0003660177230244699,0.0030644184395161225
49,22,1328.560272944805,346.7082430668931,1328.56,346.71,-0.0002729448051468353,0.0017569331068898464,0.0017780081014276206
49,23,1595.3122074505695,447.48003825819706,1595.31,447.48,-0.0022074505695854896,-3.8258197037066566e-05,0.0022077820786490293
49,24,1175.9800523412985,254.2027206911025,1175.98,254.2,-5.234129844211566e-05,-0.0027206911025245972,0.0027211945330826892
49,25,1313.6723589370592,295.32069458962644,1313.67,295.32,-0.0023589370591707848,-0.0006945896264483054,0.0024590727517295836
49,26,1443.8541993209665,338.6573145299334,1443.85,338.66,-0.004199320966563391,0.002685470066637663,0.004984580830824773
49,27,1716.1638073247013,431.5395243084089,1716.16,431.54,-0.0038073247012562206,0.000475691591134364,0.003836926357212464
49,31,425.2905905198981,475.0059183882636,425.29,475.01,-0.0005905198980826754,0.004081611736410196,0.004124108160176334
50,13,123.02836894603163,314.77998160825626,123.03,314.78,0.0016310539683672687,1.839174370843466e-05,0.0016311576576049452
50,14,130.36559315951854,432.8053707527311,130.37,432.81,0.004406840481465224,0.004629247268894687,0.006391414030216597
50,15,141.31918914027324,581.3463206275902,141.32,581.35,0.0008108597267550977,0.003679372409806092,0.003767661718694453
50,16,197.03346602071858,990.9526681100999,197.03,990.95,-0.003466020718576601,-0.0026681100998757756,0.0043740268776793515
50,17,983.8537310614406,317.1662565753469,983.85,317.17,-0.003731061440589656,0.003743424653123384,0.005285267032711487
50,18,1108.3605076792153,372.3461325700604,1108.36,372.35,-0.0005076792153886345,0.003867429939646172,0.003900609250336313
50,19,1298.4986118866937,456.3404325157676,1298.5,456.34,0.0013881133063478046,-0.00043251576761349497,0.001453935500802606
50,20,1518.347272821461,563.0086416782167,1518.35,563.01,0.002727178538862063,0.0013583217833001981,0.0030467262512109037
50,21,1321.3722818608442,400.2997254867077,1321.37,400.3,-0.0022818608442776167,0.000274513292310985,0.002298313829811493
50,22,1328.9202047086037,346.5311823001698,1328.92,346.53,-0.00020470860363275278,-0.0011823001698303415,0.0011998913717425114
50,23,1595.984155587927,447.3600286936478,1595.98,447.36,-0.004155587927016313,-2.8693647777799924e-05,0.004155686988283229
50,24,1175.9850392559738,253.65204051832688,1175.99,253.65,0.004960744026220709,-0.002040518326879237,0.005364018674092633
50,25,1314.0042692027944,294.99052094221986,1314.0,294.99,-0.004269202794375815,-0.0005209422198504399,0.004300868900109485
50,26,1444.3906494907249,338.24298589745,1444.39,338.24,-0.0006494907247542869,-0.0029858974500029944,0.003055719519765555
50,27,1717.122855493526,431.40464323130664,1717.12,431.4,-0.0028554935261126957,-0.00464323130665889,0.00545100359977947
50,31,423.96794288992356,475.0044387911977,423.97,475.0,0.0020571100764641415,-0.004438791197685532,0.004892296921011731
51,13,121.52127670952373,314.3349862061922,121.52,314.33,-0.0012767095237364856,-0.004986206192199916,0.005147061239108412
51,14,128.7741948696389,432.60402806454834,128.77,432.6,-0.004194869638894261,-0.004028064548322163,0.005815688720415381
51,15,139.73939185520493,581.2597404706927,139.74,581.26,0.0006081447950805341,0.00025952930729999935,0.0006612076475141242
51,16,195.52509951553893,991.214501082575,195.53,991.21,0.004900484461074939,-0.004501082574961401,0.006653908047144783
51,17,983.3902982960805,316.8746924315102,983.39,316.87,-0.0002982960804729373,-0.004692431510193273,0.0047019032348061185
51,18,1108.0203807594114,372.00959942754525,1108.02,372.01,-0.000380759411427789,0.00040057245473690273,0.0005526626646380089
51,19,1298.6239589150202,456.2553243868257,1298.62,456.26,-0.003958915020348286,0.004675613174299542,0.006126529743176206
51,20,1518.7604546160958,563.0064812586625,1518.76,563.01,-0.0004546160957943357,0.0035187413375297183,0.0035479876542902056
51,21,1321.5292113956332,399.97479411503076,1321.53,399.97,0.0007886043667895137,-0.004794115030733792,0.004858542556696108
51,22,1328.9401535314528,346.39838672512735,1328.94,346.4,-0.0001535314527245646,0.0016132748726249702,0.0016205640134282968
51,23,1596.7381166909454,447.27002152023584,1596.74,447.27,0.0018833090546195308,-2.1520235861771653e-05,0.00188343200455006
51,24,1175.9887794419803,253.23903038874516,1175.99,253.24,0.0012205580196678056,0.0009696112548454039,0.0015588161741842026
51,25,1314.2532019020957,294.74289070666487,1314.25,294.74,-0.0032019020957250177,-0.0028907066648571345,0.004313741073923853
51,26,1444.7929871180436,337.9322394230875,1444.79,337.93,-0.002987118043620285,-0.002239423087473824,0.0037333483592122334
51,27,1717.8421416201445,431.30348242348,1717.84,431.3,-0.0021416201445845218,-0.003482423479965746,0.0040882526998103925
51,31,422.7259571674427,475.0033290933983,422.73,475.0,0.0040428325573316215,-0.0033290933982925708,0.005237113512343962
52,13,119.8909575321428,314.0012396546441,119.89,314.0,-0.0009575321428059169,-0.001239654644109578,0.001566400791997034
52,14,127.08064615222918,432.45302104841124,127.08,432.45,-0.0006461522291800748,-0.0030210484112558333,0.003089376345870761
52,15,138.05454389140368,581.4448053530195,138.05,581.44,-0.004543891403670841,-0.004805353019492031,0.006613498826664669
52,16,193.8938246366542,991.9108758119312,193.89,991.91,-0.0038246366542011856,-0.0008758119312233248,0.003923632510255308
52,17,983.0427237220604,316.4060193236327,983.04,316.41,-0.0027237220604092727,0.003980676367348224,0.004823323149440102
52,18,1107.7652855695585,371.75719957065894,1107.77,371.76,0.004714430441481454,0.0028004293410504033,0.005483453189531484
52,19,1298.7179691862652,456.1914932901193,1298.72,456.19,0.0020308137347910815,-0.0014932901192992176,0.0025207379486596325
52,20,1519.070340962072,563.2548609439968,1519.07,563.25,-0.0003409620719594386,-0.00486094399684589,0.004872887406352313
52,21,1321.646908546725,399.73109558627306,1321.65,399.73,0.003091453275146705,-0.001095586273038407,0.003279846434527915
52,22,1329.2051151485896,346.04879004384554,1329.21,346.05,0.004884851410452029,0.0012099561544687276,0.005032471281381736
52,23,1597.303587518209,447.2025161401769,1597.3,447.2,-0.003587518209087648,-0.002516140176908266,0.004381922898726928
52,24,1175.9915845814853,252.92927279155887,1175.99,252.93,-0.0015845814853037155,0.0007272084411340529,0.001743482320077823
52,25,1314.4399014265719,294.30716802999865,1314.44,294.31,9.857342820396298e-05,0.0028319700013526017,0.0028336850229531397
52,26,1445.0947403385326,337.6991795673156,1445.09,337.7,-0.0047403385326560965,0.000820432684406569,0.004810812737347685
52,27,1718.6316062151084,431.22761181760995,1718.63,431.23,-0.001606215108267861,0.0023881823900637755,0.002878079585806943
52,31,421.29446787558203,474.7524968200487,421.29,474.75,-0.0044678755820086735,-0.0024968200486910064,0.005118205014636938
53,13,118.1682181491071,313.7509297409831,118.17,313.75,0.0017818508928968413,-0.0009297409831106052,0.002009828574827402
53,14,125.56048461417188,432.3397657863084,125.56,432.34,-0.00048461417188150335,0.00023421369155585126,0.0005382443208252315
53,15,136.54090791855276,581.5836040147647,136.54,581.58,-0.0009079185527696154,-0.0036040147646190235,0.003716616542240427
53,16,192.42036847749063,992.9331568589485,192.42,992.93,-0.0003684774906389521,-0.003156858948500485,0.0031782910631084696
53,17,982.7820427915453,316.0545144927245,982.78,316.05,-0.002042791545363798,-0.0045144927244678,0.004955163151409095
53,18,1107.5739641771688,371.5678996779942,1107.57,371.57,-0.003964177168882088,0.0021003220057878025,0.004486206989683212
53,19,1299.0384768896988,456.1436199675895,1299.04,456.14,0.0015231103011501546,-0.0036199675894863503,0.003927343929222565
53,20,1519.552755721554,563.4411457079976,1519.55,563.44,-0.0027557215539673052,-0.0011457079975798479,0.002984400793914652
53,21,1321.9851814100437,399.5483216897048,1321.99,399.55,0.004818589956357755,0.001678310295233132,0.00510250277947963
53,22,1329.4038363614422,345.78659253288413,1329.4,345.79,-0.003836361442154157,0.0034074671158919045,0.0051311306025798855
53,23,1597.727690638657,447.1518871051327,1597.73,447.15,0.0023093613431228732,-0.001887105132709621,0.0029823339174226077
53,24,1175.993688436114,252.69695459366915,1175.99,252.7,-0.0036884361140891997,0.0030454063308411605,0.004783206109676317
53,25,1314.579926069929,293.980376022499,1314.58,293.98,7.39300710392854e-05,-0.000376022498983275,0.00038322131353240365
53,26,1445.5710552538994,337.52438467548666,1445.57,337.52,-0.0010552538994943461,-0.004384675486676315,0.004509871385733544
53,27,1719.2237046613313,431.17070886320744,1719.22,431.17,-0.003704661331312309,-0.0007088632074214729,0.0037718699111391088
53,31,419.9708509066865,474.5643726150365,419.97,474.56,-0.0008509066864803572,-0.004372615036515981,0.004454638531537956
54,13,116.62616361183032,313.31319730573733,116.63,313.31,0.00383638816967391,-0.00319730573733068,0.004994060288621035
54,14,123.92036346062892,432.25482433973133,123.92,432.25,-0.00036346062891823294,-0.004824339731328564,0.004838011727150835
54,15,134.90568093891457,581.6877030110735,134.91,581.69,0.004319061085425346,0.0022969889265596066,0.004891875590034259
54,16,190.81527635811796,993.6998676442113,190.82,993.7,0.004723641882037555,0.00013235578876447107,0.004725495813621969
54,17,982.586532093659,315.79088586954333,982.59,315.79,0.0034679063410294475,-0.0008858695433104913,0.0035792651812791673
54,18,1107.4304731328766,371.4259247584956,1107.43,371.43,-0.000473132876550153,0.004075241504381211,0.0041026147805885765
54,19,1299.2788576672742,456.1077149756921,1299.28,456.11,0.001142332725748929,0.0022850243079233223,0.0025546546036827435
54,20,1519.9145667911655,563.5808592809982,1519.91,563.58,-0.004566791165416362,-0.0008592809981564642,0.004646928596645068
54,21,1322.2388860575327,399.41124126727857,1322.24,399.41,0.0011139424673274334,-0.0012412672785444556,0.0016678166198058734
54,22,1329.5528772710818,345.58994439966307,1329.55,345.59,-0.0028772710818429914,5.560033690699129e-05,0.0028778082416787447
54,23,1598.2957679789927,447.11391532884954,1598.3,447.11,0.004232021007283038,-0.003915328849529942,0.005765396933954019
54,24,1175.9952663270856,252.27271594525186,1176.0,252.27,0.004733672914426279,-0.0027159452518503713,0.005457473579580717
54,25,1314.6849445524467,293.73528201687424,1314.68,293.74,-0.004944552446659145,0.004717983125772207,0.006834322473576604
54,26,1445.9282914404246,337.393288506615,1445.93,337.39,0.0017085595754906535,-0.003288506615035658,0.003705867183283028
54,27,1719.9177784959984,431.1280316474056,1719.92,431.13,0.002221504001681751,0.0019683525944174107,0.0029680788341009045
54,31,418.72813818001487,474.4232794612774,418.73,474.42,0.0018618199851516692,-0.003279461277372775,0.003771105928888452
55,13,114.96962270887275,312.984897979303,114.97,312.98,0.00037729112725060077,-0.004897979302995736,0.004912489170194335
55,14,122.1902725954717,432.1911182547985,122.19,432.19,-0.00027259547169933285,-0.001118254798484486,0.0011510004715570537
55,15,133.17926070418594,581.7657772583051,133.18,581.77,0.0007392958140712835,0.0042227416948890095,0.004286969293388679
55,16,189.11145726858848,994.2749007331585,189.11,994.27,-0.0014572685884672865,-0.004900733158478943,0.005112809132908095
55,17,982.4398990702442,315.5931644021575,982.44,315.59,0.00010092975583120278,-0.003164402157551649,0.0031660113439988934
55,18,1107.3228548496575,371.06944356887175,1107.32,371.07,-0.002854849657524028,0.0005564311282455492,0.0029085704680384956
55,19,1299.4591432504558,456.0807862317691,1299.46,456.08,0.0008567495442548534,-0.0007862317690978671,0.0011628328238915775
55,20,1520.1859250933742,563.6856444607487,1520.19,563.69,0.004074906625874064,0.004355539251378104,0.005964527322419412
55,21,1322.4291645431495,399.30843095045896,1322.43,399.31,0.0008354568506092619,0.001569049541046752,0.0017776120531457276
55,22,1329.9146579533112,345.4424582997473,1329.91,345.44,-0.004657953311152596,-0.0024582997472748502,0.005266855484663408
55,23,1598.9718259842446,446.83543649663716,1598.97,446.84,-0.0018259842445331742,0.0045635033628173005,0.004915260054537115
55,24,1175.9964497453143,251.9545369589389,1176.0,251.95,0.0035502546857060224,-0.004536958938899716,0.005760929156537129
55,25,1315.013708414335,293.3014615126557,1315.01,293.3,-0.003708414335051202,-0.001461512655680508,0.003986020085640254
55,26,1446.4462185803184,337.04496637996124,1446.45,337.04,0.00378141968167256,-0.004966379961217626,0.006242120210963947
55,27,1720.6883338719988,431.0960237355542,1720.69,431.1,0.0016661280012613133,0.003976264445839206,0.004311225053257135
55,31,417.54610363501115,474.56745959595804,417.55,474.57,0.003896364988861478,0.0025404040419516605,0.004651377518842116
56,13,113.47721703165456,312.48867348447726,113.48,312.49,0.0027829683454427823,0.0013265155227486503,0.0030829460332334174
56,14,120.64270444660377,431.89333869109885,120.64,431.89,-0.002704446603772226,-0.0033386910988610907,0.0042966137464600426
56,15,131.63444552813945,581.8243329437288,131.63,581.82,-0.004445528139456201,-0.0043329437287411565,0.006207827461772293
56,16,187.08359295144135,994.9561755498688,187.08,994.96,-0.0035929514413339803,0.003824450131219237,0.005247448795935675
56,17,982.3299243026831,315.19487330161814,982.33,315.19,7.56973169018238e-05,-0.004873301618147252,0.0048738894884088994
56,18,1107.2421411372432,370.8020826766538,1107.24,370.8,-0.002141137243143021,-0.0020826766537993535,0.0029869735081274103
56,19,1299.5943574378418,456.0605896738268,1299.59,456.06,-0.004357437841917999,-0.0005896738268234003,0.0043971558726317115
56,20,1520.3894438200307,563.7642333455615,1520.39,563.76,0.0005561799694078218,-0.004233345561488022,0.0042697249093285655
56,21,1322.571873407362,398.98132321284425,1322.57,398.98,-0.0018734073621544667,-0.0013232128442268731,0.002293588318705327
56,22,1330.1859934649833,345.0818437248105,1330.19,345.08,0.0040065350167424185,-0.0018437248104987702,0.004410401797708674
56,23,1599.4788694881834,446.62657737247787,1599.48,446.63,0.001130511816654689,0.0034226275221271862,0.0036045022018051766
56,24,1175.9973373089856,251.46590271920417,1176.0,251.47,0.0026626910143932037,0.004097280795832603,0.0048864745326287085
56,25,1315.2602813107512,292.97609613449174,1315.26,292.98,-0.000281310751233832,0.003903865508277704,0.003913987946516964
56,26,1446.8346639352387,336.7837247849709,1446.83,336.78,-0.004663935238795602,-0.0037247849709274305,0.005968778349991416
56,27,1721.516250403999,431.07201780166565,1721.52,431.07,0.0037495960009437113,-0.0020178016656586806,0.0042580504614468835
56,31,416.40957772625836,474.4255946969685,416.41,474.43,0.00042227374166259324,0.004405303031489893,0.004425495442563665
57,13,112.10791277374092,312.11650511335796,112.11,312.12,0.002087226259078534,0.003494886642045003,0.004070718130420181
57,14,119.23202833495283,431.6700040183241,119.23,431.67,-0.0020283349528256167,-4.01832409124836e-06,0.0020283389331624533
57,15,129.9758341461046,581.8682497077966,129.98,581.87,0.004165853895386817,0.0017502922033827417,0.004518612782141432
57,16,185.312694713581,995.9671316624016,185.31,995.97,-0.0026947135810075906,0.0028683375984428494,0.003935586596977336
57,17,981.9974432270124,314.8961549762136,982.0,314.9,0.0025567729876456724,0.003845023786368529,0.00461749889313407
57,18,1107.1816058529323,370.6015620074904,1107.18,370.6,-0.0016058529322435788,-0.0015620074903495151,0.0022402301310140644
57,19,1299.6957680783814,455.7954422553701,1299.7,455.8,0.004231921618611523,0.004557744629892113,0.006219501322242963
57,20,1520.792082865023,563.8231750091711,1520.79,563.82,-0.00208286502311239,-0.0031750091710591732,0.003797237145717243
57,21,1322.6789050555217,398.7359924096332,1322.68,398.74,0.0010949444783818763,0.004007590366825298,0.00415447757955316
57,22,1330.3894950987374,344.8113827936079,1330.39,344.81,0.0005049012627296179,-0.0013827936078882885,0.0014720881247814862
57,23,1599.8591521161375,446.4699330293584,1599.86,446.47,0.0008478838624341734,6.697064162608513e-05,0.0008505246092948174
57,24,1175.9980029817393,251.0994270394031,1176.0,251.1,0.001997018260681216,0.0005729605968838314,0.002077586527458172
57,25,1315.4452109830634,292.7320721008688,1315.45,292.73,0.004789016936683765,-0.0020721008687587528,0.005218072942203351
57,26,1447.125997951429,336.5877935887282,1447.13,336.59,0.004002048571010164,0.0022064112717998796,0.004569971932632634
57,27,1722.1371878029993,431.05401335124924,1722.14,431.05,0.0028121970008214703,-0.004013351249227526,0.004900555093160918
57,31,415.0571832946938,474.3191960227264,415.06,474.32,0.0028167053062020386,0.0008039772736196937,0.0029291992486827653
58,13,110.5809345803057,311.83737883501846,110.58,311.84,-0.0009345803056959312,0.0026211649815195415,0.002782794675885923
58,14,117.67402125121463,431.5025030137431,117.67,431.5,-0.004021251214624044,-0.0025030137430803734,0.0047366168442427945
58,15,128.48187560957845,582.1511872808475,128.48,582.15,-0.001875609578462445,-0.0011872808474890917,0.0022198078974619596
58,16,183.98452103518576,996.9753487468012,183.98,996.98,-0.0045210351857747355,0.004651253198858285,0.006486440893965089
58,17,981.7480824202593,314.6721162321602,981.75,314.67,0.0019175797407342543,-0.0021162321601764233,0.0028557924675717285
58,18,1107.1362043896993,370.45117150561776,1107.14,370.45,0.0037956103008127684,-0.0011715056177763472,0.003972289386250395
58,19,1299.771826058786,455.5965816915276,1299.77,455.6,-0.0018260587860368105,0.003418308472419085,0.003875477196768719
58,20,1521.3440621487673,563.8673812568784,1521.34,563.87,-0.004062148767388862,0.0026187431216158075,0.004833101296828875
58,21,1323.0091787916413,398.5519943072249,1323.01,398.55,0.0008212083587295638,-0.00199430722489069,0.0021567671352509315
58,22,1330.542121324053,344.6085370952059,1330.54,344.61,-0.002121324052950513,0.0014629047940957207,0.0025768403470557955
58,23,1600.394364087103,446.3524497720188,1600.39,446.35,-0.004364087102885605,-0.0024497720187923733,0.005004661745376058
58,24,1175.7485022363044,250.57457027955235,1175.75,250.57,0.0014977636956245988,-0.004570279552353895,0.004809443967299668
58,25,1315.5839082372975,292.2990540756516,1315.58,292.3,-0.003908237297537198,0.00094592434840024,0.004021080905273765
58,26,1447.5944984635719,336.19084519154615,1447.59,336.19,-0.0044984635719629296,-0.0008451915461478166,0.004577174156393572
58,27,1722.8528908522494,430.7905100134369,1722.85,430.79,-0.0028908522494930367,-0.0005100134368944964,0.002935496624799948
58,31,414.0428874710203,474.2393970170448,414.04,474.24,-0.002887471020301291,0.0006029829552289812,0.0029497588608861664
59,13,108.93570093522928,311.62803412626386,108.94,311.63,0.004299064770719951,0.001965873736139656,0.0047272209012578495
59,14,116.00551593841097,431.3768772603073,116.01,431.38,0.0044840615890393565,0.0031227396926851725,0.00546427593763068
59,15,126.86140670718385,582.3633904606356,126.86,582.36,-0.0014067071838468337,-0.003390460635614545,0.00367070135297576
59,16,182.73839077638934,997.9815115601009,182.74,997.98,0.0016092236106715063,-0.0015115601008801605,0.002207807638295393
59,17,981.5610618151944,314.2540871741202,981.56,314.25,-0.0010618151944754572,-0.004087174120172676,0.004222847830058318
59,18,1107.1021532922746,370.0883786292133,1107.1,370.09,-0.0021532922746700933,0.0016213707866654659,0.0026954611568349666
59,19,1300.0788695440895,455.4474362686457,1300.08,455.45,0.0011304559104701184,0.0025637313543143136,0.002801900965882115
59,20,1522.0080466115755,563.9005359426587,1522.01,563.9,0.0019533884244538058,-0.000535942658757449,0.0020255766759780104
59,21,1323.506884093731,398.41399573041866,1323.51,398.41,0.0031159062689312123,-0.003995730418637322,0.005067024122222867
59,22,1330.9065909930396,344.2064028214044,1330.91,344.21,0.0034090069605099416,0.003597178595555306,0.0049559078184653995
59,23,1601.2957730653272,446.2643373290141,1601.3,446.26,0.004226934672715288,-0.004337329014106217,0.006056352012887817
59,24,1175.8113766772283,250.18092770966427,1175.81,250.18,-0.0013766772283361206,-0.0009277096642676952,0.0016600859653026715
59,25,1315.937931177973,291.9742905567387,1315.94,291.97,0.002068822027013084,-0.004290556738681062,0.004763286859648073
59,26,1448.195873847679,335.89313389365964,1448.2,335.89,0.004126152321077825,-0.0031338936596512212,0.005181353341236056
59,27,1723.889668139187,430.5928825100777,1723.89,430.59,0.00033186081304847903,-0.002882510077711231,0.002901550610853446
59,31,413.03216560326524,474.1795477627836,413.03,474.18,-0.002165603265268601,0.00045223721639331416,0.0022123191457005475
60,13,109.95177570142195,311.9710255946979,82.6,312.5,-27.351775701421957,0.5289744053021082,27.356890319302764
60,14,115.75413695380823,432.5326579452305,109.3,444.5,-6.454136953808231,11.967342054769517,13.596806966136134
60,15,125.64605503038788,583.5225428454767,136.1,599.4,10.45394496961211,15.877457154523313,19.009960839554665
60,16,176.553793082292,992.7361336700757,198.9,1009.2,22.346206917708002,16.46386632992437,27.756294027456878
60,17,981.6707963613958,314.1905653805901,987.6,312.2,5.9292036386042355,-1.9905653805901125,6.254422940802898
60,18,1106.0766149692058,369.56628397190997,1106.08,369.57,0.0033850307941065694,0.0037160280900252474,0.005026658755366873
60,19,1296.559152158067,454.5855772014843,1282.1,454.1,-14.459152158067127,-0.4855772014842614,14.467303354417455
60,20,1519.5060349586815,562.675401956994,1499.6,561.2,-19.90603495868163,-1.4754019569940056,19.960637232086476
60,21,1322.3801630702983,397.560496797814,1321.9,396.6,-0.4801630702982038,-0.9604967978139598,1.0738299086396637
60,22,1329.4299432447797,343.4048021160533,1335.4,336.4,5.970056755220412,-7.004802116053327,9.203740019449596
60,23,1599.4718297989955,444.6982529967606,1604.4,437.2,4.928170201004605,-7.498252996760584,8.972773235377057
60,24,1176.3585325079212,250.3856957822482,1186.4,241.1,10.041467492078937,-9.285695782248212,13.67681306280598
60,25,1315.2034483834798,291.73071791755405,1317.8,283.9,2.5965516165201734,-7.830717917554068,8.2499832364409
60,26,1446.6469053857593,335.16985042024476,1448.1,326.7,1.4530946142406265,-8.469850420244768,8.59359354980532
60,27,1722.4172511043903,429.19466188255825,1739.8,421.2,17.382748895609666,-7.994661882558262,19.13307549204385
60,31,413.52412420244895,474.6346608220877,413.52,474.63,-0.004124202448963388,-0.004660822087714678,0.006223528611114808
61,13,110.71383177606646,312.2282691960234,110.71,312.23,-0.0038317760664625666,0.0017308039766135153,0.004204543997745356
61,14,115.31560271535616,433.39949345892285,115.32,433.4,0.00439728464382938,0.000506541077129441,0.004426363756140827
61,15,124.73454127279092,584.3919071341074,124.73,584.39,-0.004541272790916651,-0.0019071341074550219,0.0049254765318026
61,16,172.165344811719,989.0521002525568,172.17,989.05,0.004655188280992206,-0.0021002525568292185,0.005107038156696584
61,17,981.7530972710468,314.14292403544255,981.75,314.14,-0.003097271046840433,-0.002924035442561035,0.004259468418353297
61,18,1105.3074612269043,369.17471297893246,1105.31,369.17,0.002538773095693614,-0.0047129789324458216,0.005353273694581278
61,19,1293.9193641185502,453.9391829011132,1293.92,453.94,0.0006358814498526044,0.0008170988867846063,0.0010353723045606797
61,20,1517.629526219011,561.7565514677456,1517.63,561.76,0.000473780989068473,0.003448532254424208,0.003480925614747723
61,21,1321.5351223027237,396.9203725983605,1321.54,396.92,0.004877697276242543,-0.0003725983604567773,0.004891907629634783
61,22,1328.3224574335848,342.80360158703996,1328.32,342.8,-0.0024574335848228657,-0.003601587039952392,0.004360092777701914
61,23,1598.1038723492466,443.2736897475704,1598.1,443.27,-0.0038723492466488096,-0.0036897475704336102,0.005348768626660003
61,24,1176.7688993809409,250.28927183668617,1176.77,250.29,0.0011006190591160703,0.0007281633138234156,0.001319690920211184
61,25,1314.40258628761,291.5480384381655,1314.4,291.55,-0.0025862876098017296,0.0019615618344914765,0.0032460142376686384
61,26,1445.2351790393195,334.62738781518357,1445.24,334.63,0.004820960680490316,0.002612184816427998,0.005483171654983147
61,27,1721.3129383282926,427.8959964119187,1721.31,427.9,-0.0029383282926573884,0.004003588081275211,0.004966134379974007
61,31,413.8930931518367,474.9759956165658,413.89,474.98,-0.00309315183670833,0.004004383434221381,0.005059908593363989
62,13,110.78537383204984,312.42120189701757,110.79,312.42,0.004626167950164017,-0.0012018970175518007,0.004779747518847063
62,14,114.73670203651713,434.04962009419216,114.74,434.05,0.0032979634828649296,0.0003799058078470807,0.0033197728170985615
62,15,123.80090595459319,585.0439303505806,123.8,585.04,-0.0009059545931933144,-0.003930350580617414,0.004033411634272866
62,16,168.37400860878924,986.0390751894176,168.37,986.04,-0.004008608789234813,0.000924810582318969,0.004113905569929838
62,17,981.8148229532851,314.1071930265819,981.81,314.11,-0.004822953285156473,0.002806973418103098,0.005580320614511231
62,18,1104.730595920178,368.6310347341994,1104.73,368.63,-0.0005959201780569856,-0.0010347341993792725,0.0011940668833782023
62,19,1291.9395230889127,453.2043871758349,1291.94,453.2,0.0004769110873894533,-0.004387175834892787,0.004413021186391723
62,20,1516.2221446642584,561.0674136008092,1516.22,561.07,-0.0021446642583669018,0.002586399190818156,0.0033599174923472845
62,21,1321.1513417270428,396.44027944877035,1321.15,396.44,-0.0013417270426998584,-0.00027944877035679383,0.0013705192710670039
62,22,1327.4918430751886,342.35270119027996,1327.49,342.35,-0.0018430751886171493,-0.0027011902799358722,0.0032700695832529585
62,23,1597.327904261935,442.2052673106778,1597.33,442.21,0.0020957380650088453,0.004732689322167971,0.005175950758777536
62,24,1177.0766745357057,250.21695387751464,1177.08,250.22,0.003325464294221092,0.0030461224853581825,0.004509720054276551
62,25,1314.0519397157075,291.4110288286241,1314.05,291.41,-0.0019397157075218274,-0.0010288286241006972,0.0021956742389926238
62,26,1444.4263842794896,334.2205408613877,1444.43,334.22,0.0036157205104245804,-0.0005408613876625168,0.0036559493774079
62,27,1720.7347037462196,426.921997308939,1720.73,426.92,-0.004703746219547611,-0.0019973089389964116,0.0051102320393210535
62,31,413.91981986387754,475.23199671242435,413.92,475.23,0.00018013612248068966,-0.0019967124243294165,0.0020048215701388076
63,13,110.83903037403738,312.3159014227632,110.84,312.32,0.0009696259626252868,0.0040985772367889695,0.004211711038677953
63,14,114.05252652738784,434.53721507064415,114.05,434.54,-0.0025265273878432026,0.002784929355868826,0.003760209057845288
63,15,122.85067946594489,585.5329477629355,122.85,585.53,-0.0006794659448985385,-0.0029477629354914825,0.0030250587257331426
63,16,165.53050645659192,984.0293063920633,165.53,984.03,-0.0005064565919212782,0.0006936079366823833,0.0008588307454494799
63,17,981.8611172149638,314.08039476993645,981.86,314.08,-0.0011172149637559414,-0.00039476993646303526,0.0011849103670637786
63,18,1104.5479469401334,368.22327605064953,1104.55,368.22,0.0020530598665118305,-0.003276050649503759,0.003866207789759311
63,19,1290.7046423166844,452.90329038187616,1290.7,452.9,-0.004642316684339676,-0.003290381876183801,0.005690142097418777
63,20,1515.416608498194,560.8005602006069,1515.42,560.8,0.0033915018061634328,-0.0005602006069693743,0.0034374567955479354
63,21,1320.8635062952821,396.0802095865778,1320.86,396.08,-0.0035062952822499938,-0.00020958657779601708,0.003512553649401075
63,22,1326.8688823063915,342.01452589270997,1326.87,342.01,0.0011176936084211775,-0.004525892709978052,0.00466186055395676
63,23,1596.7459281964511,441.6539504830084,1596.75,441.65,0.004071803548868047,-0.003950483008395622,0.005673261860710904
63,24,1177.3075059017792,250.16271540813597,1177.31,250.16,0.0024940982207226625,-0.00271540813596971,0.003686999766680552
63,25,1313.7889547867806,291.05827162146807,1313.79,291.06,0.0010452132194131991,0.0017283785319364142,0.0020198423264440168
63,26,1443.8197882096172,333.91540564604077,1443.82,333.92,0.00021179038276386564,0.004594353959248565,0.004599232921813618
63,27,1720.5510278096647,426.1914979817043,1720.55,426.19,-0.0010278096647198254,-0.0014979817042899413,0.0018166843130491541
63,31,413.68986489790814,475.42399753431823,413.69,475.42,0.00013510209186051725,-0.003997534318216367,0.003999816645865493
64,13,110.62927278052803,312.23692606707243,110.63,312.24,0.0007272194719689651,0.0030739329275775162,0.003158783278994635
64,14,113.28939489554088,434.9029113029831,113.29,434.9,0.0006051044591259824,-0.0029113029831364656,0.0029735225686167966
64,15,121.88800959945867,585.8997108222015,121.89,585.9,0.001990400541330928,0.0002891777984359578,0.002011297619458323
64,16,163.14787984244396,982.7719797940474,163.15,982.77,0.002120157556049662,-0.0019797940474290954,0.002900802049901054
64,17,981.8958379112228,313.81029607745234,981.9,313.81,0.004162088777206918,-0.0002960774523330656,0.004172606481221518
64,18,1104.1609602051,367.91745703798716,1104.16,367.92,-0.0009602051000001666,0.0025429620128534225,0.002718207062179381
64,19,1289.7784817375132,452.67746778640714,1289.78,452.68,0.0015182624867975392,0.0025322135928718126,0.002952494988774989
64,20,1514.8124563736455,560.6004201504552,1514.81,560.6,-0.0024563736456002516,-0.00042015045517018734,0.002492046928085261
64,21,1320.6476297214617,395.8101571899333,1320.65,395.81,0.0023702785383648006,-0.00015718993330438025,0.0023754850082804164
64,22,1326.4016617297937,341.51089441953246,1326.4,341.51,-0.0016617297935681563,-0.000894419532471602,0.001887149227511907
64,23,1596.3094461473383,440.99046286225627,1596.31,440.99,0.0005538526615964656,-0.0004628622562563578,0.0007217993066110658
64,24,1177.2306294263344,249.872036556102,1177.23,249.87,-0.000629426334398886,-0.002036556101984388,0.0021316046225706735
64,25,1313.3417160900854,290.79370371610105,1313.34,290.79,-0.001716090085437827,-0.003703716101028931,0.004081969884548262
64,26,1443.3648411572128,333.4365542345306,1443.36,333.44,-0.004841157212922553,0.003445765469393791,0.00594223045920458
64,27,1720.4132708572486,425.6436234862782,1720.41,425.64,-0.003270857248480752,-0.003623486278229393,0.004881409627193335
64,31,413.5173986734311,475.5679981507387,413.52,475.57,0.0026013265688789033,0.0020018492613189665,0.0032824229439544473
65,13,110.22195458539602,312.1776945503043,110.22,312.18,-0.0019545853960210025,0.002305449695711559,0.003022499358113265
65,14,112.46704617165565,435.17718347723735,112.47,435.18,0.002953828344345766,0.002816522762657314,0.004081409359575101
65,15,120.916007199594,586.1747831166512,120.92,586.17,0.003992800405995922,-0.004783116651196906,0.0062306227602927705
65,16,161.11090988183298,982.0789848455356,161.11,982.08,-0.0009098818329675851,0.0010151544644259047,0.0013632400876618534
65,17,981.6718784334171,313.6077220580893,981.67,313.61,-0.0018784334171186856,0.002277941910733716,0.002952546604412089
65,18,1103.870720153825,367.6880927784904,1103.87,367.69,-0.0007201538251138118,0.0019072215096116452,0.002038655296648106
65,19,1289.0838613031349,452.50810083980537,1289.08,452.51,-0.0038613031349541416,0.0018991601946254377,0.004303076962460283
65,20,1514.6093422802342,560.4503151128414,1514.61,560.45,0.0006577197657406941,-0.0003151128413492188,0.0007293088461201958
65,21,1320.4857222910964,395.60761789245,1320.49,395.61,0.0042777089036007965,0.002382107550033652,0.0048962465056278425
65,22,1326.0512462973452,341.13317081464936,1326.05,341.13,-0.0012462973452329607,-0.0031708146493656386,0.0034069521002453884
65,23,1595.9820846105038,440.4928471466922,1595.98,440.49,-0.0020846105037435336,-0.0028471466922042055,0.003528717222907953
65,24,1177.1729720697508,249.6540274170765,1177.17,249.65,-0.0029720697507400473,-0.004027417076486017,0.005005325854650742
65,25,1313.006287067564,290.5952777870758,1313.01,290.6,0.0037129324359739257,0.00472221292420727,0.006007092655824234
65,26,1443.0236308679096,333.07741567589795,1443.02,333.08,-0.003630867909578228,0.0025843241020311325,0.004456672844302573
65,27,1720.3099531429364,425.2327176147087,1720.31,425.23,4.6857063580318936e-05,-0.002717614708672045,0.0027180186329747655
65,31,413.1380490050733,475.675998613054,413.14,475.68,0.0019509949266875992,0.004001386946015373,0.004451682681380489
66,13,109.41646593904701,311.8832709127282,109.42,311.88,0.003534060952986806,-0.003270912728225994,0.004815439429075692
66,14,111.60028462874175,435.132887607928,111.6,435.13,-0.00028462874175261277,-0.0028876079280166778,0.0029016018104792477
66,15,119.93700539969551,586.6310873374883,119.94,586.63,0.002994600304489836,-0.0010873374883431097,0.0031858960744517266
66,16,159.58318241137474,981.8092386341517,159.58,981.81,-0.003182411374723415,0.0007613658482341634,0.0032722194475350063
66,17,981.2539088250628,313.455791543567,981.25,313.46,-0.003908825062808319,0.00420845643299117,0.00574369383933573
66,18,1103.4030401153686,367.51606958386776,1103.4,367.52,-0.003040115368548868,0.003930416132220671,0.004968950837602191
66,19,1288.3128959773512,452.131075629854,1288.31,452.13,-0.0028959773512724496,-0.001075629854028648,0.0030892821823136655
66,20,1514.2070067101756,560.337736334631,1514.21,560.34,0.0029932898244169337,0.002263665369014234,0.0037528608921504544
66,21,1320.1142917183224,395.2057134193375,1320.11,395.21,-0.004291718322519955,0.0042865806624945435,0.006065774471238249
66,22,1325.5384347230088,340.849878110987,1325.54,340.85,0.0015652769911866926,0.00012188901303034072,0.0015700156020358447
66,23,1595.7365634578778,440.1196353600192,1595.74,440.12,0.0034365421222446457,0.0003646399808303613,0.0034558333399603777
66,24,1176.879729052313,249.49052056280738,1176.88,249.49,0.00027094768711322104,-0.0005205628073667867,0.0005868545693488245
66,25,1312.504715300673,290.1964583403069,1312.5,290.2,-0.004715300673069578,0.003541659693098609,0.00589723781266872
66,26,1442.5177231509322,332.80806175692345,1442.52,332.81,0.0022768490678117814,0.001938243076551771,0.0029901217201639555
66,27,1720.2324648572023,424.9245382110315,1720.23,424.92,-0.002464857202312487,-0.00453821103150176,0.0051643857712448255
66,31,412.603536753805,475.7569989597905,412.6,475.76,-0.0035367538049513314,0.003001040209483108,0.0046384124240705605
67,13,108.56234945428525,311.66245318454617,108.56,311.66,-0.0023494542852517952,-0.002453184546141074,0.0033967705038629578
67,14,110.70021347155631,435.099665705946,110.7,435.1,-0.00021347155630735415,0.0003342940540278505,0.0003966391557961207
67,15,118.95275404977163,586.7233155031163,118.95,586.72,-0.0027540497716245227,-0.0033155031162550586,0.004310145131951138
67,16,157.93738680853104,981.3569289756138,157.94,981.36,0.0026131914689528912,0.003071024386258614,0.004032364124729223
67,17,980.9404316187971,313.0918436576752,980.94,313.09,-0.0004316187970516694,-0.0018436576752378642,0.001893506907679984
67,18,1103.0522800865265,367.38705218790085,1103.05,367.39,-0.002280086526525338,0.0029478120991370815,0.003726713128248718
67,19,1287.7346719830134,451.84830672239053,1287.73,451.85,-0.00467198301339522,0.0016932776094904511,0.0049693675996302766
67,20,1513.9052550326317,560.2533022509733,1513.91,560.25,0.004744967368424113,-0.0033022509733200422,0.0057809667719338105
67,21,1319.8357187887418,394.90428506450314,1319.84,394.9,0.0042812112581032125,-0.004285064503164904,0.006057272293103025
67,22,1325.1538260422567,340.63740858324024,1325.15,340.64,-0.003826042256605433,0.00259141675974206,0.004621043190882599
67,23,1595.5524225934082,439.8397265200144,1595.55,439.84,-0.002422593408255125,0.0002734799855943493,0.0024379807473074652
67,24,1176.9097967892349,249.11789042210552,1176.91,249.12,0.00020321076522122894,0.002109577894486847,0.002119342706597816
67,25,1312.378536475505,289.89734375523017,1312.38,289.9,0.001463524495193269,0.0026562447698097458,0.003032744668641319
67,26,1442.388292363199,332.6060463176926,1442.39,332.61,0.0017076368010293663,0.003953682307439976,0.0043066956280185045
67,27,1720.1743486429018,424.6934036582736,1720.17,424.69,-0.0043486429017320916,-0.003403658273612109,0.005522280754390623
67,31,411.95265256535373,475.8177492198429,411.95,475.82,-0.0026525653537419203,0.002250780157112331,0.003478809318074592
68,13,107.67176209071394,311.4968398884096,70.7,311.0,-36.97176209071394,-0.49683988840962456,36.975100296916935
68,14,109.52516010366723,435.3247492794595,95.6,443.3,-13.925160103667238,7.975250720540487,16.047264812679053
68,15,117.71456553732872,587.0424866273372,123.6,600.4,5.88543446267127,13.357513372662766,14.5966264018527
68,16,156.45304010639828,981.0176967317103,187.5,1012.1,31.046959893601723,31.082303268289706,43.93203040034511
68,17,980.7053237140979,312.8188827432564,985.5,310.1,4.794676285902142,-2.7188827432563585,5.511918364614046
68,18,1102.7892100648949,367.04028914092567,1104.9,367.6,2.110789935105231,0.5597108590743574,2.183737712251016
68,19,1287.3010039872602,451.6362300417929,1283.0,453.2,-4.301003987260174,1.5637699582071036,4.5764628022763345
68,20,1513.6789412744738,560.18997668823,1502.4,560.7,-11.27894127447371,0.5100233117700554,11.290466777400106
68,21,1319.8767890915565,394.6782137983773,1323.6,393.6,3.723210908443434,-1.0782137983773055,3.8761894256812837
68,22,1325.1153695316925,340.47805643743015,1334.8,336.2,9.684630468307432,-4.278056437430166,10.587437564845722
68,23,1595.6643169450563,439.62979489001077,1602.6,435.9,6.935683054943638,-3.729794890010794,7.874964721202435
68,24,1176.9323475919261,248.83841781657912,1185.5,238.7,8.567652408073855,-10.138417816579135,13.273740377493564
68,25,1312.5339023566287,289.6730078164226,1317.9,281.1,5.366097643371404,-8.573007816422603,10.113924408390602
68,26,1442.5412192723993,332.20453473826944,1449.5,324.7,6.958780727600697,-7.504534738269456,10.234386686691094
68,27,1720.3807614821762,424.5200527437052,1742.3,419.7,21.919238517823715,-4.820052743705219,22.442948238886686
68,31,411.2144894240153,475.86331191488216,411.21,475.86,-0.004489424015332588,-0.0033119148821469935,0.005578862623871618
69,13,106.50382156803545,311.37262991630723,106.5,311.37,-0.0038215680354483084,-0.0026299163072280862,0.004639056157515714
69,14,108.39387007775042,435.2435619595947,108.39,435.24,-0.0038700777504203643,-0.003561959594662767,0.005259758354554788
69,15,116.53592415299654,587.281864970503,116.54,587.28,0.0040758470034631955,-0.0018649705029929464,0.004482258780199295
69,16,154.83978007979871,981.0132725487828,154.84,981.01,0.00021992020128891454,-0.00327254878277472,0.0032799299429370835
69,17,980.5289927855733,312.6141620574423,980.53,312.61,0.0010072144266359828,-0.004162057442272271,0.004282196055063062
69,18,1102.591907548671,366.7802168556942,1102.59,366.78,-0.001907548671169934,-0.0002168556942478972,0.0019198354942572343
69,19,1286.975752990445,451.47717253134465,1286.98,451.48,0.0042470095550015685,0.002827468655368648,0.005102123984907346
69,20,1513.5092059558554,560.1424825161725,1513.51,560.14,0.0007940441446407931,-0.0024825161725630096,0.002606413752778945
69,21,1319.9075918186672,394.508660348783,1319.91,394.51,0.0024081813328393764,0.0013396512169947528,0.00275572181379608
69,22,1325.0865271487694,340.10854232807264,1325.09,340.11,0.0034728512305264303,0.0014576719273691197,0.0037663647084700846
69,23,1595.7482377087922,439.4723461675081,1595.75,439.47,0.0017622912077968067,-0.002346167508051167,0.002934309505984832
69,24,1176.9492606939446,248.62881336243436,1176.95,248.63,0.0007393060554932163,0.0011866375656381933,0.0013980994799629516
69,25,1312.4004267674716,289.504755862317,1312.4,289.5,-0.00042676747148107097,-0.004755862316983439,0.0047749719216784335
69,26,1442.6559144542994,331.90340105370205,1442.66,331.9,0.004085545700718285,-0.003401053702077661,0.005315905375105338
69,27,1720.5355711116322,424.3900395577789,1720.54,424.39,0.004428888367783657,-3.9557778904963925e-05,0.004429065024602967
69,31,410.4108670680115,475.8974839361616,410.41,475.9,-0.0008670680114732932,0.0025160638383567857,0.002661274915375511
70,13,105.62786617602659,311.2794724372304,67.7,310.6,-37.92786617602658,-0.6794724372304017,37.933952014778754
70,14,107.29540255831282,435.432671469696,94.0,443.4,-13.295402558312816,7.967328530303973,15.499872680037944
70,15,115.65194311474741,587.4613987278772,121.6,600.1,5.9480568852525835,12.638601272122855,13.968307801086935
70,16,153.87983505984903,981.259954411587,185.8,1013.2,31.920164940150983,31.940045588413,45.1559901009417
70,17,980.39674458918,312.46062154308174,985.2,310.1,4.803255410820043,-2.36062154308172,5.351989967407781
70,18,1102.4439306615034,366.5851626417707,1104.8,368.4,2.3560693384965816,1.8148373582292834,2.9740035918990353
70,19,1286.7318147428336,451.3578793985085,1282.4,454.4,-4.331814742833558,3.04212060149149,5.293308674189435
70,20,1513.6319044668915,560.1068618871294,1504.2,561.8,-9.43190446689141,1.6931381128705425,9.582668654493954
70,21,1319.9306938640004,394.38149526158725,1322.9,393.5,2.969306135999659,-0.8814952615872471,3.09738806504545
70,22,1325.064895361577,339.8314067460545,1334.5,335.1,9.4351046384229,-4.731406746054461,10.554970835326783
70,23,1595.811178281594,439.3542596256311,1603.6,435.9,7.78882171840587,-3.454259625631096,8.52042565382599
70,24,1176.7119455204584,248.22161002182577,1184.8,237.5,8.088054479541597,-10.721610021825768,13.430172996806395
70,25,1312.3003200756036,289.12856689673777,1318.8,281.4,6.499679924396332,-7.728566896737789,10.098345676245783
70,26,1442.7419358407246,331.67755079027654,1449.6,324.8,6.858064159275273,-6.87755079027653,9.712556248772481
70,27,1720.6516783337242,424.04252966833417,1743.4,419.7,22.748321666275842,-4.34252966833418,23.15909546058994
70,31,409.8081503010086,475.9231129521212,420.6,479.8,10.791849698991427,3.8768870478788244,11.467095234087488
71,13,104.47089963201994,310.9596043279228,104.47,310.96,-0.0008996320199372576,0.0003956720771611799,0.0009827991473039814
71,14,106.2215519187346,435.324503602272,106.22,435.32,-0.001551918734605806,-0.004503602271995533,0.004763495059632561
71,15,114.48895733606057,587.5960490459079,114.49,587.6,0.0010426639394296444,0.003950954092147185,0.004086219074993598
71,16,152.65987629488677,981.1949658086903,152.66,981.19,0.00012370511322501443,-0.0049658086902582,0.00496734928339873
71,17,980.047558441885,312.3454661573113,980.05,312.35,0.0024415581149241916,0.004533842688715595,0.005149459734241256
71,18,1102.0829479961276,366.438871981328,1102.08,366.44,-0.0029479961276592803,0.0011280186719773155,0.0031564390209575695
71,19,1286.5488610571251,451.2684095488814,1286.55,451.27,0.0011389428748316277,0.0015904511186022319,0.0019562018384596267
71,20,1513.4739283501685,560.080146415347,1513.47,560.08,-0.003928350168507677,-0.00014641534698967007,0.003931077778453181
71,21,1319.6980203980004,394.28612144619046,1319.7,394.29,0.0019796019996647374,0.0038785538095567063,0.0043545382913350835
71,22,1324.7986715211828,339.6235550595409,1324.8,339.62,0.0013284788171858963,-0.0035550595408722074,0.0037951685478853437
71,23,1595.8583837111955,439.2656947192233,1595.86,439.27,0.0016162888043709245,0.004305280776691234,0.004598677208206928
71,24,1176.5339591403438,247.91620751636933,1176.53,247.92,-0.003959140343795298,0.003792483630661536,0.005482492530838802
71,25,1312.2252400567027,288.8464251725533,1312.23,288.85,0.004759943297358404,0.0035748274466982366,0.005952852380811591
71,26,1442.5564518805436,331.5081630927074,1442.56,331.51,0.0035481194563544705,0.0018369072926134322,0.003995419887598493
71,27,1720.738758750293,423.7818972512506,1720.74,423.78,0.0012412497069362871,-0.0018972512506252315,0.0022672148427020375
71,31,408.8561127257565,475.94233471409086,408.86,475.94,0.003887274243538741,-0.002334714090864054,0.00453451110160278
72,13,103.35317472401495,310.7197032459421,103.35,310.72,-0.003174724014954222,0.00029675405789930664,0.0031885632410235745
72,14,105.16616393905096,435.243377701704,105.17,435.24,0.003836060949041098,-0.0033777017039824386,0.005111186985998845
72,15,113.61671800204542,587.6970367844309,113.62,587.7,0.003281997954587723,0.0029632155691388107,0.004421782116195307
72,16,151.74490722116508,981.3962243565177,151.74,981.4,-0.004907221165069586,0.003775643482299529,0.006191631712912019
72,17,979.7856688314138,312.25909961798345,979.79,312.26,0.00433116858619087,0.0009003820165389698,0.004423766392760066
72,18,1101.8122109970957,366.329153985996,1101.81,366.33,-0.0022109970957444602,0.0008460140039687758,0.0023673292657130983
72,19,1286.411645792844,451.201307161661,1286.41,451.2,-0.0016457928438740055,-0.0013071616610318415,0.002101738730912672
72,20,1513.3554462626264,560.0601098115103,1513.36,560.06,0.004553737373498734,-0.00010981151035593939,0.004555061210851705
72,21,1319.5235152985003,394.21459108464285,1319.52,394.21,-0.0035152985003605863,-0.004591084642868282,0.005782333589876873
72,22,1324.599003640887,339.46766629465566,1324.6,339.47,0.0009963591128325788,0.0023337053443697187,0.002537501155874478
72,23,1595.8937877833966,439.19927103941745,1595.89,439.2,-0.003787783396546729,0.0007289605825349099,0.0038572900578054416
72,24,1176.1504693552579,247.687155637277,1176.15,247.69,-0.00046935525779190357,0.002844362723010363,0.0028828273722281447
72,25,1311.9189300425269,288.634818879415,1311.92,288.63,0.0010699574731916073,-0.004818879414983712,0.004936234172989804
72,26,1442.4173389104076,331.3811223195305,1442.42,331.38,0.0026610895924932265,-0.0011223195305092304,0.002888078764133386
72,27,1720.80406906272,423.586422938438,1720.8,423.59,-0.0040690627199637674,0.003577061561998107,0.005417807751971574
72,31,408.14208454431736,475.9567510355681,408.14,475.96,-0.0020845443173698186,0.003248964431861623,0.003860193633819516
73,13,101.76488104301121,310.5397774344566,101.76,310.54,-0.00488104301120984,0.00022256554342447998,0.004886114642371816
73,14,103.62462295428821,435.182533276278,103.62,435.18,-0.004622954288208803,-0.002533276277972618,0.00527154579335198
73,15,112.21253850153406,587.7727775883232,112.21,587.77,-0.0025385015340617656,-0.0027775883231697662,0.003762842932071836
73,16,150.30868041587382,981.2971682673883,150.31,981.3,0.001319584126179052,0.0028317326116393815,0.0031241017668900807
73,17,979.3392516235604,311.9443247134876,979.34,311.94,0.0007483764396738479,-0.004324713487619647,0.004388987815596917
73,18,1101.6091582478218,366.246865489497,1101.61,366.25,0.0008417521780756942,0.00313451050300273,0.003245566641239955
73,19,1286.308734344633,451.15098037124574,1286.31,451.15,0.0012656553669785353,-0.0009803712457596703,0.0016009407507693526
73,20,1513.2665846969699,559.7950823586327,1513.27,559.8,0.0034153030301240506,0.004917641367228498,0.005987277461772713
73,21,1319.3926364738752,393.9109433134821,1319.39,393.91,-0.0026364738750999095,-0.0009433134820824307,0.00280014907095369
73,22,1324.4492527306652,339.35074972099176,1324.45,339.35,0.0007472693348518078,-0.0007497209917346481,0.001058533430864348
73,23,1595.9203408375474,438.8994532795631,1595.92,438.9,-0.000340837547355477,0.0005467204368869716,0.0006442619574343794
73,24,1176.1128520164434,247.51536672795774,1176.11,247.52,-0.002852016443512184,0.004633272042269709,0.005440699184088568
73,25,1311.9391975318952,288.47611415956123,1311.94,288.48,0.0008024681048937055,0.0038858404387838164,0.003967834544819037
73,26,1442.5630041828058,331.2858417396479,1442.56,331.29,-0.0030041828058529063,0.0041582603521419514,0.005129936011996441
73,27,1720.8530517970398,423.4398172038285,1720.85,423.44,-0.003051797039915982,0.0001827961714866433,0.0030572666898964055
73,31,407.106563408238,475.96756327667606,407.11,475.97,0.003436591762010721,0.0024367233239672714,0.004212811827780356
74,13,100.57366078225841,310.4048330758425,100.57,310.4,-0.003660782258421591,-0.004833075842498147,0.006062998337696741
74,14,102.46846721571616,435.38689995720847,102.47,435.39,0.0015327842838388506,0.003100042791515989,0.003458278902866804
74,15,111.15940387615055,588.0795831912424,111.16,588.08,0.0005961238494478494,0.000416808757677245,0.0007273879187592894
74,16,149.23151031190537,981.4728762005412,149.23,981.47,-0.0015103119053776481,-0.002876200541209073,0.003248626110339081
74,17,979.0044387176703,311.7082435351157,979.0,311.71,-0.004438717670268488,0.0017564648842949282,0.004773613248485356
74,18,1101.2068686858663,366.18514911712276,1101.21,366.19,0.003131314133725027,0.004850882877235563,0.00577375033169285
74,19,1286.2315507584747,451.11323527843433,1286.23,451.11,-0.001550758474650138,-0.003235278434317479,0.0035877400120770987
74,20,1513.4499385227273,559.8463117689746,1513.45,559.85,6.147727276584192e-05,0.0036882310254213735,0.003688743356747325
74,21,1319.2944773554063,393.68320748511155,1319.29,393.68,-0.004477355406379502,-0.0032074851115453384,0.005507692091595242
74,22,1324.336939547999,339.01306229074385,1324.34,339.01,0.0030604520009092084,-0.0030622907438555558,0.004329433109515908
74,23,1595.9402556281607,438.6745899596723,1595.94,438.67,-0.0002556281606302946,-0.00458995967227338,0.004597072497753672
74,24,1175.8346390123324,247.1365250459683,1175.83,247.14,-0.004639012332518178,0.0034749540316738603,0.005796183308307472
74,25,1311.7043981489214,288.1070856196709,1311.7,288.11,-0.004398148921382017,0.002914380329116284,0.005276109043357021
74,26,1442.4222531371042,330.9643813047359,1442.42,330.96,-0.002253137104162306,-0.004381304735943559,0.004926708637554524
74,27,1721.13978884778,423.32986290287135,1721.14,423.33,0.00021115222011758306,0.00013709712862919332,0.00025175560120671364
74,31,406.32992255617853,475.975672457507,406.33,475.98,7.744382145347117e-05,0.0043275424930016015,0.004328235388032384
75,13,99.18024558669381,310.3036248068819,99.18,310.3,-0.00024558669380780884,-0.00362480688187361,0.0036331168099930033
75,14,101.10135041178712,435.29017496790635,101.1,435.29,-0.0013504117871292465,-0.00017496790633231285,0.001361699586202448
75,15,109.8695529071129,588.0596873934318,109.87,588.06,0.00044709288710009787,0.00031260656817266863,0.0005455409390322547
75,16,147.92363273392903,981.354657150406,147.92,981.35,-0.003632733929038068,-0.004657150405932953,0.005906420718393317
75,17,978.5033290382527,311.53118265133674,978.5,311.53,-0.0033290382526729445,-0.0011826513367623193,0.003532868504785514
75,18,1100.9051515143997,365.88886183784206,1100.91,365.89,0.0048484856004051835,0.0011381621579289458,0.004980283698252329
75,19,1285.923663068856,450.83492645882575,1285.92,450.83,-0.0036630688559853297,-0.004926458825764257,0.0061390610035770305
75,20,1513.3374538920455,559.634733826731,1513.34,559.63,0.002546107954458421,-0.004733826731012414,0.005375107555668456
75,21,1319.2208580165548,393.51240561383366,1319.22,393.51,-0.0008580165547300567,-0.0024056138336732147,0.002554049789050867
75,22,1324.2527046609994,338.7597967180579,1324.25,338.76,-0.0027046609993703896,0.00020328194210605943,0.002712289562252092
75,23,1595.9551917211206,438.50594246975425,1595.96,438.51,0.004808278879409045,0.004057530245745511,0.006291509952095023
75,24,1175.6259792592493,246.85239378447625,1175.63,246.85,0.004020740750775076,-0.002393784476254268,0.004679376059230465
75,25,1311.528298611691,287.8303142147532,1311.53,287.83,0.0017013883089020965,-0.000314214753188935,0.001730159844867034
75,26,1442.3166898528282,330.7232859785519,1442.32,330.72,0.003310147171760036,-0.0032859785519008256,0.004664196537696843
75,27,1721.3548416358349,423.2473971771535,1721.35,423.25,-0.004841635834964109,0.002602822846483832,0.005496919530845144
75,31,405.49744191713387,475.98175434313026,405.5,475.98,0.002558082866130462,-0.0017543431302442514,0.0031018555363887335
76,13,97.88518419002037,310.2277186051614,56.6,308.5,-41.28518419002037,-1.7277186051613853,41.32131949953351
76,14,99.82601280884035,435.2176312259298,86.1,438.7,-13.726012808840352,3.48236877407021,14.160872851172298
76,15,108.40216468033468,588.2947655450738,111.8,600.3,3.397835319665319,12.005234454926153,12.476816067303035
76,16,146.69272455044677,981.2659928628045,174.2,1012.2,27.50727544955322,30.934007137195522,41.39520503900973
76,17,978.1274967786895,311.3983869885026,984.0,307.7,5.872503221310467,-3.698386988502591,6.9400547837194395
76,18,1100.6788636357996,365.66664637838153,1100.68,365.67,0.0011363642004198482,0.003353621618487068,0.003540918179791742
76,19,1285.6927473016422,450.6261948441193,1283.5,454.9,-2.1927473016421573,4.273805155880666,4.803493649344311
76,20,1513.2530904190342,559.7260503700483,1505.2,561.3,-8.053090419034106,1.5739496299516986,8.2054605437333
76,21,1319.165643512416,393.38430421037526,1322.9,392.8,3.7343564875841366,-0.5843042103752509,3.7797922941114073
76,22,1324.1895284957495,338.5698475385434,1334.9,333.8,10.710471504250563,-4.769847538543388,11.724574422311102
76,23,1596.2163937908404,438.3794568523157,1607.5,434.6,11.283606209159643,-3.7794568523156613,11.89975055124694
76,24,1175.219484444437,246.6392953383572,1184.3,235.9,9.080515555562897,-10.73929533835718,14.063720244632286
76,25,1311.3962239587684,287.6227356610649,1317.8,278.5,6.403776041231595,-9.122735661064894,11.145970282030941
76,26,1442.4875173896212,330.54246448391393,1450.0,322.5,7.512482610378811,-8.042464483913932,11.005390949269408
76,27,1721.766131226876,423.18554788286514,1744.2,418.9,22.433868773124004,-4.28554788286516,22.83953565171758
76,31,404.6230814378504,475.9863157573477,413.2,479.4,8.576918562149615,3.413684242652266,9.2312930909098
77,13,96.41388814251528,309.920788953871,96.41,309.92,-0.003888142515279469,-0.0007889538709946464,0.0039673795419245175
77,14,98.36950960663026,435.1632234194473,98.37,435.16,0.0004903933697448792,-0.003223419447294873,0.003260508946512572
77,15,107.051623510251,588.4710741588053,107.05,588.47,-0.0016235102510080424,-0.0010741588052951556,0.0019466901844210631
77,16,145.51954341283508,981.4494946471034,145.52,981.45,0.00045658716493335305,0.0005053528966527665,0.0006810678302028504
77,17,977.5956225840172,311.04879024137693,977.6,311.05,0.004377415982844468,0.0012097586230765955,0.004541507086086113
77,18,1100.2591477268497,365.49998478378615,1100.26,365.5,0.0008522731502580427,1.5216213853364025e-05,0.0008524089721576138
77,19,1285.5195604762316,450.4696461330895,1285.52,450.47,0.00043952376836386975,0.00035386691052963215,0.0005642720384039628
77,20,1513.4398178142756,559.7945377775362,1513.44,559.79,0.00018218572449768544,-0.004537777536256726,0.004541433320744334
77,21,1319.124232634312,393.2882281577814,1319.12,393.29,-0.004232634312074879,0.0017718422186021598,0.004588531144862657
77,22,1324.142146371812,338.42738565390755,1324.14,338.43,-0.002146371811932113,0.0026143460924572537,0.0033825607823368456
77,23,1596.4122953431302,438.28459263923673,1596.41,438.28,-0.0022953431300720695,-0.004592639236761897,0.005134290140205747
77,24,1174.914613333328,246.47947150376788,1174.91,246.48,-0.004613333327824876,0.0005284962321070452,0.004643506504891652
77,25,1311.2971679690763,287.4670517457987,1311.3,287.47,0.0028320309236278263,0.002948254201328382,0.004088104938481244
77,26,1442.6156380422158,330.4068483629354,1442.62,330.41,0.004361957784112747,0.003151637064604529,0.00538140240990867
77,27,1722.3245984201571,423.13916091214884,1722.32,423.14,-0.004598420157208238,0.000839087851147724,0.004674348763642134
77,31,403.71731107838775,475.9897368180108,403.72,475.99,0.002688921612275408,0.0002631819892258136,0.002701770566945801
78,13,95.06041610688646,309.69059171540323,95.06,309.69,-0.00041610688646187555,-0.000591715403231774,0.0007233754622481585
78,14,97.0271322049727,435.1224175645855,97.03,435.12,0.0028677950272992803,-0.0024175645854711547,0.0037508488164050007
78,15,105.78871763268825,588.353305619104,105.79,588.35,0.001282367311759458,-0.0033056191040259364,0.003545642901248011
78,16,144.1396575596263,981.8371209853276,144.14,981.84,0.00034244037368580393,0.0028790146724304577,0.0028993086923609786
78,17,976.9467169380129,310.7865926810327,976.95,310.79,0.0032830619871901945,0.0034073189673335946,0.004731629587878208
78,18,1099.9443607951373,365.3749885878396,1099.94,365.37,-0.004360795137245077,-0.004988587839591219,0.006625899400257877
78,19,1285.3896703571736,450.3522345998171,1285.39,450.35,0.000329642826500276,-0.0022345998170862913,0.002258783020917498
78,20,1513.5798633607067,559.8459033331521,1513.58,559.85,0.00013663929325957724,0.004096666847885899,0.004098944932422228
78,21,1319.093174475734,393.2161711183361,1319.09,393.22,-0.0031744757341130025,0.0038288816639351353,0.004973693897184564
78,22,1324.106609778859,338.32053924043066,1324.11,338.32,0.0033902211409895244,-0.0005392404306689969,0.0034328384213184863
78,23,1596.8092215073475,438.21344447942755,1596.81,438.21,0.0007784926524436742,-0.003444479427571423,0.003531358001799243
78,24,1174.685959999996,246.10960362782592,1174.69,246.11,0.004040000004124522,0.00039637217409449477,0.004059397853588945
78,25,1311.2228759768072,287.100288809349,1311.22,287.1,-0.0028759768072177394,-0.00028880934900143984,0.0028904417371268666
78,26,1442.7117285316617,330.0551362722016,1442.71,330.06,-0.001728531661683519,0.00486372779840849,0.005161750652874845
78,27,1722.743448815118,423.10437068411164,1722.74,423.1,-0.003448815117963022,-0.004370684111620449,0.0055675133876320155
78,31,402.5379833087908,475.99230261350806,402.54,475.99,0.0020166912092349776,-0.0023026135080499444,0.0030608940525375435
79,13,93.54531208016485,309.51794378655245,52.9,307.5,-40.64531208016485,-2.0179437865524505,40.69537432214723
79,14,95.52034915372953,435.0918131734391,79.9,443.4,-15.62034915372952,8.30818682656087,17.692407298879882
79,15,104.34153822451619,588.264979214328,108.3,602.9,3.958461775483812,14.63502078567194,15.160912011650757
79,16,142.8547431697197,982.1278407389957,174.8,1018.1,31.9452568302803,35.97215926100432,48.109205728754546
79,17,976.4600377035097,310.5899445107745,983.3,307.6,6.839962296490285,-2.989944510774478,7.46490806339362
79,18,1099.708270596353,365.2812414408797,1100.1,365.3,0.39172940364687747,0.018758559120328755,0.39217828754510253
79,19,1285.2922527678802,450.2641759498628,1284.4,452.8,-0.8922527678801089,2.535824050137194,2.688218483502395
79,20,1513.93489752053,559.8844274998642,1507.9,562.9,-6.034897520529967,3.015572500135818,6.7463816662618585
79,21,1319.0698808568004,393.16212833875204,1319.07,393.16,0.00011914319952666119,-0.0021283387520156793,0.0021316709280104914
79,22,1324.0799573341442,337.990404430323,1334.4,333.3,10.320042665855908,-4.690404430322985,11.335924062249173
79,23,1597.3569161305106,438.16008335957065,1607.2,434.7,9.84308386948942,-3.4600833595706604,10.433526581026216
79,24,1174.514469999997,245.83220272086945,1184.4,234.7,9.8855300000032,-11.132202720869458,14.88790249832046
79,25,1311.1671569826053,286.8252166070118,1318.5,278.7,7.33284301739468,-8.125216607011794,10.944849548011803
79,26,1443.0337963987463,329.79135220415117,1450.3,322.9,7.266203601253665,-6.89135220415119,10.014412113375961
79,27,1723.3075866113386,422.8282780130837,1746.5,417.7,23.192413388661407,-5.1282780130837295,23.752626679380935
79,31,401.40348748159306,475.9942269601311,408.7,477.3,7.296512518406928,1.3057730398689387,7.412431326016962
80,13,92.40898406012363,309.38845783991434,92.41,309.39,0.0010159398763676109,0.0015421600856484474,0.0018467245496177993
80,14,94.39026186529715,435.06885988007934,94.39,435.07,-0.0002618652971477786,0.0011401199206488855,0.0011698063375237438
80,15,103.50615366838714,588.448734410746,103.51,588.45,0.003846331612862741,0.001265589253989674,0.004049195356601289
80,16,142.14105737728977,982.8458805542468,142.14,982.85,-0.0010573772897828349,0.004119445753190121,0.004252984839665504
80,17,976.0950282776323,310.44245838308086,976.1,310.44,0.0049717223677134825,-0.0024583830808637686,0.005546320462603995
80,18,1099.5312029472648,365.21093108065975,1099.53,365.21,-0.0012029472648009687,-0.0009310806597682131,0.0015211815529010805
80,19,1285.4691895759101,450.1981319623971,1285.47,450.2,0.0008104240898774151,0.0018680376028896717,0.002036259239699952
80,20,1514.4511731403975,559.9133206248981,1514.45,559.91,-0.001173140397440875,-0.0033206248981514364,0.003521762074066187
80,21,1319.0524106426003,392.871596254064,1319.05,392.87,-0.0024106426003527304,-0.0015962540639975487,0.00289123239872966
80,22,1324.059968000608,337.74280332274225,1324.06,337.74,3.199939192199963e-05,-0.002803322742238379,0.002803505369753067
80,23,1597.767687097883,438.12006251967796,1597.77,438.12,0.002312902116955229,-6.251967795378732e-05,0.0023137469422448566
80,24,1174.1358524999978,245.3741520406521,1174.14,245.37,0.004147500002318338,-0.004152040652087408,0.005868662355751696
80,25,1311.125367736954,286.61891245525885,1311.13,286.62,0.0046322630460053915,0.0010875447411535788,0.0047582154734099585
80,26,1443.0253472990598,329.59351415311335,1443.03,329.59,0.004652700940141585,-0.0035141531133717763,0.005830685906702138
80,27,1723.980689958504,422.6212085098128,1723.98,422.62,-0.0006899585039263911,-0.0012085098127840865,0.0013915957404130597
80,31,400.8026156111948,475.9956702200983,400.8,476.0,-0.0026156111948125726,0.004329779901695474,0.005058499374276419
81,13,91.55673804509271,309.04134337993577,91.56,309.04,0.0032619549072876453,-0.0013433799357471798,0.0035277499158735794
81,14,93.54269639897286,435.0516449100595,93.54,435.05,-0.0026963989728585602,-0.0016449100594968513,0.0031585275880806605
81,15,102.62961525129036,588.5865508080595,102.63,588.59,0.00038474870963511876,0.003449191940489982,0.0034705844769875485
81,16,141.6057930329673,983.6344104156851,141.61,983.63,0.004206967032700959,-0.00441041568512901,0.006095107720940189
81,17,975.5712712082243,310.0818437873106,975.57,310.08,-0.0012712082242387623,-0.0018437873106336156,0.002239536111837853
81,18,1099.1484022104487,364.9081983104948,1099.15,364.91,0.0015977895513969997,0.001801689505214199,0.002408114723959889
81,19,1285.6018921819327,450.1485989717978,1285.6,450.15,-0.0018921819328170386,0.0014010282021672538,0.0023544070357835816
81,20,1515.0883798552982,559.9349904686736,1515.09,559.93,0.0016201447017465398,-0.004990468673668147,0.005246870156337061
81,21,1319.0393079819503,392.653697190548,1319.04,392.65,0.0006920180496763351,-0.0036971905479958878,0.0037613969385413143
81,22,1324.044976000456,337.5571024920567,1324.04,337.56,-0.004976000456053953,0.0028975079433166684,0.005758136228002281
81,23,1598.3257653234123,437.84004688975847,1598.33,437.84,0.0042346765876573045,-4.68897584937622e-05,0.0042349361803343056
81,24,1173.8518893749983,245.03061403048906,1173.85,245.03,-0.001889374998427229,-0.000614030489060724,0.001986648264333182
81,25,1311.0940258027156,286.21418434144414,1311.09,286.21,-0.004025802715659665,-0.00418434144415869,0.005806530877100092
81,26,1443.2690104742949,329.445135614835,1443.27,329.45,0.0009895257051084627,0.0048643851649785574,0.004964010893857292
81,27,1724.735517468878,422.4659063823596,1724.74,422.47,0.004482531121993816,0.0040936176404215985,0.006070485206770051
81,31,400.1019617083961,475.9967526650737,400.1,476.0,-0.0019617083960952186,0.0032473349263000273,0.0037938745307242935
82,13,90.91755353381953,308.7810075349518,90.92,308.78,0.0024464661804728394,-0.0010075349518388066,0.002645812436922578
82,14,92.90702229922965,435.0387336825446,92.91,435.04,0.002977700770344427,0.0012663174554177203,0.003235778387900723
82,15,102.22221143846777,588.9399131060446,102.22,588.94,-0.0022114384677678345,8.68939554266035e-05,0.0022131449695428963
82,16,141.20434477472548,984.4758078117638,141.2,984.48,-0.004344774725495881,0.004192188236174843,0.006037508560890871
82,17,975.4284534061683,309.81138284048296,975.43,309.81,0.001546593831676546,-0.0013828404829610008,0.002074656665931921
82,18,1099.1113016578365,364.6811487328711,1099.11,364.68,-0.0013016578366205067,-0.0011487328711154987,0.00173605885062023
82,19,1285.9514191364497,450.11144922884836,1285.95,450.11,-0.001419136449612779,-0.0014492288483438642,0.0020283521680151224
82,20,1515.8162848914735,559.9512428515052,1515.82,559.95,0.003715108526421318,-0.0012428515051396971,0.003917487871955239
82,21,1319.2794809864627,392.490272892911,1319.28,392.49,0.0005190135373140947,-0.00027289291097076784,0.0005863834861022167
82,22,1324.283732000342,337.4178268690425,1324.28,337.42,-0.003732000342097308,0.0021731309574875013,0.004318602171050833
82,23,1598.7443239925592,437.63003516731885,1598.74,437.63,-0.004323992559193357,-3.5167318856110796e-05,0.004324135565899275
82,24,1173.6389170312486,244.7729605228668,1173.64,244.77,0.0010829687514615216,-0.0029605228668003747,0.003152382743495789
82,25,1311.0705193520366,285.9106382560831,1311.07,285.91,-0.0005193520366901794,-0.0006382560830502371,0.0008228592623072725
82,26,1443.451757855721,329.0838517111263,1443.45,329.08,-0.0017578557210526924,-0.0038517111262876824,0.0042338794664475285
82,27,1725.3016381016585,422.3494297867697,1725.3,422.35,-0.0016381016585000907,0.0005702132303326835,0.0017345086254115837
82,31,399.8264712812971,475.9975644988053,399.83,476.0,0.0035287187029098277,0.0024355011947250205,0.004287600932196538
83,13,89.93816515036465,308.58575565121384,49.7,307.0,-40.23816515036465,-1.5857556512138444,40.26939974289879
83,14,92.18026672442224,435.0290502619084,76.4,442.5,-15.780266724422233,7.470949738091576,17.459436070016643
83,15,101.41665857885083,589.2049348295335,105.3,603.4,3.8833414211491686,14.195065170466478,14.71666456052469
83,16,140.6532585810441,985.1068558588229,170.6,1022.5,29.946741418955895,37.39314414117712,47.906727610813256
83,17,975.3213400546263,309.6085371303622,981.6,306.6,6.278659945373761,-3.0085371303621855,6.962245785262739
83,18,1099.0834762433774,364.5108615496533,1103.9,365.4,4.816523756622701,0.8891384503466497,4.89790447865163
83,19,1286.2135643523372,450.08358692163625,1284.7,452.8,-1.5135643523371982,2.7164130783637574,3.1096265147074473
83,20,1516.3622136686051,559.9634321386288,1509.7,562.1,-6.662213668605091,2.1365678613711907,6.9964286026795675
83,21,1319.709610739847,392.36770466968323,1325.1,391.2,5.390389260152915,-1.1677046696832463,5.515417533747735
83,22,1324.4627990002566,337.0633701517819,1338.9,333.8,14.437200999743482,-3.263370151781885,14.801430925911694
83,23,1599.3082429944193,437.4725263754891,1612.5,433.0,13.191757005580712,-4.47252637548911,13.929319619914448
83,24,1173.7291877734365,244.3297203921501,1185.5,233.2,11.770812226563521,-11.12972039215012,16.19946593195157
83,25,1311.3028895140274,285.6829786920623,1319.7,277.6,8.39711048597269,-8.082978692062284,11.655299612192104
83,26,1443.838818391791,328.8128887833447,1453.2,320.7,9.361181608209108,-8.112888783344715,12.387521362758287
83,27,1726.2262285762438,422.2620723400773,1751.2,417.7,24.97377142375626,-4.562072340077293,25.387039275231036
83,31,399.3698534609728,475.99817337410394,408.6,482.5,9.230146539027203,6.501826625896058,11.290232708191924
84,13,89.2036238627735,308.4393167384104,89.2,308.44,-0.0036238627734945794,0.0006832615895859817,0.003687713085493961
84,14,91.38520004331667,434.7717876964313,91.39,434.77,0.0047999566833283325,-0.0017876964313359167,0.005122054538214084
84,15,100.81249393413812,589.4037011221501,100.81,589.4,-0.0024939341381156055,-0.003701122150118863,0.004462960077724077
84,16,140.48994393578306,986.0801418941171,140.49,986.08,5.6064216948925605e-05,-0.00014189411706411192,0.00015256846620288249
84,17,975.2410050409696,309.20640284777164,975.24,309.21,-0.0010050409696304996,0.0035971522283375634,0.0037349178711813345
84,18,1099.0626071825332,364.38314616224,1099.06,364.38,-0.0026071825332110166,-0.0031461622400001943,0.004086041801289318
84,19,1286.660173264253,450.0626901912272,1286.66,450.06,-0.0001732642529077566,-0.0026901912272023765,0.002695765075122888
84,20,1517.2716602514538,559.9725741039716,1517.27,559.97,-0.0016602514538135438,-0.0025741039715967418,0.0030630778877593213
84,21,1320.0322080548854,392.2757785022624,1320.03,392.28,-0.0022080548853864457,0.004221497737546542,0.004764089579866181
84,22,1324.5970992501925,336.79752761383645,1324.6,336.8,0.0029007498073951865,0.0024723861635607136,0.0038114357907315815
84,23,1599.9811822458146,437.35439478161686,1599.98,437.35,-0.001182245814561611,-0.004394781616838372,0.0045510230306766136
84,24,1173.5468908300772,243.9972902941126,1173.55,244.0,0.003109169922709043,0.0027097058874119284,0.004124250671886157
84,25,1311.4771671355206,285.26223401904673,1311.48,285.26,0.0028328644793873536,-0.002234019046738922,0.0036077641635460134
84,26,1444.1291137938433,328.6096665875085,1444.13,328.61,0.0008862061567924684,0.00033341249149998475,0.0009468501686249543
84,27,1726.919671432183,421.94655425505795,1726.92,421.95,0.00032856781717782724,0.0034457449420415287,0.0034613747292210045
84,31,399.02739009572963,475.99863003057794,399.03,476.0,0.002609904270343577,0.001369969422057693,0.0029476120025761074
85,13,88.15271789708012,308.0794875538078,88.15,308.08,-0.002717897080117382,0.0005124461922036971,0.0027657848141196123
85,14,90.5389000324875,434.5788407723235,90.54,434.58,0.0010999675125020758,0.0011592276765099996,0.0015980417186502913
85,15,100.10937045060359,589.5527758416126,100.11,589.55,0.0006295493964074694,-0.0027758416126744123,0.0028463360836647332
85,16,140.1174579518373,986.8101064205878,140.12,986.81,0.0025420481626952096,-0.00010642058782650565,0.002544274789203287
85,17,975.1807537807272,308.90480213582873,975.18,308.9,-0.0007537807272228747,-0.004802135828754217,0.0048609354966444055
85,18,1099.2969553868998,364.03735962168,1099.3,364.04,0.003044613100200877,0.002640378319995307,0.004030045483938864
85,19,1287.2451299481897,449.7970176434204,1287.25,449.8,0.004870051810257792,0.00298235657959367,0.005710679066664563
85,20,1518.2037451885903,559.9794305779787,1518.2,559.98,-0.0037451885903010407,0.0005694220212717482,0.00378822900775947
85,21,1320.5241560411641,391.9568338766968,1320.52,391.96,-0.004156041164151247,0.0031661233031741176,0.005224654527241188
85,22,1324.9478244376444,336.59814571037737,1324.95,336.6,0.0021755623556600767,0.0018542896226563244,0.0028585768431259907
85,23,1600.735886684361,437.2657960862126,1600.74,437.27,0.004113315638960557,0.0042039137873643995,0.005881518228936299
85,24,1173.660168122558,243.49796772058443,1173.66,243.5,-0.00016812255785225716,0.002032279415573157,0.0020392216204770776
85,25,1311.8578753516404,284.94667551428506,1311.86,284.95,0.0021246483595405152,0.00332448571492705,0.003945419612722102
85,26,1444.5968353453825,328.2072499406314,1444.6,328.21,0.0031646546174215473,0.0027500593685658714,0.004192596495992005
85,27,1727.9397535741373,421.7099156912935,1727.94,421.71,0.0002464258627696836,8.430870650499855e-05,0.0002604489658922241
85,31,398.52054257179725,475.99897252293346,398.52,476.0,-0.0005425717972684652,0.0010274770665432698,0.0011619351433980708
86,13,87.11453842281009,307.80961566535586,87.11,307.81,-0.004538422810085763,0.000384334644138562,0.004554667355778232
86,14,89.65417502436563,434.4341305792426,89.65,434.43,-0.004175024365622448,-0.004130579242598742,0.00587303272023311
86,15,99.3320278379527,589.6645818812094,99.33,589.66,-0.002027837952695677,-0.004581881209446692,0.005010565055946652
86,16,139.83809346387798,987.6075798154409,139.84,987.61,0.0019065361220214072,0.002420184559127847,0.0030809370790091245
86,17,975.1355653355454,308.67860160187155,975.14,308.68,0.004434664454606718,0.0013983981284582114,0.004649921090795814
86,18,1099.4727165401748,363.77801971626,1099.47,363.78,-0.0027165401747879514,0.0019802837399538475,0.0033617129877433843
86,19,1287.6838474611422,449.5977632325653,1287.68,449.6,-0.003847461142186148,0.002236767434737885,0.004450402880384678
86,20,1519.1528088914429,559.9845729334841,1519.15,559.98,-0.002808891442782624,-0.004572933484041641,0.005366711449929712
86,21,1320.893117030873,391.71762540752263,1320.89,391.72,-0.0031170308729997487,0.002374592477394799,0.0039184908953490685
86,22,1325.4608683282333,336.198609282783,1325.46,336.2,-0.0008683282333095121,0.0013907172169638216,0.0016395390505633024
86,23,1601.551915013271,436.9493470646595,1601.55,436.95,-0.0019150132709455647,0.0006529353404971516,0.0020232647841465935
86,24,1173.7451260919183,243.1234757904383,1173.75,243.12,0.004873908081663103,-0.003475790438301374,0.005986326015135508
86,25,1312.1434065137303,284.4600066357138,1312.14,284.46,-0.003406513730169536,-6.635713816649513e-06,0.003406520193178285
86,26,1445.1976265090368,327.9054374554736,1445.2,327.91,0.0023734909632366907,0.004562544526436341,0.005142982783198914
86,27,1728.954815180603,421.5324367684701,1728.95,421.53,-0.00481518060291819,-0.002436768470147399,0.005396647553419074
86,31,398.14040692884794,475.9992293922001,398.14,476.0,-0.00040692884795134887,0.0007706077998932415,0.0008714513575359867
87,13,86.33590381710756,307.60721174901687,86.34,307.61,0.004096182892439515,0.0027882509831442803,0.004955104220227784
87,14,88.74063126827423,434.3255979344319,88.74,434.33,-0.0006312682742333209,0.004402065568058333,0.004447098031248946
87,15,98.74902087846452,589.7484364109071,98.75,589.75,0.0009791215354795213,0.0015635890929388552,0.0018448549625369273
87,16,139.3785700979085,988.2056848615807,139.38,988.21,0.0014299020915018446,0.00431513841931519,0.004545881605269911
87,17,975.101674001659,308.25895120140365,975.1,308.26,-0.0016740016590119922,0.0010487985963436586,0.0019754138933568656
87,18,1099.6045374051312,363.583514787195,1099.6,363.58,-0.00453740513125922,-0.003514787195001645,0.0057394925168803065
87,19,1288.0128855958567,449.44832242442396,1288.01,449.45,-0.0028855958566964546,0.0016775755760249922,0.003337802160323366
87,20,1519.8646066685822,559.9884297001131,1519.86,559.99,-0.0046066685822552245,0.001570299886907378,0.004866953581200327
87,21,1321.1698377731548,391.538219055642,1321.17,391.54,0.00016222684530475817,0.0017809443580176776,0.0017883177446115473
87,22,1325.845651246175,335.89895696208725,1325.85,335.9,0.004348753824842788,0.0010430379127228662,0.004472089882422093
87,23,1602.163936259953,436.71201029849465,1602.16,436.71,-0.003936259952979526,-0.002010298494667495,0.00441989167911305
87,24,1173.8088445689386,242.84260684282873,1173.81,242.84,0.0011554310613064445,-0.0026068428287260303,0.0028514295486846714
87,25,1312.3575548852978,284.09500497678533,1312.36,284.1,0.002445114702140927,0.004995023214689809,0.005561370588435537
87,26,1445.6482198817775,327.6790780916052,1445.65,327.68,0.0017801182225412049,0.0009219083947868967,0.002004678521509574
87,27,1729.7161113854522,421.39932757635256,1729.72,421.4,0.0038886145478045364,0.0006724236474155987,0.003946324449788787
87,31,397.855305196636,475.7494220441501,397.86,475.75,0.004694803364031941,0.0005779558499057202,0.004730244347955597
88,13,85.50192786283067,307.20540881176265,85.5,307.21,-0.001927862830669369,0.004591188237327515,0.004979524527949536
88,14,88.05547345120567,434.24419845082394,88.06,434.24,0.00452654879433112,-0.004198450823935218,0.006173866965562412
88,15,98.06176565884839,589.8113273081804,98.06,589.81,-0.0017656588483845326,-0.0013273081804072717,0.0022089133470226162
88,16,139.03392757343136,988.6542636461855,139.03,988.65,-0.003927573431354858,-0.00426364618556363,0.005796939869824067
88,17,975.3262555012443,307.9442134010527,975.33,307.94,0.0037444987557364584,-0.004213401052709287,0.005636844805623409
88,18,1099.9534030538484,363.43763609039627,1099.95,363.44,-0.0034030538483875716,0.002363909603730008,0.004143530392024707
88,19,1288.5096641968926,449.33624181831794,1288.51,449.34,0.0003358031074185419,0.0037581816820306813,0.003773154288139157
88,20,1520.6484550014366,559.9913222750848,1520.65,559.99,0.0015449985635314079,-0.0013222750848171927,0.0020335761508343936
88,21,1321.6273783298661,391.4036642917315,1321.63,391.4,0.002621670133976295,-0.003664291731524827,0.004505573014068743
88,22,1326.3842384346312,335.67421772156547,1326.38,335.67,-0.004238434631133714,-0.004217721565453303,0.00597942332721839
88,23,1603.122952194965,436.534007723871,1603.12,436.53,-0.0029521949650188617,-0.00400772387104098,0.004977680758947325
88,24,1174.1066334267039,242.38195513212156,1174.11,242.38,0.003366573296034403,-0.001955132121565839,0.003893116665391686
88,25,1312.7681661639733,283.821253732589,1312.77,283.82,0.0018338360266625386,-0.0012537325890207285,0.002221440968708839
88,26,1446.2361649113332,327.2593085687039,1446.24,327.26,0.0038350886668467865,0.0006914312961043834,0.0038969195937059373
88,27,1730.537083539089,421.2994956822644,1730.54,421.3,0.0029164609109102457,0.0005043177355901207,0.0029597433374024457
88,31,397.641478897477,475.56206653311256,397.64,475.56,-0.0014788974769999186,-0.0020665331125542252,0.0025411998844561165
89,13,81.126445897123,306.154056608822,81.13,306.15,0.003554102876989873,-0.004056608821997543,0.005393303476992184
89,14,85.04160508840425,432.683148838118,85.04,432.68,-0.0016050884042471125,-0.0031488381179656244,0.0035343302447000957
89,15,95.79632424413629,588.8584954811353,95.8,588.86,0.003675755863710606,0.001504518864749116,0.003971744979727282
89,16,141.52544568007352,994.7406977346392,141.53,994.74,0.0045543199264841405,-0.0006977346391749961,0.004607457392041208
89,17,974.7446916259332,307.2081600507895,974.74,307.21,-0.004691625933219257,0.0018399492104776982,0.005039520512349659
89,18,1100.9650522903862,363.32822706779723,1100.97,363.33,0.004947709613816187,0.0017729322027548733,0.005255770069001723
89,19,1292.1322481476695,450.0021813637385,1292.13,450.0,-0.00224814766943382,-0.0021813637384866524,0.003132493528032449
89,20,1524.2363412510774,561.2434917063136,1524.24,561.24,0.0036587489225894387,-0.0034917063136390425,0.005057514869899656
89,21,1323.4705337473997,391.5527482187986,1323.47,391.55,-0.0005337473996860354,-0.0027482187986151985,0.00279957011909571
89,22,1328.7881788259733,335.7556632911741,1328.79,335.76,0.001821174026645167,0.0043367088259174125,0.00470358568287184
89,23,1606.8422141462238,437.90050579290323,1606.84,437.9,-0.002214146223877833,-0.0005057929032545871,0.002271182502947566
89,24,1174.079975070028,241.28646634909117,1174.08,241.29,2.492997191438917e-05,0.0035336509088210732,0.0035337388484311697
89,25,1314.82612462298,283.1159402994418,1314.83,283.12,0.0038753770199946302,0.004059700558229906,0.005612460749938005
89,26,1449.4271236834998,327.1944814265279,1449.43,327.19,0.00287631650030562,-0.004481426527888743,0.005325070922982653
89,27,1734.4028126543167,422.2246217616983,1734.4,422.22,-0.0028126543165853946,-0.00462176169827444,0.005410333215269009
89,31,394.9811091731077,474.9215498998344,394.98,474.92,-0.0011091731076930955,-0.001549899834401458,0.0019058999132974498
90,13,77.84483442284225,305.1155424566165,77.84,305.12,-0.004834422842250774,0.0044575433835234435,0.006575814568072132
90,14,82.78120381630319,431.26236162858845,82.78,431.26,-0.001203816303188887,-0.0023616285884600074,0.002650747683514024
90,15,93.84724318310222,588.1438716108514,93.85,588.14,0.002756816897772296,-0.0038716108514336156,0.0047528317867121484
90,16,142.89408426005514,999.0555233009794,142.89,999.06,-0.00408426005515139,0.00447669902052894,0.006059869166781574
90,17,974.3085187194499,306.6561200380921,974.31,306.66,0.0014812805500241666,0.0038799619078986325,0.004153106846039998
90,18,1101.7237892177895,363.2461703008479,1101.72,363.25,-0.0037892177895173518,0.003829699152106514,0.005387463879418601
90,19,1294.8491861107523,450.50163602280384,1294.85,450.5,0.0008138892476381443,-0.0016360228038365676,0.0018272893372682523
90,20,1526.927255938308,562.1826187797352,1526.93,562.18,0.002744061692055766,-0.0026187797352577036,0.003793136152526608
90,21,1324.8529003105498,391.664561164099,1324.85,391.66,-0.0029003105498759396,-0.004561164098959125,0.005405184476348174
90,22,1330.59113411948,335.5667474683805,1330.59,335.57,-0.0011341194801843812,0.003252531619466481,0.0034445883543557042
90,23,1609.631660609668,438.9253793446774,1609.63,438.93,-0.0016606096678515314,0.004620655322582934,0.004909997971392245
90,24,1174.309981302521,240.21484976181839,1174.31,240.21,1.8697478935791878e-05,-0.004849761818377374,0.004849797860809208
90,25,1316.369593467235,282.58695522458135,1316.37,282.59,0.00040653276482771616,0.003044775418629797,0.0030717952794368838
90,26,1451.820342762625,327.1458610698959,1451.82,327.15,-0.00034276262499588483,0.004138930104090832,0.004153098677330388
90,27,1737.3021094907376,423.16846632127374,1737.3,423.17,-0.0021094907376664196,0.0015336787262754115,0.0026080877300677947
90,31,392.9858318798308,474.1911624248758,392.99,474.19,0.004168120169197209,-0.0011624248758153044,0.004327176601062499
91,13,74.88362581713169,304.5866568424624,74.88,304.59,-0.0036258171316916332,0.003343157537585739,0.0049318609260181785
91,14,80.58590286222739,430.44677122144134,80.59,430.45,0.004097137772617998,0.003228778558650447,0.005216469007730614
91,15,91.88543238732666,587.6079037081386,91.89,587.61,0.004567612673341159,0.0020962918614486625,0.005025686530419767
91,16,143.67056319504135,1002.7916424757345,143.67,1002.79,-0.000563195041365816,-0.0016424757345703256,0.001736351114628425
91,17,973.7313890395874,306.2420900285691,973.73,306.24,-0.0013890395873659145,-0.0020900285691141107,0.002509511983430812
91,18,1102.0428419133423,363.1846277256359,1102.04,363.18,-0.002841913342308544,-0.004627725635884872,0.005430682830567199
91,19,1297.1368895830642,450.8762270171029,1297.14,450.88,0.0031104169358968647,0.003772982897089605,0.00488979482768395
91,20,1529.195441953731,562.8869640848014,1529.2,562.89,0.004558046269039551,0.003035915198552175,0.005476546985419321
91,21,1325.8896752329124,391.7484208730742,1325.89,391.75,0.0003247670877044584,0.0015791269257761087,0.0016121772573036563
91,22,1331.94335058961,335.6750606012854,1331.94,335.68,-0.0033505896099086385,0.004939398714611798,0.0059685936698636475
91,23,1611.723745457251,439.6940345085081,1611.72,439.69,-0.0037454572509432182,-0.0040345085080844,0.005505062117764753
91,24,1174.2324859768908,239.66113732136378,1174.23,239.66,-0.002485976890739039,-0.0011373213637853041,0.002733785102346379
91,25,1317.2771951004263,282.190216418436,1317.28,282.19,0.002804899573675357,-0.00021641843602537847,0.0028132363139018145
91,26,1453.6152570719687,327.1093958024219,1453.62,327.11,0.0047429280311916955,0.0006041975781272413,0.0047812572637831105
91,27,1739.476582118053,423.87634974095533,1739.48,423.88,0.003417881946916168,0.0036502590446616523,0.005000630769831907
91,31,390.9893739098731,473.8933718186569,390.99,473.89,0.0006260901269001806,-0.0033718186568876263,0.003429453294905379
92,13,72.66271936284876,303.9399926318468,72.66,303.94,-0.002719362848765172,7.368153205788985e-06,0.002719372830806011
92,14,78.93942714667054,429.835078416081,78.94,429.84,0.0005728533294586668,0.0049215839189855615,0.004954810713709371
92,15,90.414074290495,587.2059277811039,90.41,587.21,-0.0040742904949979675,0.004072218896112645,0.005760452219703559
92,16,144.252922396281,1005.8437318568009,144.25,1005.84,-0.0029223962810078774,-0.003731856800868627,0.004739953080510196
92,17,973.5485417796906,305.9315675214268,973.55,305.93,0.0014582203093596036,-0.0015675214268071613,0.0021409180026634314
92,18,1102.5321314350067,363.1384707942269,1102.53,363.14,-0.002131435006731408,0.0015292057730675879,0.0026232585622281606
92,19,1298.8526671872983,451.1571702628272,1298.85,451.16,-0.002667187298357021,0.002829737172817204,0.0038886116483573575
92,20,1531.1465814652984,563.415223063601,1531.15,563.42,0.0034185347017228196,0.004776936398911857,0.005874138308393164
92,21,1326.9172564246842,391.81131565480564,1326.92,391.81,0.002743575315889757,-0.001315654805637223,0.0030427213282776815
92,22,1333.2075129422074,335.50629545096405,1333.21,335.51,0.0024870577926776605,0.0037045490359446376,0.00446196593709959
92,23,1613.7928090929381,440.27052588138105,1613.79,440.27,-0.0028090929381505703,-0.0005258813810655738,0.0028578933433770475
92,24,1174.4243644826681,238.99585299102284,1174.42,239.0,-0.0043644826680520055,0.004147008977156474,0.006020497688425994
92,25,1318.2078963253198,281.64266231382703,1318.21,281.64,0.0021036746802565176,-0.002662313827045182,0.0033931345499446856
92,26,1455.2114428039765,326.8320468518164,1455.21,326.83,-0.001442803976487994,-0.002046851816430717,0.0025042535161191835
92,27,1741.6074365885397,424.1572623057165,1741.61,424.16,0.002563411460187126,0.0027376942835530826,0.0037504730774154237
92,31,389.7420304324048,473.6700288639927,389.74,473.67,-0.00203043240480838,-2.8863992667993443e-05,0.0020306375551950866
93,13,70.74703952213657,303.4549944738851,70.75,303.45,0.002960477863425126,-0.0049944738851195325,0.005805962329275932
93,14,77.7045703600029,429.12630881206076,77.7,429.13,-0.004570360002901452,0.003691187939239171,0.005874781609464821
93,15,89.31055571787124,586.9044458358279,89.31,586.9,-0.0005557178712365385,-0.004445835827937117,0.0044804328542431
93,16,144.68969179721074,1008.3827988926007,144.69,1008.38,0.00030820278925602906,-0.0027988926007083137,0.0028158104960392745
93,17,973.4114063347679,305.4486756410701,973.41,305.45,-0.0014063347679211802,0.0013243589298781444,0.001931761904224199
93,18,1103.149098576255,363.10385309567016,1103.15,363.1,0.000901423745062857,-0.003853095670137918,0.003957134191735064
93,19,1300.3895003904736,451.36787769712043,1300.39,451.37,0.0004996095265141776,0.0021223028795702703,0.002180316305405246
93,20,1532.8599360989738,563.8114172977008,1532.86,563.81,6.390102612385817e-05,-0.001417297700868403,0.0014187375070909146
93,21,1327.9379423185133,391.85848674110423,1327.94,391.86,0.002057681486803631,0.0015132588957840198,0.0025542133009605664
93,22,1334.4056347066555,335.37972158822305,1334.41,335.38,0.004365293344562815,0.00027841177694654107,0.004374162674344307
93,23,1615.5946068197036,440.7028944110358,1615.59,440.7,-0.004606819703667497,-0.0028944110358111175,0.005440625242223937
93,24,1174.568273362001,238.49688974326713,1174.57,238.5,0.001726637998899605,0.003110256732867356,0.003557383269144717
93,25,1319.1559222439898,281.2319967353703,1319.16,281.23,0.004077756010246958,-0.0019967353702554647,0.00454037952355686
93,26,1456.6585821029823,326.6240351388623,1456.66,326.62,0.0014178970177454175,-0.004035138862320764,0.004277005680513256
93,27,1743.4555774414048,424.3679467292874,1743.46,424.37,0.004422558595251758,0.0020532707126221794,0.004875955818887944
93,31,388.8065228243036,473.2525216479945,388.81,473.25,0.0034771756963891676,-0.002521647994512932,0.004295283393652925
94,13,69.31027964160243,302.84124585541383,69.31,302.84,-0.0002796416024324344,-0.001245855413856134,0.001276853608698201
94,14,76.52842777000218,428.59473160904554,76.53,428.59,0.0015722299978193632,-0.0047316090455638005,0.004985983486344921
94,15,88.23291678840343,586.6783343768709,88.23,586.68,-0.00291678840342513,0.001665623129042615,0.0033588621582847115
94,16,145.01726884790804,1010.0370991694506,145.02,1010.04,0.0027311520919681698,0.002900830549378952,0.0039842200774646355
94,17,973.5585547510759,305.08650673080257,973.56,305.09,0.0014452489240284194,0.0034932691974063346,0.0037804330622235862
94,18,1103.6118239321913,362.8278898217526,1103.61,362.83,-0.0018239321914279572,0.002110178247392014,0.002789190003333158
94,19,1301.7921252928552,451.2759082728403,1301.79,451.28,-0.00212529285522578,0.004091727159675429,0.004610759250893426
94,20,1534.3949520742303,564.1085629732756,1534.39,564.11,-0.004952074230232029,0.0014370267243748458,0.005156363543069441
94,21,1328.703456738885,391.8938650558282,1328.7,391.89,-0.0034567388850064162,-0.003865055828214281,0.005185335116878039
94,22,1335.3042260299917,335.2847911911673,1335.3,335.28,-0.004226029991741598,-0.004791191167328179,0.006388649488975197
94,23,1617.1959551147777,440.7771708082769,1617.2,440.78,0.004044885222356243,0.002829191723094482,0.004936134344612415
94,24,1174.9262050215007,237.87266730745034,1174.93,237.87,0.0037949784993998037,-0.0026673074503378302,0.004638576381340991
94,25,1320.1169416829923,280.9239975515277,1320.12,280.92,0.0030583170075715316,-0.003997551527675114,0.005033261480910656
94,26,1457.7439365772368,326.46802635414673,1457.74,326.47,-0.003936577236800076,0.001973645853297512,0.004403625585302523
94,27,1745.0916830810536,424.52596004696557,1745.09,424.53,-0.0016830810536703211,0.004039953034407517,0.004376526288444125
94,31,387.8548921182277,472.9393912359959,387.85,472.94,-0.004892118227701303,0.0006087640040846054,0.004929849324926317
95,13,67.98270973120182,302.38093439156034,67.98,302.38,-0.0027097312018184994,-0.0009343915603494679,0.0028663096089154507
95,14,75.39632082750164,427.94604870678415,75.4,427.95,0.0036791724983658014,0.003951293215834539,0.005398984010925695
95,15,87.17468759130257,586.5087507826531,87.17,586.51,-0.004687591302570127,0.0012492173468672263,0.00485119121450032
95,16,144.76295163593102,1011.7778243770879,144.76,1011.78,-0.0029516359310264306,0.0021756229120910575,0.003666809202145898
95,17,973.6689160633069,304.56488004810194,973.67,304.56,0.0010839366930213146,-0.004880048101938428,0.004998978718869569
95,18,1103.9588679491435,362.6209173663144,1103.96,362.62,0.0011320508565404452,-0.0009173663144110833,0.001457086166501532
95,19,1302.8440939696413,451.4569312046302,1302.84,451.46,-0.004093969641417061,0.0030687953697565717,0.0051164531119012435
95,20,1535.5462140556729,564.5814222299567,1535.55,564.58,0.0037859443270917836,-0.0014222299566881702,0.004044269093116789
95,21,1329.5275925541637,391.92039879187115,1329.53,391.92,0.0024074458362974838,-0.0003987918711345628,0.0024402521204148347
95,22,1336.2281695224938,335.2135933933755,1336.23,335.21,0.0018304775062460976,-0.003593393375524556,0.004032756359134122
95,23,1618.3969663360833,441.08287810620766,1618.4,441.08,0.003033663916767182,-0.002878106207674591,0.004181699666708528
95,24,1175.1946537661256,237.40450048058776,1175.19,237.4,-0.004653766125557013,-0.004500480587751099,0.00647393733921687
95,25,1320.8377062622442,280.44299816364577,1320.84,280.44,0.002293737755735492,-0.0029981636457705463,0.0037749461107288176
95,26,1458.8079524329276,326.35101976561003,1458.81,326.35,0.0020475670723953954,-0.0010197656100103814,0.0022874555329705747
95,27,1746.5687623107901,424.6444700352242,1746.57,424.64,0.0012376892098018288,-0.004470035224187541,0.004638220508507248
95,31,386.8911690886708,472.7045434269969,386.89,472.7,-0.001169088670792462,-0.004543426996917788,0.004691428055133818
96,13,66.48703229840137,301.78570079367023,66.49,301.79,0.00296770159862092,0.004299206329790195,0.0052240241045161005
96,14,74.29724062062623,427.45953653008814,74.3,427.46,0.0027593793737707983,0.00046346991183554564,0.002798031252071458
96,15,86.13101569347693,586.3815630869899,86.13,586.38,-0.0010156934769298687,-0.00156308698990415,0.0018641014395910707
96,16,144.57221372694826,1013.3333682828159,144.57,1013.33,-0.002213726948269823,-0.0033682828158134726,0.004030622300439519
96,17,973.5016870474802,304.17366003607646,973.5,304.17,-0.0016870474802317403,-0.00366003607643961,0.004030135640570392
96,18,1104.4691509618576,362.4656880247358,1104.47,362.47,0.0008490381424053339,0.004311975264215562,0.004394769214243902
96,19,1303.883070477231,451.3426984034727,1303.88,451.34,-0.003070477230949109,-0.0026984034727206563,0.004087690268032524
96,20,1536.9096605417546,564.9360666724675,1536.91,564.94,0.0003394582454347983,0.003933327532536168,0.003947948502526437
96,21,1330.1456944156228,391.6902990939034,1330.15,391.69,0.004305584377334526,-0.00029909390337934383,0.004315960379033365
96,22,1336.9211271418703,334.9101950450316,1336.92,334.91,-0.0011271418702563096,-0.0001950450316030583,0.0011438930719424477
96,23,1619.7977247520625,441.0621585796557,1619.8,441.06,0.002275247937404856,-0.002158579655713311,0.0031362747498783405
96,24,1175.395990324594,236.8033753604408,1175.4,236.8,0.004009675405995949,-0.0033753604407991133,0.005241236015174318
96,25,1321.3782796966832,280.0822486227343,1321.38,280.08,0.001720303316915306,-0.0022486227343279097,0.0028312095831156915
96,26,1459.8559643246956,326.0132648242075,1459.86,326.01,0.004035675304294273,-0.003264824207519723,0.005190929807625745
96,27,1747.9265717330927,424.7333525264181,1747.93,424.73,0.003428266907349098,-0.003352526418098023,0.004795044042766459
96,31,385.9183768165031,472.5284075702477,385.92,472.53,0.0016231834969175907,0.001592429752292901,0.0022738859207649905
97,13,64.86527422380104,301.3392755952527,64.87,301.34,0.004725776198966969,0.0007244047473022874,0.004780975101444975
97,14,72.97293046546967,427.0946523975661,72.97,427.09,-0.002930465469674459,-0.004652397566133004,0.005498402584598062
97,15,84.8482617701077,586.2861723152424,84.85,586.29,0.001738229892296772,0.0038276847575389183,0.004203880797735566
97,16,143.9291602952112,1014.7500262121118,143.93,1014.75,0.0008397047888024645,-2.6212111833956442e-05,0.0008401138060671229
97,17,973.3762652856102,303.88024502705736,973.38,303.88,0.0037347143897932256,-0.000245027057360403,0.0037427436236225535
97,18,1104.8518632213932,362.0992660185519,1104.85,362.1,-0.0018632213932505692,0.0007339814481497342,0.0020025790187891647
97,19,1304.9123028579234,451.2570238026045,1304.91,451.26,-0.0023028579232686752,0.002976197395469171,0.003763097866327528
97,20,1538.182245406316,564.9520500043507,1538.18,564.95,-0.002245406315978471,-0.002050004350621748,0.00304045512405694
97,21,1330.8592708117171,391.51772432042753,1330.86,391.52,0.0007291882827757945,0.0022756795724490075,0.002389651244051987
97,22,1337.6908453564029,334.6826462837737,1337.69,334.68,-0.0008453564028059191,-0.002646283773685809,0.0027780290240812405
97,23,1621.0982935640468,441.0466189347418,1621.1,441.05,0.0017064359531104856,0.0033810652582246803,0.003787284771764861
97,24,1175.5469927434456,236.35253152033061,1175.55,236.35,0.003007256554383275,-0.0025315203306206513,0.003930927011307493
97,25,1322.0337097725123,279.5616864670507,1322.03,279.56,-0.0037097725123658165,-0.0016864670507175106,0.004075117569673396
97,26,1460.8919732435218,325.75994861815565,1460.89,325.76,-0.001973243521661061,5.138184434372306e-05,0.001973912381466186
97,27,1749.1949287998195,424.8000143948136,1749.19,424.8,-0.004928799819481355,-1.4394813604212686e-05,0.004928820839833615
97,31,384.93878261237734,472.39630567768575,384.94,472.4,0.0012173876226597713,0.003694322314231613,0.0038897364930332787
98,13,63.64895566785078,301.0044566964395,63.65,301.0,0.001044332149220395,-0.004456696439490315,0.004577419883696594
98,14,71.97969784910225,426.8209892981746,71.98,426.82,0.00030215089775254,-0.0009892981746020268,0.001034410964406105
98,15,83.88619632758078,586.2146292364318,83.89,586.21,0.003803672419223858,-0.004629236431810568,0.00599147342599185
98,16,143.4468702214084,1015.8125196590838,143.45,1015.81,0.0031297785915853638,-0.0025196590838731936,0.004017984063095667
98,17,973.2821989642076,303.66018377029303,973.28,303.66,-0.0021989642076505334,-0.00018377029300609138,0.002206629807448382
98,18,1105.138897416045,361.8244495139139,1105.14,361.82,0.0011025839551166428,-0.0044495139139257844,0.004584088289758369
98,19,1305.4342271434425,451.19276785195336,1305.43,451.19,-0.004227143442449233,-0.0027678519533651524,0.005052696915389725
98,20,1539.136684054737,564.964037503263,1539.14,564.96,0.0033159452630115993,-0.004037503262907194,0.005224645977028042
98,21,1331.3944531087877,391.38829324032065,1331.39,391.39,-0.0044531087876293896,0.0017067596793367557,0.004768983799246103
98,22,1338.2681340173021,334.51198471283027,1338.27,334.51,0.0018659826978364435,-0.0019847128302785677,0.002724146921019007
98,23,1621.823720173035,441.03496420105637,1621.82,441.03,-0.0037201730351625883,-0.004964201056395723,0.006203465123612063
98,24,1175.660244557584,236.01439864024798,1175.66,236.01,-0.0002445575839828962,-0.004398640247984531,0.004405433513636651
98,25,1322.5252823293843,279.171264850288,1322.53,279.17,0.004717670615718816,-0.0012648502880097112,0.0048842872857250115
98,26,1461.4189799326414,325.5699614636167,1461.42,325.57,0.001020067358695087,3.853638327200315e-05,0.0010207950181651839
98,27,1750.1461965998647,424.6000107961102,1750.15,424.6,0.0038034001354390057,-1.079611018894866e-05,0.0038034154580130555
98,31,384.204086959283,472.29722925826434,384.2,472.3,-0.004086959283029046,0.0027707417356737096,0.004937635663649299
99,13,66.48671675088809,301.0033425223296,66.49,301.0,0.0032832491119023643,-0.0033425223296035256,0.004685315384763959
99,14,73.98477338682669,427.365741973631,73.98,427.37,-0.0047733868266846,0.0042580263690297215,0.006396562385884977
99,15,85.66464724568559,586.1609719273239,85.66,586.16,-0.004647245685589496,-0.0009719273239170434,0.004747792664513345
99,16,142.0851526660563,1015.1093897443129,142.09,1015.11,0.00484733394370096,0.0006102556870928311,0.00488559703264449
99,17,972.9616492231557,304.24513782771976,972.96,304.25,-0.0016492231557094783,0.004862172280240884,0.005134262975352077
99,18,1104.3541730620336,362.11833713543547,1104.35,362.12,-0.004173062033714814,0.0016628645645369033,0.004492167104775213
99,19,1304.3256703575819,451.14457588896505,1304.33,451.14,0.0043296424180425674,-0.004575888965064223,0.006299568500199837
99,20,1537.1025130410528,564.2230281274472,1537.1,564.22,-0.0025130410529072833,-0.003028127447123552,0.003935089728280709
99,21,1331.045839831591,391.54121993024046,1331.05,391.54,0.004160168409043763,-0.001219930240438316,0.004335346696994555
99,22,1337.7011005129766,334.6339885346227,1337.7,334.63,-0.0011005129765635502,-0.003988534622692441,0.004137576252832218
99,23,1620.8677901297763,440.52622315079225,1620.87,440.53,0.0022098702236235113,0.0037768492077248084,0.004375856069747878
99,24,1175.995183418188,236.510798980186,1176.0,236.51,0.004816581812065124,-0.0007989801860048829,0.0048823999928257564
99,25,1322.6439617470382,279.628448637716,1322.64,279.63,-0.003961747038147223,0.001551362283976232,0.004254663856336038
99,26,1461.314234949481,325.67747109771256,1461.31,325.68,-0.004234949481087824,0.0025289022874517286,0.004932559567490759
99,27,1749.6096474498986,424.2000080970827,1749.61,424.2,0.0003525501012973109,-8.097082684344059e-06,0.00035264307262831816
99,31,386.1530652194623,472.2229219436982,386.15,472.22,-0.003065219462314417,-0.0029219436981975377,0.0042347757116035535
100,13,68.61503756316607,300.7525068917472,68.62,300.75,0.004962436833935158,-0.002506891747202644,0.005559701931128063
100,14,75.48858004012001,427.52430648022323,75.49,427.52,0.0014199598799820023,-0.004306480223249309,0.004534540547177401
100,15,86.99848543426418,586.1207289454929,87.0,586.12,0.0015145657358175413,-0.0007289454929377825,0.0016808542172915644
100,16,141.06386449954223,1014.5820423082347,141.06,1014.58,-0.0038644995422316697,-0.0020423082346496813,0.00437097010253178
100,17,972.9712369173668,304.43385337078985,972.97,304.43,-0.0012369173667821087,-0.0038533707898409375,0.004047027429638519
100,18,1103.7656297965252,362.3387528515766,1103.77,362.34,0.004370203474763912,0.0012471484233742558,0.004544673541714901
100,19,1303.4942527681865,450.8584319167238,1303.49,450.86,-0.004252768186461253,0.0015680832761972852,0.0045326507044847995
100,20,1535.8268847807897,563.6672710955854,1535.83,563.67,0.0031152192102581466,0.0027289044145391017,0.004141438159824723
100,21,1330.784379873693,391.40591494768034,1330.78,391.41,-0.00437987369309667,0.004085052319680926,0.005989235846250403
100,22,1337.5258253847323,334.72549140096703,1337.53,334.73,0.004174615267629633,0.004508599032988059,0.006144499806573949
100,23,1620.4008425973323,440.1446673630942,1620.4,440.14,-0.000842597332166406,-0.0046673630941995725,0.004742810191992733
100,24,1176.2463875636408,236.8830992351395,1176.25,236.88,0.0036124363591625297,-0.0030992351395013884,0.004759722145138267
100,25,1322.7329713102786,279.971336478287,1322.73,279.97,-0.002971310278553574,-0.0013364782869871306,0.0032580452702542628
100,26,1461.4856762121108,325.75810332328444,1461.49,325.76,0.004323787889234154,0.001896676715546164,0.004721495978435535
100,27,1749.7072355874238,423.900006072812,1749.71,423.9,0.002764412576198083,-6.072812027468899e-06,0.002764419246512374
100,31,387.6147989145967,472.1671914577737,387.61,472.17,-0.0047989145966766955,0.0028085422263188775,0.0055603498759711914
101,13,69.71127817237455,300.56438016881043,69.71,300.56,-0.0012781723745547424,-0.004380168810428131,0.0045628503621006795
101,14,75.86643503009,427.6432298601674,75.87,427.64,0.0035649699100019916,-0.003229860167436982,0.004810510072790167
101,15,87.24886407569814,586.0905467091197,87.25,586.09,0.001135924301863156,-0.0005467091197033369,0.0012606406629686732
101,16,139.54789837465668,1014.186531731176,139.55,1014.19,0.0021016253433288057,0.0034682688240081916,0.004055332010983698
101,17,972.9784276880251,304.3253900280924,972.98,304.33,0.001572311974882723,0.004609971907598265,0.00487072950749729
101,18,1103.324222347394,362.25406463868245,1103.32,362.25,-0.004222347394033932,-0.00406463868245055,0.005860845087082449
101,19,1303.1206895761397,450.64382393754283,1303.12,450.64,-0.0006895761398482136,-0.0038239375428474887,0.0038856162425343105
101,20,1535.3701635855923,563.2504533216891,1535.37,563.25,-0.00016358559241780313,-0.00045332168906497827,0.0004819344351915605
101,21,1330.8382849052698,391.0544362107603,1330.84,391.05,0.0017150947301161068,-0.004436210760275117,0.004756208137040764
101,22,1337.6443690385493,334.5441185507253,1337.64,334.54,-0.004369038549157267,-0.004118550725252135,0.006004244991711874
101,23,1620.5506319479991,439.60850052232064,1620.55,439.61,-0.0006319479991816479,0.0014994776793741948,0.001627203608836678
101,24,1176.6847906727307,236.91232442635462,1176.68,236.91,-0.004790672730678125,-0.002324426354618936,0.005324800755944778
101,25,1323.0497284827088,279.9785023587153,1323.05,279.98,0.00027151729113938927,0.0014976412847431675,0.0015220548798104611
101,26,1462.114257159083,325.5685774924633,1462.11,325.57,-0.00425715908318125,0.0014225075366880446,0.004488533296239086
101,27,1750.2804266905678,423.425004554609,1750.28,423.43,-0.0004266905677923205,0.004995445390989062,0.005013635357203073
101,31,388.46109918594755,471.8753935933303,388.46,471.88,-0.0010991859475666388,0.0046064066697226735,0.004735735650793179
102,13,70.03345862928091,300.4232851266078,70.03,300.42,-0.003458629280913783,-0.0032851266078068875,0.004770133471100676
102,14,75.89982627256751,427.7324223951256,75.9,427.73,0.000173727432496662,-0.0024223951255635257,0.0024286167596300184
102,15,87.1866480567736,586.0679100318398,87.19,586.07,0.0033519432263915405,0.0020899681602486453,0.003950125352923023
102,16,138.1609237809925,1014.1398987983821,138.16,1014.14,-0.0009237809925082274,0.00010120161789473059,0.0009293078551179888
102,17,972.9838207660189,304.2440425210693,972.98,304.24,-0.003820766018861832,-0.0040425210692660585,0.005562394229677477
102,18,1102.9931667605456,362.19054847901185,1102.99,362.19,-0.0031667605455822923,-0.000548479011854397,0.0032139075250388633
102,19,1303.0905171821048,450.4828679531571,1303.09,450.48,-0.0005171821048861602,-0.002867953157078773,0.0029142121818447916
102,20,1535.2776226891942,562.9378399912669,1535.28,562.94,0.0023773108057412173,0.0021600087331989926,0.0032120467609594154
102,21,1331.1287136789524,390.7908271580702,1331.13,390.79,0.001286321047700767,-0.0008271580701944004,0.0015293175964611546
102,22,1337.9832767789119,334.40808891304397,1337.98,334.41,-0.0032767789118679502,0.0019110869560563515,0.0037933538446698113
102,23,1621.1629739609994,439.2063753917405,1621.16,439.21,-0.0029739609992702754,0.00362460825948574,0.0046885209885328336
102,24,1177.013593004548,236.68424331976595,1177.01,236.68,-0.003593004548065437,-0.004243319765947717,0.005560165853506665
102,25,1323.5372963620316,279.98387676903644,1323.54,279.98,0.0027036379683522682,-0.003876769036423866,0.004726414753879605
102,26,1462.8356928693124,325.4264331193475,1462.84,325.43,0.004307130687493554,0.003566880652499549,0.0055923172610577365
102,27,1751.4603200179258,423.06875341595673,1751.46,423.07,-0.00032001792578739696,0.0012465840432582809,0.0012870055360142906
102,31,389.09582438946063,471.9065451949977,389.1,471.91,0.004175610539391528,0.003454805002320427,0.005419538816240349
103,13,70.02509397196069,300.31746384495585,70.03,300.32,0.004906028039314947,0.002536155044140287,0.0055227885647073875
103,14,75.67486970442563,427.7993167963442,75.67,427.8,-0.0048697044256300615,0.0006832036557966603,0.0049173965091595905
103,15,86.8899860425802,586.0509325238799,86.89,586.05,1.3957419795929127e-05,-0.0009325238798965074,0.000932628326904451
103,16,136.87069283574436,1014.1049240987866,136.87,1014.1,-0.0006928357443598543,-0.004924098786545983,0.004972601957559673
103,17,972.7378655745142,304.18303189080194,972.74,304.18,0.002134425485792235,-0.003031890801935333,0.003707847622173745
103,18,1102.7448750704093,362.1429113592589,1102.74,362.14,-0.004875070409298132,-0.0029113592589169457,0.005678232491726249
103,19,1303.0678878865785,450.36215096486785,1303.07,450.36,0.0021121134213899495,-0.0021509648678375015,0.0030145767476524392
103,20,1535.2082170168956,562.7033799934502,1535.21,562.7,0.0017829831044764433,-0.0033799934501530515,0.0038214374878998065
103,21,1331.3465352592143,390.59312036855266,1331.35,390.59,0.003464740785602771,-0.003120368552686159,0.004662738317342292
103,22,1338.2374575841839,334.056066684783,1338.24,334.06,0.0025424158161513333,0.003933315217011568,0.004683465253270404
103,23,1621.8722304707494,438.90478154380537,1621.87,438.9,-0.00223047074950955,-0.004781543805393085,0.0052761881057550135
103,24,1177.260194753411,236.51318248982446,1177.26,236.51,-0.00019475341105135158,-0.0031824898244678934,0.003188443252428655
103,25,1324.1529722715236,279.73790757677733,1324.15,279.74,-0.0029722715235038777,0.002092423222677553,0.003634918561980774
103,26,1463.3767696519844,325.0698248395106,1463.38,325.07,0.0032303480156770092,0.00017516048939114626,0.003235093429784082
103,27,1752.3452400134443,422.80156506196755,1752.35,422.8,0.004759986555654905,-0.0015650619675398048,0.005010677695906514
103,31,389.3218682920955,471.92990889624826,389.32,471.93,-0.0018682920954802285,9.110375174259389e-05,0.001870512028193211
104,13,70.01882047897051,299.9880978837169,70.02,299.99,0.0011795210294849312,0.001902116283133637,0.002238150176721686
104,14,75.50615227831922,427.8494875972582,75.51,427.85,0.0038477216807848436,0.0005124027418332844,0.0038816901863260554
104,15,86.66748953193516,586.2881993929099,86.67,586.29,0.0025104680648411204,0.0018006070901037674,0.003089439398583354
104,16,135.90301962680826,1014.3286930740899,135.9,1014.33,-0.003019626808253406,0.0013069259101712305,0.0032903193455650396
104,17,972.5533991808857,304.13727391810147,972.55,304.14,-0.0033991808857081196,0.002726081898515531,0.004357287368441228
104,18,1102.5586563028069,362.10718351944416,1102.56,362.11,0.0013436971930786967,0.002816480555850376,0.003120590467871555
104,19,1303.050915914934,450.2716132236509,1303.05,450.27,-0.0009159149340121076,-0.0016132236509065478,0.0018550985726345259
104,20,1535.4061627626716,562.5275349950876,1535.41,562.53,0.003837237328525589,0.0024650049123238205,0.004560771813324009
104,21,1331.5099014444108,390.4448402764145,1331.51,390.44,9.855558914750873e-05,-0.004840276414483924,0.004841279683385537
104,22,1338.4280931881378,333.79205001358724,1338.43,333.79,0.0019068118622271868,-0.0020500135872225655,0.0027997298415610465
104,23,1622.404172853062,438.67858615785406,1622.4,438.68,-0.004172853061845672,0.001413842145950639,0.004405865668562888
104,24,1177.4451460650582,236.38488686736835,1177.45,236.38,0.004853934941820626,-0.004886867368355752,0.006887826732382825
104,25,1324.3647292036426,279.553430682583,1324.36,279.55,-0.004729203642682478,-0.003430682582973077,0.005842512308851052
104,26,1463.7825772389883,324.80236862963295,1463.78,324.8,-0.0025772389883513824,-0.0023686296329401557,0.003500366715234373
104,27,1753.258930010083,422.6011737964757,1753.26,422.6,0.0010699899169139826,-0.0011737964756548536,0.001588293609052604
104,31,389.2414012190716,471.9474316721862,389.24,471.95,-0.0014012190715675388,0.00256832781377625,0.0029257003683804137
105,13,69.51411535922789,299.74107341278767,69.51,299.74,-0.004115359227881754,-0.0010734127876617094,0.004253045566088752
105,14,74.87961420873941,427.8871156979436,74.88,427.89,0.000385791260583801,0.0028843020563726895,0.00290998853075722
105,15,86.00061714895136,586.2161495446824,86.0,586.22,-0.0006171489513633333,0.003850455317660817,0.0038995998488910786
105,16,134.9272647201062,1014.4965198055675,134.93,1014.5,0.0027352798938125034,0.003480194432540884,0.004426455623383511
105,17,972.4150493856642,303.8529554385761,972.42,303.85,0.004950614335712089,-0.0029554385760661717,0.005765691587126222
105,18,1102.4189922271053,361.83038763958314,1102.42,361.83,0.0010077728948090225,-0.00038763958315257696,0.0010797549045679122
105,19,1303.0381869362004,450.20370991773814,1303.04,450.2,0.001813063799545489,-0.0037099177381492154,0.004129248111346243
105,20,1535.5546220720037,562.3956512463158,1535.55,562.4,-0.004622072003712674,0.00434875368421217,0.006346275144795836
105,21,1331.882426083308,390.3336302073109,1331.88,390.33,-0.002426083307909721,-0.0036302073108913646,0.004366266750551012
105,22,1338.8210698911034,333.59403751019045,1338.82,333.59,-0.0010698911034978664,-0.004037510190471494,0.004176859527384784
105,23,1623.0531296397965,438.5089396183905,1623.05,438.51,-0.0031296397964979406,0.00106038160947719,0.003304399251534401
105,24,1177.5838595487937,236.03866515052627,1177.58,236.04,-0.00385954879379824,0.0013348494737215333,0.004083863368087148
105,25,1324.773546902732,279.41507301193724,1324.77,279.42,-0.003546902732068702,0.004926988062777582,0.006070892056486362
105,26,1464.3369329292414,324.60177647222474,1464.34,324.6,0.0030670707585613854,-0.0017764722247193276,0.003544400739648601
105,27,1754.1941975075624,422.45088034735676,1754.19,422.45,-0.004197507562366809,-0.0008803473567695619,0.00428883214928
105,31,388.9310509143037,471.96057375413966,388.93,471.96,-0.001050914303675654,-0.0005737541396797496,0.0011973364967584237
106,13,68.88558651942091,299.30580505959074,26.9,298.9,-41.98558651942091,-0.40580505959076163,41.987547595997654
106,14,74.15971065655455,427.66533677345774,54.7,438.1,-19.45971065655455,10.434663226542284,22.080818270348963
106,15,85.50046286171352,586.1621121585117,83.6,601.6,-1.900462861713521,15.437887841488305,15.554425096901678
106,16,134.19544854007964,1014.6223898541756,152.0,1034.6,17.80455145992036,19.977610145824315,26.76017488409773
106,17,972.3112870392482,303.63971657893205,983.9,299.1,11.588712960751764,-4.53971657893203,12.446175906828822
106,18,1102.314244170329,361.6227907296874,1108.7,359.4,6.385755829671098,-2.2227907296874037,6.761558706700894
106,19,1303.2786402021502,450.1527824383036,1293.5,449.0,-9.7786402021502,-1.152782438303575,9.846355242076594
106,20,1535.9159665540028,562.2967384347369,1526.2,561.6,-9.715966554002762,-0.6967384347368579,9.740916308281262
106,21,1332.161819562481,390.2502226554832,1335.2,387.3,3.0381804375190313,-2.9502226554831736,4.234897175593467
106,22,1339.1158024183276,333.44552813264283,1349.2,325.6,10.08419758167247,-7.845528132642812,12.776672201567147
106,23,1623.5398472298473,438.3817047137929,1631.4,430.1,7.860152770152808,-8.281704713792863,11.417908500973363
106,24,1177.6878946615952,235.7789988628947,1192.7,223.4,15.012105338404808,-12.37899886289469,19.457721334701816
106,25,1325.080160177049,279.06130475895293,1331.1,270.4,6.019839822950871,-8.661304758952951,10.547827815310896
106,26,1464.752699696931,324.4513323541686,1468.9,313.6,4.147300303069187,-10.851332354168562,11.616863331573768
106,27,1755.1456481306718,422.08816026051755,1774.2,413.9,19.05435186932823,-8.188160260517577,20.739197033928086
106,31,388.69828818572773,471.72043031560474,388.7,471.72,0.0017118142722551966,-0.00043031560471717967,0.001765072129506242
107,13,68.16418988956568,298.97935379469305,68.16,298.98,-0.004189889565680005,0.0006462053069640206,0.00423942871992709
107,14,73.1197829924159,427.4990025800933,73.12,427.5,0.00021700758409792797,0.0009974199066959955,0.0010207540163180684
107,15,84.62534714628514,586.1215841188838,84.63,586.12,0.004652853714858907,-0.0015841188837839582,0.004915127702291901
107,16,133.14658640505974,1014.9667923906317,133.15,1014.97,0.003413594940269604,0.003207609368359954,0.00468416356207005
107,17,972.2334652794361,303.479787434199,972.23,303.48,-0.003465279436113633,0.00021256580100725841,0.003471792878342525
107,18,1102.2356831277466,361.4670930472655,1102.24,361.47,0.00431687225341193,0.0029069527345200186,0.005204398164342464
107,19,1303.4589801516126,449.8645868287277,1303.46,449.86,0.0010198483873864461,-0.00458682872766758,0.0046988390598329
107,20,1536.436974915502,562.2225538260527,1536.44,562.22,0.0030250844979491376,-0.002553826052690056,0.003958934670732855
107,21,1332.6213646718606,389.9376669916124,1332.62,389.94,-0.0013646718607560615,0.0023330083876089702,0.002702823972106437
107,22,1339.5868518137456,333.08414609948215,1339.59,333.08,0.0031481862542932504,-0.004146099482170484,0.005205882980607163
107,23,1624.4048854223854,438.03627853534465,1624.4,438.04,-0.004885422385314087,0.00372146465537071,0.006141388366167817
107,24,1178.0159209961964,235.33424914717102,1178.02,235.33,0.00407900380355386,-0.0042491471710093265,0.0058901208570201185
107,25,1325.5601201327868,278.7959785692147,1325.56,278.8,-0.00012013278683298267,0.004021430785314806,0.004023224757274929
107,26,1465.5645247726982,324.0884992656264,1465.56,324.09,-0.004524772698232482,0.0015007343735646828,0.004767155507288245
107,27,1756.1092360980037,421.8161201953882,1756.11,421.82,0.0007639019961516169,0.0038798046118131424,0.003954292615066689
107,31,388.2737161392958,471.54032273670356,388.27,471.54,-0.003716139295818266,-0.00032273670353788475,0.00373012737660997
108,13,67.37314241717425,298.7345153460198,67.37,298.73,-0.003142417174245793,-0.004515346019786648,0.005501193995433903
108,14,72.58983724431192,427.37425193507,72.59,427.37,0.0001627556880805514,-0.004251935069987667,0.004255048913161116
108,15,83.96901035971385,586.3411880891629,83.97,586.34,0.0009896402861500064,-0.0011880891628379686,0.0015462676853714857
108,16,132.35993980379482,1015.2250942929737,132.36,1015.23,6.0196205197371455e-05,0.004905707026296113,0.004906076335624144
108,17,971.9250989595771,303.1098405756493,971.93,303.11,0.004901040422851111,0.0001594243507270221,0.0049036326687492944
108,18,1102.17676234581,361.35031978544913,1102.18,361.35,0.0032376541901157907,-0.00031978544910771234,0.0032534085799719894
108,19,1303.5942351137096,449.6484401215458,1303.59,449.65,-0.004235113709682992,0.0015598784542021349,0.004513248156907491
108,20,1536.8277311866266,562.1669153695395,1536.83,562.17,0.0022688133733481664,0.0030846304604210673,0.003829159072229955
108,21,1332.7160235038955,389.7032502437093,1332.72,389.7,0.003976496104542093,-0.0032502437093171466,0.005135815946798924
108,22,1339.6901388603092,332.81310957461164,1339.69,332.81,-0.00013886030910725822,-0.003109574611642074,0.0031126735213983367
108,23,1625.053664066789,437.7772089015085,1625.05,437.78,-0.0036640667890424083,0.002791098491456978,0.004606041274628025
108,24,1178.0119407471473,235.00068686037827,1178.01,235.0,-0.001940747147273214,-0.000686860378266374,0.002058707523880297
108,25,1325.6700900995902,278.59698392691104,1325.67,278.6,-9.0099590124737e-05,0.0030160730889861043,0.0030174185679561973
108,26,1465.9233935795237,323.8163744492198,1465.92,323.82,-0.003393579523617518,0.003625550780213871,0.004965984337774889
108,27,1756.8319270735028,421.61209014654116,1756.83,421.61,-0.0019270735028840136,-0.0020901465411498066,0.0028429429908104317
108,31,387.95528710447184,471.4052420525277,387.96,471.41,0.00471289552814369,0.004757947472342039,0.006696973078097506
109,13,66.5298568128807,298.55088650951484,66.53,298.55,0.00014318711930627614,-0.0008865095148280489,0.000897998703237311
109,14,71.94237793323394,427.2806889513025,71.94,427.28,-0.002377933233944418,-0.0006889513025498673,0.002475726229287584
109,15,83.2267577697854,586.2558910668722,83.23,586.26,0.003242230214610231,0.004108933127781711,0.005234060394484716
109,16,131.76995485284613,1015.4188207197303,131.77,1015.42,4.514715388381774e-05,0.0011792802696390936,0.0011801441521542453
109,17,971.6938242196828,302.83238043173696,971.69,302.83,-0.0038242196827695807,-0.0023804317369808814,0.004504565621290036
109,18,1102.1325717593575,361.01273983908686,1102.13,361.01,-0.002571759357351766,-0.002739839086871143,0.0037577472525534856
109,19,1303.9456763352823,449.48633009115935,1303.95,449.49,0.004323664717730935,0.0036699088406635383,0.005671182195109916
109,20,1537.3707983899699,562.1251865271547,1537.37,562.13,-0.0007983899699866015,0.004813472845285105,0.004879236351773942
109,21,1333.0370176279216,389.52743768278197,1333.04,389.53,0.0029823720783497265,0.0025623172180075926,0.003931922270266572
109,22,1339.7676041452319,332.60983218095873,1339.77,332.61,0.002395854768110439,0.0001678190412803815,0.0024017250676323866
109,23,1625.5402480500918,437.5829066761314,1625.54,437.58,-0.0002480500918409234,-0.0029066761314311407,0.00291724098783316
109,24,1178.0089555603604,234.7505151452837,1178.01,234.75,0.0010444396395996591,-0.0005151452837139914,0.0011645723782143533
109,25,1325.7525675746926,278.1977379451833,1325.75,278.2,-0.0025675746926481224,0.0022620548166969456,0.0034218900911731445
109,26,1466.4425451846428,323.6122808369148,1466.44,323.61,-0.0025451846427131386,-0.002280836914792417,0.003417628109871318
109,27,1757.623945305127,421.4590676099059,1757.62,421.46,-0.00394530512721758,0.0009323900940785279,0.004053983699324048
109,31,387.4664653283539,471.30393153939576,387.47,471.3,0.0035346716461504,-0.00393153939575086,0.005286861608406316
110,13,65.64739260966053,298.16316488213613,65.65,298.16,0.0026073903394774334,-0.003164882136104552,0.004100605237990358
110,14,70.95678344992545,427.21051671347686,70.96,427.21,0.0032165500745406916,-0.0005167134768839787,0.00325778869775516
110,15,82.42006832733904,586.4419183001542,82.42,586.44,-6.832733903650023e-05,-0.001918300154102326,0.0019195166335535664
110,16,131.0774661396346,1015.8141155397977,131.08,1015.81,0.002533860365417695,-0.004115539797794554,0.004833023502805002
110,17,971.5203681647621,302.6242853238027,971.52,302.62,-0.00036816476210788096,-0.0042853238027191765,0.004301109785416956
110,18,1102.0994288195182,360.75955487931515,1102.1,360.76,0.000571180481756528,0.00044512068484436895,0.0007241405711710533
110,19,1303.9592572514616,449.3647475683695,1303.96,449.36,0.0007427485384141619,-0.004747568369509736,0.0048053179722559155
110,20,1537.7780987924775,562.093889895366,1537.78,562.09,0.0019012075224509317,-0.0038898953660009283,0.004329650794447458
110,21,1333.2777632209413,389.3955782620865,1333.28,389.4,0.002236779058648608,0.004421737913503421,0.00495529481796215
110,22,1340.0757031089238,332.2073741357191,1340.08,332.21,0.004296891076137399,0.002625864280901169,0.005035716050563398
110,23,1626.155186037569,437.43718000709856,1626.16,437.44,0.004813962431171603,0.002819992901436308,0.0055791212796356005
110,24,1178.0067166702702,234.31288635896277,1178.01,234.31,0.0032833297298111574,-0.002886358962769009,0.004371649823192475
110,25,1325.8144256810194,277.8983034588875,1325.81,277.9,-0.004425681019483818,0.0016965411124942875,0.004739715627820163
110,26,1466.831908888482,323.2092106276861,1466.83,323.21,-0.0019088884821485408,0.000789372313874992,0.0020656630623583604
110,27,1758.4679589788452,421.0943007074294,1758.47,421.09,0.0020410211548096413,-0.004300707429422346,0.004760446591221147
110,31,386.8498489962654,471.2279486545468,386.85,471.23,0.00015100373462928474,0.002051345453196518,0.0020568957912889072
111,13,64.9855444572454,297.87237366160207,64.99,297.87,0.004455542754598696,-0.002373661602064203,0.005048379011046113
111,14,70.21758758744409,426.90788753510765,70.22,426.91,0.002412412555912624,0.0021124648923773748,0.0032065935603770917
111,15,81.81505124550428,586.3314387251156,81.82,586.33,0.004948754495714525,-0.0014387251155767444,0.005153649291234905
111,16,130.55809960472595,1016.3605866548482,130.56,1016.36,0.0019003952740490604,-0.0005866548482345024,0.0019888856449240743
111,17,971.3902761235715,302.21821399285204,971.39,302.22,-0.000276123571552489,0.001786007147984492,0.0018072259846014281
111,18,1102.0745716146387,360.56966615948636,1102.07,360.57,-0.0045716146387349,0.0003338405136332767,0.004583787723448606
111,19,1304.2194429385963,449.27356067627716,1304.22,449.27,0.0005570614036969346,-0.0035606762771749345,0.0036039884792164844
111,20,1538.333574094358,562.0704174215246,1538.33,562.07,-0.0035740943581004103,-0.00041742152450297,0.003598387306797806
111,21,1333.4583224157059,389.29668369656486,1333.46,389.3,0.0016775842941569863,0.0033163034351559872,0.0037164711135739496
111,22,1340.306777331693,331.90553060178934,1340.31,331.91,0.0032226683069893625,0.004469398210687814,0.005510091776238678
111,23,1626.6163895281766,437.32788500532394,1626.62,437.33,0.003610471823321859,0.002114994676048809,0.004184340959663287
111,24,1178.0050375027026,233.9846647692221,1178.01,233.98,0.004962497297356094,-0.004664769222102905,0.006810759966534211
111,25,1326.1108192607646,277.4237275941656,1326.11,277.42,-0.0008192607647288241,-0.0037275941655821043,0.0038165621262997674
111,26,1467.1239316663616,322.90690797076456,1467.12,322.91,-0.003931666361722819,0.0030920292354608137,0.005001864169771819
111,27,1759.100969234134,420.8207255305721,1759.1,420.82,-0.000969234134117869,-0.0007255305720832439,0.0012107061649164318
111,31,386.63738674719906,471.17096149091014,386.64,471.17,0.0026132528009270573,-0.0009614909101287594,0.0027845205999980213
112,13,64.23915834293405,297.40428024620155,64.24,297.4,0.0008416570659477429,-0.0042802462015743,0.004362212072188947
112,14,69.41319069058306,426.68091565133074,69.41,426.68,-0.00319069058306809,-0.000915651330728906,0.0033194764280447906
112,15,81.11128843412821,586.4985790438367,81.11,586.5,-0.0012884341282131118,0.001420956163315168,0.0019181185888280327
112,16,129.91857470354446,1016.7704399911362,129.92,1016.77,0.0014252964555225844,-0.00043999113620429853,0.0014916642336878605
112,17,971.2927070926787,301.91366049463903,971.29,301.91,-0.002707092678747358,-0.0036604946390070836,0.004552754306299336
112,18,1102.055928710979,360.42724961961477,1102.06,360.43,0.00407128902088516,0.0027503803852368947,0.004913246030383162
112,19,1304.4145822039472,449.20517050720787,1304.41,449.21,-0.004582203947165908,0.004829492792111978,0.00665737137633799
112,20,1538.7501805707684,562.0528130661435,1538.75,562.05,-0.00018057076840705122,-0.0028130661435170623,0.0028188556064837854
112,21,1333.5937418117794,388.97251277242367,1333.59,388.97,-0.0037418117794913996,-0.002512772423642673,0.004507236475509097
112,22,1340.4800829987698,331.679147951342,1340.48,331.68,-8.299876981254783e-05,0.000852048658032345,0.0008560816032628643
112,23,1627.2122921461323,437.24591375399297,1627.21,437.25,-0.0022921461322766845,0.004086246007034333,0.004685225749279857
112,24,1178.003778127027,233.48849857691658,1178.0,233.49,-0.003778127027089795,0.0015014230834253794,0.004065527654348073
112,25,1326.3331144455735,277.0677956956242,1326.33,277.07,-0.003114445573601188,0.0022043043757662417,0.0038155902573450196
112,26,1467.5929487497713,322.6801809780734,1467.59,322.68,-0.0029487497713489574,-0.00018097807338790517,0.002954298271515205
112,27,1759.8257269256005,420.6155441479291,1759.83,420.62,0.004273074399407051,0.004455852070918809,0.006173636084252081
112,31,386.2280400603993,471.12822111818264,386.23,471.13,0.0019599396007379255,0.0017788818173585241,0.0026468441130277215
113,13,63.929368757200535,297.05321018465116,63.93,297.05,0.0006312427994643599,-0.0032101846511523036,0.003271659054114508
113,14,69.0598930179373,426.51068673849807,69.06,426.51,0.00010698206270376431,-0.0006867384980751012,0.0006950215295073945
113,15,80.58346632559616,586.3739342828775,80.58,586.37,-0.0034663255961646655,-0.003934282877480655,0.00524347164564316
113,16,129.18893102765836,1016.5778299933521,129.19,1016.58,0.0010689723416419383,0.0021700066479297675,0.0024190144107166527
113,17,971.219530319509,301.68524537097926,971.22,301.69,0.0004696804910508945,0.004754629020737866,0.004777771121403424
113,18,1102.0419465332343,360.0704372147111,1102.04,360.07,-0.0019465332343315822,-0.000437214711098477,0.0019950309110282716
113,19,1304.5609366529604,449.1538778804059,1304.56,449.15,-0.0009366529604903917,-0.003877880405923406,0.003989395344039005
113,20,1539.0626354280762,562.0396097996077,1539.06,562.04,-0.0026354280762461713,0.0003902003923030861,0.0026641579328598518
113,21,1333.9453063588346,388.72938457931775,1333.95,388.73,0.0046936411654314725,0.0006154206822657216,0.004733815586394692
113,22,1340.8600622490774,331.5093609635065,1340.86,331.51,-6.224907747309771e-05,0.0006390364935100479,0.0006420612024440265
113,23,1627.9092191095992,437.18443531549474,1627.91,437.18,0.0007808904008470563,-0.00443531549473164,0.004503533430090382
113,24,1178.2528335952702,233.11637393268745,1178.25,233.12,-0.0028335952702036593,0.00362606731255255,0.004601915504491866
113,25,1326.7498358341802,276.80084677171817,1326.75,276.8,0.00016416581979683542,-0.0008467717181588341,0.0008625385551169472
113,26,1468.1947115623284,322.51013573355505,1468.19,322.51,-0.004711562328338914,-0.00013573355505513973,0.00471351707027675
113,27,1760.6192951942003,420.7116581109468,1760.62,420.71,0.0007048057996144053,-0.0016581109468347677,0.001801688965161132
113,31,385.92103004529946,470.846165838637,385.92,470.85,-0.0010300452994442821,0.003834161363045041,0.003970111670567299
114,13,62.9470265679004,296.7899076384884,62.95,296.79,0.0029734320996013253,9.23615116334986e-05,0.002974866232248228
114,14,68.04491976345298,426.3830150538736,68.04,426.38,-0.004919763452974735,-0.003015053873582474,0.00577014924363578
114,15,79.93759974419712,586.2804507121581,79.94,586.28,0.0024002558028826115,-0.0004507121581127649,0.0024422058407804854
114,16,128.39169827074377,1016.683372495014,128.39,1016.68,-0.0016982707437875888,-0.0033724950141049703,0.0037759563211678887
114,17,971.1646477396317,301.2639340282344,971.16,301.26,-0.004647739631764125,-0.003934028234425568,0.006089175792660981
114,18,1102.0314598999257,359.8028279110333,1102.03,359.8,-0.0014598999257486867,-0.002827911033307373,0.003182512938780076
114,19,1304.9207024897203,448.86540841030444,1304.92,448.87,-0.0007024897201972635,0.004591589695564835,0.004645017517663416
114,20,1539.5469765710573,562.0297073497057,1539.55,562.03,0.0030234289426971372,0.0002926502942273146,0.003037559343658995
114,21,1334.458979769126,388.5470384344883,1334.46,388.55,0.0010202308740190347,0.002961565511725439,0.0031323699201312744
114,22,1341.395046686808,331.1320207226299,1341.4,331.13,0.004953313192118003,-0.002020722629879401,0.005349638448167966
114,23,1628.6819143321995,436.88832648662105,1628.68,436.89,-0.0019143321994761209,0.0016735133789325118,0.0025426983303996555
114,24,1178.4396251964527,232.5872804495156,1178.44,232.59,0.0003748035474018252,0.0027195504844144125,0.002745256369890371
114,25,1327.0623768756352,276.3506350787886,1327.06,276.35,-0.0023768756352637865,-0.0006350787886049147,0.0024602566640996044
114,26,1468.8960336717464,322.1326018001663,1468.9,322.13,0.00396632825368215,-0.002601800166303292,0.004743534960483914
114,27,1761.7144713956502,420.53374358321014,1761.71,420.53,-0.004471395650170962,-0.0037435832101664346,0.005831620213269021
114,31,385.6907725339746,470.6346243789777,385.69,470.63,-0.0007725339746116333,-0.004624378977723609,0.004688463465949297
115,13,62.2102699259253,296.3424307288663,62.21,296.34,-0.0002699259253020614,-0.0024307288663294457,0.0024456702203603424
115,14,67.28368982258974,426.0372612904052,67.28,426.04,-0.0036898225897346038,0.002738709594837019,0.004595141019443052
115,15,79.20319980814784,586.2103380341185,79.2,586.21,-0.0031998081478405993,-0.00033803411849930853,0.0032176139060267456
115,16,127.54377370305784,1016.7625293712606,127.54,1016.76,-0.0037737030578313124,-0.0025293712606071495,0.004542967504029805
115,17,971.1234858047238,300.9479505211758,971.12,300.95,-0.003485804723823094,0.0020494788241762762,0.004043661462508251
115,18,1102.0235949249443,359.352120933275,1102.02,359.35,-0.0035949249443092413,-0.002120933274966319,0.00417394816835046
115,19,1305.1905268672901,448.6490563077283,1305.19,448.65,-0.0005268672900911042,0.0009436922716759,0.0010808072191601814
115,20,1539.910232428293,561.7722805122793,1539.91,561.77,-0.00023242829297487333,-0.0022805122792988186,0.0022923261476953723
115,21,1334.8442348268445,388.1602788258662,1334.84,388.16,-0.004234826844594863,-0.00027882586618943606,0.0042439960258413975
115,22,1341.796285015106,330.8490155419724,1341.8,330.85,0.0037149848940316588,0.000984458027630808,0.003843210945427034
115,23,1629.2614357491498,436.6662448649658,1629.26,436.67,-0.001435749149777621,0.003755135034225532,0.0040202505825327785
115,24,1178.5797188973395,232.1904603371367,1178.58,232.19,0.00028110266043768206,-0.00046033713670112775,0.0005393783320929156
115,25,1327.5467826567265,276.01297630909147,1327.55,276.01,0.003217343273490769,-0.002976309091479834,0.004382888721779486
115,26,1469.4220252538098,321.8494513501247,1469.42,321.85,-0.00202525380973384,0.0005486498753271007,0.002098253959733634
115,27,1762.5358535467376,420.1503076874076,1762.54,420.15,0.0041464532623649575,-0.00030768740759867796,0.004157853556556772
115,31,385.26807940048093,470.2259682842333,385.27,470.23,0.0019205995190532121,0.004031715766700472,0.004465807265886942
116,13,61.40770244444398,296.00682304664974,61.41,296.01,0.002297555556019404,0.0031769533502483682,0.003920687965478758
116,14,66.4627673669423,425.7779459678039,66.46,425.78,-0.0027673669423080582,0.0020540321960993424,0.003446355764571055
116,15,78.40239985611089,586.1577535255889,78.4,586.16,-0.002399856110884002,0.002246474411094823,0.0032872414929011715
116,16,126.90783027729339,1016.8218970284454,126.91,1016.82,0.00216972270661131,-0.0018970284453416753,0.0028820849303967714
116,17,971.0926143535429,300.4609628908819,971.09,300.46,-0.0026143535428673204,-0.0009628908819081516,0.0027860372031910784
116,18,1102.0176961937082,359.0140906999562,1102.02,359.01,0.002303806291820365,-0.004090699956236676,0.0046948215687271705
116,19,1305.3928951504677,448.23679223079625,1305.39,448.24,-0.0028951504675660544,0.0032077692037546512,0.0043210738820812465
116,20,1540.1826743212198,561.5792103842094,1540.18,561.58,-0.0026743212197288813,0.0007896157906088774,0.00278845603929326
116,21,1335.1331761201334,387.87020911939965,1335.13,387.87,-0.0031761201332756173,-0.00020911939964207704,0.0031829970192108863
116,22,1342.0972137613294,330.3867616564793,1342.1,330.39,0.002786238670523744,0.0032383435207066213,0.004272001250845378
116,23,1629.6960768118624,436.24968364872433,1629.7,436.25,0.003923188137605393,0.0003163512756714226,0.003935922165473628
116,24,1178.6847891730047,231.6428452528525,1178.68,231.64,-0.0047891730046103476,-0.002845252852523572,0.005570605161280238
116,25,1327.9100869925448,275.5097322318186,1327.91,275.51,-8.699254476596252e-05,0.0002677681814020616,0.0002815448486764149
116,26,1469.8165189403574,321.38708851259355,1469.82,321.39,0.0034810596425813856,0.0029114874064362084,0.004538120222409878
116,27,1763.1518901600532,419.8627307655557,1763.15,419.86,-0.0018901600531080476,-0.002730765555668313,0.0033211120948245464
116,31,384.9510595503607,469.919476213175,384.95,469.92,-0.0010595503607078172,0.0005237868249992061,0.001181947378235941
117,13,60.805776833332985,295.7551172849873,60.81,295.76,0.004223166667017608,0.004882715012684002,0.006455698458919712
117,14,65.84707552520672,425.5834594758529,65.85,425.58,0.002924474793275067,-0.0034594758529351566,0.004529958718745975
117,15,77.80179989208317,586.1183151441917,77.8,586.12,-0.001799892083170107,0.0016848558083211174,0.0024654311196810655
117,16,126.43087270797004,1017.1164227713341,126.43,1017.12,-0.0008727079700321383,0.003577228665903931,0.0036821439582290145
117,17,971.0694607651571,300.0957221681614,971.07,300.1,0.0005392348429040794,0.004277831838635393,0.00431168406257282
117,18,1102.013272145281,358.76056802496714,1102.01,358.76,-0.003272145281016492,-0.0005680249671513593,0.0033210822187030842
117,19,1305.5446713628507,447.9275941730972,1305.54,447.93,-0.004671362850785954,0.0024058269028159884,0.005254487032053295
117,20,1540.637005740915,561.434407788157,1540.64,561.43,0.0029942590851987916,-0.004407788157095638,0.00532861932465888
117,21,1335.3498820901,387.65265683954976,1335.35,387.65,0.00011790989992732648,-0.0026568395497861275,0.0026594546692524437
117,22,1342.322910320997,330.04007124235943,1342.32,330.04,-0.0029103209969889576,-7.124235941091683e-05,0.002911192844744098
117,23,1630.2720576088968,435.93726273654323,1630.27,435.94,-0.002057608896848251,0.002737263456765504,0.0034243781339292705
117,24,1178.7635918797534,231.23213393963937,1178.76,231.23,-0.0035918797534577607,-0.002133939639378468,0.004177953870952921
117,25,1328.1825652444086,275.13229917386394,1328.18,275.13,-0.0025652444085153547,-0.00229917386394618,0.0034448046870718956
117,26,1470.362389205268,321.0403163844452,1470.36,321.04,-0.0023892052681731,-0.00031638444517056996,0.0024100624329282394
117,27,1763.86391762004,419.6470480741668,1763.86,419.65,-0.003917620040056136,0.002951925833201585,0.004905263795452015
117,31,384.9632946627705,469.68960715988123,384.96,469.69,-0.0032946627705428,0.00039284011876361546,0.003318000321053476
118,13,60.35433262499974,295.31633796374047,60.35,295.32,-0.004332624999740631,0.0036620362595272127,0.005672931248875625
118,14,65.38530664390504,425.43759460688966,65.39,425.44,0.004693356094961132,0.0024053931103367177,0.0052738512919273854
118,15,77.35134991906237,586.0887363581437,77.35,586.09,-0.0013499190623775803,0.0012636418563261032,0.0018490733398190688
118,16,126.07315453097753,1017.5873170785005,126.07,1017.59,-0.0031545309775395936,0.0026829214995132133,0.004141151224093022
118,17,971.0520955738679,299.821791626121,971.05,299.82,-0.002095573867904932,-0.0017916261210189077,0.002757055311988371
118,18,1102.0099541089608,358.57042601872536,1102.01,358.57,4.589103923535731e-05,-0.0004260187253635195,0.0004284833040416615
118,19,1305.658503522138,447.6956956298229,1305.66,447.7,0.001496477862019674,0.004304370177067085,0.004557087733711026
118,20,1540.9777543056862,561.3258058411178,1540.98,561.33,0.0022456943138422503,0.004194158882228294,0.004757532099796901
118,21,1335.5124115675749,387.4894926296623,1335.51,387.49,-0.002411567574881701,0.0005073703376865524,0.0024643625601329395
118,22,1342.4921827407477,329.7800534317696,1342.49,329.78,-0.002182740747684875,-5.34317696292419e-05,0.002183394633502986
118,23,1630.7040432066726,435.7029470524074,1630.7,435.7,-0.004043206672577071,-0.0029470524074213245,0.005003262744375871
118,24,1178.8226939098151,230.9241004547295,1178.82,230.92,-0.0026939098152070073,-0.004100454729524472,0.004906208218303444
118,25,1328.3869239333064,274.59922438039797,1328.39,274.6,0.00307606669366578,0.0007756196020523021,0.0031723448852493475
118,26,1470.771791903951,320.78023728833386,1470.77,320.78,-0.0017919039510161383,-0.00023728833389213833,0.0018075468245853422
118,27,1764.64793821503,419.48528605562507,1764.65,419.49,0.0020617849700101942,0.004713944374941548,0.0051451169892047155
118,31,384.9724709970779,469.5172053699109,384.97,469.52,-0.0024709970778644674,0.002794630089056227,0.003730386560863787
119,13,59.5157494687498,294.9872534728054,59.52,294.99,0.00425053125020014,0.0027465271946311987,0.005060674613110064
119,14,64.53897998292878,425.32819595516725,64.54,425.33,0.0010200170712266754,0.0018040448327383274,0.0020724412136713805
119,15,76.76351243929678,586.0665522686078,76.76,586.07,-0.0035124392967702533,0.0034477313922707253,0.0049217965791715675
119,16,125.55486589823315,1017.9404878088753,125.55,1017.94,-0.004865898233148869,-0.0004878088752775511,0.004890288653460124
119,17,970.5390716804009,299.36634371959076,970.54,299.37,0.0009283195990974491,0.0036562804092454826,0.0037722889217424427
119,18,1101.7574655817207,358.177819514044,1101.76,358.18,0.0025344182793105574,0.0021804859559892975,0.0033433209565894278
119,19,1305.7438776416036,447.5217717223672,1305.74,447.52,-0.003877641603594384,-0.0017717223672093496,0.0042632270115953155
119,20,1541.2333157292646,561.2443543808383,1541.23,561.24,-0.003315729264613765,-0.0043543808383219584,0.005473088071770962
119,21,1335.634308675681,387.1171194722467,1335.63,387.12,-0.0043086756809316284,0.0028805277532910623,0.00518286853594915
119,22,1342.6191370555607,329.3350400738272,1342.62,329.34,0.0008629444391772267,0.004959926172773521,0.00503443549412153
119,23,1631.0280324050045,435.2772102893056,1631.03,435.28,0.0019675949954489624,0.0027897106944010375,0.0034137832128843977
119,24,1178.6170204323614,230.44307534104712,1178.62,230.44,0.00297956763847651,-0.0030753410471220377,0.004282002553522144
119,25,1328.2901929499799,274.19941828529846,1328.29,274.2,-0.0001929499799189216,0.0005817147015250157,0.0006128798322028963
119,26,1470.8288439279631,320.3351779662504,1470.83,320.34,0.001156072036792466,0.004822033749576349,0.004958680473302028
119,27,1765.2359536612726,419.1139645417188,1765.24,419.11,0.0040463387274485285,-0.003964541718801229,0.00566484316970604
119,31,384.47935324780843,469.3879040274332,384.48,469.39,0.0006467521915851648,0.0020959725667921703,0.0021934879525690523
120,13,58.636812101562356,294.74044010460403,58.64,294.74,0.003187898437644776,-0.00044010460402432727,0.0032181343215008
120,14,63.90423498719659,424.9961469663754,63.9,425.0,-0.004234987196589657,0.0038530336245798935,0.005725468074089803
120,15,76.07263432947258,586.0499142014559,76.07,586.05,-0.0026343294725847954,8.57985440916309e-05,0.0026357263060297308
120,16,125.16614942367485,1018.2053658566565,125.17,1018.21,0.003850576325149291,0.004634143343537289,0.006025132576487523
120,17,970.1543037603006,299.02475778969307,970.15,299.02,-0.004303760300672366,-0.0047577896930874886,0.0064155214510819795
120,18,1101.5680991862905,357.883364635533,1101.57,357.88,0.0019008137094260746,-0.0033646355329892685,0.0038644359262117534
120,19,1305.8079082312026,447.3913287917754,1305.81,447.39,0.0020917687972996646,-0.0013287917753928014,0.00247814129615485
120,20,1541.4249867969484,561.1832657856287,1541.42,561.18,-0.00498679694828752,-0.003265785628741469,0.005960998203014662
120,21,1335.725731506761,386.83783960418504,1335.73,386.84,0.004268493239123927,0.002160395814939875,0.004784071969531437
120,22,1342.7143527916705,329.0012800553704,1342.71,329.0,-0.004352791670498846,-0.00128005537038689,0.0045371066857657705
120,23,1631.2710243037534,434.9579077169792,1631.27,434.96,-0.0010243037534110044,0.0020922830207723564,0.002329559275542086
120,24,1178.462765324271,229.83230650578534,1178.46,229.83,-0.0027653242709675396,-0.0023065057853273174,0.003600970322197968
120,25,1328.2176447124848,273.64956371397386,1328.22,273.65,0.0023552875152290653,0.00043628602611534006,0.0023953548330002006
120,26,1471.1216329459724,320.0013834746878,1471.12,320.0,-0.0016329459724602202,-0.0013834746878274018,0.002140213718494763
120,27,1765.6769652459543,418.8354734062891,1765.68,418.84,0.0030347540457569266,0.0045265937108638354,0.005449750704524938
120,31,384.35951493585634,469.2909280205749,384.36,469.29,0.0004850641436746628,-0.000928020574860966,0.0010471434528488022
121,13,57.72760907617177,294.30533007845304,57.73,294.31,0.0023909238282300294,0.004669921546962996,0.005246397240696457
121,14,63.17817624039744,424.7471102247816,63.18,424.75,0.001823759602558539,0.0028897752184207093,0.0034171479190873402
121,15,75.55447574710443,586.0374356510919,75.55,586.04,-0.004475747104436323,0.002564348908094871,0.005158313432248712
121,16,124.62461206775615,1018.6540243924924,124.62,1018.65,-0.004612067756141869,-0.004024392492397055,0.006121021476853784
121,17,969.8657278202255,298.5185683422698,969.87,298.52,0.0042721797744889045,0.0014316577301656253,0.004505681289427278
121,18,1101.426074389718,357.41252347664977,1101.43,357.41,0.003925610282067282,-0.0025234766497419514,0.004666728028122619
121,19,1305.855931173402,447.04349659383155,1305.86,447.04,0.004068826597858788,-0.0034965938315281164,0.005364840939498914
121,20,1541.8187400977113,561.1374493392216,1541.82,561.14,0.001259902288666126,0.002550660778410929,0.0028448592554834746
121,21,1335.7942986300707,386.37837970313876,1335.79,386.38,-0.004298630070707077,0.001620296861233328,0.004593863559500837
121,22,1342.535764593753,328.5009600415278,1342.54,328.5,0.004235406247062201,-0.0009600415277759566,0.004342849964333089
121,23,1631.703268227815,434.7184307877344,1631.7,434.72,-0.0032682278149422928,0.0015692122656218999,0.003625429655218908
121,24,1178.0970739932031,229.374229879339,1178.1,229.37,0.002926006796769798,-0.004229879338993214,0.005143286400462716
121,25,1328.1632335343636,273.2371727854804,1328.16,273.24,-0.00323353436351681,0.0028272145195842313,0.004295216690667882
121,26,1471.0912247094793,319.50103760601587,1471.09,319.5,-0.0012247094794020086,-0.0010376060158705513,0.001605160288914443
121,27,1766.0077239344657,418.37660505471683,1766.01,418.38,0.0022760655342608516,0.0033949452831620874,0.004087313028373854
121,31,384.01963620189224,469.21819601543115,384.02,469.22,0.0003637981077417862,0.0018039845688804235,0.0018403014394264847
122,13,56.29570680712882,293.97899755883975,4.5,293.0,-51.79570680712882,-0.978997558839751,51.80495806262432
122,14,61.63363218029808,424.81033266858617,33.9,435.7,-27.73363218029808,10.889667331413818,29.794952735336345
122,15,74.16585681032832,586.2780767383189,64.1,602.9,-10.065856810328327,16.621923261681104,19.432184803651094
122,16,123.7184590508171,1018.9905182943693,130.2,1039.9,6.481540949182886,20.90948170563081,21.891020950929722
122,17,969.3992958651692,298.13892625670235,981.5,293.4,12.100704134830835,-4.738926256702371,12.995555495059655
122,18,1101.3195557922886,357.0593926074873,1107.4,354.5,6.08044420771148,-2.559392607487325,6.597142736242173
122,19,1305.8919483800514,446.78262244537365,1299.4,445.9,-6.491948380051326,-0.88262244537367,6.55167277497346
122,20,1542.1140550732835,561.1030870044162,1533.0,560.2,-9.114055073283453,-0.9030870044161929,9.158688007372522
122,21,1336.095723972553,386.0337847773541,1339.6,383.4,3.504276027446849,-2.6337847773540943,4.3836939594320254
122,22,1342.6518234453147,328.1257200311458,1354.8,321.6,12.148176554685278,-6.525720031145795,13.789967930662586
122,23,1632.2774511708612,434.2888230908008,1641.8,425.6,9.522548829138714,-8.688823090800781,12.89087207703823
122,24,1178.0728054949022,228.78067240950423,1195.4,215.8,17.32719450509785,-12.980672409504223,21.65016225390372
122,25,1328.3724251507726,272.6778795891103,1333.1,263.2,4.727574849227267,-9.47787958911033,10.591513841784867
122,26,1471.5684185321095,319.1257782045119,1476.3,308.7,4.731581467890464,-10.425778204511914,11.449223308022258
122,27,1766.7557929508494,418.0324537910376,1787.6,410.2,20.844207049150555,-7.832453791037608,22.267202336544145
122,31,383.26472715141915,469.16364701157335,383.26,469.16,-0.004727151419160691,-0.003647011573320924,0.005970481886381509
123,13,54.72178010534662,293.73424816912984,54.72,293.73,-0.0017801053466186545,-0.004248169129823509,0.004606052105724136
123,14,59.975224135223556,424.8577495014396,59.98,424.86,0.004775864776441097,0.0022504985603859495,0.00527954809933104
123,15,72.62439260774624,586.4585575537392,72.62,586.46,-0.004392607746240174,0.001442446260853103,0.004623381233229451
123,16,122.53884428811283,1019.2428887207769,122.54,1019.24,0.0011557118871792227,-0.002888720776923037,0.003111330534223935
123,17,969.0494718988768,297.8541946925268,969.05,297.85,0.0005281011231090815,-0.00419469252676663,0.004227805126817093
123,18,1101.2396668442166,356.7945444556155,1101.24,356.79,0.0003331557834371779,-0.004544455615473453,0.004556651140590624
123,19,1306.1689612850387,446.58696683403025,1306.17,446.59,0.001038714961396181,0.00303316596972536,0.003206091790783329
123,20,1542.5855413049626,561.0773152533122,1542.59,561.08,0.004458695037328653,0.002684746687805273,0.0052045966427361635
123,21,1336.3217929794148,385.7753385830156,1336.32,385.78,-0.0017929794148585643,0.004661416984390598,0.004994355162027596
123,22,1342.9888675839861,327.84429002335935,1342.99,327.84,0.0011324160138883599,-0.004290023359374118,0.00443696590616678
123,23,1632.958088378146,433.9666173181006,1632.96,433.97,0.0019116218541057606,0.0033826818994384666,0.0038854645727227238
123,24,1178.0546041211767,228.3355043071282,1178.05,228.34,-0.004604121176726039,0.004495692871813617,0.006434996985830913
123,25,1328.7793188630794,272.25840969183275,1328.78,272.26,0.0006811369205479423,0.0015903081672377084,0.001730036869929798
123,26,1472.176313899082,318.84433365338396,1472.18,318.84,0.0036861009180029214,-0.004333653383980618,0.005689278656401762
123,27,1767.566844713137,417.7743403432782,1767.57,417.77,0.0031552868629205477,-0.0043403432782156415,0.0053660427653971126
123,31,382.44854536356434,469.12273525868,382.45,469.12,0.0014546364356533559,-0.002735258679990693,0.003098000517494264
124,13,53.79133507900996,293.3006861268474,53.79,293.3,-0.0013350790099622145,-0.0006861268473699056,0.0015010682907594351
124,14,59.23141810141767,424.6433121260797,59.23,424.64,-0.0014181014176699591,-0.0033121260797202012,0.003602941964389693
124,15,71.96829445580968,586.5939181653043,71.97,586.59,0.0017055441903153223,-0.003918165304298782,0.004273277470154392
124,16,122.15413321608462,1019.9321665405827,122.15,1019.93,-0.0041332160846110355,-0.0021665405827206996,0.004666623329417442
124,17,968.7871039241577,297.3906460193951,968.79,297.39,0.002896075842272694,-0.0006460193951056681,0.002967254007166927
124,18,1101.1797501331625,356.5959083417116,1101.18,356.6,0.00024986683752104,0.004091658288416511,0.004099280544883492
124,19,1306.376720963779,446.4402251255227,1306.38,446.44,0.0032790362211017055,-0.0002251255227179172,0.003286755244960593
124,20,1543.1891559787218,561.0579864399842,1543.19,561.06,0.0008440212782261369,0.002013560015711846,0.002183299304944691
124,21,1336.4913447345612,385.5815039372617,1336.49,385.58,-0.0013447345611439232,-0.0015039372617025037,0.0020174583829839377
124,22,1342.9916506879895,327.3832175175195,1342.99,327.38,-0.0016506879894677695,-0.0032175175194879557,0.00361623973580086
124,23,1633.4685662836096,433.72496298857544,1633.47,433.72,0.0014337163904656336,-0.004962988575414329,0.0051659266630472945
124,24,1177.7909530908826,227.75162823034614,1177.79,227.75,-0.0009530908826036466,-0.0016282303461423453,0.0018866680393225034
124,25,1328.8344891473096,271.6938072688746,1328.83,271.69,-0.004489147309641339,-0.003807268874595593,0.00588623307821942
124,26,1472.3822354243116,318.38325024003797,1472.38,318.38,-0.0022354243114932615,-0.0032502400379712526,0.003944766426145723
124,27,1768.1751335348526,417.58075525745863,1768.18,417.58,0.004866465147415511,-0.000755257458649794,0.004924723023669048
124,31,381.83640902267325,469.09205144401,381.84,469.09,0.0035909773267235323,-0.0020514440100214415,0.004135642717558583
125,13,53.09350130925747,292.97551459513556,53.09,292.98,-0.0035013092574658344,0.0044854048644538125,0.005690169005792524
125,14,58.67356357606325,424.48248409455977,58.67,424.48,-0.0035635760632501956,-0.0024840945597475184,0.004343938321424118
125,15,71.72622084185727,586.6954386239782,71.73,586.7,0.003779158142734218,0.004561376021797514,0.005923528296549588
125,16,121.86559991206346,1020.199124905437,121.87,1020.2,0.00440008793654556,0.0008750945630708884,0.004486263962770135
125,17,968.8403279431183,296.79298451454633,968.84,296.79,-0.00032794311823636235,-0.0029845145463127665,0.003002477937629365
125,18,1101.384812599872,356.19693125628373,1101.38,356.2,-0.004812599871911516,0.0030687437162555398,0.005707740842328128
125,19,1306.7825407228343,446.080168844142,1306.78,446.08,-0.0025407228342828603,-0.00016884414202422704,0.002546326935988823
125,20,1543.8918669840414,560.7934898299882,1543.89,560.79,-0.0018669840412712801,-0.003489829988211568,0.003957845721725696
125,21,1336.868508550921,385.18612795294626,1336.87,385.19,0.0014914490789124102,0.0038720470537327856,0.0041493576299602595
125,22,1343.4937380159922,326.78741313813964,1343.49,326.79,-0.0037380159922122402,0.0025868618603794857,0.004545835219486125
125,23,1634.1014247127073,433.29372224143157,1634.1,433.29,-0.0014247127073758747,-0.0037222414315465358,0.0039855849725328775
125,24,1178.0932148181619,227.0637211727596,1178.09,227.06,-0.0032148181619504612,-0.0037211727596115907,0.0049175382582428255
125,25,1329.1258668604821,271.020355451656,1329.13,271.02,0.004133139517989548,-0.000355451655991601,0.004148395853208086
125,26,1473.0366765682338,317.78743768002846,1473.04,317.79,0.0033234317661481327,0.0025623199715596456,0.004196508351105228
125,27,1769.1313501511395,417.185566443094,1769.13,417.19,-0.001350151139376976,0.004433556906008107,0.004634580341085169
125,31,381.87730676700494,468.8190385830075,381.88,468.82,0.00269323299505686,0.0009614169924816451,0.002859689948070489
126,13,52.0701259819431,292.4816359463517,52.07,292.48,-0.0001259819430998732,-0.0016359463516550932,0.0016407900278465949
126,14,57.75517268204744,424.1118630709198,57.76,424.11,0.004827317952560861,-0.001863070919796428,0.005174362943136816
126,15,70.79466563139295,586.5215789679837,70.79,586.52,-0.0046656313929389626,-0.001578967983732582,0.0049255716610795645
126,16,120.8991999340476,1020.1493436790777,120.9,1020.15,0.0008000659524043385,0.0006563209223031663,0.0010348249519844118
126,17,968.8802459573387,296.34473838590975,968.88,296.34,-0.0002459573387341152,-0.004738385909774934,0.004744765119837946
126,18,1101.538609449904,355.8976984422128,1101.54,355.9,0.0013905500959481287,0.002301557787177444,0.0026890142835356012
126,19,1307.0869055421258,445.8101266331065,1307.09,445.81,0.003094457874112777,-0.00012663310650395943,0.0030970478650355748
126,20,1544.418900238031,560.8451173724911,1544.42,560.85,0.0010997619690442662,0.004882627508891346,0.0050049503273397866
126,21,1337.4013814131908,384.8895959647097,1337.4,384.89,-0.0013814131907565752,0.0004040352902734412,0.0014392869482429853
126,22,1344.1203035119943,326.34055985360476,1344.12,326.34,-0.0003035119943888276,-0.0005598536047841662,0.000636832465824183
126,23,1635.0760685345304,433.22029168107366,1635.08,433.22,0.003931465469577233,-0.00029168107363375384,0.003942270739966279
126,24,1178.5699111136214,226.5477908795697,1178.57,226.55,8.888637853488035e-05,0.002209120430308076,0.0022109079275025416
126,25,1329.5944001453615,270.51526658874195,1329.59,270.52,-0.004400145361614705,0.0047334112580301735,0.006462697682932893
126,26,1473.7775074261754,317.34057826002135,1473.78,317.34,0.0024925738246110996,-0.0005782600213706246,0.002558770979093666
126,27,1770.3485126133546,416.88917483232046,1770.35,416.89,0.001487386645294464,0.0008251676795225649,0.0017009470103236531
126,31,381.4079800752537,468.6142789372556,381.41,468.61,0.0020199247463210668,-0.004278937255605797,0.004731743866505402
127,13,51.30259448645732,292.11122695976377,51.3,292.11,-0.002594486457326184,-0.0012269597637555307,0.0028699808778324637
127,14,57.06637951153558,423.8338973031899,57.07,423.83,0.003620488464420646,-0.0038973031898876798,0.005319483891780447
127,15,70.09599922354471,586.3911842259878,70.1,586.39,0.004000776455285404,-0.0011842259877994366,0.004172361853356633
127,16,120.1743999505357,1020.1120077593082,120.17,1020.11,-0.004399950535699304,-0.0020077593081850864,0.004836389371856287
127,17,968.910184468004,296.0085537894323,968.91,296.01,-0.00018446800402216468,0.0014462105676784631,0.0014579277933329839
127,18,1101.653957087428,355.67327383165957,1101.65,355.67,-0.003957087427806982,-0.003273831659555526,0.005135807107594303
127,19,1307.3151791565942,445.6075949748299,1307.32,445.61,0.004820843405695996,0.002405025170105546,0.005387455541448465
127,20,1544.5641751785233,560.6338380293683,1544.56,560.63,-0.004175178523382783,-0.003838029368353091,0.005671206673579941
127,21,1337.5510360598932,384.66719697353227,1337.55,384.67,-0.001036059893294805,0.0028030264677454397,0.0029883737184923037
127,22,1344.3402276339957,326.0054198902036,1344.34,326.01,-0.0002276339957916207,0.004580109796393117,0.004585763075329586
127,23,1635.5570514008978,433.16521876080526,1635.56,433.17,0.002948599102182925,0.004781239194755926,0.005617337883985995
127,24,1178.677433335216,226.16084315967728,1178.68,226.16,0.00256666478412626,-0.0008431596772879857,0.002701608105458355
127,25,1329.945800109021,270.13644994155646,1329.95,270.14,0.004199890978952681,0.00355005844352263,0.005499272605310126
127,26,1474.0831305696315,317.005433695016,1474.08,317.01,-0.0031305696315939713,0.004566304983995906,0.00553638938525139
127,27,1771.011384460016,416.6668811242404,1771.01,416.67,-0.0013844600159700349,0.00311887575963965,0.003412347511594848
127,31,381.05598505644025,468.4607092029417,381.06,468.46,0.004014943559752737,-0.0007092029417208323,0.004077099532822992
128,13,50.97694586484299,291.5834202198228,50.98,291.58,0.00305413515700792,-0.003420219822828585,0.004585372961247688
128,14,56.79978463365168,423.6254229773924,56.8,423.63,0.00021536634831420542,0.004577022607577419,0.004582086709596512
128,15,69.57199941765853,586.2933881694909,69.57,586.29,-0.001999417658538505,-0.003388169490904147,0.003934128044734851
128,16,119.63079996290178,1020.0840058194811,119.63,1020.08,-0.0007999629017803045,-0.004005819481108119,0.00408491497579204
128,17,968.932638351003,295.7564153420742,968.93,295.76,-0.0026383510030427715,0.0035846579257849953,0.0044509177098829835
128,18,1101.7404678155708,355.5049553737447,1101.74,355.5,-0.00046781557080066705,-0.004955373744678582,0.00497740699136944
128,19,1307.4863843674457,445.45569623112243,1307.49,445.46,0.0036156325543288403,0.004303768877548464,0.005620963024186982
128,20,1544.6731313838925,560.7253785220263,1544.67,560.73,-0.0031313838924234005,0.004621477973728361,0.005582438870546199
128,21,1337.66327704492,384.5003977301492,1337.66,384.5,-0.00327704491996883,-0.00039773014918864646,0.0033010926492704107
128,22,1344.5051707254968,325.7540649176527,1344.51,325.75,0.00482927450320858,-0.004064917652726763,0.0063123250669456284
128,23,1635.9177885506733,433.123914070604,1635.92,433.12,0.0022114493267508806,-0.003914070603968867,0.0044956041660315395
128,24,1178.758075001412,225.87063236975797,1178.76,225.87,0.0019249985880378517,-0.0006323697579659893,0.002026206079039762
128,25,1329.959350081766,269.85233745616733,1329.96,269.85,0.0006499182341030973,-0.0023374561673108474,0.0024261275822015636
128,26,1474.3123479272235,316.75407527126197,1474.31,316.75,-0.0023479272235817916,-0.004075271261967828,0.004703253991212611
128,27,1771.5085383450119,416.5001608431803,1771.51,416.5,0.001461654988133887,-0.0001608431803106214,0.0014704780967389852
128,31,381.0419887923302,468.0955319022063,381.04,468.1,-0.0019887923301666888,0.00446809779373325,0.004890725184151506
129,13,50.23270939863224,291.1875651648671,50.23,291.19,-0.002709398632241289,0.0024348351328740137,0.0036426999701689106
129,14,56.09983847523876,423.4690672330443,23.6,435.1,-32.49983847523876,11.63093276695571,34.51837333864465
129,15,68.9289995632439,586.2200411271182,59.7,597.8,-9.228999563243903,11.579958872881775,14.80776419436741
129,16,118.72309997217633,1020.0630043646108,128.0,1038.6,9.276900027823672,18.536995635389076,20.72875011457923
129,17,968.9494787632523,295.56731150655565,982.2,291.9,13.250521236747772,-3.667311506555677,13.74865399708711
129,18,1101.805350861678,355.3787165303085,1109.9,353.4,8.094649138321984,-1.9787165303085317,8.332986486239676
129,19,1307.6147882755843,445.34177217334184,1300.8,444.9,-6.814788275584306,-0.44177217334186025,6.8290923184696
129,20,1545.0048485379193,560.7940338915197,1534.5,560.4,-10.504848537919315,-0.3940338915197117,10.512235990135103
129,21,1337.9974577836902,384.3752982976119,1341.2,379.5,3.2025422163098938,-4.8752982976118915,5.833078958658497
129,22,1344.8788780441225,325.5655486882396,1357.4,319.1,12.521121955877561,-6.465548688239551,14.091906005716732
129,23,1636.438341413005,432.842935552953,1645.7,426.0,9.261658586995054,-6.8429355529530085,11.515384785751952
129,24,1179.068556251059,225.4029742773185,1195.2,214.1,16.131443748941138,-11.302974277318498,19.69722581834751
129,25,1330.4695125613243,269.6392530921255,1335.7,260.4,5.230487438675709,-9.239253092125523,10.617052158979696
129,26,1474.9842609454176,316.56555645344645,1477.4,307.7,2.4157390545824455,-8.865556453446459,9.18879134647648
129,27,1772.131403758759,416.37512063238523,1791.5,407.9,19.368596241240994,-8.475120632385256,21.14166951992432
129,31,380.53149159424765,467.8216489266547,377.6,477.5,-2.931491594247632,9.678351073345311,10.112572494972229
130,13,49.42453204897418,290.89067387365037,49.42,290.89,-0.0045320489741769165,-0.0006738736503848486,0.004581874463690711
130,14,55.32487885642907,423.1018004247832,55.32,423.1,-0.004878856429073153,-0.0018004247831981957,0.0052004585812659545
130,15,68.19674967243293,586.1650308453386,68.2,586.17,0.003250327567073441,0.004969154661353059,0.005937771243633792
130,16,118.04232497913225,1020.0472532734582,118.04,1020.05,-0.002324979132239946,0.0027467265417726594,0.0035986156589207477
130,17,968.7121090724393,295.17548362991676,968.71,295.18,-0.0021090724392252014,0.004516370083251786,0.004984554672464842
130,18,1101.6040131462587,355.03403739773137,1101.6,355.03,-0.004013146258785127,-0.004037397731394776,0.0056926200765440825
130,19,1307.7110912066883,445.2563291300064,1307.71,445.26,-0.0010912066882156068,0.003670869993584347,0.0038296238126223855
130,20,1545.2536364034395,560.8455254186398,1545.25,560.85,-0.0036364034394864575,0.004474581360227603,0.005765874463080621
130,21,1337.9980933377676,384.28147372320893,1338.0,384.28,0.0019066622323862248,-0.0014737232089601093,0.0024098176206998954
130,22,1344.9091585330918,325.42416151617965,1344.91,325.42,0.0008414669082412729,-0.0041615161796357825,0.0042457370939608975
130,23,1636.8287560597537,432.8822016647148,1636.83,432.88,0.001243940246240527,-0.002201664714789331,0.002528777343414269
130,24,1179.0514171882942,225.05223070798888,1179.05,225.05,-0.0014171882942264347,-0.0022307079888719272,0.0026428168292391115
130,25,1330.6021344209933,269.4794398190941,1330.6,269.48,-0.0021344209933431557,0.0005601809058930485,0.0022067069638153454
130,26,1475.2381957090633,316.42416734008486,1475.24,316.42,0.0018042909366613458,-0.004167340084848092,0.004541166058062618
130,27,1772.5985528190693,416.2813404742889,1772.6,416.28,0.0014471809306542127,-0.0013404742889520094,0.001972613486061217
130,31,379.89861869568574,467.616236694991,379.9,467.62,0.0013813043142363313,0.003763305008988027,0.004008798597984473
131,13,48.81839903673063,290.41800540523775,48.82,290.42,0.0016009632693680942,0.0019945947622659332,0.002557633995614789
131,14,54.7436591423218,422.8263503185874,54.74,422.83,-0.003659142321801312,0.003649681412582595,0.005168123154932396
131,15,67.3975622543247,586.123773134004,67.4,586.12,0.0024377456753086335,-0.003773134003949963,0.004492120233169346
131,16,117.53174373434919,1020.2854399550936,117.53,1020.29,-0.0017437343491906176,0.004560044906384064,0.004882071182273613
131,17,968.5340818043294,294.8816127224376,968.53,294.88,-0.004081804329416627,-0.0016127224375850346,0.00438884953539473
131,18,1101.453009859694,354.7755280482985,1101.45,354.78,-0.0030098596939751587,0.004471951701475518,0.005390510866118908
131,19,1307.7833184050162,445.1922468475048,1307.78,445.19,-0.003318405016216275,-0.0022468475048071923,0.004007509895372392
131,20,1545.4402273025796,560.8841440639799,1545.44,560.88,-0.00022730257956027344,-0.00414406397987932,0.004150293089892325
131,21,1337.9985700033258,383.9611052924067,1338.0,383.96,0.0014299966742328252,-0.0011052924067485037,0.0018073632154973279
131,22,1344.931868899819,325.06812113713477,1344.93,325.07,-0.001868899818873615,0.0018788628652259831,0.0026500777723136772
131,23,1637.1215670448153,432.6616512485361,1637.12,432.66,-0.0015670448153741745,-0.0016512485360635765,0.0022764558377537628
131,24,1178.7885628912206,224.78917303099166,1178.79,224.79,0.0014371087793279003,0.00082696900832957,0.0016580589206535816
131,25,1330.451600815745,269.1095798643206,1330.45,269.11,-0.0016008157449505234,0.0004201356794055755,0.0016550302228029203
131,26,1475.4286467817974,316.0681255050637,1475.43,316.07,0.0013532182026665396,0.0018744949363167507,0.002311910631989307
131,27,1772.9489146143019,416.2110053557167,1772.95,416.21,0.0010853856981611898,-0.0010053557166997962,0.0014794601146613635
131,31,379.4239640217643,467.46217752124323,379.42,467.46,-0.003964021764261361,-0.002177521243254432,0.004522727861850863
132,13,48.363799277547976,290.06350405392834,48.36,290.06,-0.0037992775479764873,-0.003504053928338635,0.005168452749059785
132,14,54.05774435674135,422.61976273894055,54.06,422.62,0.0022556432586497976,0.0002372610594534308,0.0022680871501389098
132,15,66.79817169074352,586.092829850503,66.8,586.09,0.0018283092564814751,-0.002829850502962472,0.00336909017487701
132,16,116.89880780076189,1020.4640799663202,116.9,1020.46,0.0011921992381189739,-0.004079966320205131,0.004250583983099223
132,17,968.650561353247,294.66120954182816,968.65,294.66,-0.0005613532470079008,-0.0012095418281319326,0.0013334574991078834
132,18,1101.5897573947705,354.5816460362239,1101.59,354.58,0.0002426052294595138,-0.0016460362239172355,0.0016638186643408034
132,19,1308.0874888037622,445.1441851356286,1308.09,445.14,0.0025111962377195596,-0.004185135628631542,0.004880724001045132
132,20,1545.8301704769347,560.9131080479849,1545.83,560.91,-0.0001704769347270485,-0.0031080479849379117,0.0031127198174507363
132,21,1338.2489275024943,383.72082896930505,1338.25,383.72,0.0010724975056746189,-0.0008289693050187452,0.001355522411596924
132,22,1345.4489016748641,324.8010908528511,1345.45,324.8,0.0010983251358993584,-0.001090852851064028,0.0015479916171681493
132,23,1637.5911752836114,432.74623843640205,1637.59,432.75,-0.0011752836114737875,0.00376156359794777,0.003940894856349842
132,24,1179.0914221684154,224.34187977324376,1179.09,224.34,-0.001422168415501801,-0.0018797732437576542,0.0023571403119029798
132,25,1330.8387006118087,268.8321848982405,1330.84,268.83,0.0012993881912279903,-0.002184898240500388,0.002542083789501133
132,26,1475.821485086348,315.8010941287978,1475.82,315.8,-0.0014850863481115084,-0.001094128797774374,0.0018446135875750166
132,27,1773.4616859607263,416.1582540167875,1773.46,416.16,-0.001685960726263147,0.0017459832125155117,0.002427121947675424
132,31,379.0679730163232,467.34663314093245,379.07,467.35,0.002026983676785221,0.0033668590675688392,0.003929936743361685
133,13,47.772849458160984,289.5476280404463,47.77,289.55,-0.002849458160980589,0.0023719595537272653,0.003707506430971756
133,14,53.543308267556014,422.2148220542054,53.54,422.21,-0.0033082675560152097,-0.00482205420541959,0.005847806510323987
133,15,66.34862876805764,585.8196223878772,66.35,585.82,0.0013712319423575536,0.0003776121228611373,0.0014222756255639637
133,16,116.42410585057141,1020.5980599747402,116.42,1020.6,-0.004105850571406222,0.0019400252598416046,0.004541112960887483
133,17,968.7379210149352,294.2459071563711,968.74,294.25,0.002078985064827066,0.004092843628882292,0.004590593411559814
133,18,1101.6923180460778,354.4362345271679,1101.69,354.44,-0.002318046077789404,0.0037654728320717368,0.004421778292477494
133,19,1308.3156166028216,445.1081388517215,1308.32,445.11,0.004383397178344239,0.0018611482785217959,0.0047621469672576135
133,20,1546.122627857701,560.9348310359887,1546.12,560.93,-0.002627857701099856,-0.004831035988786425,0.00549950405238322
133,21,1338.4366956268707,383.54062172697877,1338.44,383.54,0.0033043731293673773,-0.0006217269787498481,0.0033623542666100146
133,22,1345.5866762561482,324.6008181396383,1345.59,324.6,0.003323743851751715,-0.0008181396382838102,0.003422955690596723
133,23,1637.9433814627087,432.5596788273015,1637.94,432.56,-0.003381462708603067,0.0003211726984773122,0.003396681020043005
133,24,1179.0685666263116,224.0064098299328,1179.07,224.01,0.001433373688314532,0.0035901700671843173,0.003865731656705966
133,25,1331.1290254588566,268.62413867368036,1331.13,268.62,0.0009745411434778362,-0.0041386736803588065,0.00425186432907093
133,26,1476.116113814761,315.60082059659834,1476.12,315.6,0.0038861852387981344,-0.0008205965983165697,0.003971877954749017
133,27,1773.8462644705446,416.11869051259066,1773.85,416.12,0.003735529455298092,0.0013094874093440012,0.003958400887559284
133,31,378.8009797622424,467.00997485569934,378.8,467.01,-0.0009797622423661778,2.5144300650481455e-05,0.0009800848368491386
134,13,47.32963709362074,289.1607210303347,47.33,289.16,0.0003629063792587317,-0.0007210303346596447,0.0008072086369744081
134,14,52.90748120066701,421.91111654065406,52.91,421.91,0.0025187993329893743,-0.0011165406540385447,0.002755179324833238
134,15,65.76147157604322,585.6147167909079,65.76,585.61,-0.0014715760432153502,-0.004716790907878021,0.0049410173567400175
134,16,115.81807938792855,1020.6985449810552,115.82,1020.7,0.0019206120714443387,0.0014550189448527817,0.002409529177839151
134,17,968.5534407612014,293.9344303672783,968.55,293.93,-0.0034407612014319966,-0.004430367278303038,0.00560954471110963
134,18,1101.5192385345583,354.07717589537594,1101.52,354.08,0.0007614654416556732,0.0028241046240395917,0.0029249609478346327
134,19,1308.236712452116,445.08110413879115,1308.24,445.08,0.0032875478839287098,-0.0011041387911632228,0.0034680100287161108
134,20,1546.3419708932756,560.9511232769916,1546.34,560.95,-0.001970893275711205,-0.0011232769915068275,0.00226851746828017
134,21,1338.577521720153,383.4054662952341,1338.58,383.41,0.0024782798468550027,0.004533704765947277,0.005166851062697735
134,22,1345.6900071921111,324.45061360472874,1345.69,324.45,-7.192111070253304e-06,-0.0006136047287554902,0.0006136468769681351
134,23,1638.2075360970316,432.41975912047616,1638.21,432.42,0.0024639029684294655,0.00024087952385798417,0.0024756495678608433
134,24,1179.0514249697337,223.7548073724496,1179.05,223.75,-0.0014249697337618272,-0.00480737244959073,0.005014116932344242
134,25,1331.0967690941425,268.2181040052603,1331.1,268.22,0.003230905857435573,0.0018959947397547694,0.003746137839534105
134,26,1476.3370853610709,315.20061544744874,1476.34,315.2,0.0029146389290417574,-0.0006154474487516381,0.002978908466009082
134,27,1774.1346983529083,416.089017884443,1774.13,416.09,-0.0046983529082353925,0.0009821155569511575,0.00479990323001719
134,31,378.3507348216818,466.7574811417745,378.35,466.76,-0.0007348216817604225,0.0025188582254713765,0.002623853971548346
135,13,46.99722782021556,288.87054077275104,47.0,288.87,0.0027721797844435514,-0.0005407727510373661,0.002824431965111218
135,14,52.680610900500255,421.68333740549053,52.68,421.68,-0.0006109005002556955,-0.003337405490526635,0.0033928564410257603
135,15,65.32110368203242,585.4610375931809,65.32,585.46,-0.0011036820324221708,-0.0010375931808539463,0.0015148312241454966
135,16,115.36355954094641,1021.0239087357913,115.36,1021.02,-0.0035595409464121985,-0.003908735791355866,0.00528663855732652
135,17,968.6650805709011,293.70082277545873,968.67,293.7,0.00491942909889076,-0.000822775458743763,0.0049877592278020156
135,18,1101.6394289009188,353.80788192153193,1101.64,353.81,0.0005710990812985983,0.0021180784680723264,0.0021937207109319354
135,19,1308.427534339087,445.0608281040934,1308.43,445.06,0.0024656609130033758,-0.0008281040933866279,0.002601007521595493
135,20,1546.7564781699566,560.9633424577437,1546.76,560.96,0.003521830043382579,-0.0033424577436562686,0.004855441341690772
135,21,1338.6831412901147,383.3040997214256,1338.68,383.3,-0.003141290114626827,-0.004099721425575353,0.005164825200485863
135,22,1345.7675053940834,324.3379602035466,1345.77,324.34,0.0024946059165813494,0.002039796453402687,0.0032223948005104613
135,23,1638.6556520727736,432.31481934035713,1638.66,432.31,0.004347927226490356,-0.004819340357130386,0.006490802157262364
135,24,1179.0385687273003,223.3161055293372,1179.04,223.32,0.0014312726996195124,0.0038944706628001313,0.004149149706155108
135,25,1331.3225768206069,267.9135780039452,1331.32,267.91,-0.0025768206069187727,-0.0035780039451651646,0.004409321565939449
135,26,1476.5028140208033,315.1504615855865,1476.5,315.15,-0.002814020803270978,-0.00046158558654951776,0.002851626612120195
135,27,1774.6010237646813,416.0667634133323,1774.6,416.07,-0.0010237646813493484,0.0032365866676968835,0.003394640979587024
135,31,378.01305111626135,466.5681108563309,378.01,466.57,-0.0030511162613606757,0.0018891436690751107,0.003588617316285775
136,13,46.74792086516167,288.65290557956325,46.75,288.65,0.0020791348383326635,-0.002905579563275751,0.0035728412047688735
136,14,52.51045817537519,421.51250305411793,52.51,421.51,-0.000458175375193548,-0.0025030541179376087,0.002544642330811576
136,15,64.99082776152432,585.3457781948857,64.99,585.35,-0.0008277615243201808,0.004221805114298149,0.00430218869463659
136,16,115.2726696557098,1021.2679315518435,115.27,1021.27,-0.002669655709809149,0.002068448156478553,0.003377208815716925
136,17,968.7488104281758,293.5256170815941,968.75,293.53,0.0011895718241703435,0.004382918405894998,0.004541481572966371
136,18,1101.7295716756892,353.6059114411489,1101.73,353.61,0.0004283243108602619,0.004088558851094604,0.004110933615875832
136,19,1308.5706507543152,445.04562107807004,1308.57,445.05,-0.0006507543153020379,0.004378921929969692,0.0044270123613622
136,20,1547.0673586274675,560.9725068433078,1547.07,560.97,0.0026413725324800907,-0.0025068433077422014,0.003641581006226849
136,21,1338.762355967586,383.22807479106916,1338.76,383.23,-0.0023559675860269635,0.00192520893085657,0.003042533926492787
136,22,1346.0756290455624,324.25347015265993,1346.08,324.25,0.004370954437490582,-0.0034701526599292265,0.005580967853144514
136,23,1638.9917390545802,432.23611450526784,1638.99,432.24,-0.0017390545801845292,0.003885494732173811,0.004256921440032834
136,24,1179.2789265454753,222.9870791470029,1179.28,222.99,0.001073454524657791,0.002920852997107204,0.003111862279603392
136,25,1331.4919326154552,267.6851835029589,1331.49,267.69,-0.0019326154551890795,0.004816497041076673,0.005189763601970328
136,26,1476.6271105156025,314.8628461891899,1476.63,314.86,0.002889484397655906,-0.002846189189881443,0.0040558492315290635
136,27,1774.950767823511,416.0500725599992,1774.95,416.05,-0.000767823510841481,-7.255999918243106e-05,0.0007712443823343495
136,31,378.009788337196,466.4260831422482,378.01,466.43,0.00021166280396300863,0.003916857751789848,0.003922572598478925
137,13,46.56094064887125,288.48967918467247,46.56,288.49,-0.000940648871250005,0.00032081532754091313,0.0009938524907495538
137,14,52.382843631531394,421.3843772905884,52.38,421.38,-0.002843631531391111,-0.004377290588422511,0.005219857582522156
137,15,64.99312082114324,585.2593336461644,64.99,585.26,-0.0031208211432414146,0.0006663538356406207,0.003191167817958751
137,16,115.20450224178235,1021.4509486638826,115.2,1021.45,-0.0045022417823474825,-0.0009486638825819682,0.0046011025014479874
137,17,968.8116078211319,293.39421281119553,968.81,293.39,-0.0016078211319836555,-0.004212811195543509,0.004509198039757173
137,18,1102.047178756767,353.4544335808617,1102.05,353.45,0.002821243233029236,-0.004433580861700648,0.005255097776174247
137,19,1308.6779880657364,445.0342158085525,1308.68,445.03,0.002011934263691728,-0.004215808552544331,0.004671286892615642
137,20,1547.3005189706005,560.9793801324809,1547.3,560.98,-0.0005189706005239714,0.0006198675191626535,0.0008084344287083981
137,21,1339.0717669756896,383.1710560933019,1339.07,383.17,-0.0017669756896339095,-0.0010560933018837204,0.0020585276656000734
137,22,1346.3067217841717,324.19010261449495,1346.31,324.19,0.003278215828231623,-0.00010261449494919361,0.003279821451091816
137,23,1639.2438042909353,432.1770858789509,1639.24,432.18,-0.00380429093524981,0.0029141210491161473,0.004792153066099378
137,24,1179.4591949091064,222.74030936025218,1179.46,222.74,0.0008050908936638734,-0.00030936025217442875,0.0008624819491942545
137,25,1331.6189494615915,267.5138876272192,1331.62,267.51,0.0010505384084353864,-0.003887627219228307,0.004027067958612416
137,26,1476.7203328867017,314.6471346418924,1476.72,314.65,-0.0003328867016989534,0.0028653581075559487,0.0028846300699924446
137,27,1775.213075867633,416.0375544199994,1775.21,416.04,-0.00307586763301515,0.002445580000596692,0.00392960853459333
137,31,378.00734125289705,466.31956235668616,378.01,466.32,0.002658747102941561,0.0004376433138304492,0.0026945255292055853
138,13,46.42070548665344,288.61725938850435,46.42,288.62,-0.0007054866534375037,0.002740611495653411,0.0028299580894928593
138,14,52.03713272364855,421.5382829679413,52.04,421.54,0.0028672763514521193,0.001717032058706991,0.0033420761161625486
138,15,64.74484061585743,585.4445002346233,64.74,585.44,-0.00484061585743234,-0.004500234623264987,0.006609362567120856
138,16,115.40337668133677,1022.088211497912,115.4,1022.09,-0.003376681336760612,0.00178850208806125,0.003821088401100776
138,17,968.858705865849,293.29565960839665,968.86,293.3,0.001294134151066828,0.004340391603363969,0.004529214332697218
138,18,1102.2853840675753,353.5908251856463,1102.29,353.59,0.00461593242471281,-0.0008251856463061813,0.004689111163150734
138,19,1309.0084910493024,445.0256618564144,1309.01,445.03,0.0015089506975982658,0.00433814358558493,0.0045930841465113585
138,20,1547.7253892279505,560.9845350993606,1547.73,560.98,0.004610772049545631,-0.004535099360623462,0.006467329054841616
138,21,1339.3038252317672,383.1282920699764,1339.3,383.13,-0.0038252317672231584,0.0017079300235991468,0.004189203150777554
138,22,1346.4800413381288,324.1425769608712,1346.48,324.14,-4.133812876716547e-05,-0.002576960871238043,0.0025772924111908424
138,23,1639.4328532182014,432.13281440921315,1639.43,432.13,-0.002853218201380514,-0.002814409213158342,0.004007711731624371
138,24,1179.3443961818298,222.80523202018912,1179.34,222.81,-0.004396181829861234,0.004767979810878842,0.006485371705473041
138,25,1331.7142120961935,267.3854157204144,1331.71,267.39,-0.004212096193441539,0.004584279585571949,0.006225542037565598
138,26,1476.7902496650263,314.7353509814193,1476.79,314.74,-0.00024966502633105847,0.004649018580721531,0.004655717601967169
138,27,1775.4098069007248,416.02816581499957,1775.41,416.03,0.00019309927529320703,0.0018341850004048865,0.0018443215407919075
138,31,378.0055059396728,466.4896717675146,378.01,466.49,0.004494060327203897,0.0003282324854012586,0.0045060309352045825
139,13,46.06552911499008,288.46294454137825,46.07,288.46,0.004470885009922654,-0.002944541378269605,0.005353422895708218
139,14,51.77784954273641,421.653712225956,51.78,421.65,0.0021504572635890895,-0.003712225956007842,0.004290115148918664
139,15,64.55863046189307,585.8333751759675,64.56,585.83,0.001369538106928303,-0.0033751759674487403,0.0036424507460736237
139,16,115.30253251100257,1022.5661586234339,115.3,1022.57,-0.002532511002570459,0.003841376566128929,0.004601063561932709
139,17,969.1440293993867,293.2217447062975,969.14,293.22,-0.0040293993866953315,-0.0017447062974724759,0.004390906453335214
139,18,1102.4640380506814,353.6931188892347,1102.46,353.69,-0.004038050681401728,-0.0031188892347131514,0.005102286091937471
139,19,1309.2563682869768,445.0192463923108,1309.26,445.02,0.0036317130231964256,0.0007536076892051824,0.003709078596104927
139,20,1548.0440419209629,561.2384013245205,1548.04,561.24,-0.004041920962890799,0.001598675479499434,0.004346595030481772
139,21,1339.4778689238253,383.0962190524823,1339.48,383.1,0.0021310761746917706,0.003780947517725508,0.004340167023759983
139,22,1346.6100310035965,324.1069327206534,1346.61,324.11,-3.100359663221752e-05,0.0030672793466237636,0.0030674360324591666
139,23,1639.824639913651,432.0996108069099,1639.82,432.1,-0.004639913651089955,0.0003891930901431806,0.004656207679108194
139,24,1179.5082971363722,222.60392401514184,1179.51,222.6,0.001702863627770057,-0.003924015141848258,0.004277574004998231
139,25,1331.785659072145,267.2890617903108,1331.79,267.29,0.004340927854855181,0.0009382096891954461,0.004441158864751161
139,26,1477.0926872487698,314.80151323606447,1477.09,314.8,-0.0026872487699165504,-0.0015132360644543041,0.0030840216176582103
139,27,1775.8073551755435,416.0211243612497,1775.81,416.02,0.002644824456410788,-0.0011243612497082722,0.0028738971145596303
139,31,378.2541294547546,466.61725382563594,378.25,466.62,-0.004129454754604467,0.002746174364062881,0.00495922072589652
140,13,45.799146836242556,288.3472084060337,45.8,288.35,0.0008531637574407114,0.0027915939663216705,0.0029190555441467553
140,14,51.58338715705231,421.490284169467,51.58,421.49,-0.0033871570523089645,-0.0002841694669655226,0.0033990565136463712
140,15,64.4189728464198,585.8750313819756,64.42,585.88,0.0010271535801962273,0.00496861802434978,0.005073678108552359
140,16,114.97689938325192,1022.6746189675755,114.98,1022.67,0.003100616748085372,-0.004618967575538591,0.005563154292520058
140,17,969.3580220495401,293.1663085297231,969.36,293.17,0.001977950459945532,0.0036914702769195173,0.004187987682333724
140,18,1102.598028538011,353.51983916692603,1102.6,353.52,0.001971461988887313,0.00016083307394865187,0.001978011539729557
140,19,1309.4422762152326,445.01443479423307,1309.44,445.01,-0.00227621523254129,-0.004434794233077355,0.004984832562342407
140,20,1548.2830314407222,561.4288009933904,1548.28,561.43,-0.003031440722224943,0.001199006609567732,0.0032599462728932806
140,21,1339.608401692869,383.0721642893617,1339.61,383.07,0.0015983071309619845,-0.0021642893617013215,0.002690489569958866
140,22,1346.7075232526975,323.83019954049007,1346.71,323.83,0.0024767473025804065,-0.000199540490086747,0.0024847723453112116
140,23,1640.1184799352382,432.0747081051824,1640.12,432.07,0.0015200647617348295,-0.0047081051824307,0.004947408542732122
140,24,1179.6312228522793,222.45294301135638,1179.63,222.45,-0.0012228522791701835,-0.002943011356393299,0.0031869552147044114
140,25,1332.089244304109,267.2167963427331,1332.09,267.22,0.0007556958910299727,0.0032036572669085217,0.003291579584870365
140,26,1477.3195154365774,314.60113492704835,1477.32,314.6,0.0004845634225603135,-0.0011349270483265173,0.0012340425906371731
140,27,1776.1055163816577,416.01584327093724,1776.11,416.02,0.0044836183421921305,0.00415672906274267,0.0061140191314299356
140,31,378.44059709106597,466.46294036922694,378.44,466.46,-0.0005970910659698347,-0.0029403692269625026,0.003000381464402328
141,13,45.59936012718192,288.2604063045253,45.6,288.26,0.0006398728180840862,-0.00040630452531331684,0.0007579713652988151
141,14,51.43754036778923,421.6177131271002,51.44,421.62,0.0024596322107655055,0.002286872899787795,0.0033585083403229843
141,15,64.31422963481485,586.1562735364818,64.31,586.16,-0.004229634814848282,0.0037264635182054917,0.005637050737707894
141,16,114.98267453743894,1023.0059642256816,114.98,1023.01,-0.0026745374389349763,0.0040357743183676575,0.004841551906265262
141,17,969.268516537155,293.1247313972923,969.27,293.12,0.0014834628449307274,-0.00473139729228933,0.004958506060273878
141,18,1102.6985214035083,353.38987937519454,1102.7,353.39,0.0014785964917791716,0.00012062480544727805,0.0014835086549093227
141,19,1309.5817071614244,445.0108260956748,1309.58,445.01,-0.0017071614245196542,-0.0008260956748245007,0.0018965321493008556
141,20,1548.4622735805417,561.5716007450428,1548.46,561.57,-0.002273580541668707,-0.0016007450427650838,0.0027805670593228932
141,21,1339.7063012696517,383.05412321702124,1339.71,383.05,0.0036987303483329015,-0.004123217021231085,0.005539090610727411
141,22,1346.780642439523,323.6226496553676,1346.78,323.62,-0.0006424395230624214,-0.0026496553675769974,0.002726426618803863
141,23,1640.0888599514287,432.0560310788868,1640.09,432.06,0.0011400485711874353,0.003968921113198576,0.0041294122520596
141,24,1179.7234171392095,222.33970725851728,1179.72,222.34,-0.0034171392094322073,0.0002927414827240682,0.0034296556609004435
141,25,1332.0669332280818,267.1625972570498,1332.07,267.16,0.003066771918156519,-0.0025972570497856395,0.00401881004535604
141,26,1477.489636577433,314.45085119528625,1477.49,314.45,0.00036342256703392195,-0.0008511952862590988,0.0009255319430355901
141,27,1776.3291372862432,416.01188245320293,1776.33,416.01,0.0008627137567600585,-0.00188245320293845,0.002070725739289557
141,31,378.5804478182995,466.5972052769202,378.58,466.6,-0.00044781829950579777,0.002794723079830419,0.00283037423714764
142,13,45.19952009538644,288.445304728394,45.2,288.45,0.0004799046135630647,0.004695271606010465,0.004719733455644207
142,14,51.07815527584192,421.9632848453252,51.08,421.96,0.0018447241580759055,-0.0032848453251972387,0.0037673884893728456
142,15,64.23567222611113,586.6172051523613,64.24,586.62,0.00432777388886052,0.002794847638710962,0.005151776407872448
142,16,115.23700590307921,1023.7544731692612,115.24,1023.75,0.002994096920787115,-0.004473169261245857,0.005382737185746829
142,17,969.2013874028663,293.09354854796925,969.2,293.09,-0.001387402866271259,-0.003548547969273841,0.0038101285284849913
142,18,1102.7738910526311,353.5424095313959,1102.77,353.54,-0.003891052631161074,-0.002409531395869635,0.004576694454095334
142,19,1309.6862803710683,445.0081195717561,1309.69,445.01,0.003719628931776242,0.0018804282439077724,0.004167931113945255
142,20,1548.8467051854063,561.6787005587821,1548.85,561.68,0.003294814593573392,0.0012994412178386483,0.0035418004862840854
142,21,1339.7797259522388,383.04059241276593,1339.78,383.04,0.00027404776119510643,-0.0005924127659113765,0.0006527289335021218
142,22,1346.8354818296423,323.71698724152566,1346.84,323.72,0.004518170357641793,0.003012758474369548,0.005430522719366755
142,23,1640.3166449635714,432.0420233091651,1640.32,432.04,0.0033550364285019896,-0.002023309165053888,0.003917913910994784
142,24,1179.7925628544072,222.25478044388797,1179.79,222.25,-0.0025628544071878423,-0.004780443887966612,0.00542410052252348
142,25,1332.0501999210614,267.12194794278736,1332.05,267.12,-0.0001999210614940239,-0.0019479427873534405,0.0019581750518355575
142,26,1477.6172274330747,314.3381383964647,1477.62,314.34,0.002772566925159481,0.0018616035353034022,0.0033395651029950626
142,27,1776.7468529646824,416.0089118399022,1776.75,416.01,0.0031470353176246135,0.001088160097765467,0.0033298534034917515
142,31,378.6853358637246,466.94790395769013,378.69,466.95,0.004664136275380315,0.0020960423098586034,0.005113468544934637
143,13,44.64964007153983,288.5839785462955,44.65,288.58,0.00035992846017052216,-0.003978546295513752,0.00399479400244705
143,14,50.55861645688144,421.97246363399387,50.56,421.97,0.0013835431185640346,-0.0024636339938410856,0.0028255413669835507
143,15,63.67675416958335,586.962903864271,63.68,586.96,0.0032458304166524954,-0.002903864270933809,0.004355208697372889
143,16,114.92775442730941,1024.3158548769459,114.93,1024.32,0.0022455726905974416,0.004145123054058786,0.00471430184036265
143,17,969.1510405521498,293.07016141097694,969.15,293.07,-0.0010405521497887094,-0.00016141097694344353,0.001052996809068167
143,18,1102.5804182894733,353.40680714854693,1102.58,353.41,-0.0004182894733730791,0.003192851453093226,0.0032201345445577664
143,19,1309.7647102783012,445.00608967881703,1309.76,445.01,-0.004710278301217841,0.003910321182956977,0.006121873359422398
143,20,1549.1350288890549,561.7590254190866,1549.14,561.76,0.004971110945234614,0.0009745809134074079,0.0050657429846577675
143,21,1339.8347944641791,383.0304443095745,1339.83,383.03,-0.0047944641792128095,-0.00044430957450458664,0.004815007555939161
143,22,1346.8766113722318,323.53774043114424,1346.88,323.54,0.0033886277683450317,0.002259568855777161,0.004072892039619653
143,23,1640.4874837226785,432.03151748187383,1640.49,432.03,0.0025162773215470224,-0.0015174818738614704,0.002938435433428813
143,24,1179.5944221408054,222.19108533291597,1179.59,222.19,-0.004422140805445451,-0.001085332915977233,0.00455338081448163
143,25,1332.0376499407962,267.09146095709053,1332.04,267.09,0.0023500592037635215,-0.001460957090557713,0.002767159894484685
143,26,1477.712920574806,314.2536037973485,1477.71,314.25,-0.002920574806012155,-0.003603797348489479,0.004638654171900804
143,27,1776.8101397235118,416.00668387992664,1776.81,416.01,-0.00013972351189295296,0.0033161200733502483,0.0033190623676954546
143,31,378.5140018977935,466.9609279682676,378.51,466.96,-0.004001897793500575,-0.0009279682676037737,0.004108078754759252
144,13,44.23723005365487,288.43798390972165,44.24,288.44,0.0027699463451327233,0.002016090278345928,0.0034259630420299474
144,14,50.168962342661075,421.9793477254954,50.17,421.98,0.0010376573389265786,0.0006522745046027012,0.0012256405600268325
144,15,63.25756562718751,587.2221778982032,63.26,587.22,0.002434372812487595,-0.002177898203171935,0.003266406523009392
144,16,114.69581582048205,1024.7368911577094,114.7,1024.74,0.00418417951794936,0.003108842290657776,0.005212701662920028
144,17,969.3632804141123,293.0526210582327,969.36,293.05,-0.003280414112282415,-0.002621058232705309,0.004198935937507728
144,18,1102.685313717105,353.3051053614102,1102.69,353.31,0.0046862828951361735,0.004894638589803435,0.0067763363477648325
144,19,1310.073532708726,445.0045672591128,1310.07,445.0,-0.003532708725970224,-0.004567259112775446,0.0057740702061696925
144,20,1549.351271666791,562.069269064315,1549.35,562.07,-0.0012716667911263357,0.000730935685055556,0.0014667663083603969
144,21,1340.1260958481344,383.02283323218086,1340.13,383.02,0.003904151865754102,-0.0028332321808761662,0.00482385803912424
144,22,1347.1574585291737,323.40330532335815,1347.16,323.4,0.0025414708263724606,-0.0033053233581767927,0.004169440785454499
144,23,1640.865612792009,432.0236381114054,1640.87,432.02,0.004387207990930619,-0.003638111405393829,0.0056994252827580905
144,24,1179.695816605604,222.143313999687,1179.7,222.14,0.004183394396022777,-0.0033139996870090727,0.005336982536805888
144,25,1332.2782374555973,266.8185957178179,1332.28,266.82,0.0017625444027089543,0.0014042821820794416,0.002253568551969623
144,26,1478.0346904311045,314.1902028480114,1478.03,314.19,-0.004690431104563686,-0.00020284801138359398,0.004694815359775163
144,27,1777.107604792634,416.005012909945,1777.11,416.01,0.0023952073659074813,0.0049870900550104125,0.005532457459617852
144,31,378.3855014233451,466.97069597620066,378.39,466.97,0.004498576654896169,-0.000695976200631776,0.004552095648360505
145,13,43.677922540241156,288.57848793229124,43.68,288.58,0.0020774597588442134,0.001512067708745235,0.002569472281509789
145,14,49.626721756995806,422.23451079412155,49.63,422.23,0.003278243004196213,-0.004510794121529216,0.005576212047742082
145,15,62.69317422039063,587.6666334236525,62.69,587.67,-0.003174220390633309,0.0033665763475028143,0.004627041321609055
145,16,114.27186186536154,1025.302668368282,114.27,1025.3,-0.0018618653615476433,-0.0026683682820021204,0.0032537258509170506
145,17,969.2724603105842,293.03946579367454,969.27,293.04,-0.0024603105841833894,0.0005342063254829554,0.0025176386890955606
145,18,1102.7639852878287,353.22882902105766,1102.76,353.23,-0.0039852878287547355,0.00117097894235485,0.004153758630621081
145,19,1310.0551495315444,445.0034254443346,1310.06,445.0,0.004850468455515511,-0.0034254443345957952,0.0059380731830590856
145,20,1549.5134537500933,562.0519517982362,1549.51,562.05,-0.0034537500932856346,-0.0019517982362913244,0.00396710298102538
145,21,1340.3445718861008,383.01712492413566,1340.34,383.02,-0.004571886100848133,0.002875075864324117,0.005400759552576601
145,22,1347.1180938968803,323.3024789925186,1347.12,323.3,0.0019061031196088152,-0.002478992518604173,0.0031270805889643967
145,23,1641.1492095940066,432.017728583554,1641.15,432.02,0.0007904059934844554,0.0022714164459785025,0.0024050102506221797
145,24,1179.771862454203,222.10748549976523,1179.77,222.11,-0.0018624542030920566,0.0025145002347812806,0.003129128806765612
145,25,1332.208678091698,266.8639467883634,1332.21,266.86,0.0013219083020885591,-0.00394678836340745,0.004162280618201891
145,26,1478.0260178233284,314.14265213600856,1478.03,314.14,0.003982176671570414,-0.0026521360085780543,0.004784512143531037
145,27,1777.3307035944754,416.00375968245874,1777.33,416.0,-0.0007035944754534285,-0.0037596824587353694,0.0038249519443270155
145,31,378.28912606750885,467.2280219821505,378.29,467.23,0.0008739324911744006,0.0019780178495238943,0.0021624783495252445
146,13,42.75844190518087,288.43386594921844,42.8,288.4,0.04155809481913053,-0.033865949218466085,0.05360949320282339
146,14,48.720041317746855,422.4258830955912,12.2,434.0,-36.52004131774686,11.574116904408811,38.310228398782215
146,15,62.01988066529297,587.9999750677393,44.0,605.4,-18.019880665292973,17.400024932260635,25.049490350797385
146,16,113.45389639902116,1025.7270012762115,112.5,1052.8,-0.9538963990211613,27.072998723788487,27.08979841634704
146,17,968.9543452329381,293.0295993452559,983.4,291.1,14.44565476706191,-1.9295993452558946,14.573959492270811
146,18,1102.5729889658714,353.42162176579325,1110.3,351.5,7.727011034128509,-1.9216217657932475,7.962369605357069
146,19,1310.0413621486582,445.25256908325093,1305.2,447.2,-4.841362148658163,1.947430916749056,5.218359381067009
146,20,1549.63509031257,562.2889638486772,1542.9,561.3,-6.73509031256981,-0.9889638486772583,6.807311584793385
146,21,1340.5084289145757,383.01284369310173,1340.51,383.01,0.0015710854243025096,-0.002843693101738154,0.003248830538413624
146,22,1347.3385704226603,323.22685924438895,1361.8,319.4,14.461429577339686,-3.82685924438897,14.959204427265522
146,23,1641.361907195505,432.26329643766553,1654.9,425.5,13.538092804495136,-6.763296437665531,15.13347730982084
146,24,1179.5788968406523,221.8306141248239,1196.0,213.1,16.421103159347695,-8.730614124823916,18.59774857251581
146,25,1332.1565085687735,266.6479600912726,1338.9,258.0,6.74349143122663,-8.64796009127258,10.966398242963377
146,26,1478.2695133674963,314.1069891020064,1486.0,303.5,7.730486632503698,-10.606989102006423,13.125114909417038
146,27,1777.7480276958565,416.0028197618441,1800.9,405.4,23.151972304143555,-10.602819761844103,25.464359573214914
146,31,377.71684455063166,467.42101648661287,372.7,478.9,-5.016844550631674,11.478983513387107,12.527401635846745
147,13,41.81883142888565,288.32539946191383,41.82,288.33,0.0011685711143485378,0.004600538086151573,0.004746631345640923
147,14,47.79003098831014,422.3194123216934,47.79,422.32,-3.098831014369807e-05,0.0005876783066014468,0.000588494747143512
147,15,61.264910498969726,587.9999813008045,61.26,588.0,-0.004910498969728394,1.8699195493354637e-05,0.004910534572896898
147,16,112.59042229926587,1026.0452509571587,112.59,1026.05,-0.00042229926586401234,0.004749042841240225,0.004767781934808294
147,17,968.4657589247036,292.7721995089419,968.47,292.77,0.004241075296476993,-0.0021995089419419855,0.004777505547466184
147,18,1102.1797417244036,353.31621632434496,1102.18,353.32,0.00025827559647950693,0.0037836756550291284,0.003792480421333372
147,19,1310.0310216114935,445.1894268124382,1310.03,445.19,-0.0010216114935701626,0.0005731875617698279,0.0011714239304207075
147,20,1549.7263177344275,562.4667228865079,1549.73,562.47,0.003682265572479082,0.003277113492117678,0.004929356204057932
147,21,1340.3813216859317,383.0096327698263,1340.38,383.01,-0.0013216859315434704,0.00036723017370832167,0.001371754971604541
147,22,1347.2539278169952,323.17014443329174,1347.25,323.17,-0.003927816995201283,-0.0001444332917230895,0.003930471641361887
147,23,1641.5214303966286,432.19747232824915,1641.52,432.2,-0.001430396628620656,0.0025276717508404545,0.0029043345184682477
147,24,1179.4341726304892,221.62296059361793,1179.43,221.62,-0.004172630489165385,-0.002960593617927998,0.005116244694072847
147,25,1332.11738142658,266.48597006845444,1332.12,266.49,0.0026185734197952115,0.0040299315455740725,0.004805962444388327
147,26,1478.4521350256223,314.0802418265048,1478.45,314.08,-0.002135025622237663,-0.00024182650480497614,0.00214867737597749
147,27,1778.0610207718923,416.0021148213831,1778.06,416.0,-0.0010207718923993525,-0.0021148213830883833,0.002348285489177246
147,31,377.2876334129737,467.31576236495965,377.29,467.32,0.0023665870263016586,0.0042376350403401375,0.004853687761710459
148,13,40.61412357166424,287.9940495964354,40.61,287.99,-0.004123571664237602,-0.004049596435379499,0.005779539303399676
148,14,46.592523241232605,422.23955924127006,46.59,422.24,-0.002523241232601947,0.0004407587299510851,0.0025614477499903616
148,15,60.198682874227295,587.9999859756034,60.2,588.0,0.0013171257727080388,1.4024396591594268e-05,0.0013172004345700416
148,16,111.6928167244494,1026.283938217869,111.69,1026.28,-0.002816724449402841,-0.00393821786906301,0.004841848470168282
148,17,967.8493191935277,292.32914963170646,967.85,292.33,0.0006808064723600182,0.0008503682935270263,0.0010893225819027892
148,18,1101.6348062933027,352.9871622432587,1101.63,352.99,-0.004806293302635822,0.002837756741314479,0.005581515800733501
148,19,1309.52326620862,444.89207010932864,1309.52,444.89,-0.0032662086200616613,-0.0020701093286561445,0.0038669718621104935
148,20,1549.7947383008207,562.350042164881,1549.79,562.35,-0.004738300820690711,-4.216488093788939e-05,0.004738488424016964
148,21,1340.0359912644487,382.7572245773697,1340.04,382.76,0.004008735551224163,0.0027754226302931784,0.00487574932665657
148,22,1346.9404458627464,322.87760832496883,1346.94,322.88,-0.00044586274634639267,0.0023916750311627766,0.0024328795784557475
148,23,1641.6410727974715,431.89810424618685,1641.64,431.9,-0.0010727974713518051,0.0018957538131303409,0.0021782508887951946
148,24,1178.825629472867,221.21722044521346,1178.83,221.22,0.004370527133005453,0.0027795547865423487,0.005179520463491513
148,25,1331.838036069935,266.1144775513408,1331.84,266.11,0.001963930064903252,-0.004477551340812624,0.004889323809019385
148,26,1478.3391012692168,313.8101813698786,1478.34,313.81,0.0008987307830921054,-0.00018136987858952125,0.0009168489806598068
148,27,1778.2957655789191,415.7515861160373,1778.3,415.75,0.004234421080809625,-0.0015861160372878658,0.004521734841114272
148,31,376.4657250597303,467.2368217737197,376.47,467.24,0.004274940269738181,0.003178226280283525,0.005326935009788838
149,13,38.96059267874818,287.74553719732654,38.96,287.75,-0.0005926787481769225,0.004462802673458555,0.004501985761946542
149,14,45.19439243092445,421.9296694309526,45.19,421.93,-0.004392430924454516,0.0003305690474348921,0.004404852474399836
149,15,58.64901215567047,587.9999894817025,58.65,588.0,0.0009878443295292527,1.051829747211741e-05,0.0009879003259260577
149,16,110.26961254333705,1026.4629536634018,110.27,1026.46,0.00038745666294914827,-0.002953663401740414,0.0029789679683481737
149,17,966.8869893951457,291.99686222377983,966.89,292.0,0.0030106048542393182,0.0031377762201714177,0.004348491830076558
149,18,1100.976104719977,352.740371682444,1100.98,352.74,0.003895280023016312,-0.0003716824439834454,0.003912972565310862
149,19,1309.142449656465,444.6690525819965,1309.14,444.67,-0.002449656464932559,0.0009474180035340396,0.0026264838986002387
149,20,1549.5960537256155,562.2625316236607,1549.6,562.26,0.003946274384361459,-0.002531623660729565,0.004688517876283845
149,21,1339.5269934483365,382.5679184330273,1339.53,382.57,0.0030065516634749656,0.0020815669727198838,0.0036568119950391633
149,22,1346.4553343970597,322.6582062437266,1346.46,322.66,0.004665602940349345,0.0017937562734005041,0.00499854102367482
149,23,1641.4808045981035,431.6735781846401,1641.48,431.67,-0.0008045981035138539,-0.0035781846401050643,0.003667530971493206
149,24,1178.1192221046501,220.6629153339101,1178.12,220.66,0.0007778953497563634,-0.0029153339100957965,0.003017332096824448
149,25,1331.3785270524513,265.58585816350563,1331.38,265.59,0.0014729475487911259,0.004141836494341078,0.004395950867257888
149,26,1478.0043259519125,313.35763602740894,1478.0,313.36,-0.004325951912505843,0.002363972591069796,0.00492972883236413
149,27,1778.4718241841892,415.31368958702797,1778.47,415.31,-0.0018241841892177035,-0.0036895870279636256,0.004115908209995615
149,31,375.09929379479775,466.92761633028977,375.1,466.93,0.0007062052022774878,0.0023836697102410653,0.0024860826766711745
150,13,37.47044450906113,287.0591528979949,37.47,287.06,-0.00044450906113269184,0.0008471020050819789,0.0009566452385513535
150,14,43.64579432319334,421.44725207321443,43.65,421.45,0.004205676806655845,0.0027479267855596845,0.005023825138362131
150,15,57.23675911675285,587.7499921112769,57.24,587.75,0.0032408832471517712,7.888723075666348e-06,0.003240892848216487
150,16,108.95220940750278,1026.5972152475513,108.95,1026.6,-0.002209407502775207,0.0027847524486332986,0.003554761273769102
150,17,966.1652420463593,291.4976466678349,966.17,291.5,0.004757953640705637,0.0023533321651143524,0.005308134806734455
150,18,1100.2320785399827,352.305278761833,1100.23,352.31,-0.002078539982676375,0.0047212381670078685,0.00515852869423018
150,19,1308.6068372423488,444.50178943649735,1308.61,444.5,0.003162757651125503,-0.0017894364973471966,0.0036338848272600924
150,20,1549.4470402942115,562.1968987177455,1549.45,562.2,0.002959705788498468,0.003101282254533544,0.0042869347996856684
150,21,1339.1452450862523,382.17593882477047,1339.15,382.18,0.004754913747774481,0.004061175229537639,0.006253187106890761
150,22,1346.0915007977947,322.24365468279495,1346.09,322.24,-0.0015007977947334439,-0.0036546827949450744,0.003950835399297762
150,23,1641.6106034485776,431.5051836384801,1641.61,431.51,-0.0006034485777490772,0.004816361519885959,0.004854017766368966
150,24,1177.5894165784875,219.99718650043258,1177.59,220.0,0.000583421512374116,0.002813499567423605,0.002873353524541266
150,25,1331.0338952893385,265.1893936226292,1331.03,265.19,-0.003895289338515795,0.0006063773707865039,0.003942204021427198
150,26,1477.7532444639344,313.0182270205567,1477.75,313.02,-0.0032444639343793824,0.0017729794432739254,0.0036972966242594684
150,27,1778.853868138142,414.985267190271,1778.85,414.99,-0.0038681381420246908,0.0047328097290346705,0.006112444733249655
150,31,373.82447034609834,466.6957122477173,373.82,466.7,-0.00447034609834418,0.004287752282664314,0.006194256523302378
151,13,35.85283338179585,286.7943646734962,35.85,286.79,-0.002833381795845469,-0.004364673496183968,0.005203693604481271
151,14,41.98434574239501,421.3354390549108,41.98,421.34,-0.004345742395010177,0.00456094508916749,0.006299817225141523
151,15,55.677569337564634,587.5624940834578,55.68,587.56,0.0024306624353656048,-0.0024940834578046633,0.0034826099651256268
151,16,107.46415705562708,1026.6979114356634,107.46,1026.7,-0.00415705562708979,0.0020885643366455042,0.004652226614754096
151,17,965.1239315347694,291.12323500087615,965.12,291.12,-0.00393153476943553,-0.0032350008761454774,0.005091384518177987
151,18,1099.424058904987,351.97895907137473,1099.42,351.98,-0.004058904987005008,0.0010409286252865968,0.004190255612307579
151,19,1308.2051279317616,444.376342077373,1308.21,444.38,0.00487206823845554,0.003657922626985055,0.006092408954196732
151,20,1549.3352802206587,562.1476740383091,1549.34,562.15,0.00471977934125789,0.002325961690871736,0.005261788176805265
151,21,1338.8589338146892,381.8819541185778,1338.86,381.88,0.0010661853107194474,-0.0019541185778280123,0.002226057171998621
151,22,1345.818625598346,321.93274101209624,1345.82,321.93,0.0013744016539476434,-0.0027410120962372275,0.0030662888347467885
151,23,1641.7079525864333,431.3788877288601,1641.71,431.38,0.0020474135667427618,0.001112271139902532,0.002330032060282089
151,24,1176.9420624338657,219.49788987532443,1176.94,219.5,-0.0020624338656034524,0.002110124675567704,0.002950637150926509
151,25,1330.525421467004,264.8920452169719,1330.53,264.89,0.004578532995992646,-0.0020452169719078483,0.005014566467559613
151,26,1477.5649333479507,312.51367026541755,1477.56,312.51,-0.004933347950782263,-0.0036702654175542193,0.006148883657931902
151,27,1778.8904011036066,414.73895039270326,1778.89,414.74,-0.0004011036064639484,0.0010496072967498549,0.0011236367653779064
151,31,372.3683527595738,466.52178418578796,372.37,466.52,0.0016472404262231066,-0.0017841857879830059,0.0024283162783756613
152,13,34.389625036346885,286.34577350512217,34.39,286.35,0.00037496365311540103,0.0042264948778552025,0.004243095178486326
152,14,40.48825930679625,421.00157929118313,40.49,421.0,0.0017406932037502543,-0.0015792911831340462,0.0023503560306275427
152,15,54.25817700317347,587.4218705625933,54.26,587.42,0.00182299682652598,-0.0018705625933534975,0.0026119574738454597
152,16,106.09811779172031,1027.0234335767475,106.1,1027.02,0.001882208279681663,-0.0034335767475113244,0.003915629871317341
152,17,964.0929486510771,290.8424262506571,964.09,290.84,-0.002948651077076647,-0.0024262506571517406,0.0038185383886605783
152,18,1098.5680441787404,351.73421930353106,1098.57,351.73,0.0019558212595711666,-0.004219303531044716,0.004650565458788528
152,19,1307.653845948821,444.03225655802976,1307.65,444.03,-0.0038459488209809933,-0.002256558029785083,0.004459077984896948
152,20,1549.2514601654939,562.1107555287318,1549.25,562.11,-0.0014601654938815045,-0.0007555287318155024,0.00164405198644111
152,21,1338.3942003610168,381.66146558893337,1338.39,381.66,-0.004200361016728493,-0.0014655889333425876,0.0044487058334293905
152,22,1345.3639691987596,321.44955575907215,1345.36,321.45,-0.00396919875970525,0.0004442409278340165,0.0039939815718163406
152,23,1641.5309644398249,431.0341657966451,1641.53,431.03,-0.0009644398248838115,-0.004165796645111186,0.00427598010568823
152,24,1176.2065468253993,219.12341740649333,1176.21,219.12,0.00345317460073602,-0.00341740649332678,0.004858300316345256
152,25,1330.144066100253,264.41903391272893,1330.14,264.42,-0.004066100252885008,0.0009660872710810509,0.0041792937061011105
152,26,1477.173700010963,312.13525269906313,1477.17,312.14,-0.003700010963029854,0.004747300936855936,0.006018882563367917
152,27,1778.917800827705,414.5542127945274,1778.92,414.55,0.002199172295149765,-0.00421279452740464,0.004752262252221017
152,31,370.77626456968034,466.391338139341,370.78,466.39,0.0037354303196366345,-0.0013381393409872544,0.003967878093989085
153,13,33.04221877726016,285.7593301288416,33.04,285.76,-0.0022187772601611755,0.0006698711583794648,0.0023176927965191975
153,14,39.11619448009719,420.75118446838735,39.12,420.75,0.003805519902805088,-0.0011844683873505346,0.0039855924391837185
153,15,52.943632752380104,587.3164029219449,52.94,587.32,-0.0036327523801062966,0.003597078055122438,0.005112324362734761
153,16,104.82358834379023,1027.2675751825607,104.82,1027.27,-0.0035883437902413107,0.002424817439305116,0.004330814100249697
153,17,963.3197114883078,290.38181968799285,963.32,290.38,0.0002885116922470843,-0.0018196879928495946,0.0018424178103471163
153,18,1098.1760331340552,351.5506644776483,1098.18,351.55,0.003966865944903475,-0.0006644776482858106,0.0040221332610825295
153,19,1307.4903844616158,443.7741924185223,1307.49,443.77,-0.00038446161579486215,-0.0041924185223365384,0.0042100099525357515
153,20,1549.4385951241204,562.0830666465489,1549.44,562.08,0.0014048758796434413,-0.003066646548859353,0.0033731287097937593
153,21,1338.2956502707625,381.2460991917,1338.3,381.25,0.004349729237446809,0.003900808299988512,0.005842640655761645
153,22,1345.0229768990698,321.0871668193041,1345.02,321.09,-0.002976899069835781,0.0028331806958590278,0.004109603500020091
153,23,1641.6482233298686,430.7756243474838,1641.65,430.78,0.0017766701314485545,0.004375652516159789,0.004722593746889194
153,24,1175.6549101190494,218.59256305487,1175.65,218.59,-0.004910119049327477,-0.002563054869995085,0.0055388193096700756
153,25,1329.8580495751899,264.0642754345467,1329.86,264.06,0.0019504248100474797,-0.004275434546684664,0.004699308194046592
153,26,1477.1302750082223,311.85143952429735,1477.13,311.85,-0.0002750082221609773,-0.0014395242973250788,0.0014655578203692284
153,27,1779.1883506207787,414.4156595958956,1779.19,414.42,0.0016493792213623237,0.004340404104425488,0.004643227283428564
153,31,369.33219842726027,466.04350360450576,369.33,466.04,-0.0021984272602821875,-0.003503604505738167,0.004136221337329596
154,13,31.78166408294512,285.3194975966312,31.78,285.32,-0.0016640829451191053,0.0005024033687845986,0.0017382695973876977
154,14,37.837145860072894,420.56338835129054,37.84,420.56,0.002854139927109145,-0.003388351290539049,0.004430241437169789
154,15,51.45772456428508,587.2373021914586,25.7,604.9,-25.75772456428508,17.66269780854134,31.23189505306116
154,16,103.36769125784268,1027.4506813869205,98.5,1056.4,-4.867691257842679,28.94931861307964,29.355705856669115
154,17,962.7397836162309,289.7863647659946,974.4,287.3,11.660216383769125,-2.486364765994608,11.922359492394841
154,18,1097.8820248505413,351.1629983582362,1103.7,349.5,5.817975149458789,-1.6629983582362229,6.050983257224927
154,19,1307.367788346212,443.58064431389175,1303.2,441.9,-4.167788346211864,-1.6806443138917757,4.493887516242055
154,20,1549.5789463430904,562.0622999849116,1540.4,559.6,-9.178946343090274,-2.462299984911624,9.50347184901529
154,21,1338.221737703072,380.934574393775,1342.4,375.9,4.1782622969280965,-5.034574393775017,6.5425388916219624
154,22,1345.0172326743022,320.8153751144781,1358.4,314.1,13.382767325697841,-6.715375114478093,14.973133413615114
154,23,1641.9861674974015,430.5817182606129,1652.8,420.6,10.813832502598416,-9.981718260612865,14.716442261243246
154,24,1175.491182589287,217.9444222911525,1194.7,208.8,19.20881741071298,-9.144422291152495,21.274377202565457
154,25,1329.8935371813923,263.54820657591,1339.1,255.2,9.206462818607633,-8.348206575910012,12.427852214460549
154,26,1477.3477062561667,311.388579643223,1478.2,300.5,0.8522937438333429,-10.88857964322301,10.921884968840681
154,27,1779.891262965584,414.31174469692166,1804.9,404.3,25.00873703441607,-10.011744696921653,26.938299128432604
154,31,367.9991488204452,465.7826277033793,364.8,475.4,-3.1991488204452025,9.617372296620658,10.135502112237086
155,13,30.83624806220884,284.7396231974734,30.84,284.74,0.0037519377911614527,0.0003768025266026598,0.00377081123006703
155,14,36.62785939505467,420.1725412634679,36.63,420.17,0.0021406049453318587,-0.002541263467890076,0.0033226810778664725
155,15,50.34329342321381,586.927976643594,50.34,586.93,-0.003293423213804658,0.002023356405970844,0.0038653082167934105
155,16,102.025768443382,1027.5880110401904,102.03,1027.59,0.004231556617995125,0.001988959809523294,0.004675685247661275
155,17,962.0548377121731,289.33977357449595,962.05,289.34,-0.004837712173184627,0.0002264255040245189,0.004843008112676613
155,18,1097.4115186379058,350.8722487686772,1097.41,350.87,-0.0015186379057468002,-0.0022487686771910376,0.0027135256866826518
155,19,1307.025841259659,443.4354832354188,1307.03,443.44,0.00415874034092667,0.004516764581182997,0.0061397299211838376
155,20,1549.4342097573178,562.0467249886838,1549.43,562.05,-0.004209757317767071,0.003275011316191012,0.005333643763476578
155,21,1338.166303277304,380.70093079533126,1338.17,380.7,0.003696722696076904,-0.0009307953312713835,0.003812104227379768
155,22,1345.0129245057267,320.36153133585856,1345.01,320.36,-0.002924505726696225,-0.0015313358585444803,0.003301169983073149
155,23,1642.239625623051,430.43628869545967,1642.24,430.44,0.0003743769489119586,0.003711304540331639,0.0037301393393495193
155,24,1175.1183869419654,217.2083167183644,1175.12,217.21,0.0016130580345361523,0.0016832816356213698,0.002331392992955454
155,25,1329.6701528860442,262.9111549319325,1329.67,262.91,-0.00015288604413399298,-0.0011549319324899443,0.0011650072579927984
155,26,1477.260779692125,311.04143473241726,1477.26,311.04,-0.0007796921249791922,-0.001434732417237683,0.0016329044426503507
155,27,1780.168447224188,414.2338085226912,1780.17,414.23,0.0015527758121152146,-0.003808522691201688,0.004112901386137067
155,31,366.2493616153339,465.5869707775345,366.25,465.59,0.0006383846661037751,0.00302922246549997,0.003095758990523349
156,13,29.12718604665663,283.804717398105,29.13,283.8,0.0028139533433702013,-0.004717398105015036,0.005492920743999843
156,14,34.97089454629101,419.62940594760096,34.97,419.63,-0.000894546291007714,0.0005940523990375368,0.0010738302098366904
156,15,48.75747006741035,586.6959824826955,48.76,586.7,0.0025299325896455116,0.004017517304532703,0.004747736745057603
156,16,100.26932633253651,1027.9410082801428,100.27,1027.94,0.0006736674634879591,-0.0010082801427415689,0.0012126238895920117
156,17,961.5411282841299,288.504830180872,961.54,288.5,-0.0011282841298907442,-0.004830180871977063,0.004960208900215435
156,18,1097.0586389784294,350.40418657650787,1097.06,350.4,0.0013610215705739392,-0.0041865765078910044,0.00440224971713241
156,19,1307.0193809447442,443.0766124265641,1307.02,443.08,0.000619055255810963,0.003387573435873037,0.0034436729219221485
156,20,1549.8256573179883,562.0350437415128,1549.83,562.04,0.004342682011611032,0.004956258487140985,0.006589642269905635
156,21,1338.374727457978,380.27569809649845,1338.37,380.28,-0.004727457978106031,0.004301903501527704,0.006391809811877594
156,22,1345.259693379295,319.7711485018939,1345.26,319.77,0.000306620705032401,-0.0011485018939083602,0.0011887274107488467
156,23,1642.9297192172883,430.0772165215948,1642.93,430.08,0.0002807827117976558,0.002783478405206097,0.002797604504481132
156,24,1175.088790206474,216.4062375387733,1175.09,216.41,0.0012097935259589576,0.0037624612266995427,0.003952178495193459
156,25,1329.7526146645332,262.1833661989494,1329.75,262.18,-0.002614664533211908,-0.0033661989493793953,0.004262366242832634
156,26,1477.6955847690938,310.53107604931296,1477.7,310.53,0.004415230906261058,-0.0010760493129851056,0.004544463233383957
156,27,1781.126335418141,413.92535639201844,1781.13,413.93,0.0036645818590841372,0.004643607981563491,0.005915425199287766
156,31,364.43702121150045,465.1902280831508,364.44,465.19,0.002978788499547136,-0.0002280831508301162,0.002987507798939924
157,13,27.84538953499247,282.8535380485788,27.85,282.85,0.004610465007530706,-0.003538048578775488,0.005811555328089062
157,14,33.72817090971826,419.22205446070075,33.73,419.22,0.001829090281738388,-0.0020544607007195737,0.002750705369455438
157,15,47.56810255055777,586.5219868620217,47.57,586.52,0.0018974494422323573,-0.0019868620216811905,0.002747350556268157
157,16,98.95199474940239,1028.4557562101072,98.95,1028.46,-0.0019947494023853096,0.004243789892825589,0.004689219320181685
157,17,961.1558462130974,287.878622635654,961.16,287.88,0.004153786902520551,0.001377364346012655,0.004376194485305486
157,18,1097.043979233822,349.8031399323809,1097.04,349.8,-0.003979233822064998,-0.00313993238086141,0.005068873362695897
157,19,1307.264535708558,442.80745931992305,1307.26,442.81,-0.0045357085580235434,0.0025406800769474103,0.00519881788262731
157,20,1550.3692429884914,562.0262828061346,1550.37,562.03,0.0007570115085400175,0.0037171938653273173,0.0037934939905697853
157,21,1338.5310455934834,379.70677357237383,1338.53,379.71,-0.0010455934834681102,0.003226427626145778,0.003391622172269143
157,22,1345.4447700344713,319.0783613764204,1345.44,319.08,-0.004770034471221152,0.0016386235795948778,0.005043641154190332
157,23,1643.4472894129663,429.80791239119606,1643.45,429.81,0.0027105870337891247,0.002087608803947205,0.0034213144529644753
157,24,1175.0665926548554,215.55467815407997,1175.07,215.55,0.003407345144523788,-0.004678154079954311,0.00578749743237118
157,25,1329.8144609984,261.387524649212,1329.81,261.39,-0.0044609983999635006,0.002475350787960906,0.005101751488257302
157,26,1478.0216885768205,309.8983070369847,1478.02,309.9,-0.001688576820470189,0.0016929630152731079,0.0023911117601885168
157,27,1781.8447515636058,413.44401729401386,1781.84,413.44,-0.004751563605850606,-0.004017294013863193,0.006222218888327946
157,31,362.82776590862534,464.8926710623631,362.83,464.89,0.002234091374646141,-0.0026710623631061026,0.003482203098308633
158,13,27.13404215124435,281.8901535364341,27.13,281.89,-0.0040421512443522545,-0.00015353643414073304,0.0040450661451732935
158,14,33.0461281822887,418.66654084552556,33.05,418.67,0.003871817711299741,0.0034591544744557723,0.005191986331615459
158,15,46.676076912918326,586.3914901465163,46.68,586.39,0.003923087081673771,-0.0014901465162893146,0.0041965639385579245
158,16,97.96399606205179,1028.8418171575804,97.96,1028.84,-0.003996062051797367,-0.0018171575804899476,0.0043898261462325654
158,17,960.6168846598231,287.1589669767405,960.62,287.16,0.003115340176918835,0.001033023259537913,0.003282145864015037
158,18,1096.7829844253665,349.35235494928565,1096.78,349.35,-0.0029844253665487486,-0.0023549492856318466,0.00380165502201312
158,19,1307.1984017814184,442.6055944899423,1307.2,442.61,0.0015982185816483252,0.004405510057722495,0.004686450842953551
158,20,1550.5269322413685,562.019712104601,1550.53,562.02,0.003067758631459583,0.00028789539896934,0.0030812378651513565
158,21,1338.3982841951126,379.2800801792804,1338.4,379.28,0.001715804887453487,-8.017928041681444e-05,0.0017176772481515355
158,22,1345.5835775258533,318.5587710323153,1345.58,318.56,-0.003577525853415864,0.0012289676847103692,0.003782730865647366
158,23,1643.8354670597246,429.605934293397,1643.84,429.61,0.00453294027533957,0.004065706603000763,0.006089131113835502
158,24,1174.7999444911416,214.66600861555997,1174.8,214.67,5.550885839511466e-05,0.003991384440013235,0.003991770406892171
158,25,1329.6108457487999,260.540643486909,1329.61,260.54,-0.0008457487999748992,-0.0006434869089844142,0.0010627165354379774
158,26,1478.0162664326153,309.4237302777385,1478.02,309.42,0.003733567384642811,-0.003730277738497989,0.005277736012913324
158,27,1782.3835636727044,413.33301297051037,1782.38,413.33,-0.003563672704331111,-0.003012970510383184,0.004666664166193376
158,31,361.37082443146903,464.4195032967723,361.37,464.42,-0.0008244314690273313,0.0004967032277249928,0.0009624974511940224
159,13,26.10053161343326,281.1676151523256,26.1,281.17,-0.0005316134332602473,0.002384847674420598,0.0024433811148922477
159,14,32.03459613671652,417.99990563414417,32.03,418.0,-0.004596136716521926,9.43658558298921e-05,0.004597105353557547
159,15,45.507057684688746,586.0436176098872,45.51,586.04,0.0029423153112517753,-0.003617609887214712,0.004663080600515101
159,16,96.72299704653884,1029.3813628681853,96.72,1029.38,-0.002997046538837367,-0.0013628681851969304,0.0032923696095941315
159,17,959.9626634948673,286.3692252325554,959.96,286.37,-0.0026634948673063263,0.000774767444625013,0.0027738906794280696
159,18,1096.337238319025,348.76426621196424,1096.34,348.76,0.0027616809750270477,-0.004266211964250033,0.005082071067167053
159,19,1307.1488013360638,442.45419586745675,1307.15,442.45,0.0011986639362930873,-0.004195867456758151,0.004363725351904236
159,20,1550.6451991810263,562.0147840784507,1550.65,562.01,0.004800818973762944,-0.004784078450711604,0.006777556303078966
159,21,1338.2987131463344,378.96006013446026,1338.3,378.96,0.0012868536655332719,-6.013446028418912e-05,0.0012882579360555435
159,22,1345.6876831443901,317.9190782742365,1345.69,317.92,0.0023168556099335547,0.0009217257635327769,0.0024934711348721613
159,23,1644.3766002947934,429.45445072004776,1644.38,429.45,0.0033997052066752076,-0.0044507200477710285,0.005600616433565636
159,24,1174.599958368356,213.74950646166997,1174.6,213.75,4.163164385317941e-05,0.0004935383300335161,0.0004952911032738119
159,25,1329.4581343116,259.90548261518177,1329.46,259.91,0.0018656884001302387,0.004517384818257142,0.00488749003094642
159,26,1478.2621998244615,308.8177977083039,1478.26,308.82,-0.0021998244615133444,0.00220229169610775,0.0031127666755183603
159,27,1783.0376727545283,412.99975972788275,1783.04,413.0,0.0023272454716334323,0.00024027211725297093,0.0023396158179426686
159,31,359.7781183236018,464.0646274725792,359.78,464.06,0.0018816763981703843,-0.004627472579215919,0.004995418755102189
160,13,24.825398710074946,280.1257113642442,24.83,280.13,0.004601289925052043,0.004288635755813175,0.0062900131653617925
160,14,30.525947102537394,417.2499292256081,30.53,417.25,0.0040528974626070635,7.077439187241907e-05,0.004053515370262173
160,15,43.88029326351656,585.5327132074153,43.88,585.53,-0.0002932635165606712,-0.0027132074153541907,0.0027290104376638978
160,16,94.79224778490413,1029.286022151139,94.79,1029.29,-0.002247784904128025,0.003977848861040911,0.00456900629639644
160,17,959.4719976211505,285.5269189244165,959.47,285.53,-0.0019976211505081665,0.003081075583452275,0.003671990878515815
160,18,1096.0029287392686,348.0731996589732,1096.0,348.07,-0.0029287392685546365,-0.0031996589731875247,0.004337664261774231
160,19,1306.8616010020478,442.09064690059256,1306.86,442.09,-0.0016010020478915976,-0.0006469005925850979,0.0017267564779203928
160,20,1550.7338993857697,562.011088058838,1550.73,562.01,-0.0038993857697278145,-0.0010880588380359768,0.004048343045763783
160,21,1338.4740348597509,378.4700451008452,1338.47,378.47,-0.004034859750845499,-4.5100845170509274e-05,0.004035111807029403
160,22,1345.7657623582927,317.1893087056774,1345.77,317.19,0.004237641707277362,0.000691294322621161,0.004293657541041769
160,23,1645.0324502210951,429.0908380400358,1645.03,429.09,-0.002450221095159577,-0.0008380400358305451,0.0025895741960445654
160,24,1174.449968776267,212.81212984625247,1174.45,212.81,3.12237330035714e-05,-0.002129846252472589,0.0021300751115099696
160,25,1329.5936007337,259.1791119613863,1329.59,259.18,-0.0036007337000683037,0.000888038613709341,0.0037086245102795705
160,26,1478.6966498683462,308.1133482812279,1478.7,308.11,0.003350131653860444,-0.0033482812278862184,0.004736493352598836
160,27,1784.0282545658963,412.74981979591206,1784.03,412.75,0.0017454341036682308,0.0001802040879397282,0.0017547118634004587
160,31,358.08358874270135,463.54847060443444,358.08,463.55,-0.0035887427013676643,0.0015293955655693026,0.0039010415240808096
161,13,23.36904903255621,279.34428352318315,23.37,279.34,0.0009509674437921944,-0.00428352318317593,0.0043878137995997865
161,14,29.144460326903044,416.4374469192061,29.14,416.44,-0.00446032690304321,0.0025530807939162514,0.00513933241017499
161,15,42.41021994763742,585.1495349055615,42.41,585.15,-0.00021994763742583245,0.0004650944384820832,0.0005144801258709317
161,16,93.3441858386781,1029.4645166133541,93.34,1029.46,-0.004185838678097298,-0.0045166133540988085,0.006158006303137325
161,17,958.6039982158629,284.6451891933124,958.6,284.65,-0.003998215862907273,0.0048108066876011435,0.0062553649831062
161,18,1095.2521965544515,347.3048997442299,1095.25,347.3,-0.0021965544515296642,-0.004899744229874159,0.005369575865626623
161,19,1306.3962007515358,441.5679851754444,1306.4,441.57,0.0037992484642472846,0.0020148245556015354,0.004300442638024634
161,20,1550.8004245393272,561.7583160441285,1550.8,561.76,-0.0004245393272412912,0.0016839558714991654,0.0017366464860561006
161,21,1338.1055261448132,377.8525338256339,1338.11,377.85,0.0044738551866885246,-0.0025338256338613974,0.005141561297336922
161,22,1345.3243217687195,316.39198152925803,1345.32,316.39,-0.004321768719592001,-0.0019815292580460664,0.004754381459889023
161,23,1645.2743376658213,428.56812853002685,1645.27,428.57,-0.004337665821367409,0.0018714699731390283,0.004724166025683263
161,24,1173.8374765822002,211.85909738468936,1173.84,211.86,0.0025234177996935614,0.0009026153106503898,0.0026799910057369214
161,25,1329.1952005502749,258.3843339710397,1329.2,258.38,0.004799449725169325,-0.004333971039727658,0.006466685599101439
161,26,1478.5224874012597,307.3350112109209,1478.52,307.34,-0.002487401259713806,0.004988789079050093,0.005574511772529977
161,27,1784.5211909244222,412.31236484693403,1784.52,412.31,-0.0011909244221897097,-0.0023648469340287193,0.002647791910394948
161,31,356.312691557026,462.91135295332583,356.31,462.91,-0.002691557026025748,-0.0013529533258065385,0.0030124677469077644
162,13,21.526786774417157,278.5082126423874,21.53,278.51,0.0032132255828436485,0.001787357612613505,0.0036768826309264147
162,14,27.358345245177283,416.07808518940453,27.36,416.08,0.0016547548227165976,0.0019148105954513994,0.0025307534727343124
162,15,40.55766496072807,585.1121511791712,40.56,585.11,0.002335039271933681,-0.0021511791711645856,0.0031748984594668424
162,16,91.50813937900858,1029.5983874600156,91.51,1029.6,0.0018606209914224792,0.0016125399843076593,0.0024621526505708203
162,17,957.7029986618973,283.98389189498425,957.7,283.98,-0.0029986618972088763,-0.0038918949842354778,0.0049131272873893265
162,18,1094.4391474158388,346.7286748081724,1094.44,346.73,0.0008525841612936347,0.001325191827618255,0.0015757643009266904
162,19,1305.797150563652,441.1759888815833,1305.8,441.18,0.002849436348014933,0.004011118416713089,0.00492019902588133
162,20,1550.6003184044953,561.5687370330963,1550.6,561.57,-0.00031840449537412496,0.0012629669037096392,0.0013024848646108575
162,21,1337.82914460861,377.3894003692254,1337.83,377.39,0.0008553913899049803,0.0005996307745590457,0.0010446298366990363
162,22,1344.9932413265396,315.79398614694355,1344.99,315.79,-0.003241326539637157,-0.003986146943532276,0.005137661451671168
162,23,1645.455753249366,428.17609639752015,1645.46,428.18,0.004246750634138152,0.0039036024798519975,0.005768275588879181
162,24,1173.3781074366502,211.14432303851703,1173.38,211.14,0.0018925633498838579,-0.004323038517043187,0.004719158617080228
162,25,1328.896400412706,257.5382504782798,1328.9,257.54,0.0035995872940475238,0.001749521720228131,0.004002231244820615
162,26,1478.3918655509447,306.75125840819067,1478.39,306.75,-0.001865550944557981,-0.00125840819066525,0.0022503047573772233
162,27,1784.8908931933165,411.9842736352005,1784.89,411.98,-0.0008931933164149086,-0.004273635200490844,0.0043659766521779155
162,31,354.2345186677695,462.6835147149944,354.23,462.68,-0.0045186677695028266,-0.003514714994366841,0.005724646705498143
163,13,20.145090080812867,277.8811594817905,20.15,277.88,0.004909919187131351,-0.0011594817905233867,0.0050449682304961945
163,14,26.018758933882964,415.80856389205337,26.02,415.81,0.0012410661170356718,0.0014361079466311821,0.001898065104581829
163,15,39.16824872054605,585.0841133843784,39.17,585.08,0.0017512794539484844,-0.004113384378342744,0.004470672295059907
163,16,90.13110453425644,1030.1987905950118,90.13,1030.2,-0.001104534256441525,0.0012094049882307445,0.0016378816652036373
163,17,957.0272489964229,283.2379189212382,957.03,283.24,0.002751003577031952,0.002081078761818844,0.003449479597524248
163,18,1093.8293605618792,346.2965061061293,1093.83,346.3,0.0006394381207428523,0.0034938938707114175,0.0035519256031136073
163,19,1305.3478629227388,440.8819916611875,1305.35,440.88,0.0021370772610680433,-0.0019916611875032686,0.002921269160070845
163,20,1550.4502388033716,561.6765527748223,1550.45,561.68,-0.00023880337153059372,0.003447225177637847,0.003455486720506196
163,21,1337.6218584564576,377.0420502769191,1337.62,377.04,-0.0018584564577395213,-0.002050276919078442,0.002767218070593555
163,22,1344.7449309949047,315.34548961020766,1344.74,315.35,-0.004930994904725594,0.004510389792358183,0.006682688592882259
163,23,1645.3418149370245,427.8820722981401,1645.34,427.88,-0.001814937024619212,-0.0020722981400922436,0.0027547079672377993
163,24,1172.7835805774876,210.35824227888776,1172.78,210.36,-0.003580577487582559,0.0017577211122556946,0.003988749008530423
163,25,1328.4223003095294,256.9036878587099,1328.42,256.9,-0.002300309529346123,-0.0036878587098954085,0.004346461295692394
163,26,1478.0438991632086,306.313443806143,1478.04,306.31,-0.0038991632086435857,-0.0034438061430250855,0.005202237449249799
163,27,1784.9181698949874,411.7382052264004,1784.92,411.74,0.0018301050126865448,0.0017947735996131087,0.0025632979989319645
163,31,352.42588900082717,462.5126360362458,352.43,462.51,0.004110999172837637,-0.0026360362458035524,0.00488354392713548
164,13,18.60881756060965,277.1608696113429,18.61,277.16,0.0011824393903481223,-0.0008696113428641183,0.0014677829538064454
164,14,24.264069200412223,415.35642291904,24.26,415.36,-0.004069200412221363,0.0035770809599853237,0.00541792397409857
164,15,37.62618654040954,585.0630850382838,37.63,585.06,0.003813459590460866,-0.0030850382838707446,0.0049050927882177825
164,16,88.34832840069232,1030.6490929462589,88.35,1030.65,0.0016715993076701352,0.0009070537412299018,0.001901838777310642
164,17,956.0204367473173,282.67843919092866,956.02,282.68,-0.0004367473172806058,0.0015608090713499223,0.0016207631462863453
164,18,1092.8720204214094,345.722379579597,1092.87,345.72,-0.0020204214094974304,-0.0023795795969476785,0.0031216184472425933
164,19,1304.760897192054,440.66149374589065,1304.76,440.66,-0.0008971920540261635,-0.0014937458906274514,0.0017424782258536502
164,20,1550.0876791025287,561.5074145811168,1550.09,561.51,0.002320897471236094,0.0025854188831999636,0.0034743281182981326
164,21,1337.2163938423432,376.5315377076893,1337.22,376.53,0.0036061576568044984,-0.001537707689351464,0.003920321158224199
164,22,1344.3086982461787,314.7591172076558,1344.31,314.76,0.0013017538212807267,0.0008827923442140673,0.0015728589683191377
164,23,1645.2563612027684,427.4115542236051,1645.26,427.41,0.003638797231587887,-0.0015542236050691827,0.003956824017714955
164,24,1172.0876854331157,209.51868170916583,1172.09,209.52,0.0023145668842516898,0.00131829083417756,0.0026636648785369273
164,25,1327.816725232147,256.1777658940324,1327.82,256.18,0.0032747678528721735,0.002234105967602318,0.003964257050782822
164,26,1477.7829243724063,305.7350828546073,1477.78,305.74,-0.0029243724063690024,0.004917145392710154,0.005721037736650853
164,27,1784.9386274212407,411.3036539198003,1784.94,411.3,0.0013725787594012218,-0.003653919800285621,0.003903216924240659
164,31,350.06941675062035,462.38447702718435,350.07,462.38,0.0005832493796447125,-0.004477027184350391,0.004514859050764301
165,13,15.956613170457238,276.3706522085072,15.96,276.37,0.0033868295427623707,-0.0006522085071765105,0.0034490564345283454
165,14,21.448051900309167,415.01731718928,21.45,415.02,0.0019480996908320947,0.002682810719988993,0.003315503847789648
165,15,34.719639905307154,585.0473137787128,34.72,585.05,0.00036009469284437046,0.0026862212871492375,0.002710249617903928
165,16,85.26124630051925,1030.9868197096941,85.26,1030.99,-0.0012463005192415721,0.003180290305863309,0.0034157739114042593
165,17,954.765327560488,281.7588293931965,954.77,281.76,0.004672439511978155,0.0011706068034982309,0.004816846611787737
165,18,1091.654015316057,345.29178468469775,1091.65,345.29,-0.004015316056893425,-0.0017846846977249697,0.004394071290618739
165,19,1303.8206728940404,440.49612030941796,1303.82,440.5,-0.0006728940404627792,0.003879690582039075,0.003937611636773365
165,20,1549.5657593268966,561.3805609358376,1549.57,561.38,0.0042406731033679534,-0.0005609358375977536,0.004277611177226126
165,21,1336.4122953817573,375.898653280767,1336.41,375.9,-0.0022953817572215485,0.0013467192329699174,0.0026612835444267424
165,22,1343.4815236846339,314.0693379057418,1343.48,314.07,-0.001523684633866651,0.0006620942581889722,0.0016613198578865407
165,23,1644.9422709020764,426.80866566770385,1644.94,426.81,-0.0022709020763613808,0.0013343322961532067,0.0026339018427002777
165,24,1171.3157640748368,208.3890112818744,1171.32,208.39,0.00423592516312965,0.000988718125597643,0.004349784537137474
165,25,1326.8625439241102,255.3833244205243,1326.86,255.38,-0.0025439241103413224,-0.003324420524307925,0.00418608668109198
165,26,1477.0871932793048,305.0513121409555,1477.09,305.05,0.0028067206951618573,-0.0013121409554628372,0.0030982890355247344
165,27,1784.7039705659304,410.9777404398502,1784.7,410.98,-0.003970565930330849,0.0022595601498096585,0.004568479602418285
165,31,346.80206256296526,462.03835777038825,346.8,462.04,-0.002062562965249981,0.0016422296117752921,0.0026364908654141817
166,13,12.967459877842929,275.7779891563804,12.97,275.78,0.002540122157071778,0.0020108436195869217,0.003239708726919816
166,14,18.336038925231875,414.76298789196,18.34,414.76,0.003961074768124462,-0.002987891960003708,0.0049616138184392245
166,15,31.789729928980364,585.7854853340345,31.79,585.79,0.0002700710196350542,0.004514665965416498,0.004522736686447354
166,17,953.823995670366,280.81912204489737,953.82,280.82,-0.003995670365952719,0.0008779551026236732,0.0040909884912543664
166,18,1090.7405114870428,344.71883851352334,1090.74,344.72,-0.0005114870427860296,0.001161486476689788,0.0012691216767793604
166,19,1303.1155046705303,440.37209023206344,1303.12,440.37,0.004495329469591525,-0.0020902320634377247,0.004957525301922437
166,20,1549.1743194951723,561.7854207018781,1549.17,561.79,-0.00431949517223984,0.004579298121825559,0.006295078222830784
166,21,1335.559221536318,375.4239899605752,1335.56,375.42,0.0007784636818541912,-0.003989960575211171,0.0040651926271340994
166,22,1342.8611427634755,313.30200342930635,1342.86,313.3,-0.001142763475627362,-0.0020034293063417863,0.0023064339025294133
166,23,1644.4567031765573,426.3564992507779,1644.46,426.36,0.003296823442724417,0.0035007492220984204,0.004808772185134161
166,24,1170.4868230561276,207.04175846140578,1170.49,207.04,0.003176943872404081,-0.0017584614057852832,0.0036311374091381053
166,25,1325.8969079430826,254.28749331539322,1325.9,254.29,0.0030920569174668344,0.002506684606771614,0.003980487871942366
166,26,1476.3153949594785,304.28848410571663,1476.32,304.29,0.004605040521482806,0.0015158942833863875,0.004848126822072848
166,27,1784.527977924448,410.7333053298877,1784.53,410.73,0.0020220755520767852,-0.0033053298876666304,0.0038747896981138133
166,31,342.851546922224,462.02876832779117,342.85,462.03,-0.0015469222239516967,0.0012316722088030474,0.0019773681490540505
167,13,11.475594908382197,275.33349186728526,11.48,275.33,0.004405091617803336,-0.0034918672852768395,0.005621207103392283
167,14,16.502029193923907,414.57224091897,16.5,414.57,-0.002029193923906547,-0.002240918970016992,0.003023135096386079
167,15,30.092297446735273,586.3391140005259,30.09,586.34,-0.002297446735273212,0.0008859994741214905,0.0024623680816565786
167,17,953.1179967527745,279.86434153367304,953.12,279.86,0.0020032472255024913,-0.004341533673027698,0.004781413397784885
167,18,1090.0553836152822,344.03912888514253,1090.06,344.04,0.0046163847177922435,0.0008711148574889194,0.0046978557829720265
167,19,1302.3366285028978,440.2790676740476,1302.34,440.28,0.0033714971020799567,0.0009323259523625893,0.003498031502256999
167,20,1548.8807396213792,562.0890655264086,1548.88,562.09,-0.0007396213791253103,0.0009344735914282865,0.0011917552926402745
167,21,1334.9194161522387,374.8179924704314,1334.92,374.82,0.0005838477613906434,0.0020075295685728634,0.0020907063823443054
167,22,1342.1458570726068,312.4765025719798,1342.15,312.48,0.0041429273933317745,0.003497428020239113,0.005421793996747986
167,23,1643.842527382418,426.01737443808344,1643.84,426.02,-0.0025273824180658266,0.0026255619165453936,0.0036443431870176258
167,24,1169.6151172920956,206.03131884605432,1169.62,206.03,0.004882707904243944,-0.0013188460543176461,0.005057686367614693
167,25,1324.672680957312,253.2156199865449,1324.67,253.22,-0.0026809573118953267,0.004380013455090648,0.00513537242806986
167,26,1475.236546219609,303.7163630792875,1475.24,303.72,0.003453780391055261,0.0036369207125517278,0.005015554930316844
167,27,1784.1459834433358,410.5499789974158,1784.15,410.55,0.004016556664282689,2.1002584219331766e-05,0.004016611575188417
167,31,339.138660191668,462.2715762458434,339.14,462.27,0.0013398083319771104,-0.0015762458434096516,0.002068728431984607
168,13,9.356696181286647,275.0001189004639,9.36,275.0,0.003303818713352058,-0.00011890046391727083,0.003305957563402015
168,14,14.12652189544293,414.4291806892275,14.13,414.43,0.003478104557069983,0.0008193107724991933,0.0035733011980302203
168,15,27.819223085051455,587.0043355003944,27.82,587.0,0.0007769149485454818,-0.004335500394404335,0.004404561329707371
168,17,952.0884975645808,279.1482561502548,952.09,279.15,0.001502435419183712,0.0017438497451962576,0.002301808880563021
168,18,1089.0415377114616,343.5293466638569,1089.04,343.53,-0.00153771146165127,0.0006533361430456353,0.001670749728446314
168,19,1301.5024713771734,440.2093007555357,1301.5,440.21,-0.0024713771733786416,0.000699244464271942,0.0025683940417918663
168,20,1548.4105547160343,562.3167991448065,1548.41,562.32,-0.0005547160342302959,0.0032008551935405194,0.0032485664297729087
168,21,1333.939562114179,374.3634943528236,1333.94,374.36,0.0004378858211566694,-0.003494352823565805,0.00352168221847633
168,22,1341.3593928044552,311.8573769289848,1341.36,311.86,0.0006071955447168875,0.0026230710151935455,0.002692431611066943
168,23,1643.3818955368135,425.7630308285626,1643.38,425.76,-0.0018955368134356831,-0.003030828562600618,0.003574770144633866
168,24,1168.7113379690718,205.02348913454074,1168.71,205.02,-0.0013379690717556514,-0.0034891345407288554,0.003736873168878205
168,25,1323.504510717984,252.4117149899087,1323.5,252.41,-0.004510717983976065,-0.0017149899086916776,0.004825740059087247
168,26,1474.1774096647068,303.0372723094656,1474.18,303.04,0.0025903352932346024,0.002727690534413796,0.00376166619769849
168,27,1783.859487582502,410.41248424806184,1783.86,410.41,0.0005124174979300733,-0.0024842480618190166,0.0025365449187500027
168,31,335.35399514375104,462.45368218438256,335.35,462.45,-0.00399514375101262,-0.003682184382569176,0.00543319937223838
169,13,7.0175221359649855,274.50008917534797,7.02,274.5,0.0024778640350140435,-8.917534796637483e-05,0.0024794681725525338
169,14,11.594891421582197,414.32188551692064,11.59,414.32,-0.004891421582197353,-0.001885516920651753,0.0052422494363441085
169,15,25.614417313788593,587.5032516252958,25.61,587.5,-0.004417313788593447,-0.0032516252957748293,0.005485045867722578
169,17,951.0663731734356,278.36119211269107,951.07,278.36,0.003626826564413932,-0.0011921126910579005,0.003817722304793772
169,18,1088.0311532835963,343.1470099978927,1088.03,343.15,-0.0011532835962952959,0.002990002107253531,0.003204711477631702
169,19,1300.87685353288,440.1569755666518,1300.88,440.16,0.0031464671201320016,0.0030244333482301045,0.004364338714623114
169,20,1548.0579160370257,562.2375993586049,1548.06,562.24,0.0020839629742113175,0.0024006413950701244,0.003178990529335989
169,21,1333.204671585634,374.02262076461767,1333.2,374.02,-0.004671585634014264,-0.0026207646176885646,0.005356502545248788
169,22,1340.5195446033413,311.1430326967386,1340.52,311.14,0.0004553966587081959,-0.0030326967386145043,0.0030666978372780127
169,23,1643.0364216526102,425.322273121422,1643.04,425.32,0.00357834738974816,-0.0022731214219788853,0.004239298413744517
169,24,1168.0335034768038,204.01761685090554,1168.03,204.02,-0.0035034768038713082,0.0023831490944701272,0.004237186486542468
169,25,1322.628383038488,251.55878624243152,1322.63,251.56,0.0016169615121270908,0.001213757568478968,0.002021823920805248
169,26,1473.1330572485301,302.5279542320992,1473.13,302.53,-0.0030572485300126573,0.0020457679007677143,0.003678577833630287
169,27,1783.6446156868765,410.05936318604637,1783.64,410.06,-0.004615686876377367,0.0006368139536334638,0.004659409549750327
169,31,331.5154963578133,462.5902616382869,331.52,462.59,0.004503642186705292,-0.0002616382869291556,0.004511235699789898
170,13,6.013141601973739,274.125066881511,6.01,274.13,-0.003141601973739583,0.004933118489020671,0.0058485315240769655
170,14,10.446168566186648,414.24141413769047,10.45,414.24,0.0038314338133513814,-0.001414137690460393,0.004084075228699021
170,15,24.460812985341445,587.8774387189718,24.46,587.88,-0.000812985341443806,0.0025612810281927523,0.0026872115046610353
170,17,950.5497798800767,277.5208940845183,950.55,277.52,0.00022011992325587926,-0.000894084518336058,0.0009207822253618903
170,18,1087.523364962697,342.6102574984195,1087.52,342.61,-0.0033649626971055113,-0.0002574984195007346,0.003374800644328043
170,19,1300.40764014966,439.8677316749888,1300.41,439.87,0.002359850340099001,0.002268325011186789,0.0032732540359771832
170,20,1548.0434370277694,562.4281995189538,1548.04,562.43,-0.0034370277694506512,0.0018004810461889065,0.0038800633868096043
170,21,1332.6535036892255,373.51696557346327,1332.65,373.52,-0.0035036892254538543,0.003034426536714818,0.004635038575382141
170,22,1340.139658452506,310.35727452255395,1340.14,310.36,0.00034154749414483376,0.002725477446062996,0.0027467948594233765
170,23,1642.7773162394576,424.9917048410665,1642.78,424.99,0.0026837605423679634,-0.0017048410664983749,0.003179473810363989
170,24,1167.5251276076028,203.01321263817914,1167.53,203.01,0.004872392397146541,-0.0032126381791499625,0.005836201824980302
170,25,1321.721287278866,250.66908968182364,1321.72,250.67,-0.0012872788659024081,0.0009103181763521206,0.001576631238050306
170,26,1472.3497929363975,301.89596567407443,1472.35,301.9,0.00020706360237454646,0.00403432592554509,0.00403963624710859
170,27,1783.4834617651572,409.7945223895348,1783.48,409.79,-0.003461765157226182,-0.004522389534770355,0.005695245833849987
170,31,328.38662226835993,462.6926962287152,328.39,462.69,0.003377731640057391,-0.002696228715194593,0.004321888512778259
171,13,6.2598562014803045,273.59380016113323,6.26,273.59,0.00014379851969525959,-0.003800161133256097,0.003802880836021136
171,14,10.334626424639985,413.93106060326784,10.33,413.93,-0.004626424639985416,-0.001060603267831084,0.004746439111712923
171,15,24.595609739006083,587.9080790392288,24.6,587.91,0.004390260993918815,0.0019209607711445642,0.004792127072501452
171,17,949.9123349100576,276.89067056338877,949.91,276.89,-0.0023349100575842385,-0.0006705633887804652,0.0024292921263983
171,18,1087.1425237220228,342.20769312381464,1087.14,342.21,-0.0025237220227154467,0.0023068761853437536,0.0034191885853876343
171,19,1300.0557301122449,439.6507987562416,1300.06,439.65,0.004269887755071977,-0.0007987562416360561,0.004343955913043567
171,20,1548.0325777708272,562.3211496392153,1548.03,562.32,-0.0025777708272016753,-0.0011496392152139379,0.0028225117825670326
171,21,1332.2401277669192,373.13772418009745,1332.24,373.14,-0.00012776691914950788,0.0022758199025361137,0.0022794035654987565
171,22,1339.6047438393794,309.76795589191545,1339.6,309.77,-0.004743839379443671,0.002044108084533036,0.005165499967981204
171,23,1642.5829871795931,424.74377863079985,1642.58,424.74,-0.00298717959321948,-0.0037786307998430857,0.004816772014915144
171,24,1167.143845705702,202.25990947863437,1167.14,202.26,-0.0038457057019058993,9.052136562104351e-05,0.0038467709138062076
171,25,1321.0409654591494,250.00181726136773,1321.04,250.0,-0.0009654591494836495,-0.0018172613677336358,0.00205780228593002
171,26,1471.7623447022982,301.4219742555558,1471.76,301.42,-0.002344702298159973,-0.001974255555808213,0.0030651776239944487
171,27,1783.6125963238678,409.34589179215106,1783.61,409.35,-0.0025963238679196365,0.004108207848958045,0.004859863100681918
171,31,326.2899667012699,462.5195221715364,326.29,462.52,3.3298730102160334e-05,0.00047782846360178155,0.00047898731304122825
172,13,5.944892151110229,273.1953501208499,5.94,273.2,-0.004892151110228227,0.004649879150065317,0.006749408758959515
172,14,10.00096981847999,413.6982954524509,10.0,413.7,-0.0009698184799891152,0.0017045475490817807,0.0019611298353778375
172,15,24.446707304254563,588.1810592794216,24.45,588.18,0.003292695745436447,-0.0010592794216108814,0.003458889730110453
172,17,949.4342511825432,276.1680029225416,949.43,276.17,-0.00425118254327117,0.001997077458440799,0.00469690018961718
172,18,1086.856892791517,341.655769842861,1086.86,341.66,0.0031072084827883373,0.004230157139033963,0.005248711649198478
172,19,1299.7917975841838,439.4880990671812,1299.79,439.49,-0.0017975841838051565,0.001900932818784895,0.002616267279809144
172,20,1548.5244333281203,562.4908622294115,1548.52,562.49,-0.004433328120285296,-0.0008622294114957185,0.004516396548152145
172,21,1331.9300958251893,372.6032931350731,1331.93,372.6,-9.582518919160066e-05,-0.0032931350730791564,0.003294528961236745
172,22,1339.2035578795344,309.0759669189366,1339.2,309.08,-0.0035578795343553793,0.004033081063369082,0.0053781269643520995
172,23,1642.4372403846949,424.3078339730999,1642.44,424.31,0.0027596153051945294,0.0021660269001131383,0.0035081546665843605
172,24,1166.6078842792765,201.44493210897576,1166.61,201.44,0.0021157207233954978,-0.004932108975765459,0.0053667469782198015
172,25,1320.530724094362,249.2513629460258,1320.53,249.25,-0.0007240943621127371,-0.0013629460258073323,0.00154335171445379
172,26,1471.0717585267237,300.81648069166687,1471.07,300.82,-0.0017585267237336666,0.003519308333125082,0.003934202254801995
172,27,1783.7094472429008,409.00941884411327,1783.71,409.01,0.0005527570992853725,0.0005811558867208078,0.0008020489857113639
172,31,324.46747502595247,462.63964162865227,324.47,462.64,0.0025249740475601357,0.000358371347715547,0.0025502791932876037
173,13,4.708669113332672,272.8965125906374,4.71,272.9,0.0013308866673282793,0.0034874093625489877,0.0037327313569645634
173,14,8.750727363859992,413.52372158933815,8.75,413.52,-0.0007273638599922805,-0.003721589338169906,0.003792002819988771
173,15,23.585030478190923,588.3857944595661,23.59,588.39,0.004969521809076838,0.004205540433872557,0.006510201022382281
173,17,949.0756883869074,275.3760021919062,949.08,275.38,0.00431161309268191,0.003997808093799904,0.005879836478664869
173,18,1086.642669593638,340.99182738214574,1086.64,340.99,-0.002669593637847356,-0.001827382145734191,0.0032351283896907674
173,19,1299.8438481881378,439.1160743003859,1299.84,439.12,-0.003848188137908437,0.003925699614114819,0.005497241981666847
173,20,1549.14332499609,562.3681466720586,1549.14,562.37,-0.0033249960899865982,0.0018533279413759374,0.003806628883501902
173,21,1331.6975718688918,371.95246985130484,1331.7,371.95,0.0024281311082177126,-0.002469851304852,0.0034635222168731216
173,22,1338.9026684096507,308.3069751892025,1338.9,308.31,-0.002668409650596004,0.0030248107975126004,0.004033595223140604
173,23,1642.5779302885212,423.73087547982493,1642.58,423.73,0.0020697114787253668,-0.0008754798249128726,0.002247258447307968
173,24,1165.9559132094573,200.58369908173182,1165.96,200.58,0.00408679054271488,-0.0036990817318098834,0.005512264743155338
173,25,1319.8980430707716,248.43852220951936,1319.9,248.44,0.0019569292285268602,0.0014777904806351216,0.002452230965899932
173,26,1470.5538188950427,300.11236051875017,1470.55,300.11,-0.003818895042741133,-0.002360518750151641,0.004489544310650053
173,27,1784.0320854321756,408.50706413308495,1784.03,408.51,-0.0020854321755905403,0.002935866915038332,0.0036011584110956555
173,31,322.3506062694644,462.7297312214892,322.35,462.73,-0.0006062694643560462,0.00026877851081508197,0.0006631776166959651
174,13,3.5315018349995038,272.42238444297806,3.53,272.42,-0.0015018349995039593,-0.002384442978041079,0.0028179916041862984
174,14,7.813045522894994,413.39279119200364,7.81,413.39,-0.003045522894994157,-0.0027911920036558513,0.0041310970099001495
174,15,22.68877285864319,588.5393458446746,22.69,588.54,0.0012271413568107903,0.0006541553253782695,0.0013906096142757595
174,17,948.8067662901806,274.5320016439297,948.81,274.53,0.0032337098193693237,-0.002001643929702368,0.0038030852760883396
174,18,1086.7320021952285,340.2438705366093,1086.73,340.24,-0.0020021952284423605,-0.003870536609269948,0.004357733284231179
174,19,1300.3828861411034,438.5870557252894,1300.38,438.59,-0.002886141103317641,0.0029442747105576927,0.004122931486150255
174,20,1550.1074937470676,562.026110004044,1550.11,562.03,0.0025062529323349736,0.0038899959560012576,0.00462745851397328
174,21,1332.0231789016689,371.21435238847863,1332.02,371.21,-0.0031789016688890115,-0.004352388478650937,0.005389684711516877
174,22,1339.177001307238,307.48023139190184,1339.18,307.48,0.0029986927620484494,-0.0002313919018206434,0.0030076071042258717
174,23,1643.183447716391,423.04815660986867,1643.18,423.05,-0.0034477163908377406,0.0018433901313414935,0.00390958252093218
174,24,1165.716934907093,199.43777431129888,1165.72,199.44,0.00306509290703616,0.0022256887011167237,0.0037879393768963654
174,25,1319.6735323030787,247.57889165713954,1319.67,247.58,-0.0035323030786003073,0.0011083428604763412,0.003702106013535821
174,26,1470.665364171282,299.3342703890626,1470.67,299.33,0.004635828718164703,-0.004270389062639879,0.006302946188130983
174,27,1784.7740640741317,407.88029809981373,1784.77,407.88,-0.004064074131747475,-0.00029809981373318806,0.004074992275733385
174,31,320.5129547020983,462.5472984161169,320.51,462.55,-0.0029547020982931826,0.002701583883094827,0.004003600875094302
175,13,2.898626376249628,271.56678833223356,2.9,271.57,0.0013736237503718662,0.0032116677664362214,0.003493086321514414
175,14,7.109784142171245,412.79459339400273,7.11,412.79,0.00021585782875543913,-0.004593394002711193,0.004598463120041104
175,15,22.266579643982393,588.4045093835059,22.27,588.4,0.003420356017606707,-0.004509383505933329,0.0056598034321663476
175,17,948.8550747176355,273.6490012329473,948.86,273.65,0.004925282364524719,0.0009987670526925285,0.005025529026465007
175,18,1087.0490016464214,339.43290290245693,1087.05,339.43,0.000998353578552269,-0.002902902456924039,0.0030697805364917775
175,19,1301.0371646058275,437.94029179396705,1301.04,437.94,0.002835394172507222,-0.000291793967051035,0.002850369069558413
175,20,1551.3306203103007,561.769582503033,1551.33,561.77,-0.0006203103007464961,0.0004174969669747952,0.0007477222657145912
175,21,1332.5173841762517,370.410764291359,1332.52,370.41,0.002615823748328694,-0.0007642913589620548,0.0027251926837756706
175,22,1339.6327509804285,306.6101735439264,1339.63,306.61,-0.0027509804283454287,-0.00017354392639390426,0.0027564489495595255
175,23,1644.1375857872931,422.2861174574015,1644.14,422.29,0.002414212706980834,0.003882542598546479,0.004571931760653889
175,24,1165.7877011803198,198.32833073347416,1165.79,198.33,0.002298819680163433,0.0016692665258517536,0.0028409545325886318
175,25,1319.755149227309,246.68416874285464,1319.76,246.68,0.004850772691042948,-0.004168742854631091,0.0063959684714830975
175,26,1470.9990231284614,298.500702791797,1471.0,298.5,0.0009768715385689575,-0.0007027917969821829,0.0012034094534993183
175,27,1785.8305480555987,407.1602235748603,1785.83,407.16,-0.0005480555987560365,-0.0002235748602856802,0.0005919042637788641
175,31,318.6347160265737,462.1604738120877,318.63,462.16,-0.004716026573703402,-0.0004738120876481844,0.004739768405552974
176,13,3.1739697821872213,270.9250912491752,3.17,270.93,-0.003969782187221327,0.004908750824824892,0.006313082074090183
176,14,7.332338106628434,412.34594504550205,7.33,412.35,-0.0023381066284340335,0.004054954497973995,0.004680747652519488
176,15,22.699934732986794,588.3033820376295,22.7,588.3,6.526701320552775e-05,-0.0033820376295352617,0.0033826673366746047
176,17,949.3913060382266,272.73675092471046,949.39,272.74,-0.001306038226630335,0.0032490752895455444,0.003501746148217368
176,18,1087.7867512348162,338.82467717684267,1087.79,338.82,0.003248765183798241,-0.004677176842676545,0.005694774660785916
176,19,1302.0278734543706,437.4552188454753,1302.03,437.46,0.0021265456293804164,0.004781154524664544,0.00523274640151395
176,20,1552.9979652327256,561.5771868772747,1553.0,561.58,0.002034767274381011,0.0028131227253425095,0.0034718780693927596
176,21,1333.3880381321887,369.8080732185192,1333.39,369.81,0.0019618678113602073,0.001926781480790396,0.0027498022081539103
176,22,1340.4745632353213,305.7076301579448,1340.47,305.71,-0.004563235321256798,0.002369842055202298,0.00514191287010691
176,23,1645.1031893404697,421.71458809305113,1645.1,421.71,-0.0031893404698166705,-0.004588093051154374,0.00558770887560022
176,24,1166.34077588524,197.24624805010563,1166.34,197.25,-0.0007758852400456817,0.003751949894365225,0.003831334743343104
176,25,1320.3163619204818,245.763126557141,1320.32,245.76,0.0036380795181685244,-0.00312655714100174,0.0047969763535446255
176,26,1471.4992673463462,297.6255270938477,1471.5,297.63,0.0007326536538130313,0.004472906152273026,0.0045325126390874495
176,27,1786.872911041699,406.62016768114523,1786.87,406.62,-0.00291104169900791,-0.000167681145228471,0.0029158670648416042
176,31,317.2260370199303,461.87035535906574,317.23,461.87,0.003962980069729838,-0.0003553590657361383,0.00397888063388144
177,13,3.880477336640416,269.9438184368814,3.88,269.94,-0.0004773366404160484,-0.0038184368813745095,0.0038481567646504178
177,14,7.999253579971326,411.50945878412654,8.0,411.51,0.0007464200286744216,0.0005412158734543482,0.0009219856185891824
177,15,23.274951049740096,587.7275365282221,23.27,587.73,-0.004951049740096636,0.0024634717779008497,0.005530062090919499
177,17,949.79347952867,271.5525631935328,949.79,271.55,-0.003479528670027321,-0.0025631935328078725,0.004321698838670992
177,18,1088.340063426112,337.868507882632,1088.34,337.87,-6.342611209220195e-05,0.0014921173680022548,0.001493464800920701
177,19,1302.770905090778,436.84141413410646,1302.77,436.84,-0.0009050907779055706,-0.0014141341064828339,0.0016789772444460685
177,20,1554.2484739245442,561.1828901579561,1554.25,561.18,0.001526075455785758,-0.002890157956130679,0.003268320563858015
177,21,1334.2910285991416,368.8560549138894,1334.29,368.86,-0.0010285991415912576,0.003945086110604734,0.004076974443649194
177,22,1341.355922426491,304.7807226184586,1341.36,304.78,0.004077573508993737,-0.0007226184586102136,0.004141108928532513
177,23,1646.0773920053523,421.03594106978835,1646.08,421.04,0.0026079946476329496,0.004058930211670031,0.0048245777582385215
177,24,1167.00558191393,195.93468603757924,1167.01,195.93,0.004418086070018035,-0.004686037579233471,0.006440375199945706
177,25,1320.9872714403614,244.57234491785573,1320.99,244.57,0.0027285596386263933,-0.002344917855737094,0.0035977322651492075
177,26,1472.1244505097598,296.7191453203858,1472.12,296.72,-0.004450509759863053,0.0008546796142354651,0.004531833444162083
177,27,1788.1546832812742,405.96512576085894,1788.15,405.97,-0.004683281274083129,0.00487423914108831,0.006759536278229077
177,31,315.9195277649477,461.1527665192993,315.92,461.15,0.000472235052313863,-0.002766519299314041,0.002806534335815425
178,13,4.4103580024803115,268.707863827661,4.41,268.71,-0.00035800248031137016,0.0021361723389645704,0.002165963535627148
178,14,8.499440184978495,410.6320940880949,8.5,410.63,0.0005598150215053721,-0.002094088094906965,0.0021676249231668615
178,15,23.956213287305072,587.0456523961666,23.96,587.05,0.0037867126949286956,0.00434760383336652,0.0057654880214806975
178,17,950.3451096465025,270.4144223951496,950.35,270.41,0.004890353497557953,-0.004422395149560998,0.0065934161244333685
178,18,1089.005047569584,336.901380911974,1089.01,336.9,0.004952430416096831,-0.0013809119740244569,0.005141350494401753
178,19,1303.8281788180834,436.1310606005799,1303.83,436.13,0.001821181916511705,-0.0010606005798763363,0.002107504961575006
178,20,1555.686355443408,560.6371676184671,1555.69,560.64,0.003644556592007575,0.002832381532925865,0.0046157532321827325
178,21,1335.218271449356,367.89204118541704,1335.22,367.89,0.0017285506439748133,-0.0020411854170561128,0.002674757042347637
178,22,1342.2669418198682,303.8355419638439,1342.27,303.84,0.003058180131802146,0.004458036156052003,0.005406158718278285
178,23,1647.3080440040142,420.27695580234126,1647.31,420.28,0.0019559959857815556,0.0030441976587098907,0.0036184333186737518
178,24,1167.7541864354475,194.70101452818443,1167.75,194.7,-0.004186435447536496,-0.0010145281844415877,0.004307610613021614
178,25,1321.7404535802712,243.4292586883918,1321.74,243.43,-0.00045358027114161814,0.0007413116082091165,0.000869067294767494
178,26,1472.8433378823197,295.5393589902893,1472.84,295.54,-0.0033378823197836027,0.0006410097107050206,0.0033988750830152756
178,27,1789.6160124609555,405.2238443206442,1789.62,405.22,0.003987539044373989,-0.003844320644191157,0.005538886968133701
178,31,315.18964582371075,460.36457488947445,315.19,460.36,0.0003541762892496081,-0.004574889474440624,0.004588578706660074
179,13,5.307768501860234,267.5308978707458,5.31,267.53,0.002231498139765975,-0.0008978707458027202,0.0024053598117427964
179,14,9.37458013873387,409.4740705660712,9.37,409.47,-0.004580138733871308,-0.004070566071163739,0.006127575292170441
179,15,24.967159965478803,586.0342392971249,24.97,586.03,0.0028400345211956335,-0.004239297124968289,0.005102689114118879
179,17,951.0088322348769,269.3108167963622,951.01,269.31,0.0011677651231138952,-0.0008167963621872332,0.0014250725174683246
179,18,1089.7537856771878,335.9260356839805,1089.75,335.93,-0.0037856771878068685,0.003964316019505532,0.005481528370152754
179,19,1304.8711341135627,435.0982954504349,1304.87,435.1,-0.0011341135627844778,0.0017045495651473175,0.0020473648412863816
179,20,1556.7647665825561,559.9778757138503,1556.76,559.98,-0.004766582556158028,0.002124286149751242,0.005218515201730753
179,21,1336.1637035870172,366.9190308890628,1336.16,366.92,-0.003703587017071186,0.0009691109372056417,0.0038282806586808446
179,22,1343.450206364901,302.6266564728829,1343.45,302.63,-0.00020636490103242977,0.003343527117067424,0.00334988955861881
179,23,1648.4810330030107,419.45771685175595,1648.48,419.46,-0.0010330030106615595,0.002283148244032418,0.002505965108349308
179,24,1168.8156398265855,193.2757608961383,1168.82,193.28,0.00436017341439765,0.0042391038616926835,0.00608120989226962
179,25,1322.5553401852035,242.07194401629386,1322.56,242.07,0.004659814796468709,-0.0019440162938622052,0.00504906657593168
179,26,1473.88250341174,294.404519242717,1473.88,294.4,-0.0025034117397808586,-0.004519242717037741,0.005166297036986094
179,27,1790.9620093457165,404.41788324048315,1790.96,404.42,-0.002009345716487587,0.0021167595168662956,0.0029185854554237486
179,31,314.6422343677831,459.52343116710585,314.64,459.52,-0.0022343677831031528,-0.003431167105873101,0.004094546018619755
180,13,6.480826376395175,266.39817340305933,6.48,266.4,-0.0008263763951745773,0.0018265969406456861,0.0020048327436666406
180,14,10.280935104050403,408.6055529245534,10.28,408.61,-0.0009351040504039787,0.004447075446591953,0.0045443260900559215
180,15,26.225369974109103,585.0256794728436,26.23,585.03,0.004630025890897116,0.004320527156323806,0.006332779378670088
180,17,951.7566241761576,267.98311259727166,951.76,267.98,0.0033758238423615694,-0.003112597271638151,0.004591780525032321
180,18,1090.8153392578909,334.9445267629854,1090.82,334.94,0.004660742109081184,-0.004526762985392452,0.006497237884923231
180,19,1306.1533505851721,434.3237215878262,1306.15,434.32,-0.0033505851720292412,-0.003721587826191808,0.005007657830071987
180,20,1558.323574936917,559.2334067853877,1558.32,559.23,-0.003574936917175364,-0.0034067853877104426,0.0049382548172102955
180,21,1337.3727776902629,365.9392731667971,1337.37,365.94,-0.0027776902629739197,0.0007268332029184421,0.0028712104941792066
180,22,1344.5876547736757,301.46999235466217,1344.59,301.47,0.002345226324223404,7.645337859685242e-06,0.002345238785928078
180,23,1649.860774752258,418.59328763881695,1649.86,418.59,-0.0007747522581666999,-0.003287638816971139,0.003377693007422343
180,24,1169.8617298699392,191.95682067210373,1169.86,191.96,-0.0017298699392540584,0.003179327896276618,0.0036194717679210522
180,25,1323.4165051389027,240.8039580122204,1323.42,240.8,0.0034948610973515315,-0.003958012220380169,0.005280143447526772
180,26,1474.911877558805,293.30338943203776,1474.91,293.3,-0.001877558804835644,-0.0033894320377498843,0.0038747227777147083
180,27,1792.4715070092875,403.56341243036235,1792.47,403.56,-0.0015070092874793772,-0.003412430362345731,0.0037303830862805655
180,31,313.9816757758373,458.6425733753294,313.98,458.64,-0.0016757758372705212,-0.0025733753294048256,0.003070909513933797
181,13,7.360619782296381,265.04863005229447,7.36,265.05,-0.000619782296380933,0.001369947705541108,0.0015036245578017701
181,14,11.210701328037803,407.45416469341507,11.21,407.45,-0.0007013280378025399,-0.004164693415077636,0.004223331890604737
181,15,27.16902748058183,584.0192596046327,27.17,584.02,0.0009725194181733343,0.0007403953673019714,0.001222284467154198
181,17,952.5674681321182,266.73733444795374,952.57,266.74,0.002531867881884864,0.002665552046266839,0.003676346376863513
181,18,1091.8615044434182,333.70839507223906,1091.86,333.71,-0.0015044434182982513,0.001604927760922692,0.002199805245161774
181,19,1307.365012938879,433.24279119086964,1307.37,433.24,0.004987061120800718,-0.002791190869629645,0.005715026254822108
181,20,1559.992681202688,558.4250550890408,1559.99,558.43,-0.002681202687881523,0.004944910959125082,0.005625032644098916
181,21,1338.529583267697,364.9544548750978,1338.53,364.95,0.0004167323029378167,-0.00445487509779241,0.004474324300857369
181,22,1345.6907410802569,300.3524942659966,1345.69,300.35,-0.0007410802568301733,-0.0024942659965745406,0.002602030516487357
181,23,1651.3955810641935,417.4449657291127,1651.4,417.44,0.004418935806597801,-0.00496572911271187,0.006647214400308326
181,24,1170.8962974024544,190.4676155040778,1170.9,190.47,0.003702597545725439,0.002384495922200358,0.004403981084042276
181,25,1324.312378854177,239.3529685091653,1324.31,239.35,-0.0023788541770954907,-0.002968509165299338,0.003804075953546516
181,26,1475.9339081691037,292.2275420740283,1475.93,292.23,-0.003908169103624459,0.002457925971725672,0.004616837210148133
181,27,1793.8536302569655,402.42255932277175,1793.85,402.42,-0.003630256965607259,-0.0025593227717308764,0.004441722490908255
181,31,313.736256831878,457.48193003149703,313.74,457.48,0.00374316812201414,-0.0019300314970109866,0.004211452144939716
182,13,7.770464836722286,263.5364725392209,7.77,263.54,-0.0004648367222861438,0.0035274607791393464,0.003557956257003744
182,14,11.658025996028353,406.3406235200613,11.66,406.34,0.0019740039716467095,-0.0006235200613105008,0.002070137422234001
182,15,27.87677061043637,583.2644447034745,27.88,583.26,0.003229389563628615,-0.004444703474518974,0.005494028206159344
182,17,953.1756010990887,265.3030008359653,953.18,265.3,0.004398900911269266,-0.0030008359652811123,0.005324973776244368
182,18,1092.6461283325636,332.2812963041793,1092.65,332.28,0.0038716674364422943,-0.001296304179334129,0.004082917249194107
182,19,1308.5237597041594,432.18209339315223,1308.52,432.18,-0.0037597041593926406,-0.0020933931522222338,0.004303216268783765
182,20,1561.744510902016,557.8187913167806,1561.74,557.82,-0.004510902015908869,0.0012086832194881936,0.004670026993733874
182,21,1339.647187450773,363.71584115632334,1339.65,363.72,0.002812549227201089,0.004158843676691504,0.005020598956557509
182,22,1346.7680558101927,299.0143706994975,1346.77,299.01,0.0019441898073182529,-0.004370699497485475,0.0047836061819719194
182,23,1652.796685798145,416.33372429683453,1652.8,416.33,0.0033142018548915075,-0.003724296834548113,0.004985410800204072
182,24,1171.4222230518408,188.85071162805835,1171.42,188.85,-0.0022230518407013733,-0.0007116280583545631,0.0023341752247599684
182,25,1324.9842841406328,237.76472638187397,1324.98,237.76,-0.004284140632762501,-0.004726381873979335,0.006379070980947547
182,26,1476.9504311268279,290.9206565555212,1476.95,290.92,-0.000431126827834305,-0.0006565555211750507,0.0007854524136215465
182,27,1795.1402226927241,401.3169194920788,1795.14,401.32,-0.00022269272403718787,0.0030805079211972952,0.003088546762135614
182,31,313.55219262390847,456.36144752362276,313.55,456.36,-0.002192623908456426,-0.0014475236227440291,0.0026273416683668554
183,13,8.577848627541714,262.15235440441563,8.58,262.15,0.002151372458286005,-0.0023544044156551536,0.0031892982937831407
183,14,12.493519497021264,405.00546764004594,12.49,405.01,-0.003519497021263973,0.0045323599540552095,0.005738392286678327
183,15,28.65757795782728,582.1983335276059,28.66,582.2,0.0024220421727214614,0.0016664723941630655,0.0029399691370742102
183,17,953.8817008243166,263.97725062697396,953.88,263.98,-0.001700824316571925,0.00274937302606304,0.0032329329396517635
183,18,1093.4845962494228,330.9609722281345,1093.48,330.96,-0.004596249422775145,-0.0009722281345148076,0.004697950223438196
183,19,1309.6428197781195,431.1365700448642,1309.64,431.14,-0.00281977811937395,0.0034299551358003555,0.004440241083106111
183,20,1563.308383176512,557.1140934875855,1563.31,557.11,0.0016168234878932708,-0.0040934875854645725,0.004401222421482006
183,21,1340.7353905880796,362.53688086724253,1340.74,362.54,0.004609411920455386,0.003119132757490206,0.005565578802899539
183,22,1347.8260418576444,297.7607780246231,1347.83,297.76,0.003958142355486416,-0.0007780246231163801,0.004033883144126877
183,23,1654.097514348609,415.5002932226259,1654.1,415.5,0.0024856513909981004,-0.00029322262588493686,0.002502886802454647
183,24,1172.0666672888806,187.38803372104377,1172.07,187.39,0.0033327111193557357,0.001966278956217593,0.0038695240455050165
183,25,1325.7382131054746,236.57354478640548,1325.74,236.57,0.0017868945253667334,-0.0035447864054845013,0.0039696980622326095
183,26,1477.7128233451208,289.6904924166409,1477.71,289.69,-0.002823345120759768,-0.0004924166408954989,0.0028659643785554625
183,27,1796.3551670195432,400.4876896190591,1796.36,400.49,0.004832980456740188,0.0023103809409121823,0.005356823703218434
183,31,313.41414446793135,455.2710856427171,313.41,455.27,-0.004144467931325835,-0.0010856427171006544,0.004284300939824598
184,13,8.433386470656286,260.6142658033117,8.43,260.61,-0.003386470656286278,-0.004265803311682248,0.005446582543195986
184,14,12.370139622765947,403.75410073003445,12.37,403.75,-0.00013962276594803313,-0.004100730034451772,0.004103106302818123
184,15,28.49318346837046,581.3987501457044,28.49,581.4,-0.00318346837046235,0.0012498542955654557,0.0034200302083282294
184,17,954.4112756182374,262.23293797023047,954.41,262.23,-0.001275618237400522,-0.0029379702304481725,0.0032029472306905876
184,18,1094.363447187067,329.47072917110086,1094.36,329.47,-0.0034471870671950455,-0.0007291711008292623,0.003523462667678109
184,19,1310.9821148335895,430.10242753364815,1310.98,430.1,-0.0021148335895304626,-0.002427533648130975,0.0032195404523339016
184,20,1565.481287382384,556.335570115689,1565.48,556.34,-0.001287382383907243,0.0044298843109800146,0.004613158181881646
184,21,1342.0515429410598,361.1526606504319,1342.05,361.15,-0.001542941059824443,-0.002660650431948852,0.0030756670553104067
184,22,1349.1195313932333,296.32058351846734,1349.12,296.32,0.00046860676661708567,-0.0005835184673514959,0.0007483890054373853
184,23,1656.0731357614568,414.3752199169694,1656.07,414.38,-0.003135761456860564,0.004780083030595961,0.005716834237033968
184,24,1172.8000004666605,185.54102529078284,1172.8,185.54,-4.6666059461131226e-07,-0.0010252907828487423,0.0010252908890489066
184,25,1326.803659829106,234.9301585898041,1326.8,234.93,-0.003659829106027246,-0.00015858980410143886,0.0036632635465236626
184,26,1479.0346175088407,288.2678693124807,1479.03,288.27,-0.004617508840738083,0.0021306875192976804,0.005085392531475348
184,27,1798.5163752646574,399.36576721429435,1798.52,399.37,0.003624735342555141,0.004232785705653441,0.00557271757166577
184,31,313.06060835094854,454.2033142320378,313.06,454.2,-0.0006083509485392824,-0.003314232037837428,0.0033696030741345007
185,13,7.825039852992214,258.96069935248374,7.83,258.96,0.00496014700778602,-0.0006993524837639598,0.005009206747120289
185,14,11.77760471707446,402.31557554752584,11.78,402.32,0.002395282925538922,0.00442445247415435,0.005031218539223758
185,15,27.869887601277846,580.2990626092783,27.87,580.3,0.00011239872215540458,0.0009373907216740918,0.0009441053107693243
185,17,955.308456713678,260.67470347767284,955.31,260.67,0.0015432863219757564,-0.004703477672819645,0.004950195439607446
185,18,1095.5225853903003,328.10304687832564,1095.52,328.1,-0.0025853903002825973,-0.003046878325619673,0.003995961778586762
185,19,1312.7365861251922,428.82682065023613,1312.74,428.83,0.0034138748078476056,0.0031793497638545887,0.004665062285176776
185,20,1567.610965536788,555.5016775867668,1567.61,555.5,-0.000965536788044119,-0.0016775867668457067,0.001935602916241445
185,21,1343.7886572057948,359.86449548782394,1343.79,359.86,0.001342794205129394,-0.004495487823930944,0.004691748826657332
185,22,1351.089648544925,294.7404376388505,1351.09,294.74,0.00035145507490597083,-0.00043763885048520024,0.0005612917540202858
185,23,1658.5548518210926,413.03141493772705,1658.55,413.03,-0.004851821092643149,-0.0014149377270769037,0.00505393081536763
185,24,1174.3500003499953,183.90576896808713,1174.35,183.91,-3.4999538911506534e-07,0.004231031912866001,0.004231031927341994
185,25,1328.6027448718296,233.19761894235307,1328.6,233.2,-0.0027448718296909647,0.0023810576469145417,0.0036336974116402757
185,26,1481.0259631316305,286.7009019843605,1481.03,286.7,0.004036868369439617,-0.0009019843604960442,0.004136409314702974
185,27,1801.387281448493,398.02432541072073,1801.39,398.02,0.002718551507086886,-0.004325410720753098,0.005108786568245948
185,31,312.2954562632114,452.90248567402836,312.3,452.9,0.004543736788605202,-0.002485674028378071,0.005179200650629166
186,13,7.118779889744161,257.4705245143628,7.12,257.47,0.0012201102558391241,-0.0005245143627803373,0.0013280754320318844
186,14,11.083203537805845,400.73668166064436,11.08,400.74,-0.003203537805845258,0.0033183393556441843,0.004612377971577883
186,15,27.402415700958386,579.2242969569587,27.4,579.22,-0.00241570095838739,-0.00429695695868304,0.004929447253509095
186,17,956.2313425352585,259.0060276082546,956.23,259.01,-0.0013425352584590655,0.003972391745378445,0.004193124980125987
186,18,1096.8919390427252,326.82728515874425,1096.89,326.83,-0.0019390427250982611,0.0027148412557380652,0.0033362028915540983
186,19,1314.3024395938942,427.6201154876771,1314.3,427.62,-0.002439593894223435,-0.00011548767707836305,0.0024423258939562553
186,20,1569.708224152591,554.6262581900751,1569.71,554.63,0.0017758474091351673,0.003741809924918016,0.004141832388538562
186,21,1345.591492904346,358.648371615868,1345.59,358.65,-0.0014929043461506808,0.0016283841320046122,0.0022091623453517413
186,22,1352.8172364086938,293.3053282291379,1352.82,293.31,0.002763591306120361,0.004671770862103131,0.005427971987331906
186,23,1660.9161388658194,411.7735612032953,1660.92,411.77,0.0038611341806245036,-0.003561203295305404,0.005252668471480084
186,24,1175.7625002624964,182.17932672606534,1175.76,182.18,-0.0025002624963690323,0.0006732739346659855,0.0025893262331830886
186,25,1330.2020586538722,231.6482142067648,1330.2,231.65,-0.0020586538721545367,0.0017857932352001171,0.0027252730586536404
186,26,1483.019472348723,285.2756764882704,1483.02,285.28,0.0005276512770251429,0.004323511729580787,0.004355590608168875
186,27,1804.0404610863698,397.0182440580405,1804.04,397.02,-0.0004610863697962486,0.0017559419594590508,0.0018154704088474628
186,31,311.72159219740854,451.67686425552125,311.72,451.68,-0.0015921974085131296,0.003135744478754532,0.0035168147553880993
187,13,7.089084917308121,255.85289338577212,7.09,255.85,0.0009150826918791211,-0.0028933857721256118,0.0030346429047444215
187,14,11.062402653354384,399.3025112454833,11.06,399.3,-0.0024026533543839435,-0.002511245483276525,0.0034754995351185367
187,15,27.30181177571879,577.918222717719,27.3,577.92,-0.0018117757187887662,0.0017772822809547506,0.002537964452349219
187,17,957.4235069014438,257.504520706191,969.9,258.9,12.476493098556148,1.3954792938089895,12.554291795946469
187,18,1098.4189542820438,325.3704638690582,1103.6,322.3,5.181045717956067,-3.0704638690581874,6.022539589138678
187,19,1316.2268296954207,426.4650866157578,1316.2,424.4,-0.026829695420701682,-2.0650866157578207,2.065260894690658
187,20,1572.281168114443,553.9696936425563,1566.0,545.7,-6.281168114443062,-8.269693642556263,10.384647602284426
187,21,1347.6936196782594,357.486278711901,1357.0,352.3,9.306380321740562,-5.186278711900968,10.65392892647577
187,22,1354.8629273065203,291.9789961718534,1372.5,284.7,17.637072693479695,-7.278996171853407,19.08009744380106
187,23,1663.4371041493646,410.8301709024715,1685.3,400.4,21.86289585063537,-10.430170902471502,24.22343245765332
187,24,1177.3218751968723,180.634495044549,1201.2,170.2,23.878124803127776,-10.43449504454901,26.058463710442787
187,25,1332.1515439904042,230.2361606550736,1352.9,224.0,20.748456009595884,-6.236160655073604,21.665366982768226
187,26,1485.2646042615422,283.9567573662028,1505.0,271.5,19.735395738457782,-12.456757366202794,23.337880131536906
187,27,1807.0303458147773,396.01368304353036,1845.5,376.3,38.46965418522268,-19.713683043530352,43.226653725119604
187,31,311.79119414805643,450.25764819164095,311.79,450.26,-0.001194148056413269,0.002351808359037477,0.0026376110665286
188,13,7.0668136879810906,254.13967003932908,7.07,254.14,0.0031863120189097316,0.00032996067091062287,0.003203351108791604
188,14,11.046801990015789,397.97688343411244,11.05,397.98,0.003198009984211936,0.003116565887580691,0.004465450793677033
188,15,27.476358831789092,576.9386670382893,27.48,576.94,0.0036411682109083188,0.0013329617107729064,0.0038774853787623647
188,17,958.8176301760828,255.87839052964324,958.82,255.88,0.002369823917206304,0.0016094703567546276,0.002864691995282372
188,18,1100.0642157115328,324.0278479017936,1100.06,324.03,-0.004215711532879141,0.0021520982063520933,0.004733260020137716
188,19,1318.4201222715656,425.59881496181833,1318.42,425.6,-0.00012227156548760831,0.0011850381816884692,0.0011913294371358007
188,20,1574.9608760858323,553.4772702319173,1574.96,553.48,-0.0008760858322602871,0.00272976808275871,0.0028669077716479414
188,21,1349.7702147586947,356.36470903392575,1349.77,356.36,-0.00021475869471032638,-0.004709033925735184,0.004713928490195689
188,22,1356.8971954798903,290.48424712889005,1356.9,290.48,0.0028045201097484096,-0.004247128890028762,0.005089541910083871
188,23,1666.0778281120233,409.8726281768536,1666.08,409.87,0.0021718879766012833,-0.0026281768535909578,0.0034094590416452407
188,24,1178.9914063976541,178.97587128341175,1178.99,178.98,-0.0014063976541365264,0.004128716588240877,0.004361680298643644
188,25,1334.1136579928032,228.6771204913052,1334.11,228.68,-0.0036579928032551834,0.0028795086948036897,0.004655371271135822
188,26,1487.4484531961566,282.4675680246521,1487.45,282.47,0.0015468038434391929,0.0024319753479176143,0.0028822050973095685
188,27,1810.022759361083,395.0102622826478,1810.02,395.01,-0.002759361083008116,-0.00026228264778183075,0.0027717982923992092
188,31,312.0933956110423,449.1932361437307,312.09,449.19,-0.003395611042321889,-0.0032361437307031338,0.00469071429491368
189,13,6.800110265985818,252.6047525294968,6.8,252.6,-0.0001102659858185362,-0.004752529496812485,0.004753808494849289
189,14,10.785101492511842,396.7326625755843,10.79,396.73,0.004898507488157122,-0.0026625755842815124,0.005575364055695684
189,15,27.357269123841817,576.204000278717,27.36,576.2,0.0027308761581821273,-0.0040002787169441945,0.004843543579298556
189,17,960.1132226320622,254.40879289723244,960.11,254.41,-0.003222632062147568,0.0012071027675517598,0.003441286750535707
189,18,1101.5481617836497,322.7708859263452,1101.55,322.77,0.0018382163502792537,-0.0008859263452336563,0.0020405648334745562
189,19,1320.5650917036742,424.69911122136375,1320.57,424.7,0.0049082963257660595,0.0008887786362379302,0.004988115905405723
189,20,1577.7206570643743,552.8579526739379,1577.72,552.86,-0.0006570643743089022,0.0020473260620974543,0.002150180828797759
189,21,1351.827661069021,355.2735317754443,1351.83,355.27,0.002338930979021825,-0.003531775444344021,0.004236040121847218
189,22,1358.9228966099176,289.11318534666754,1358.92,289.11,-0.0028966099175704585,-0.0031853466675215714,0.004305436378215142
189,23,1668.5583710840174,408.9044711326402,1668.56,408.9,0.0016289159825646493,-0.004471132640219366,0.004758612651255569
189,24,1180.4935547982407,177.48190346255882,1180.49,177.48,-0.0035547982406569645,-0.0019034625588290055,0.0040323393017753
189,25,1335.8352434946023,227.2578403684789,1335.84,227.26,0.004756505397608635,0.002159631521095662,0.005223825409064705
189,26,1489.5863398971173,281.1006760184891,1489.59,281.1,0.003660102882577121,-0.0006760184890595156,0.0037220094181234496
189,27,1812.7670695208121,394.00769671198583,1812.77,394.01,0.0029304791878530523,0.002303288014161353,0.003727310551405562
189,31,312.3200467082817,448.144927107798,312.32,448.14,-4.6708281729479495e-05,-0.0049271077980392874,0.004927329187001989
190,13,6.350082699489364,251.4535643971226,6.35,251.45,-8.269948936412419e-05,-0.0035643971226022586,0.003565356371129869
190,14,10.338826119383882,395.7994969316882,10.34,395.8,0.001173880616118339,0.000503068311786592,0.001277134850836897
190,15,27.267951842881363,575.4030002090377,27.27,575.4,0.0020481571186365954,-0.0030002090377365676,0.0036326576844973903
190,17,961.0849169740466,253.05659467292435,961.08,253.06,-0.004916974046523137,0.0034053270756544407,0.005981043911088376
190,18,1102.9111213377373,321.5781644447589,1102.91,321.58,-0.0011213377372314426,0.0018355552410866949,0.002150967541368341
190,19,1322.4238187777555,423.77433341602284,1322.42,423.77,-0.0038187777554412605,-0.0043334160228596375,0.005775946500152995
190,20,1580.5404927982809,552.3934645054535,1580.54,552.39,-0.0004927982809022069,-0.003464505453507627,0.0034993782566399216
190,21,1353.8707458017657,354.20514883158324,1353.87,354.21,-0.000745801765788201,0.004851168416735163,0.00490816210830302
190,22,1360.9421724574381,288.08488901000067,1360.94,288.08,-0.002172457438064157,-0.004889010000681537,0.005349952346233036
190,23,1671.418778313013,407.9283533494802,1671.42,407.93,0.0012216869870371738,0.0016466505198309278,0.002050360219267686
190,24,1181.8701660986806,176.1114275969191,1181.87,176.11,-0.00016609868066552735,-0.001427596919086227,0.0014372270993490612
190,25,1337.6264326209516,225.94338027635916,1337.63,225.94,0.003567379048490693,-0.0033802763591666007,0.004914515392177643
190,26,1491.689754922838,280.0755070138668,1491.69,280.08,0.0002450771621624881,0.004492986133186605,0.004499665232927972
190,27,1815.825302140609,393.0057725339894,1815.83,393.01,0.004697859390944359,0.00422746601060453,0.006319917066536608
190,31,312.2400350312113,447.1086953308485,312.24,447.11,-3.503121126868791e-05,0.0013046691515228304,0.0013051393721355024
191,13,5.762562024617023,250.34017329784194,5.76,250.34,-0.002562024617023262,-0.00017329784193975684,0.002567878945794402
191,14,9.754119589537911,394.59962269876615,9.75,394.6,-0.004119589537911139,0.00037730123386836567,0.004136831418120094
191,15,26.950963882161023,574.5522501567783,26.95,574.55,-0.0009638821610238324,-0.002250156778359269,0.0024479122426133127
191,17,962.3136877305349,252.04244600469326,962.31,252.04,-0.0036877305349207745,-0.002446004693268833,0.004425188748254725
191,18,1104.433341003303,320.6836233335692,1104.43,320.68,-0.003341003302921308,-0.0036233335691804314,0.004928574765962357
191,19,1324.5678640833166,423.08075006201716,1324.57,423.08,0.0021359166833008203,-0.0007500620171754235,0.002263787337099499
191,20,1583.4053695987106,551.7950983790902,1583.41,551.8,0.004630401289432484,0.0049016209097771934,0.006742885409403234
191,21,1356.1530593513244,353.1538616236874,1356.15,353.15,-0.0030593513242820336,-0.0038616236874418064,0.004926638613578013
191,22,1363.2066293430785,287.0636667575005,1363.21,287.06,0.0033706569215610216,-0.003666757500525364,0.004980606253311562
191,23,1674.3140837347598,407.19626501211013,1674.31,407.2,-0.004083734759888102,0.0037349878898567113,0.005534168783701363
191,24,1183.6526245740104,174.8335706976893,1183.65,174.83,-0.002624574010269498,-0.0035706976892981857,0.004431508854074594
191,25,1339.7198244657138,224.70753520726936,1339.72,224.71,0.0001755342861997633,0.0024647927306489237,0.0024710353074554477
191,26,1494.2673161921284,279.0566302604001,1494.27,279.06,0.002683807871562749,0.0033697395999183755,0.004307896199158033
191,27,1819.1189766054567,392.25432940049205,1819.12,392.25,0.0010233945431536995,-0.004329400492053992,0.004448712736461427
191,31,311.93002627340843,446.08152149813634,311.93,446.08,-2.6273408423094224e-05,-0.0015214981363556035,0.001521724965597838
192,13,5.5719215184627675,249.25512997338146,5.57,249.26,-0.0019215184627672244,0.0048700266185335295,0.005235398023835479
192,14,9.565589692153434,393.69971702407463,9.57,393.7,0.004410307846566042,0.0002829759253586417,0.004419376729338038
192,15,26.71322291162077,574.1641876175837,26.71,574.16,-0.003222911620767377,-0.004187617583738756,0.005284250215774743
192,17,963.7352657979011,251.03183450351995,963.74,251.03,0.004734202098916285,-0.0018345035199445192,0.00507721111222216
192,18,1106.0750057524772,319.7627175001769,1106.08,319.76,0.004994247522745354,-0.0027175001769137452,0.00568571152363311
192,19,1326.6758980624875,422.56056254651287,1326.68,422.56,0.004101937512587028,-0.0005625465128673568,0.004140332104591114
192,20,1586.304027199033,551.5963237843176,1586.3,551.6,-0.004027199033089346,0.0036762156823897385,0.005452787708646286
192,21,1358.3647945134933,352.3653962177656,1358.36,352.37,-0.004794513493379782,0.004603782234426035,0.006646967015129349
192,22,1365.154972007309,286.2977500681254,1365.15,286.3,-0.004972007308879256,0.0022499318745872188,0.0054573849158578045
192,23,1677.2355628010698,406.6471987590826,1677.24,406.65,0.004437198930190789,0.0028012409173925334,0.005247445571262312
192,24,1185.2394684305077,173.62517802326698,1185.24,173.63,0.0005315694922956027,0.004821976733012434,0.0048511880749825265
192,25,1341.5398683492854,223.78065140545203,1341.54,223.78,0.00013165071459297906,-0.0006514054520323498,0.0006645757846854729
192,26,1496.7004871440963,278.29247269530003,1496.7,278.29,-0.00048714409626882116,-0.0024726953000140384,0.002520224477549784
192,27,1822.3392324540926,391.69074705036905,1822.34,391.69,0.0007675459073652746,-0.0007470503690569785,0.0010710793499182731
192,31,312.1975197050563,445.3111411236023,312.2,445.31,0.0024802949436661947,-0.0011411236022809135,0.002730206234565195
193,13,5.678941138847076,248.4413474800361,5.68,248.44,0.0010588611529236402,-0.0013474800360882,0.0017137355072551416
193,14,9.674192269115075,393.02478776805594,9.67,393.02,-0.004192269115074865,-0.00478776805596226,0.006363791581353307
193,15,26.784917183715578,573.8731407131878,26.78,573.87,-0.004917183715576812,-0.0031407131878040673,0.005834618669697289
193,17,965.5514493484259,250.27387587763997,965.55,250.27,-0.0014493484259219258,-0.0038758776399561157,0.0041379993160504695
193,18,1108.3062543143578,319.0720381251327,1108.31,319.07,0.003745685642115859,-0.002038125132685309,0.004264283642774763
193,19,1329.2569235468657,422.1704219098847,1329.26,422.17,0.0030764531343265844,-0.00042190988466472845,0.0031052490783326334
193,20,1589.4780203992748,551.4472428382383,1589.48,551.45,0.0019796007252352865,0.002757161761792304,0.0033942245081964913
193,21,1360.77359588512,351.7740471633242,1360.77,351.77,-0.0035958851199211495,-0.004047163324230496,0.0054138637560125925
193,22,1367.6162290054817,285.47331255109407,1367.62,285.47,0.0037709945181632065,-0.0033125510940408276,0.005019302183237032
193,23,1680.1766721008023,406.23539906931194,1680.18,406.24,0.0033278991977567784,0.004600930688070548,0.005678333934074284
193,24,1187.429601322881,172.71888351745025,1187.43,172.72,0.0003986771191648586,0.0011164825497473885,0.0011855280381484112
193,25,1343.904901261964,222.835488554089,1343.9,222.84,-0.0049012619638233446,0.0045114459109925065,0.006661494805659798
193,26,1499.2753653580721,277.469354521475,1499.28,277.47,0.00463464192785068,0.00064547852502983,0.004679374779355267
193,27,1825.2544243405694,391.2680602877768,1825.25,391.27,-0.00442434056935781,0.0019397122231907815,0.004830866690611646
193,31,313.14813977879226,444.7333558427017,313.15,444.73,0.0018602212077212243,-0.0033558427016942005,0.0038369392984734644
194,13,6.009205854135307,247.58101061002708,6.01,247.58,0.0007941458646927302,-0.00101061002706615,0.0012853016304413562
194,14,10.005644201836306,392.518590826042,10.01,392.52,0.0043557981636936915,0.0014091739579953355,0.004578072617022318
194,15,27.088687887786683,573.6548555348909,27.09,573.65,0.0013121122133163965,-0.00485553489090762,0.005029697559213211
194,17,967.9135870113194,249.45540690822997,967.91,249.46,-0.003587011319382327,0.0045930917700331975,0.0058277905087025595
194,18,1110.9796907357684,318.5540285938495,1110.98,318.55,0.00030926423164601147,-0.004028593849511708,0.004040447100173341
194,19,1332.1926926601493,421.8778164324135,1332.19,421.88,-0.0026926601492505142,0.002183567586484969,0.0034667544020466168
194,20,1592.858515299456,551.5854321286787,1592.86,551.59,0.0014847005438696215,0.004567871321341954,0.0048031015097856344
194,21,1363.58019691384,351.33053537249316,1363.58,351.33,-0.00019691383999997925,-0.0005353724931751458,0.0005704373469822159
194,22,1370.4621717541113,284.85498441332055,1370.46,284.85,-0.002171754111259361,-0.004984413320528347,0.005436992925288054
194,23,1683.3825040756017,405.926549301984,1683.38,405.93,-0.002504075601564182,0.0034506980160244893,0.00426353273895538
194,24,1189.8222009921606,171.7891626380877,1189.82,171.79,-0.0022009921606240823,0.0008373619122892251,0.0023548973360385233
194,25,1346.678675946473,222.12661641556676,1346.68,222.13,0.0013240535270142573,0.0033835844332372744,0.003633422815919516
194,26,1502.206524018554,276.85201589110625,1502.21,276.85,0.0034759814459448535,-0.0020158911062253537,0.004018241401995574
194,27,1828.440818255427,390.9510452158326,1828.44,390.95,-0.000818255427020631,-0.001045215832618851,0.0013274102909823448
194,31,314.8611048340942,444.3000168820263,314.86,444.3,-0.0011048340941783863,-1.6882026272924122e-05,0.0011049630665637901
195,13,5.0069043906014805,246.4357579575203,5.01,246.44,0.0030956093985192723,0.004242042479688735,0.005251449509200731
195,14,9.00423315137723,391.6389431195315,9.0,391.64,-0.0042331513772300156,0.00105688046846808,0.004363091439240494
195,15,26.066515915840014,573.4911416511682,26.07,573.49,0.003484084159985912,-0.0011416511681545671,0.0036663619329811705
195,17,970.4351902584895,248.84155518117248,970.44,248.84,0.004809741510598542,-0.0015551811724776599,0.005054918582727493
195,18,1113.9847680518262,317.9155214453871,1113.98,317.92,-0.0047680518262041005,0.0044785546128878195,0.006541541839504432
195,19,1335.644519495112,421.65836232431013,1335.64,421.66,-0.004519495111935612,0.0016376756898921485,0.0048070591562902176
195,20,1596.393886474592,551.689074096509,1596.39,551.69,-0.0038864745918090193,0.0009259034910655828,0.003995244927103283
195,21,1366.93514768538,350.74790152936987,1366.94,350.75,0.004852314620165998,0.0020984706301305778,0.005286637509665034
195,22,1373.8466288155835,284.1412383099904,1373.85,284.14,0.003371184416437245,-0.0012383099904127448,0.003591419775240057
195,23,1687.0368780567012,405.694911976488,1687.04,405.69,0.0031219432987654727,-0.004911976488017444,0.00582014114773369
195,24,1192.8666507441203,170.8418719785658,1192.87,170.84,0.003349255879584234,-0.0018719785657879129,0.0038369022267577962
195,25,1350.2590069598548,221.34496231167506,1350.26,221.34,0.0009930401452038495,-0.0049623116750581175,0.0050606981623492015
195,26,1505.9048930139156,276.1390119183297,1505.9,276.14,-0.004893013915534539,0.0009880816703002893,0.0049917823034261065
195,27,1832.3306136915703,390.71328391187444,1832.33,390.71,-0.0006136915703791601,-0.0032839118744618645,0.0033407625690530713
195,31,316.14582862557063,443.7250126615197,316.15,443.73,0.004171374429347452,0.00498733848030497,0.006501838951169466
196,13,2.5051782929511104,245.57681846814023,2.51,245.58,0.004821707048889401,0.003181531859780762,0.005776764132289786
196,14,6.753174863532923,390.9792073396486,6.75,390.98,-0.0031748635329229558,0.0007926603514079034,0.0032723185794445706
196,15,23.79988693688001,573.3683562383761,23.8,573.37,0.00011306311998993124,0.001643761623881801,0.0016476454549594075
196,17,973.0763926938671,248.38116638587937,973.08,248.38,0.0036073061329489065,-0.0011663858793724557,0.0037911889370499923
196,18,1116.9885760388697,317.43664108404033,1116.99,317.44,0.0014239611302855337,0.0033589159596658646,0.0036482847647438528
196,19,1339.233389621334,421.4937717432326,1339.23,421.49,-0.0033896213340085524,-0.0037717432326189737,0.005071053125414182
196,20,1600.0454148559438,551.7668055723817,1600.05,551.77,0.004585144056136414,0.0031944276182684916,0.005588194146938669
196,21,1370.451360764035,350.31092614702743,1370.45,350.31,-0.0013607640348709538,-0.0009261470274282146,0.001646033740544949
196,22,1377.3849716116877,283.85592873249277,1377.38,283.86,-0.004971611687551558,0.004071267507242737,0.00642589619332041
196,23,1691.0276585425258,405.521183982366,1691.03,405.52,0.002341457474130948,-0.0011839823660011461,0.002623783021929472
196,24,1195.8999880580902,170.13140398392434,1195.9,170.13,1.194190986097965e-05,-0.00140398392434804,0.0014040347107670988
196,25,1353.9442552198911,220.7587217337563,1353.94,220.76,-0.004255219891092565,0.0012782662437018644,0.004443068861872107
196,26,1509.9286697604366,275.60425893874725,1509.93,275.6,0.0013302395634582354,-0.004258938747227603,0.00446184900560588
196,27,1836.4979602686776,390.53496293390583,1836.5,390.53,0.0020397313223838864,-0.0049629339058583355,0.005365744759251244
196,31,317.859371469178,443.2937594961398,317.86,443.29,0.0006285308220412844,-0.003759496139764451,0.0038116744639540906
197,13,-0.12111628028666721,245.18261385110517,-0.12,245.18,0.001116280286667215,-0.0026138511051669866,0.0028422349090785086
197,14,4.564881147649692,390.73440550473646,4.56,390.73,-0.004881147649692608,-0.004405504736439525,0.006575262303580805
197,15,21.599915202660007,573.2762671787821,21.6,573.28,8.479733999422479e-05,0.003732821217909077,0.00373378425109731
197,17,975.5572945204003,248.28587478940952,975.56,248.29,0.0027054795996264147,0.004125210590473216,0.004933252707874094
197,18,1119.9914320291523,317.32748081303026,1119.99,317.33,-0.001432029152283576,0.0025191869697209768,0.0028977595623864267
197,19,1342.9250422160005,421.12032880742447,1342.93,421.12,0.004957783999543608,-0.000328807424466504,0.0049686755286006455
197,20,1603.7840611419579,551.8251041792863,1603.78,551.83,-0.004061141957890868,0.004895820713727517,0.006360969616584023
197,21,1373.8385205730262,350.2331946102706,1373.84,350.23,0.0014794269736739807,-0.0031946102705546764,0.0035205452633317435
197,22,1380.7887287087658,283.64194654936955,1380.79,283.64,0.0012712912341612537,-0.0019465493695633995,0.002324916310365367
197,23,1695.0207439068945,405.3908879867745,1695.02,405.39,-0.0007439068945132021,-0.0008879867745008596,0.001158411834967477
197,24,1198.6749910435676,169.84855298794326,1198.67,169.85,-0.004991043567542874,0.0014470120567295908,0.005196571926321419
197,25,1357.4581914149185,220.56904130031722,1357.46,220.57,0.0018085850815623417,0.0009586996827692928,0.0020469697308440602
197,26,1513.9465023203275,275.2031942040604,1513.95,275.2,0.0034976796725914028,-0.003194204060434913,0.004736739666876151
197,27,1840.623470201508,390.4012222004294,1840.62,390.4,-0.0034702015082075377,-0.001222200429424447,0.003679140170916457
197,31,319.8945286018835,442.97031962210485,319.89,442.97,-0.004528601883521333,-0.00031962210482561204,0.004539867102606211
198,13,-2.0908372102150006,244.88696038832887,-2.09,244.89,0.0008372102150007166,0.003039611671113107,0.0031528019372089587
198,14,2.923660860737269,390.55080412855233,2.92,390.55,-0.0036608607372690116,-0.0008041285523177066,0.0037481360789504937
198,15,19.949936401995004,573.4572003840865,19.95,573.46,6.359800499566859e-05,0.0027996159135454945,0.0028003381884366403
198,17,978.4179708903002,248.21440609205715,978.42,248.21,0.002029109699719811,-0.004406092057138267,0.0048508693436820115
198,18,1123.2435740218643,317.2456106097727,1123.24,317.25,-0.003574021864324095,0.004389390227288459,0.005660422144512025
198,19,1346.6937816620004,421.0902466055684,1346.69,421.09,-0.0037816620003923163,-0.00024660556840672143,0.003789694155414183
198,20,1607.5880458564684,551.8688281344647,1607.59,551.87,0.001954143531520458,0.0011718655352979113,0.0022785841600876425
198,21,1377.3788904297696,350.1748959577029,1377.38,350.17,0.0011095702304828592,-0.004895957702899523,0.005020114333852861
198,22,1384.0915465315743,283.48145991202716,1384.09,283.48,-0.001546531574376786,-0.001459912027144128,0.002126758810383636
198,23,1699.0155579301709,405.29316599008087,1699.02,405.29,0.004442069829110551,-0.0031659900808449493,0.005454858161190156
198,24,1201.7562432826758,169.63641474095743,1201.76,169.64,0.003756717324222336,0.0035852590425520248,0.0051929767432863875
198,25,1361.0936435611889,220.42678097523793,1361.09,220.43,-0.003643561188937383,0.003219024762074696,0.0048618575211929905
198,26,1517.9598767402456,275.15239565304535,1517.96,275.15,0.00012325975444582582,-0.0023956530453688174,0.002398821894357923
198,27,1844.467602651131,390.30091665032205,1844.47,390.3,0.002397348868953486,-0.0009166503220399136,0.0025666182833386886
198,31,322.42089645141266,442.72773971657864,322.42,442.73,-0.0008964514126432732,0.0022602834213785172,0.0024315645745463343
199,13,-2.8181279076612507,244.41522029124667,-2.82,244.42,-0.0018720923387491872,0.004779708753318346,0.005133258759438435
199,14,2.442745645552952,390.16310309641426,2.4,390.2,-0.042745645552952016,0.036896903585727614,0.056467439360688966
199,15,19.212452301496253,573.0929002880648,19.21,573.09,-0.002452301496251863,-0.002900288064779488,0.003798085502884509
199,17,981.5634781677252,248.16080456904285,1001.3,248.2,19.736521832274775,0.03919543095713607,19.736560752007094
199,18,1126.6826805163982,317.18420795732953,1137.1,314.1,10.41731948360166,-3.084207957329511,10.864293992132273
199,19,1350.5203362465004,421.0676849541763,1350.52,421.07,-0.00033624650041019777,0.002315045823706896,0.002339337272584021
199,20,1611.6910343923514,551.9016211008485,1610.7,545.7,-0.9910343923513665,-6.201621100848456,6.280306795476799
199,21,1381.2841678223272,350.13117196827716,1396.9,350.1,15.615832177672928,-0.03117196827713542,15.615863290028237
199,22,1387.8186598986808,283.36109493402034,1409.6,278.2,21.781340101319074,-5.161094934020355,22.38445169145988
199,23,1703.2616684476282,405.4698744925606,1728.2,397.2,24.938331552371892,-8.269874492560632,26.27377408631528
199,24,1205.0671824620067,169.47731105571808,1235.2,163.2,30.132817537993333,-6.277311055718087,30.779722657428852
199,25,1365.0702326708915,220.32008573142843,1365.07,220.32,-0.00023267089159162424,-8.573142844170434e-05,0.0002479629440394198
199,26,1522.2199075551841,275.114296739784,1543.0,265.8,20.780092444815864,-9.31429673978397,22.77209620943675
199,27,1848.6007019883482,390.22568748774154,1893.3,376.7,44.69929801165176,-13.52568748774155,46.70087220545783
199,31,325.31567233855947,442.295804787434,336.1,446.6,10.784327661440557,4.304195212566015,11.611538207196675
200,13,-3.363595930745938,244.061415218435,-3.36,244.06,0.003595930745938336,-0.0014152184349995878,0.003864396608572588
200,14,2.332059234164714,389.8723273223107,2.33,389.87,-0.0020592341647138745,-0.0023273223106912155,0.0031075512035951955
200,15,18.90933922612219,572.8196752160486,18.91,572.82,0.0006607738778114935,0.0003247839514415318,0.0007362789775024232
200,17,984.6726086257938,248.12060342678214,984.67,248.12,-0.0026086257938686686,-0.0006034267821348749,0.002677508620683525
200,18,1130.2620103872987,317.13815596799714,1130.26,317.14,-0.0020103872986965143,0.0018440320028503265,0.002728023298708509
200,19,1354.3902521848754,421.05076371563223,1354.39,421.05,-0.0002521848753076483,-0.0007637156322175542,0.0008042753124567437
200,20,1615.7682757942634,552.1762158256364,1615.77,552.18,0.0017242057365365326,0.0037841743635453895,0.004158468592597477
200,21,1384.9631258667455,350.09837897620787,1384.96,350.1,-0.003125866745449457,0.0016210237921541193,0.0035211874481538897
200,22,1391.6139949240105,283.52082120051523,1391.61,283.52,-0.003994924010612522,-0.0008212005152472557,0.0040784541356757706
200,23,1707.1962513357212,405.60240586942047,1707.2,405.6,0.003748664278873548,-0.002405869420442741,0.004454289117684664
200,24,1208.550386846505,169.35798329178857,1208.55,169.36,-0.0003868465050800296,0.0020167082114426194,0.002053475645970198
200,25,1369.0526745031686,220.24006429857133,1369.05,220.24,-0.0026745031686914444,-6.42985713170674e-05,0.00267527596812254
200,26,1526.414930666388,275.08572255483796,1526.41,275.09,-0.004930666387963356,0.004277445162017557,0.006527480995258355
200,27,1852.7005264912611,390.4192656158061,1852.7,390.42,-0.0005264912610982719,0.0007343841938904916,0.0009036111952875727
200,31,328.98675425391957,441.9718535905755,328.99,441.97,0.003245746080438039,-0.0018535905754788473,0.0037377353625133625
201,13,-3.522696948059454,243.79606141382624,-3.52,243.8,0.002696948059453863,0.003938586173774183,0.0047734672810900375
201,14,2.7490444256235356,389.40424549173304,2.75,389.4,0.0009555743764644298,-0.0042454917330587705,0.004351703395732038
201,15,19.182004419591642,572.1147564120365,19.18,572.11,-0.002004419591642659,-0.004756412036499569,0.0051615068885277
201,16,84.69593472538944,1035.9901147822707,84.7,1035.99,0.004065274610567826,-0.00011478227065708779,0.004066894715748687
201,17,987.7544564693453,248.5904525700866,987.75,248.59,-0.0044564693453139625,-0.00045257008659405074,0.004479390439446287
201,18,1133.946507790474,317.35361697599785,1133.95,317.35,0.00349220952602991,-0.003616975997829286,0.005027727393422122
201,19,1358.5426891386564,421.0380727867242,1358.54,421.04,-0.0026891386564784625,0.0019272132758487714,0.0033084161957611293
201,20,1619.5762068456975,552.1321618692273,1619.58,552.13,0.003793154302456969,-0.002161869227279567,0.004365970466930138
201,21,1388.9723444000592,350.3237842321559,1388.97,350.32,-0.0023444000592007797,-0.0037842321559082848,0.004451586756134366
201,22,1395.4604961930079,283.8906159003864,1395.46,283.89,-0.0004961930078479782,-0.0006159003864354418,0.0007909113648497853
201,23,1711.3971885017909,405.95180440206536,1711.4,405.95,0.0028114982092120044,-0.0018044020653746884,0.003340716838334364
201,24,1212.1627901348788,170.01848746884144,1212.16,170.02,-0.002790134878750905,0.0015125311585677537,0.0031737364646833295
201,25,1373.5395058773765,220.6800482239285,1373.54,220.68,0.0004941226234222995,-4.8223928502011404e-05,0.000496470255159262
201,26,1531.3111979997911,275.31429191612847,1531.31,275.31,-0.0011979997912021645,-0.0042919161284658,0.004455978854696833
201,27,1856.7753948684458,390.5644492118546,1856.78,390.56,0.004605131554171749,-0.004449211854591795,0.006403336845603897
201,31,334.7400656904397,441.22889019293166,334.74,441.23,-6.569043966919708e-05,0.001109807068360169,0.0011117495054400184
202,13,-2.64202271104459,243.34704606036968,-2.64,243.35,0.0020227110445900642,0.0029539396303164267,0.003580100460805615
202,14,4.061783319217652,388.8031841187998,4.06,388.8,-0.0017833192176519574,-0.003184118799765656,0.00364949859063788
202,15,20.636503314693734,571.0860673090274,20.64,571.09,0.003496685306267011,0.003932690972646924,0.0052624012026262525
202,16,85.52195104404208,1039.7425860867029,85.52,1039.74,-0.0019510440420873465,-0.0025860867028768553,0.0032395088036554272
202,17,991.315842352009,248.94283942756493,991.32,248.94,0.00415764799106455,-0.002839427564936159,0.005034718037201525
202,18,1137.9598808428555,317.2652127319984,1137.96,317.27,0.0001191571445815498,0.004787268001564371,0.004788750708056012
202,19,1363.1570168539924,420.77855459004314,1363.16,420.78,0.0029831460076366056,0.0014454099568297352,0.0033148710451812087
202,20,1623.9321551342732,551.8491214019205,1623.93,551.85,-0.0021551342731527257,0.0008785980795664727,0.0023273457673357047
202,21,1393.4792583000444,350.4928381741169,1393.48,350.49,0.0007416999555971415,-0.002838174116902792,0.0029334878799800322
202,22,1399.8453721447559,284.16796192528983,1399.85,284.17,0.0046278552440526255,0.002038074710185356,0.005056757131225753
202,23,1716.0478913763432,406.213853301549,1716.05,406.21,0.0021086236567953165,-0.0038533015490429534,0.0043925193857117665
202,24,1216.1220926011592,170.5138656016311,1216.12,170.51,-0.002092601159347396,-0.0038656016311051644,0.00439566326991786
202,25,1378.4046294080324,221.0100361679464,1378.4,221.01,-0.004629408032315041,-3.616794640493026e-05,0.004629549313919247
202,26,1536.4833984998434,275.48571893709635,1536.48,275.49,-0.003398499843342506,0.004281062903658039,0.005466013242782718
202,27,1861.3315461513344,390.423336908891,1861.33,390.42,-0.0015461513344234845,-0.003336908890958057,0.0036777091912621983
202,31,340.80504926782976,440.42166764469874,340.81,440.42,0.004950732170243555,-0.0016676446987275995,0.005224058562332425
203,13,-1.7315170332834426,243.01028454527727,-1.73,243.01,0.0015170332834426592,-0.0002845452772817225,0.0015434882564814504
203,14,5.546337489413238,388.3523880890998,5.55,388.35,0.0036625105867615915,-0.0023880890997816095,0.004372293831232809
203,15,22.227377486020302,570.0645504817705,22.23,570.06,0.002622513979698482,-0.004550481770593251,0.0052520913851736685
203,16,87.14146328303156,1042.5569395650273,87.14,1042.56,-0.0014632830315548517,0.003060434972667281,0.0033922646495168
203,17,994.9868817640067,249.20712957067371,994.99,249.21,0.003118235993269991,0.0028704293262933334,0.004238249665483298
203,18,1141.9699106321416,317.4489095489988,1141.97,317.45,8.936785843616235e-05,0.001090451001175552,0.0010941069417960154
203,19,1367.6177626404942,420.58391594253237,1367.62,420.58,0.002237359505670611,-0.003915942532387362,0.0045100314272269754
203,20,1628.449116350705,551.6368410514403,1628.45,551.64,0.0008836492950194952,0.003158948559644159,0.003280212200310577
203,21,1397.8594437250333,350.61962863058767,1397.86,350.62,0.0005562749665841693,0.0003713694123348432,0.0006688475752113822
203,22,1404.384029108567,284.3759714439674,1404.38,284.38,-0.004029108566783179,0.004028556032608321,0.005697629292152176
203,23,1720.5359185322573,406.41038997616175,1720.54,406.41,0.0040814677427079005,-0.0003899761617276454,0.004100056138820656
203,24,1220.0915694508694,170.88539920122332,1220.09,170.89,-0.001569450869510547,0.0046007987766643055,0.004861123883955559
203,25,1383.3034720560242,221.2575271259598,1383.3,221.26,-0.003472056024293124,0.0024728740401940286,0.004262661029743711
203,26,1541.6125488748826,275.61428920282225,1541.61,275.61,-0.00254887488267741,-0.004289202822235438,0.004989391147005437
203,27,1865.9986596135009,390.3175026816682,1866.0,390.32,0.0013403864991232695,0.0024973183317911207,0.0028342961767133515
203,31,346.6037869508723,439.81625073352404,346.6,439.82,-0.00378695087226788,0.003749266475949753,0.005328977014085455
204,13,-0.5486377749625819,242.75771340895795,-0.55,242.76,-0.0013622250374181188,0.0022865910420364344,0.002661607718295478
204,14,7.159753117059928,388.01429106682485,7.16,388.01,0.000246882940071913,-0.004291066824862355,0.004298163058974478
204,15,23.920533114515226,569.548412861328,23.92,569.55,-0.000533114515224753,0.0015871386719936709,0.0016742820104394469
204,16,89.10609746227367,1044.9177046737705,89.11,1044.92,0.0039025377263328664,0.0022953262296141475,0.00452750739434029
204,17,998.740161323005,249.6553471780053,998.74,249.66,-0.000161323005045233,0.004652821994710621,0.004655617856570677
204,18,1145.9774329741063,317.5866821617491,1145.98,317.59,0.0025670258937680046,0.003317838250893601,0.00419495799721143
204,19,1372.2133219803707,420.4379369568993,1372.21,420.44,-0.0033219803706288076,0.00206304310069072,0.003910460384424152
204,20,1633.0868372630289,551.4776307885802,1633.09,551.48,0.003162736971034974,0.0023692114198183845,0.003951717082452807
204,21,1402.144582793775,350.71472147294077,1402.14,350.71,-0.004582793774943639,-0.004721472940786953,0.006579840842622682
204,22,1408.538021831425,284.7819785829755,1408.54,284.78,0.0019781685748512245,-0.0019785829755392115,0.002797845868096119
204,23,1724.9019388991928,406.55779248212133,1724.9,406.56,-0.0019388991927371535,0.0022075178786735705,0.0029381057272093265
204,24,1223.818677088152,171.4140494009175,1223.82,171.41,0.001322911847864816,-0.00404940091749495,0.004260016848303542
204,25,1387.7276040420181,221.69314534446985,1387.73,221.69,0.002395957981889296,-0.0031453444698570365,0.003953960860332241
204,26,1546.209411656162,275.7107169021167,1546.21,275.71,0.0005883438379896688,-0.0007169021167214851,0.0009274142098653435
204,27,1870.2489947101258,390.48812701125115,1870.25,390.49,0.0010052898742287653,0.0018729887488575514,0.0021257221324937703
204,31,351.4528402131542,439.612188050143,351.45,439.61,-0.002840213154229332,-0.0021880501429905053,0.0035852997349870345
205,13,1.0885216687780637,242.81828505671848,1.09,242.82,0.001478331221936413,0.001714943281513115,0.0022641761549311882
205,14,9.119814837794946,387.76071830011864,9.12,387.76,0.0001851622050530466,-0.0007183001186490401,0.0007417817082075639
205,15,25.94039983588642,569.161309645996,25.94,569.16,-0.0003998358864194529,-0.0013096459960024731,0.0013693215002015193
205,16,91.32957309670525,1046.9382785053278,91.33,1046.94,0.00042690329475192357,0.0017214946722106106,0.0017736375981354153
205,17,1002.5551209922538,249.99151038350396,1002.56,249.99,0.004879007746126263,-0.0015103835039553815,0.00510744308982299
205,18,1150.2330747305796,317.6900116213118,1150.23,317.69,-0.0030747305795557622,-1.1621311784892896e-05,0.003074752541545891
205,19,1376.659991485278,420.5784527176745,1376.66,420.58,8.514722139807418e-06,0.0015472823254754076,0.0015473057536316806
205,20,1637.5651279472718,551.6082230914351,1637.57,551.61,0.00487205272816027,0.0017769085649206318,0.005185971638378119
205,21,1406.3584370953313,351.0360411047056,1406.36,351.04,0.0015629046686171932,0.003958895294431386,0.004256233423516195
205,22,1412.653516373569,285.0864839372316,1412.65,285.09,-0.0035163735688001907,0.0035160627683694656,0.004972683427131727
205,23,1729.1764541743946,406.668344361591,1729.18,406.67,0.0035458256054425874,0.0016556384090335996,0.003913312888804012
205,24,1227.614007816114,171.8105370506881,1227.61,171.81,-0.004007816114153684,-0.0005370506881092751,0.004043638639451921
205,25,1392.0457030315135,222.0198590083524,1392.05,222.02,0.004296968486414698,0.0001409916476120543,0.004299280965223997
205,26,1550.6570587421215,276.0330376765875,1550.66,276.03,0.0029412578785468213,-0.003037676587553051,0.004228294805081795
205,27,1874.4367460325943,390.61609525843835,1874.44,390.62,0.0032539674057261436,0.0039047415616551007,0.005082844729169369
205,31,356.0896301598657,439.45914103760725,356.09,439.46,0.0003698401342830948,0.0008589623927264256,0.0009351995065465142
206,13,3.5663912515835476,242.86371379253887,3.57,242.86,0.003608748416452201,-0.0037137925388606163,0.00517835110386917
206,14,11.83986112834621,387.57053872508897,11.84,387.57,0.00013887165379067312,-0.0005387250889725692,0.0005563362811421337
206,15,28.705299876914815,568.870982234497,28.71,568.87,0.004700123085186192,-0.0009822344969734331,0.004801660298578484
206,16,94.49717982252893,1048.703708878996,94.5,1048.7,0.0028201774710652217,-0.003708878995894338,0.004659311577313759
206,17,1006.9163407441904,250.24363278762797,1006.92,250.24,0.0036592558095662753,-0.0036327876279642624,0.005156287330020967
206,18,1154.9248060479347,317.7675087159838,1154.92,317.77,-0.0048060479346077045,0.0024912840161732674,0.005413371666437414
206,19,1381.4949936139585,420.4338395382559,1381.49,420.43,-0.004993613958504284,-0.003839538255874686,0.006299066151811239
206,20,1642.423845960454,551.7061673185763,1642.42,551.71,-0.0038459604538729764,0.003832681423773465,0.00542962786099499
206,21,1411.0188278214985,351.0270308285292,1411.02,351.03,0.0011721785015197383,0.002969171470795118,0.0031921750676315833
206,22,1417.2401372801767,285.3148629529237,1417.24,285.31,-0.00013728017665926018,-0.004862952923701869,0.004864890233606936
206,23,1733.632340630796,406.75125827119325,1733.63,406.75,-0.0023406307959703554,-0.0012582711932509483,0.0026574045455688496
206,24,1231.9605058620855,172.10790278801608,1231.96,172.11,-0.0005058620854470064,0.002097211983937086,0.0021573582352178147
206,25,1396.784277273635,222.2648942562643,1396.78,222.26,-0.0042772736351253116,-0.004894256264321939,0.006499908778636254
206,26,1555.4927940565913,276.27477825744063,1555.49,276.27,-0.002794056591255867,-0.004778257440648304,0.005535205181766185
206,27,1878.8275595244459,390.7120714438288,1878.83,390.71,0.002440475554067234,-0.0020714438288109704,0.0032010623964425977
206,31,361.06722261989927,439.34435577820545,361.07,439.34,0.0027773801007242582,-0.004355778205479055,0.005165911729716781
207,13,6.174793438687661,242.64778534440416,6.17,242.65,-0.004793438687660689,0.0022146555958499903,0.005280317590883327
207,14,14.629895846259657,387.42790404381674,14.63,387.43,0.00010415374034344893,0.0020959561832682994,0.00209854242840314
207,15,31.528974907686113,568.4032366758727,28.2,584.1,-3.3289749076861135,15.696763324127346,16.045885852444332
207,16,97.6228848668967,1049.777781659247,101.0,1066.5,3.3771151331033025,16.72221834075299,17.059821008968733
207,17,1011.4372555581429,250.43272459072097,1033.3,249.4,21.862744441857103,-1.0327245907209601,21.88712211804543
207,18,1159.693604535951,317.8256315369879,1169.0,317.8,9.306395464049046,-0.02563153698787346,9.306430760982485
207,19,1386.621245210469,420.5753796536919,1383.5,420.6,-3.121245210468942,0.024620346308097396,3.1213423114627528
207,20,1647.3178844703405,551.7796254889322,1647.3,547.6,-0.017884470340504777,-4.1796254889321744,4.179663752266548
207,21,1415.764120866124,351.2702731213969,1429.3,348.2,13.535879133876051,-3.0702731213968946,13.87971905215928
207,22,1421.9301029601324,285.4861472146928,1446.9,277.2,24.969897039867647,-8.28614721469279,26.308857706961586
207,23,1738.224255473097,407.0634437033949,1767.3,398.7,29.07574452690301,-8.363443703394921,30.25468741159932
207,24,1236.470379396564,172.58092709101206,1269.7,165.3,33.22962060343593,-7.280927091012046,34.01793034199651
207,25,1401.5882079552264,222.44867069219822,1423.4,215.2,21.81179204477371,-7.248670692198232,22.98472316579835
207,26,1560.3695955424434,276.4560836930805,1581.2,269.2,20.830404457556597,-7.256083693080484,22.058025759944663
207,31,366.05041696492447,439.0082668336541,375.0,449.1,8.949583035075534,10.091733166345932,13.488443750204777
208,13,7.881095079015745,242.73583900830312,7.88,242.74,-0.0010950790157453483,0.004160991696892324,0.004302679392231388
208,14,16.722421884694743,387.3209280328625,16.72,387.32,-0.0024218846947441364,-0.0009280328625322909,0.0025936018330838246
208,15,33.89673118076458,568.3024275069045,33.9,568.3,0.0032688192354157763,-0.002427506904496113,0.004071605207433609
208,16,100.21716365017252,1051.0833362444353,100.22,1051.08,0.002836349827475715,-0.003336244435331537,0.0043789733130155245
208,17,1015.8279416686071,250.82454344304074,1015.83,250.82,0.0020583313929591895,-0.004543443040745387,0.004987945748275437
208,18,1164.2702034019633,317.8692236527409,1164.27,317.87,-0.0002034019632901618,0.0007763472590909259,0.0008025505749597875
208,19,1391.7159339078516,420.68153474026894,1391.72,420.68,0.00406609214837772,-0.0015347402689371847,0.004346093999466225
208,20,1652.4884133527553,551.8347191166991,1652.49,551.83,0.001586647244721462,-0.004719116699106962,0.004978705845796918
208,21,1420.5730906495928,351.45270484104765,1420.57,351.45,-0.0030906495928775257,-0.0027048410476595564,0.004107101167375606
208,22,1426.6975772200994,285.8646104110196,1426.7,285.86,0.0024227799005984707,-0.004610411019598359,0.005208238878582464
208,23,1743.1681916048228,407.29758277754615,1743.17,407.3,0.001808395177249622,0.0024172224538574483,0.0030188172366892824
208,24,1240.8527845474232,172.93569531825904,1240.85,172.94,-0.002784547423289041,0.004304681740961769,0.0051267913204572
208,25,1406.4411559664197,222.58650301914867,1406.44,222.59,-0.0011559664196738595,0.003496980851338094,0.003683087487155159
208,26,1565.5271966568325,276.59206276981035,1565.53,276.59,0.0028033431674430176,-0.00206276981037945,0.003480481605333136
208,31,370.7878127236934,439.0062001252406,370.79,439.01,0.002187276306642616,0.0037998747594087945,0.004384429932019921
209,13,9.66082130926181,243.05187925622732,9.66,243.05,-0.0008213092618092332,-0.0018792562273119984,0.0020508907507287054
209,14,18.791816413521058,387.7406960246469,18.79,387.74,-0.0018164135210589905,-0.000696024646913429,0.001945201374818783
209,15,36.172548385573435,568.7268206301783,36.17,568.73,-0.0025483855734336203,0.0031793698217370547,0.004074636363438695
209,16,103.16287273762939,1052.8125021833264,103.16,1052.81,-0.0028727376293886664,-0.002502183326441809,0.003809664406011245
209,17,1019.8709562514553,251.11840758228055,1019.87,251.12,-0.0009562514552499124,0.0015924177194506228,0.0018574743709908617
209,18,1168.7026525514725,318.1519177395557,1168.7,318.15,-0.0026525514724653476,-0.0019177395557221644,0.003273187180357935
209,19,1396.5369504308887,421.0111510552017,1396.54,421.01,0.0030495691112264467,-0.0011510552017170994,0.0032595704995515055
209,20,1657.6163100145664,552.1260393375244,1657.62,552.13,0.0036899854335388227,0.003960662475606114,0.005413209745188435
209,21,1425.1798179871946,351.8395286307857,1425.18,351.84,0.0001820128054532688,0.00047136921426726985,0.0005052896174550916
209,22,1431.2731829150746,286.1484578082647,1431.27,286.15,-0.003182915074603443,0.0015421917352682613,0.0035368494059639533
209,23,1747.8761437036171,407.4731870831596,1747.88,407.47,0.0038562963829917862,-0.0031870831595597338,0.005002851272966726
209,24,1245.1395884105673,173.20177148869428,1245.14,173.2,0.0004115894328151626,-0.0017714886942883368,0.0018186748074343867
209,25,1411.3308669748149,222.93987726436148,1411.33,222.94,-0.0008669748149259249,0.00012273563851294966,0.0008756194188556026
209,26,1570.3953974926244,276.94404707735777,1570.4,276.94,0.004602507375693676,-0.004047077357768103,0.006128777144184143
209,31,375.09085954277003,439.2546500939304,375.09,439.25,-0.0008595427700583969,-0.004650093930422372,0.004728867447424451
210,13,11.745615981946358,243.2889094421705,11.75,243.29,0.00438401805364208,0.0010905578294853058,0.004517624450318043
210,14,21.093862310140793,387.8055220184852,21.09,387.81,-0.0038623101407928573,0.004477981514810381,0.005913523321223551
210,15,38.62941128918008,568.7951154726337,38.63,568.8,0.0005887108199260638,0.004884527366243674,0.004919876829868953
210,16,106.12215455322203,1053.8593766374947,106.12,1053.86,-0.002154553222027289,0.0006233625051663694,0.00224291783161922
210,17,1023.9032171885915,251.58880568671043,1023.9,251.59,-0.0032171885915204257,0.0011943132895737563,0.003431717742918503
210,18,1173.0269894136045,318.36393830466676,1173.03,318.36,0.0030105863954759116,-0.003938304666746717,0.004957204261753152
210,19,1401.1527128231664,421.0083632914013,1401.15,421.01,-0.002712823166348244,0.0016367085987099017,0.003168315730631441
210,20,1662.4622325109249,552.3445295031433,1662.46,552.34,-0.0022325109248413355,-0.004529503143317015,0.005049802348097858
210,21,1429.634863490396,352.1296464730893,1429.63,352.13,-0.004863490395791814,0.00035352691071466325,0.004876322395674703
210,22,1435.704887186306,286.6113433561985,1435.7,286.61,-0.0048871863059503085,-0.0013433561985038978,0.0050684510321327035
210,23,1752.4071077777128,407.60489031236966,1752.41,407.6,0.002892222287300683,-0.004890312369639105,0.005681558310164918
210,24,1249.3546913079253,173.65132861652071,1249.35,173.65,-0.004691307925440924,-0.0013286165207091472,0.004875817050547129
210,25,1415.7481502311111,223.2049079482711,1415.75,223.2,0.001849768888860126,-0.004907948271124951,0.005244959597006751
210,26,1575.0465481194683,277.20803530801834,1575.05,277.21,0.0034518805316565704,0.0019646919816409536,0.003971837583229443
210,31,378.81814465707754,439.4409875704478,378.82,439.44,0.0018553429224539286,-0.0009875704478190528,0.0021018070199962245
211,13,14.559211986459768,243.46668208162788,14.56,243.47,0.0007880135402320576,0.003317918372118811,0.003410212260788557
211,14,24.070396732605595,387.8541415138639,24.07,387.85,-0.00039673260559425216,-0.004141513863885393,0.004160472791053502
211,15,41.97205846688506,568.8463366044753,41.97,568.85,-0.002058466885060284,0.0036633955247680206,0.0042021128837502865
211,16,109.59161591491653,1054.8945324781212,109.59,1054.89,-0.0016159149165275721,-0.004532478121063832,0.00481191634750425
211,17,1028.4274128914435,251.69160426503282,1028.43,251.69,0.0025871085565540852,-0.0016042650328245145,0.0030441414190110817
211,18,1177.7702420602034,318.52295372850006,1177.77,318.52,-0.0002420602033907926,-0.0029537285000742486,0.002963630407830312
211,19,1406.1145346173748,421.00627246855095,1406.11,421.01,-0.004534617374929439,0.0037275314490443634,0.005870029424170439
211,20,1667.5966743831937,552.5083971273575,1667.6,552.51,0.003325616806250764,0.0016028726424792694,0.0036917377818618167
211,21,1434.4761476177969,352.347234854817,1434.48,352.35,0.0038523822031493182,0.0027651451830479346,0.004742032952487233
211,22,1440.5286653897294,286.70850751714886,1440.53,286.71,0.0013346102705327212,0.001492482851119803,0.002002171230214369
211,23,1757.0553308332846,407.70366773427725,1757.06,407.7,0.004669166715302708,-0.0036677342772577504,0.005937456740378166
211,24,1253.766018480944,173.73849646239054,1253.77,173.74,0.003981519055969329,0.001503537609465866,0.0042559510495452394
211,25,1420.5611126733334,223.40368096120335,1420.56,223.4,-0.0011126733334094752,-0.0036809612033437134,0.0038454541119875753
211,26,1579.7849110896013,277.4060264810138,1579.78,277.41,-0.004911089601364438,0.003973518986242652,0.006317250525874429
211,31,383.11360849280817,439.5807406778359,383.11,439.58,-0.003608492808155006,-0.0007406778358927113,0.0036837242029078548
212,13,18.169408989844825,243.60001156122092,18.17,243.6,0.0005910101551762637,-1.156122092993428e-05,0.0005911232234913986
212,14,27.802797549454198,387.89060613539795,27.8,387.89,-0.002797549454196968,-0.0006061353979589512,0.0028624610162125545
212,15,45.72904385016379,568.8847524533564,45.73,568.88,0.0009561498362060661,-0.004752453356445585,0.004847683510138404
212,16,113.6937119361874,1055.9208993585908,113.69,1055.92,-0.003711936187400511,-0.000899358590686461,0.0038193345145424193
212,17,1033.0705596685825,252.01870319877463,1033.07,252.02,-0.0005596685825821623,0.0012968012253793404,0.0014124171977411225
212,18,1182.5776815451525,318.89221529637507,1182.58,318.89,0.002318454847454632,-0.002215296375084108,0.0032066759906711293
212,19,1411.0859009630312,421.25470435141324,1411.09,421.25,0.004099036968682412,-0.004704351413238328,0.006239633506053265
212,20,1672.4475057873951,552.6312978455181,1672.45,552.63,0.0024942126049154467,-0.0012978455181382742,0.0028116720127836217
212,21,1439.1071107133475,352.5104261411127,1439.11,352.51,0.0028892866523619887,-0.00042614111271177535,0.0029205433753773245
212,22,1445.1464990422971,287.0313806378616,1445.15,287.03,0.0035009577029541106,-0.0013806378616436632,0.003763358306470128
212,23,1761.5414981249635,408.02775080070796,1761.54,408.03,-0.0014981249635184213,0.002249199292009507,0.0027024573745931943
212,24,1258.324513860708,174.0538723467929,1258.32,174.05,-0.004513860708129869,-0.0038723467928889477,0.00594726896792099
212,25,1425.1708345050001,223.8027607209025,1425.17,223.8,-0.0008345050000571064,-0.0027607209025006796,0.00288409058398388
212,26,1584.338683317201,277.80451986076037,1584.34,277.8,0.0013166827989152807,-0.004519860760353822,0.004707737767330038
212,31,387.5852063696061,439.6855555083769,387.59,439.69,0.004793630393862713,0.004444491623075919,0.006537002228893333
213,13,22.12705674238362,243.70000867091568,22.13,243.7,0.002943257616379924,-8.670915690345282e-06,0.0029432703887270263
213,14,31.85209816209065,387.91795460154844,24.9,401.1,-6.95209816209065,13.182045398451578,14.902952383409893
213,15,49.79678288762284,568.6635643400173,56.8,581.1,7.003217112377158,12.436435659982749,14.272700580057819
213,16,117.52028395214055,1056.190674518943,129.2,1064.0,11.679716047859444,7.809325481056931,14.04995841373598
213,17,1038.052919751437,252.514027399081,1057.8,248.4,19.747080248562952,-4.114027399080982,20.171078299971324
213,18,1187.6832611588643,319.1691614722813,1196.0,317.1,8.316738841135702,-2.06916147228128,8.570272699863667
213,19,1416.3144257222734,421.69102826355993,1411.1,421.7,-5.214425722273518,0.008971736440059885,5.214433440476774
213,20,1677.5856293405463,552.9734733841386,1674.5,550.9,-3.0856293405463475,-2.0734733841386515,3.717579898532361
213,21,1444.0803330350107,352.8828196058345,1456.6,350.8,12.519666964989256,-2.0828196058345156,12.691737407648015
213,22,1450.1098742817228,287.5235354783962,1473.0,280.2,22.890125718277204,-7.323535478396195,24.033144349041457
213,23,1766.4061235937227,408.520813100531,1797.6,402.3,31.19387640627724,-6.220813100530961,31.808119103176118
213,24,1263.493385395531,174.54040426009468,1294.7,165.2,31.206614604468996,-9.340404260094687,32.57446771343858
213,25,1430.37812587875,224.3520705406769,1455.3,216.0,24.921874121249857,-8.352070540676891,26.28415667340054
213,26,1589.5040124879008,278.1033898955703,1610.3,267.7,20.795987512099146,-10.403389895570285,23.25303459599709
213,31,392.4389047772046,439.7641666312827,402.5,443.6,10.061095222795416,3.835833368717317,10.767509215910707
214,13,26.345292556787715,243.77500650318677,26.35,243.78,0.004707443212286222,0.0049934968132276936,0.006862582022869727
214,14,36.13907362156799,387.93846595116133,36.14,387.94,0.0009263784320125978,0.0015340488386641482,0.0017920610588662825
214,15,54.09758716571713,568.497673255013,54.1,568.5,0.0024128342828717564,0.002326744987044549,0.00335194145404394
214,16,121.64021296410542,1056.6430058892074,121.64,1056.64,-0.0002129641054153808,-0.003005889207315704,0.0030134239059336483
214,17,1043.2896898135778,252.88552054931074,1043.29,252.89,0.0003101864222117001,0.004479450689245823,0.004490177512516557
214,18,1192.7624458691482,319.376871104211,1192.76,319.38,-0.0024458691482323047,0.0031288957890183156,0.003971431070635769
214,19,1421.485819291705,422.01827119766995,1421.49,422.02,0.004180708295052682,0.0017288023300352506,0.0045240556301462094
214,20,1682.6892220054096,553.2301050381039,1682.69,553.23,0.0007779945904076158,-0.00010503810392492596,0.0007850532376722342
214,21,1449.310249776258,353.1621147043759,1449.31,353.16,-0.00024977625798783265,-0.0021147043758560358,0.002129404324293315
214,22,1455.332405711292,287.8926516087971,1455.33,287.89,-0.0024057112921127555,-0.0026516087971231173,0.0035802899371391037
214,23,1771.054592695292,408.8906098253982,1771.05,408.89,-0.004592695292103599,-0.0006098253982145252,0.0046330051869621375
214,24,1268.6200390466483,174.905303195071,1268.62,174.91,-3.904664845322259e-05,0.004696804928983056,0.004696967232339923
214,25,1435.5335944090625,224.76405290550767,1435.53,224.76,-0.003594409062543491,-0.004052905507677451,0.005417178191924002
214,26,1594.6280093659257,278.5775424216777,1594.63,278.58,0.001990634074445552,0.002457578322264453,0.003162643708736073
214,31,397.3291785829034,439.82312497346203,397.33,439.82,0.0008214170965743506,-0.003124973462035996,0.003231127540808916
215,13,33.75896941759079,242.33125487739008,33.76,242.33,0.0010305824092071703,-0.001254877390067577,0.0016238279977479355
215,14,43.85430521617599,386.703849463371,43.85,386.7,-0.004305216175986004,-0.0038494633710115522,0.005775227663627745
215,15,62.07319037428785,568.1232549412597,62.07,568.12,-0.0031903742878469643,-0.003254941259683619,0.004557755006639322
215,16,129.48015972307905,1052.4822544169056,129.48,1052.48,-0.00015972307906508831,-0.0022544169055436214,0.0022600679295071884
215,17,1046.7172673601833,251.41414041198306,1046.72,251.41,0.0027326398167133448,-0.0041404119830588115,0.00496088013938496
215,18,1196.0718344018612,318.78265332815823,1196.07,318.78,-0.0018344018612879154,-0.0026533281582601376,0.0032257062023861847
215,19,1424.6143644687786,421.76370339825246,1424.61,421.76,-0.004364468778703667,-0.0037033982524690146,0.005723962468139499
215,20,1686.0169165040572,553.672578778578,1686.02,553.67,0.0030834959427465947,-0.002578778578026686,0.0040197072260830195
215,21,1454.4826873321936,352.8715860282819,1454.48,352.87,-0.002687332193545444,-0.0015860282819062377,0.0031204550997366107
215,22,1460.749304283469,287.1694887065978,1460.75,287.17,0.0006957165310268465,0.0005112934022122317,0.0008633900825755344
215,23,1777.290944521469,409.1679573690486,1777.29,409.17,-0.0009445214691368164,0.002042630951393676,0.0022504359598201863
215,24,1273.2150292849863,173.67897739630325,1273.22,173.68,0.004970715013769222,0.0010226036967537766,0.005074812909726353
215,25,1441.150195806797,223.82303967913074,1441.15,223.82,-0.000195806796909892,-0.003039679130750983,0.0030459792382153826
215,26,1601.4710070244441,278.1831568162583,1601.47,278.18,-0.0010070244441067189,-0.0031568162582971127,0.003313546003857111
215,31,407.9968839371776,438.61734373009654,408.0,438.62,0.0031160628224142783,0.0026562699034684556,0.004094583899898103
216,13,40.0692270631931,241.24844115804257,40.07,241.25,0.0007729368069036013,0.0015588419574328327,0.0017399481474226065
216,14,50.39072891213199,385.77788709752826,50.39,385.78,-0.0007289121319900005,0.0021129024717083666,0.002235099494678824
216,15,69.05489278071589,568.0924412059447,69.05,568.09,-0.004892780715891831,-0.002441205944705871,0.005467978566003186
216,16,136.3601197923093,1049.6116908126792,136.36,1049.61,-0.00011979230927749995,-0.0016908126792714029,0.0016950509472422875
216,17,1050.5379505201374,250.3106053089873,1050.54,250.31,0.0020494798625350086,-0.0006053089873034878,0.0021369994564919507
216,18,1199.5538758013959,318.3369899961187,1199.55,318.34,-0.0038758013959068194,0.0030100038812861385,0.00490733734583948
216,19,1428.460773351584,421.8227775486894,1428.46,421.82,-0.0007733515840300242,-0.0027775486893801826,0.002883201240704387
216,20,1689.762687378043,554.0044340839335,1689.76,554.0,-0.00268737804299235,-0.004434083933460897,0.0051848916165078566
216,21,1459.6120154991452,352.65368952121145,1459.61,352.65,-0.00201549914527277,-0.003689521211470037,0.004204141241024449
216,22,1466.0619782126018,286.87711652994835,1466.06,286.88,-0.0019782126018981216,0.002883470051642689,0.003496816357349758
216,23,1783.4682083911018,409.3759680267865,1783.47,409.38,0.0017916088982019573,0.0040319732135003505,0.00441210498951473
216,24,1277.9112719637396,172.75923304722744,1277.91,172.76,-0.0012719637395548489,0.0007669527725511216,0.00148529738102045
216,25,1446.6126468550979,223.11727975934807,1446.61,223.12,-0.0026468550979643624,0.0027202406519393207,0.0037954645452280534
216,26,1608.1032552683332,277.8873676121937,1608.1,277.89,-0.003255268333305139,0.002632387806272618,0.004186434937322206
216,31,416.99766295288316,437.7130077975724,417.0,437.71,0.0023370471168391305,-0.0030077975724225325,0.003809020276002344
217,13,45.30192029739482,240.4363308685319,45.3,240.44,-0.0019202973948253543,0.0036691314680865617,0.004141264035856213
217,14,55.793046684099,385.0834153231462,55.79,385.08,-0.003046684098997332,-0.0034153231462141775,0.004576758262367535
217,15,74.79116958553692,568.0693309044585,74.79,568.07,-0.0011695855369140418,0.0006690955415251665,0.0013474491351614588
217,16,142.27008984423196,1047.7087681095095,142.27,1047.71,-8.984423195101954e-05,0.001231890490544174,0.0012351624049929768
217,17,1054.6534628901031,249.73295398174048,1054.65,249.73,-0.0034628901030373527,-0.002953981740489553,0.00455166079457375
217,18,1203.415406851047,318.002742497089,1203.42,318.0,0.004593148953063064,-0.002742497089002427,0.005349608171465562
217,19,1432.595580013688,421.86708316151703,1432.6,421.87,0.0044199863118592475,0.0029168384829745264,0.005295679912228859
217,20,1693.8220155335323,554.5033255629501,1693.82,554.5,-0.0020155335323579493,-0.0033255629500672512,0.003888668712415511
217,21,1464.709011624359,352.7402671409086,1464.71,352.74,0.0009883756410999922,-0.0002671409085905907,0.0010238411365843956
217,22,1471.2964836594515,286.65783739746126,1471.3,286.66,0.0035163405484581745,0.0021626025387604386,0.004128135244076219
217,23,1789.1011562933263,409.78197602008987,1789.1,409.78,-0.0011562933264031017,-0.0019760200898986113,0.0022894692949168953
217,24,1282.6834539728047,172.31942478542058,1282.68,172.32,-0.003453972804663863,0.0005752145794133412,0.0035015425097701183
217,25,1451.9594851413235,222.83795981951104,1451.96,222.84,0.0005148586765244545,0.002040180488961596,0.0021041425532344737
217,26,1614.3274414512498,277.6655257091453,1614.33,277.67,0.002558548750130285,0.004474290854716401,0.005154168250978237
217,31,424.74824721466234,437.0347558481793,424.75,437.03,0.0017527853376577696,-0.004755848179343047,0.005068564722371476
218,13,50.22644022304612,239.82724815139892,50.23,239.83,0.003559776953878213,0.002751848601093343,0.00449940914839958
218,14,60.844785013074244,384.56256149235963,60.84,384.56,-0.004785013074240396,-0.0025614923596322114,0.005427484981932767
218,15,79.84337718915269,567.8019981783439,79.84,567.8,-0.0033771891526868103,-0.001998178343910695,0.0039240442488712
218,16,147.20256738317397,1046.0315760821322,147.2,1046.03,-0.002567383173982307,-0.001576082132260126,0.0030125556010930474
218,17,1059.4900971675775,249.29971548630536,1059.49,249.3,-9.71675774508185e-05,0.0002845136946518778,0.00030064859978407146
218,18,1208.0615551382853,318.00205687281675,1208.06,318.0,-0.0015551382853118412,-0.00205687281675182,0.002578600564402176
218,19,1437.446685010266,422.1503123711378,1437.45,422.15,0.0033149897340081225,-0.00031237113779525316,0.003329674558317486
218,20,1698.6165116501493,555.1274941722126,1698.62,555.13,0.0034883498506133037,0.002505827787445014,0.0042950852821108726
218,21,1470.2817587182692,352.80520035568145,1470.28,352.81,-0.0017587182692295755,0.0047996443185525095,0.005111719430400622
218,22,1477.2223627445887,286.74337804809596,1477.22,286.74,-0.002362744588708665,-0.0033780480959535453,0.004122350170721484
218,23,1795.3258672199947,410.3364820150674,1795.33,410.34,0.004132780005193126,0.003517984932557283,0.005427346364202691
218,24,1288.0125904796037,171.98956858906544,1288.01,171.99,-0.0025904796036684274,0.0004314109345671113,0.0026261568824969693
218,25,1457.9696138559925,222.87846986463327,1457.97,222.88,0.0003861440075070277,0.001530135366721197,0.001578106914953673
218,26,1620.9955810884373,277.749144281859,1621.0,277.75,0.0044189115626522835,0.0008557181409969417,0.0045010035475850614
218,31,431.81118541099676,436.52606688613446,431.81,436.53,-0.001185410996754399,0.003933113865514315,0.004107868536154391
219,13,54.91983016728459,239.3704361135492,54.92,239.37,0.0001698327154144863,-0.00043611354919903533,0.0004680151482805202
219,14,65.63358875980569,384.1719211192697,65.63,384.17,-0.003588759805694508,-0.0019211192696957369,0.00407061373644869
219,15,84.63253289186451,567.601498633758,84.63,567.6,-0.0025328918645186604,-0.0014986337579330211,0.0029430331866564575
219,16,151.90192553738046,1045.0236820615992,151.9,1045.02,-0.0019255373804583087,-0.0036820615991928207,0.004155150036255326
219,17,1064.367572875683,249.22478661472903,1064.37,249.22,0.0024271243169096124,-0.0047866147290278604,0.0053668065936719215
219,18,1213.046166353714,318.00154265461254,1213.05,318.0,0.0038336462860115716,-0.0015426546125354434,0.004132387578607215
219,19,1442.3350137576995,422.36273427835334,1442.34,422.36,0.004986242300446975,-0.0027342783533299553,0.0056867293229285595
219,20,1703.212383737612,555.5956206291594,1703.21,555.6,-0.0023837376120354747,0.00437937084063833,0.004986090047609034
219,21,1475.711319038702,353.1039002667611,1475.71,353.1,-0.0013190387019221816,-0.0039002667610930075,0.004117273843801927
219,22,1482.6667720584414,287.05753353607196,1482.67,287.06,0.003227941558634484,0.0024664639280445044,0.004062394738858392
219,23,1800.744400414996,410.7523615113006,1800.74,410.75,-0.004400414996098334,-0.002361511300591701,0.004994035218208759
219,24,1293.2594428597026,171.99217644179907,1293.26,171.99,0.0005571402973600925,-0.0021764417990652873,0.002246620621213345
219,25,1463.4772103919945,222.90885239847495,1463.48,222.91,0.00278960800551431,0.0011476015250480032,0.003016438642625112
219,26,1626.996685816328,278.0618582113942,1627.0,278.06,0.003314183672046056,-0.0018582113942215983,0.003799574054768726
219,31,437.85838905824755,436.39455016460084,437.86,436.39,0.0016109417524603487,-0.0045501646008574426,0.004826917362532343
220,13,59.18987262546344,238.7778270851619,59.19,238.78,0.00012737453656086473,0.0021729148380984498,0.002176644933422194
220,14,69.97519156985427,383.6289408394523,69.98,383.63,0.004808430145729403,0.001059160547697502,0.004923699983971217
220,15,88.72439966889839,566.9511239753185,88.72,566.95,-0.004399668898386722,-0.0011239753184781875,0.004540969822843967
220,16,155.92644415303533,1044.2677615461994,155.93,1044.27,0.0035558469646730373,0.002238453800600837,0.0042017523789008296
220,17,1069.2756796567623,249.16858996104676,1069.28,249.17,0.004320343237623092,0.0014100389532245572,0.0045446205056622925
220,18,1217.7846247652856,318.00115699095943,1217.78,318.0,-0.004624765285598187,-0.0011569909594300043,0.004767292945380726
220,19,1447.2512603182745,422.772050708765,1447.25,422.77,-0.0012603182744896912,-0.0020507087650116773,0.002407033151393722
220,20,1707.909287803209,555.9467154718695,1707.91,555.95,0.0007121967910279636,0.0032845281305071694,0.0033608554430744936
220,21,1481.0334892790265,353.3279252000708,1481.03,353.33,-0.0034892790265530493,0.002074799929175697,0.00405953973638028
220,22,1488.0000790438312,287.29315015205395,1488.0,287.29,-7.904383119239355e-05,-0.0031501520539336525,0.0031511435845026138
220,23,1806.058300311247,411.3142711334755,1806.06,411.31,0.0016996887529785454,-0.004271133475469924,0.004596903634217445
220,24,1298.444582144777,171.9941323313493,1298.44,171.99,-0.0045821447770322266,-0.004132331349296692,0.006170268481846145
220,25,1469.1079077939958,223.18163929885623,1469.11,223.18,0.0020922060041357327,-0.0016392988562188293,0.002657936549984211
220,26,1632.747514362246,278.29639365854564,1632.75,278.3,0.002485637754034542,0.0036063414543718864,0.004379965037509205
220,31,442.89379179368564,436.04591262345065,442.89,436.05,-0.003791793685650191,0.004087376549364308,0.005575333748828848
221,13,62.89240446909758,238.58337031387143,62.89,238.58,-0.0024044690975770777,-0.0033703138714145098,0.0041401071523635945
221,14,73.73139367739071,383.2217056295892,73.73,383.22,-0.0013936773907090583,-0.0017056295891961781,0.002202614120747239
221,15,92.54329975167379,566.463342981489,92.54,566.46,-0.003299751673779383,-0.0033429814889132103,0.004697221129968891
221,16,159.6948331147765,1043.7008211596494,159.69,1043.7,-0.004833114776488401,-0.0008211596493765683,0.004902377138947469
221,17,1073.9567597425716,249.37644247078507,1073.96,249.38,0.0032402574283878494,0.003557529214930355,0.0048119935907382115
221,18,1222.5884685739643,318.2508677432196,1222.59,318.25,0.001531426035626282,-0.0008677432196009249,0.0017601829444002148
221,19,1452.1884452387058,423.07903803157376,1452.19,423.08,0.001554761294300988,0.0009619684262247574,0.001828295910215253
221,20,1712.4319658524068,556.2100366039022,1712.43,556.21,-0.001965852406783597,-3.660390211734921e-05,0.001966193157069538
221,21,1486.0251169592698,353.49594390005313,1486.03,353.5,0.004883040730192079,0.004056099946865288,0.006347915685614876
221,22,1493.0000592828733,287.4698626140405,1493.0,287.47,-5.928287328060833e-05,0.00013738595953327604,0.00014963074864907824
221,23,1811.0437252334352,411.73570335010663,1811.04,411.74,-0.0037252334352615435,0.004296649893376525,0.0056867006650115695
221,24,1303.3334366085828,172.24559924851198,1303.33,172.25,-0.0034366085828878568,0.00440075148802066,0.005583627155469332
221,25,1474.3309308454968,223.38622947414217,1474.33,223.39,-0.0009308454968959268,0.0037705258578171197,0.003883727408503196
221,26,1638.0606357716845,278.47229524390923,1638.06,278.47,-0.0006357716845286632,-0.002295243909202327,0.002381669632333333
221,31,447.42034384526426,435.78443446758797,447.42,435.78,-0.000343845264239917,-0.00443446758799837,0.004447778361693431
222,13,66.66930335182317,238.18752773540356,66.67,238.19,0.0006966481768273525,0.00247226459643457,0.002568542566721576
222,14,77.54854525804303,382.9162792221919,77.55,382.92,0.0014547419569623798,0.003720777808098319,0.003995054650262455
222,15,96.40747481375534,566.0975072361167,96.41,566.1,0.00252518624465381,0.0024927638833105448,0.0035483006282058848
222,16,163.27112483608238,1043.275615869737,163.27,1043.28,-0.0011248360823685744,0.004384130262906183,0.004526130176467323
222,17,1078.7175698069286,249.5323318530888,1078.72,249.53,0.002430193071404574,-0.0023318530888047917,0.0033679930510722915
222,18,1227.4413514304733,318.4381508074147,1227.44,318.44,-0.0013514304732780147,0.0018491925853254543,0.0022903880766645367
222,19,1457.1413339290293,423.3092785236803,1457.14,423.31,-0.0013339290292151418,0.0007214763197112006,0.0015165403835331486
222,20,1717.323974389305,556.6575274529266,1717.32,556.66,-0.003974389305085424,0.002472547073352871,0.004680732782195887
222,21,1491.0188377194522,353.62195792503985,1491.02,353.62,0.0011622805477600195,-0.0019579250398464865,0.0022769204055827683
222,22,1498.000044462155,287.85239696053037,1498.0,287.85,-4.4462155074143084e-05,-0.0023969605303477692,0.002397372867803191
222,23,1816.0327939250765,412.05177751258,1816.03,412.05,-0.002793925076503001,-0.0017775125799630587,0.003311429948683685
222,24,1308.250077456437,172.43419943638398,1308.25,172.43,-7.745643711132288e-05,-0.004199436383970578,0.004200150645234747
222,25,1479.4981981341225,223.78967210560663,1479.5,223.79,0.0018018658774963114,0.0003278943933651135,0.0018314571722226616
222,26,1643.2954768287634,278.8542214329319,1643.3,278.85,0.004523171236542112,-0.0042214329318994714,0.006187048895362575
222,31,451.8152578839482,435.338325850691,451.82,435.34,0.004742116051772882,0.0016741493089966752,0.0050289601864894565
223,13,70.25197751386739,237.89064580155267,70.25,237.89,-0.00197751386738787,-0.000645801552678904,0.002080293426695814
223,14,81.16140894353228,382.43720941664395,81.16,382.44,-0.0014089435322830468,0.0027905833560453175,0.0031260961828132186
223,15,100.0556061103165,565.5731304270876,100.06,565.57,0.004393889683498742,-0.003130427087512544,0.005394982882362922
223,16,166.70334362706177,1042.9567119023027,166.7,1042.96,-0.0033436270617812625,0.0032880976973501674,0.004689501934704311
223,17,1083.2881773551965,249.6492488898166,1083.29,249.65,0.001822644803496587,0.0007511101834154488,0.0019713448676838617
223,18,1232.081013572855,318.578613105561,1232.08,318.58,-0.0010135728550721979,0.0013868944390083016,0.0017177910575769562
223,19,1462.106000446772,423.4819588927602,1462.11,423.48,0.003999553227913566,-0.0019588927601716932,0.00445350276397881
223,20,1721.9929807919789,556.9931455896949,1721.99,556.99,-0.0029807919788709114,-0.003145589694895534,0.004333573046567249
223,21,1496.0141282895893,353.7164684437799,1496.01,353.72,-0.004128289589289125,0.0035315562201390094,0.0054327400332645675
223,22,1503.0000333466164,288.1392977203978,1503.0,288.14,-3.334661641929415e-05,0.0007022796021942668,0.0007030708616382513
223,23,1821.0245954438074,412.288833134435,1821.02,412.29,-0.004595443807374977,0.0011668655650396431,0.004741273988456722
223,24,1313.187558092328,172.57564957728798,1313.19,172.58,0.002441907672164234,0.004350422712036561,0.00498889675707747
223,25,1484.6236486005919,224.09225407920496,1484.62,224.09,-0.003648600591986906,-0.0022540792049596803,0.004288724675480913
223,26,1648.4716076215725,279.14066607469897,1648.47,279.14,-0.001607621572475182,-0.0006660746989837207,0.0017401444264525375
223,31,455.8614434129612,435.0037443880182,455.86,435.0,-0.0014434129611800017,-0.0037443880182195244,0.004012964316747454
224,13,74.18898313540055,237.6679843511645,74.19,237.67,0.0010168645994497183,0.002015648835481443,0.002257621279486826
224,14,85.12105670764922,382.07790706248295,85.12,382.08,-0.001056707649212285,0.002092937517033988,0.0023445721371099138
224,15,103.79170458273738,565.1798478203157,103.79,565.18,-0.001704582737374949,0.00015217968427805317,0.001711362312563778
224,16,170.27750772029634,1042.717533926727,170.28,1042.72,0.0024922797036595057,0.0024660732731263124,0.0035061339834212037
224,17,1087.9661330163974,249.73693666736244,1087.97,249.74,0.0038669836026201665,0.0030633326375664183,0.004933312176551659
224,18,1236.8107601796412,318.6839598291707,1236.81,318.68,-0.000760179641247305,-0.003959829170696594,0.004032135928768592
224,19,1467.079500335079,423.6114691695701,1467.08,423.61,0.0004996649208806048,-0.0014691695701003482,0.0015518132164882032
224,20,1726.4947355939842,557.2448591922712,1726.49,557.24,-0.00473559398415091,-0.004859192271169377,0.006785101319134335
224,21,1500.760596217192,354.03735133283493,1500.76,354.04,-0.0005962171919691173,0.002648667165090046,0.0027149424839995563
224,22,1507.7500250099624,288.35447329029836,1507.75,288.35,-2.500996242815745e-05,-0.004473290298335542,0.004473360212569913
224,23,1825.5184465828556,412.71662485082624,1825.52,412.72,0.001553417144350533,0.0033751491737916695,0.0037154726172734407
224,24,1317.890668569246,172.93173718296597,1317.89,172.93,-0.0006685692458177073,-0.0017371829659680316,0.0018613945024370158
224,25,1489.467736450444,224.31919055940372,1489.47,224.32,0.00226354955611896,0.0008094405962708606,0.0024039240154168076
224,26,1653.1037057161793,279.35549955602426,1653.1,279.36,-0.003705716179410956,0.004500443975757662,0.005829779445337668
224,31,459.89608255972087,434.75280829101365,459.9,434.75,0.003917440279110451,-0.0028082910136504324,0.004820045306607268
225,13,78.1417373515504,237.5009882633734,78.14,237.5,-0.0017373515504033321,-0.0009882633733866442,0.0019987633438870176
225,14,88.8407925307369,381.8084302968622,88.84,381.81,-0.0007925307369021084,0.0015697031378181237,0.00175842910286729
225,15,107.59377843705303,564.6348858652368,107.59,564.63,-0.003778437053028938,-0.004885865236815334,0.006176428229650415
225,16,173.70813079022224,1042.2881504450452,173.71,1042.29,0.0018692097777659455,0.001849554954787891,0.0026296004875410737
225,17,1092.474599762298,250.05270250052183,1092.47,250.05,-0.004599762298084897,-0.002702500521820639,0.0053349153947672015
225,18,1241.358070134731,318.762969871878,1241.36,318.76,0.0019298652689485607,-0.0029698718780082345,0.0035418242373215047
225,19,1471.8096252513092,423.70860187717756,1471.81,423.71,0.0003747486907741404,0.001398122822422465,0.0014474750456624434
225,20,1730.8710516954882,557.1836443942034,1730.87,557.18,-0.0010516954882859864,-0.003644394203433876,0.0037931085550117778
225,21,1505.070447162894,354.2780134996262,1505.07,354.28,-0.00044716289403368137,0.001986500373789113,0.0020362068629844222
225,22,1512.312518757472,288.5158549677238,1512.31,288.52,-0.0025187574719893746,0.00414503227619889,0.00485030223526667
225,23,1829.6388349371418,413.03746863811966,1829.64,413.04,0.0011650628582628997,0.002531361880357963,0.0027866044629679897
225,24,1322.4180014269346,173.19880288722447,1322.42,173.2,0.001998573065520759,0.0011971127755145972,0.002329672357977685
225,25,1493.8508023378329,224.73939291955278,1493.85,224.74,-0.0008023378329653497,0.0006070804472244618,0.0010061275603072334
225,26,1657.5777792871345,279.76662466701816,1657.58,279.77,0.0022207128654372355,0.0033753329818182465,0.004040351268004863
225,31,463.6720619197906,434.5646062182602,463.67,434.56,-0.0020619197906057707,-0.00460621826022134,0.005046658288777659
226,13,81.6063030136628,237.37574119753003,81.61,237.38,0.0036969863372036116,0.004258802469962575,0.005639601622067778
226,14,92.13059439805268,381.6063227226466,92.13,381.61,-0.0005943980526836867,0.0036772773534039516,0.0037250070844082606
226,15,110.94533382778977,564.2261643989276,110.95,564.23,0.004666172210235686,0.0038356010724100997,0.006040281341315924
226,16,177.0310980926667,1041.9661128337839,177.03,1041.97,-0.0010980926666945834,0.003887166216145488,0.00403929061799114
226,17,1096.8559498217237,250.03952687539137,1096.86,250.04,0.004050178276202132,0.0004731246086180363,0.0040777188432136475
226,18,1245.7685526010482,318.8222274039085,1245.77,318.82,0.001447398951768264,-0.0022274039085345976,0.002656368178045933
226,19,1476.3572189384818,423.7814514078832,1476.36,423.78,0.002781061518135175,-0.00145140788322351,0.0031370189688836236
226,20,1735.4032887716162,557.3877332956525,1735.4,557.39,-0.003288771616098529,0.002266704347448467,0.0039942417730524414
226,21,1509.5528353721704,354.4585101247196,1509.55,354.46,-0.002835372170466144,0.0014898752803560456,0.003202977317445426
226,22,1516.734389068104,288.63689122579285,1516.73,288.64,-0.004389068104046601,0.0031087742071349567,0.0053785124237940365
226,23,1833.9791262028564,413.27810147858975,1833.98,413.28,0.0008737971436403313,0.0018985214102258396,0.0020899533471634988
226,24,1326.8135010702008,173.39910216541836,1326.81,173.4,-0.0035010702008548833,0.0008978345816501587,0.0036143601767561805
226,25,1498.3881017533747,225.0545446896646,1498.39,225.05,0.0018982466253874009,-0.004544689664584212,0.004925194858903879
226,26,1662.183334465351,280.0749685002636,1662.18,280.07,-0.003334465350917526,-0.004968500263601072,0.005983699027012761
226,31,467.25404643984297,434.42345466369517,467.25,434.42,-0.004046439842966265,-0.003454663695151794,0.005320561685512601
227,13,84.7047272602471,237.53180589814752,84.7,237.53,-0.004727260247094023,-0.0018058981475235214,0.005060460212568055
227,14,95.34794579853951,381.45474204198496,95.35,381.45,0.0020542014604814085,-0.004742041984968637,0.005167853115893411
227,15,114.20900037084232,563.9196232991957,114.21,563.92,0.0009996291576754857,0.0003767008042814268,0.0010682518190114514
227,16,180.2733235695,1042.224584625338,180.27,1042.22,-0.0033235694999973475,-0.004584625337884063,0.0056625880752603905
227,17,1101.1419623662928,250.27964515654352,1101.14,250.28,-0.001962366292673323,0.00035484345647773807,0.0019941903984388026
227,18,1250.3264144507862,318.8666705529314,1250.33,318.87,0.003585549213767081,0.003329447068608715,0.004892993045878248
227,19,1481.0179142038614,424.0860885559124,1481.02,424.09,0.002085796138544538,0.00391144408757782,0.004432825327239365
227,20,1739.802466578712,557.5407999717394,1739.8,557.54,-0.002466578712073897,-0.0007999717394113759,0.0025930609955635417
227,21,1513.9146265291279,354.5938825935397,1513.91,354.59,-0.004626529127790491,-0.0038825935397426292,0.006039809961012436
227,22,1521.300791801078,288.97766841934464,1521.3,288.98,-0.0007918010780940676,0.002331580655379639,0.002462360107663271
227,23,1838.2343446521422,413.45857610894234,1838.23,413.46,-0.004344652142208361,0.001423891057640958,0.004572031056415254
227,24,1331.1101258026506,173.79932662406378,1331.11,173.8,-0.00012580265070027963,0.0006733759362305136,0.0006850266114666913
227,25,1502.791076315031,225.29090851724845,1502.79,225.29,-0.001076315031014019,-0.0009085172484617487,0.001408494812464432
227,26,1666.6375008490131,280.3062263751977,1666.64,280.31,0.0024991509869778383,0.0037736248023065855,0.004526146242035903
227,31,470.6905348298822,434.5675909977714,470.69,434.57,-0.0005348298822127617,0.0024090022286031854,0.0024676577437567856
228,13,88.02854544518533,237.64885442361066,88.03,237.65,0.0014545548146713827,0.0011455763893479798,0.0018515061362888471
228,14,98.76095934890463,381.34105653148873,98.76,381.34,-0.0009593489046295645,-0.001056531488757173,0.0014270981422275742
228,15,117.40675027813174,563.9397174743967,117.41,563.94,0.0032497218682578932,0.00028252560332475696,0.0032619799106627847
228,16,183.454992677125,1042.4184384690034,183.45,1042.42,-0.004992677125017053,0.0015615309966960922,0.005231176151527612
228,17,1105.1064717747195,250.45973386740764,1105.11,250.46,0.0035282252804336167,0.0002661325923725144,0.003538248180415527
228,18,1254.4948108380895,319.1500029146986,1254.49,319.15,-0.004810838089497338,-2.914698598033283e-06,0.004810838972448185
228,19,1485.513435652896,424.3145664169343,1485.51,424.31,-0.003435652896087049,-0.004566416934324025,0.005714531865382549
228,20,1744.351849934034,557.9055999788045,1744.35,557.91,-0.0018499340339985793,0.004400021195465342,0.004773095688407107
228,21,1518.185969896846,354.9454119451548,1518.19,354.95,0.004030103154036624,0.004588054845214629,0.006106715868195717
228,22,1525.4755938508085,289.4832513145085,1525.48,289.48,0.004406149191481745,-0.003251314508474934,0.005475874060879673
228,23,1842.4257584891066,413.8439320817067,1842.43,413.84,0.004241510893507439,-0.003932081706750523,0.005783742837324666
228,24,1335.332594351988,174.09949496804785,1335.33,174.1,-0.002594351988136623,0.0005050319521444635,0.0026430511745017906
228,25,1507.0933072362732,225.71818138793634,1507.09,225.72,-0.0033072362732582405,0.0018186120636585201,0.0037742763021855405
228,26,1670.7281256367598,280.7296697813983,1670.73,280.73,0.0018743632401765353,0.00033021860173221285,0.0019032293296014167
228,31,474.0179011224117,434.67569324832857,474.02,434.68,0.0020988775883097333,0.004306751671435904,0.004790970370407736
229,13,91.021409083889,237.736640817708,91.02,237.74,-0.0014090838890012947,0.0033591822920016057,0.0036427493843442173
229,14,101.82071951167848,381.50579239861656,101.82,381.51,-0.0007195116784828315,0.004207601383427573,0.004268677366268714
229,15,120.3050627085988,563.9547881057975,120.31,563.95,0.004937291401205357,-0.004788105797501885,0.006877703360024153
229,16,186.34124450784375,1042.5638288517525,186.34,1042.56,-0.0012445078437508528,-0.0038288517525870702,0.004026028504177098
229,17,1109.3298538310396,250.84480040055573,1109.33,250.84,0.00014616896032748627,-0.004800400555723172,0.004802625413287045
229,18,1258.8711081285671,319.3625021860239,1258.87,319.36,-0.001108128567238964,-0.002502186023889408,0.002736582507376411
229,19,1489.885076739672,424.7359248127008,1489.89,424.74,0.004923260328041579,0.0040751872992359495,0.006391059675947492
229,20,1748.5138874505255,558.1791999841034,1748.51,558.18,-0.003887450525553504,0.0008000158965160153,0.003968916353780278
229,21,1522.6394774226346,355.4590589588661,1522.64,355.46,0.0005225773654728982,0.0009410411338990343,0.0010764039755568422
229,22,1529.8566953881063,289.8624384858814,1529.86,289.86,0.0033046118935544655,-0.002438485881384622,0.004106905545630891
229,23,1846.81931886683,414.38294906128004,1846.82,414.38,0.0006811331700191658,-0.0029490612800486815,0.0030266986683154845
229,24,1339.749445763991,174.3246212260359,1339.75,174.32,0.0005542360090657894,-0.004621226035908421,0.004654342878291524
229,25,1511.5699804272049,226.03863604095227,1511.57,226.04,1.9572795054045855e-05,0.0013639590477225738,0.001364099475174189
229,26,1675.04609422757,281.0472523360487,1675.05,281.05,0.003905772430016441,0.0027476639513110968,0.004775428301672118
229,31,477.2634258418087,434.7567699362464,477.26,434.76,-0.003425841808734731,0.0032300637535627175,0.004708471508945819
230,13,94.76605681291674,238.052480613281,94.77,238.05,0.003943187083251587,-0.0024806132809942483,0.0046585584276004535
230,14,105.61553963375886,381.62934429896245,105.62,381.63,0.00446036624114754,0.0006557010375445316,0.004508304654280321
230,15,123.97879703144909,563.7160910793482,123.98,563.72,0.001202968550913397,0.0039089206518383435,0.004089840338797467
230,16,189.75593338088282,1042.1728716388143,189.76,1042.17,0.004066619117168102,-0.002871638814212929,0.004978323063383022
230,17,1113.4973903732798,251.3836003004168,1113.5,251.38,0.0026096267201864976,-0.003600300416792379,0.004446607100910391
230,18,1263.1533310964253,319.7718766395179,1263.15,319.77,-0.0033310964251995756,-0.0018766395179454776,0.003823346606612069
230,19,1494.413807554754,425.05194360952555,1494.41,425.05,-0.003807554753848308,-0.0019436095255400687,0.004274937565780691
230,20,1752.3854155878942,558.3843999880776,1752.39,558.38,0.0045844121059417375,-0.004399988077580019,0.0063542685999217466
230,21,1526.979608066976,356.09429421914956,1526.98,356.09,0.00039193302404783026,-0.004294219149585388,0.004312067902990991
230,22,1534.1425215410798,290.3968288644111,1534.14,290.4,-0.002521541079659073,0.0031711355889001425,0.004051452867749703
230,23,1850.6144891501224,414.78721179596005,1850.61,414.79,-0.004489150122481078,0.0027882040399731522,0.005284557747881509
230,24,1344.062084322993,174.99346591952693,1344.06,174.99,-0.002084322993141541,-0.003465919526917105,0.0040443788777516625
230,25,1515.9274853204038,226.7789770307142,1515.93,226.78,0.0025146795962882607,0.0010229692857990358,0.002714789058412583
230,26,1679.2845706706776,281.53543925203655,1679.28,281.54,-0.004570670677594535,0.004560747963466838,0.006456891855164479
230,31,480.6975693813565,435.0675774521848,480.7,435.07,0.002430618643472826,0.002422547815172038,0.0034317116584574084
231,13,98.57454260968755,238.53936045996076,98.57,238.54,-0.004542609687561594,0.0006395400392307238,0.004587408226363518
231,14,109.21165472531914,381.97200822422184,109.21,381.97,-0.0016547253191419031,-0.002008224221810906,0.0026021299750161003
231,15,127.48409777358683,563.7870683095111,127.48,563.79,-0.004097773586821063,0.002931690488821914,0.005038507466611242
231,16,193.0669500356621,1042.1296537291107,193.07,1042.13,0.0030499643378902874,0.00034627088939487294,0.0030695579472042643
231,17,1117.6230427799599,252.0377002253126,1117.62,252.04,-0.003042779959969266,0.002299774687401168,0.003814115034657674
231,18,1267.364998322319,320.3289074796385,1267.36,320.33,-0.004998322319124782,0.0010925203615101964,0.005116329421193997
231,19,1498.5603556660653,425.53895770714416,1498.56,425.54,-0.00035566606538850465,0.0010422928558568856,0.0011013050201643696
231,20,1756.0390616909206,558.7882999910582,1756.04,558.79,0.0009383090794017335,0.001700008941725173,0.0019417657764090061
231,21,1530.984706050232,356.57072066436217,1530.98,356.57,-0.004706050232016423,-0.0007206643621771036,0.004760910197554031
231,22,1538.1068911558098,291.04762164830834,1538.11,291.05,0.003108844190137461,0.002378351691675107,0.003914264805534405
231,23,1853.9608668625917,415.34040884697004,1853.96,415.34,-0.0008668625916925521,-0.00040884697006049464,0.0009584396683169867
231,24,1348.2965632422447,175.7450994396452,1348.3,175.75,0.0034367577552529838,0.004900560354798245,0.005985548902090085
231,25,1519.9456139903027,227.58423277303564,1519.95,227.58,0.004386009697327609,-0.004232773035624859,0.0060953628797771105
231,26,1683.2134280030082,282.1515794390274,1683.21,282.15,-0.003428003008139058,-0.001579439027409535,0.003774365147294947
231,31,484.0231770360174,435.5506830891386,484.02,435.55,-0.003177036017405044,-0.000683089138590276,0.0032496413074597796
232,13,102.68090695726566,238.90452034497056,102.68,238.9,-0.0009069572656557057,-0.004520344970558199,0.004610432749165362
232,14,113.15874104398935,382.2290061681664,113.16,382.23,0.0012589560106448516,0.000993831833625336,0.0016039550960877606
232,15,131.3630733301901,563.5903012321334,131.36,563.59,-0.0030733301900909282,-0.0003012321333244472,0.0030880575213994214
232,16,196.30021252674658,1041.347240296833,196.3,1041.35,-0.00021252674656579984,0.002759703166930194,0.0027678744891288668
232,17,1121.7172820849698,252.77827516898444,1121.72,252.78,0.002717915030189033,0.001724831015565087,0.0032190222340926352
232,18,1271.2737487417394,320.99668060972886,1271.27,321.0,-0.0037487417394004297,0.0033193902711445844,0.0050071365470588354
232,19,1502.420266749549,425.9042182803581,1502.42,425.9,-0.00026674954892769165,-0.004218280358145421,0.00422670610544057
232,20,1759.2792962681904,559.0912249932937,1759.28,559.09,0.0007037318096081435,-0.0012249932937038466,0.0014127445025459314
232,21,1534.738529537674,357.1780404982716,1534.74,357.18,0.001470462326096822,0.0019595017283791094,0.0024498788696567823
232,22,1541.8301683668574,291.7857162362312,1541.83,291.79,-0.00016836685745147406,0.004283763768796689,0.004287071194363734
232,23,1857.2206501469439,416.0053066352275,1857.22,416.01,-0.0006501469438262575,0.004693364772492714,0.004738181500981385
232,24,1352.2224224316835,176.5588245797339,1352.22,176.56,-0.0024224316834988713,0.0011754202660938518,0.00269254304759707
232,25,1523.709210492727,228.43817457977673,1523.71,228.44,0.000789507273111667,0.0018254202232697025,0.00198883903969583
232,26,1686.6600710022562,282.8636845792705,1686.66,282.86,-7.100225616341049e-05,-0.003684579270498034,0.0036852633177242734
232,31,487.51738277701304,435.66301231685395,487.52,435.66,0.0026172229869416697,-0.0030123168539262224,0.003990477288724226
233,13,106.76068021794924,239.42839025872792,106.76,239.43,-0.0006802179492382265,0.0016097412720910143,0.001747559275543767
233,14,117.119055782992,382.42175462612477,117.12,382.42,0.0009442170079978496,-0.0017546261247503026,0.001992550776228469
233,15,135.02230499764258,563.4427259241,135.02,563.44,-0.002304997642568196,-0.0027259240999910617,0.0035698286136952037
233,16,199.47515939505993,1041.0104302226248,199.48,1041.01,0.004840604940056892,-0.00043022262480008067,0.004859685966458435
233,17,1125.5379615637273,253.33370637673832,1125.54,253.33,0.002038436272641775,-0.0037063767383074264,0.004229946922112391
233,18,1275.2053115563044,321.49751045729664,1275.21,321.5,0.004688443695613387,0.0024895427033584383,0.005308420401473696
233,19,1506.3152000621617,426.42816371026856,1506.32,426.43,0.00479993783824284,0.0018362897314432303,0.0051391986952052365
233,20,1762.7094722011427,559.3184187449704,1762.71,559.32,0.0005277988573197945,0.0015812550296914196,0.00166701502774045
233,21,1538.5538971532555,357.6335303737037,1538.55,357.63,-0.0038971532555933663,-0.0035303737037111205,0.0052584543342542155
233,22,1545.622626275143,292.33928717717345,1545.62,292.34,-0.0026262751430294884,0.0007128228265287362,0.00272129335223437
233,23,1860.415487610208,416.5039799764206,1860.42,416.5,0.004512389792125759,-0.003979976420623643,0.006016799310663515
233,24,1356.1668168237627,177.41911843480042,1356.17,177.42,0.003183176237371299,0.0008815651995632834,0.003302993817621576
233,25,1527.5319078695452,229.07863093483255,1527.53,229.08,-0.0019078695452208194,0.0013690651674664878,0.002348255870715783
233,26,1690.2450532516923,283.6477634344529,1690.25,283.65,0.004946748307702364,0.0022365655470935053,0.005428862152072189
233,31,491.13803708275975,435.9972592376405,491.14,436.0,0.001962917240234674,0.002740762359508153,0.003371175225838492
234,13,111.32051016346193,239.82129269404595,111.3,242.7,-0.02051016346193535,2.8787073059540376,2.878780370253762
234,14,121.589291837244,382.5663159695936,137.0,396.1,15.410708162755995,13.533684030406448,20.509766685959953
234,15,139.51672874823194,563.332044443075,167.5,575.9,27.98327125176806,12.567955556924971,30.67600001354267
234,16,203.60636954629496,1041.0078226669687,232.6,1043.9,28.993630453705038,2.892177333031441,29.137523858621087
234,17,1129.4034711727954,254.00027978255375,1151.2,253.0,21.79652882720461,-1.000279782553747,21.81946902558693
234,18,1279.1539836672282,321.8731328429725,1290.6,323.9,11.446016332771705,2.026867157027482,11.624090517641081
234,19,1510.2364000466214,426.8211227827014,1504.0,428.9,-6.236400046621384,2.0788772172985546,6.573767262848768
234,20,1766.282104150857,559.4888140587277,1766.28,559.49,-0.0021041508571215672,0.0011859412722969864,0.0024153483249549786
234,21,1542.1654228649418,358.2251477802778,1542.17,358.23,0.004577135058298154,0.00485221972223826,0.006670397407559761
234,22,1549.2169697063573,293.0044653828801,1569.0,287.8,19.783030293642696,-5.204465382880073,20.456166491324364
234,23,1863.811615707656,416.87798498231547,1906.4,409.6,42.58838429234402,-7.277984982315445,43.20578134966643
234,24,1360.125112617822,178.0643388261003,1387.2,169.7,27.074887382178076,-8.364338826100322,28.337460908758832
234,25,1531.148930902159,229.55897320112442,1545.7,222.3,14.551069097841037,-7.258973201124405,16.261190110960104
234,26,1693.6837899387692,284.2358225758397,1710.3,272.8,16.61621006123073,-11.435822575839666,20.171179310715317
234,31,495.10352781206984,436.24794442823037,503.8,443.0,8.69647218793017,6.752055571769631,11.009944730093256
235,13,115.49038262259646,240.36596952053446,115.49,240.37,-0.00038262259646160146,0.004030479465541248,0.004048600347462402
235,14,125.69196887793301,382.67473697719515,142.5,394.7,16.808031122066993,12.025263022804836,20.666805775639588
235,15,143.38754656117396,562.9990333323062,172.2,572.6,28.812453438826026,9.600966667693797,30.369985744459694
235,16,207.20477715972123,1040.7558670002265,237.3,1043.2,30.09522284027878,2.444132999773501,30.194307806714487
235,17,1133.3026033795966,254.7502098369153,1154.1,254.7,20.797396620403333,-0.050209836915314554,20.797457229528973
235,18,1282.8654877504212,322.40484963222934,1290.1,322.4,7.234512249578756,-0.004849632229365852,7.234513875046328
235,19,1513.927300034966,427.11584208702607,1509.8,428.2,-4.127300034966083,1.0841579129739216,4.267318122532583
235,20,1769.7115781131429,559.6166105440458,1769.71,559.62,-0.0015781131428411754,0.003389455954220466,0.0037388303996314974
235,21,1545.6240671487062,358.6688608352083,1545.62,358.67,-0.004067148706326407,0.0011391647917093906,0.004223670799440087
235,22,1552.912727279768,293.7533490371601,1567.5,285.4,14.587272720232022,-8.353349037160115,16.809728300928874
235,23,1867.108711780742,417.4084887367366,1901.4,408.1,34.29128821925815,-9.308488736736592,35.53224465606113
235,24,1363.8438344633664,178.79825411957523,1389.8,170.5,25.956165536633534,-8.298254119575233,27.250386250440005
235,25,1534.8616981766193,230.1692299008433,1549.4,223.9,14.538301823380834,-6.2692299008433,15.832418117815932
235,26,1697.012842454077,284.9268669318798,1706.4,275.6,9.387157545923174,-9.32686693187975,13.232882284558205
235,31,498.8276458590524,436.4359583211728,504.8,441.3,5.97235414094763,4.8640416788272205,7.702461647957919
236,13,119.86778696694734,240.77447714040085,119.87,240.77,0.0022130330526692887,-0.004477140400837243,0.004994226813132921
236,14,129.76897665844976,382.75605273289636,129.77,382.76,0.001023341550251189,0.003947267103626473,0.004077762317232605
236,15,147.54065992088047,562.7492749992297,147.54,562.75,-0.0006599208804800583,0.0007250007703305528,0.0009803681377286138
236,16,210.9035828697909,1040.31690025017,210.9,1040.32,-0.003582869790903942,0.003099749829971188,0.004737658171183149
236,17,1137.2269525346974,255.3126573776865,1137.23,255.31,0.0030474653026431042,-0.002657377686489326,0.004043352685515449
236,18,1286.6491158128158,322.803637224172,1286.65,322.8,0.0008841871842832916,-0.0036372241719959675,0.0037431519678210456
236,19,1517.6954750262246,427.58688156526955,1517.7,427.59,0.004524973775460239,0.003118434730424724,0.005495454743378568
236,20,1773.033683584857,559.7124579080344,1773.03,559.71,-0.0036835848570717644,-0.002457908034330103,0.004428330306613643
236,21,1549.4680503615295,359.25164562640623,1549.47,359.25,0.0019496384704780212,-0.0016456264062298942,0.0025513087689358564
236,22,1556.684545459826,294.31501177787004,1556.68,294.32,-0.00454545982597665,0.004988222129952646,0.006748597265159404
236,23,1870.3315338355565,417.80636655255245,1870.33,417.81,-0.001533835556529084,0.003633447447555227,0.003943931017223613
236,24,1367.8828758475247,179.59869058968144,1367.88,179.6,-0.0028758475245922455,0.0013094103185551376,0.0031599136644918026
236,25,1538.8962736324645,230.87692242563247,1538.9,230.88,0.003726367535591635,0.003077574367523539,0.004832936891575265
236,26,1700.7596318405576,285.4451501989098,1700.76,285.45,0.00036815944235968345,0.004849801090188066,0.004863754926945636
236,31,502.6207343942893,436.5769687408796,502.62,436.58,-0.0007343942892816813,0.0030312591204051387,0.00311895284144677
237,13,124.1508402252105,241.33085785530062,124.15,241.33,-0.0008402252104957597,-0.0008578553006088896,0.0012007889577837615
237,14,134.0767324938373,383.06703954967224,134.08,383.07,0.003267506162700329,0.0029604503277482763,0.0044091793642751145
237,15,151.65549494066036,562.5619562494222,151.66,562.56,0.004505059339635409,-0.0019562494222782334,0.004911463270329948
237,16,214.6776871523432,1039.7376751876275,214.68,1039.74,0.0023128476568103906,0.0023248123725352343,0.0032793317689898682
237,17,1141.170214401023,255.98449303326487,1141.17,255.98,-0.00021440102295855468,-0.004493033264878932,0.0044981458088810666
237,18,1290.236836859612,323.352727918129,1290.24,323.35,0.003163140388096508,-0.0027279181289827648,0.004176959951117577
237,19,1521.2716062696684,427.94016117395216,1521.27,427.94,-0.001606269668400273,-0.00016117395216497243,0.0016143355569642887
237,20,1776.0252626886427,559.7843434310257,1776.03,559.78,0.004737311357303042,-0.0043434310257453035,0.006427092030727372
237,21,1552.8510377711473,359.6887342198047,1552.85,359.69,-0.001037771147366584,0.001265780195296884,0.0016368165618395893
237,22,1560.0134090948695,294.98625883340253,1560.01,294.99,-0.003409094869539331,0.0037411665974786956,0.005061447948918344
237,23,1872.9986503766672,418.35477491441435,1873.0,418.35,0.0013496233327714435,-0.0047749144143267586,0.004961984563106434
237,24,1371.4121568856435,180.4490179422611,1371.41,180.45,-0.002156885643444184,0.0009820577388950369,0.002369935248360019
237,25,1542.4222052243483,231.65769181922434,1542.42,231.66,-0.002205224348244883,0.002308180775656865,0.0031922896045321445
237,26,1703.8197238804182,286.0838626491824,1703.82,286.08,0.00027611958171291917,-0.0038626491823947617,0.0038725057430119116
237,31,506.465550795717,436.93272655565966,506.47,436.93,0.004449204283048402,-0.002726555659648966,0.005218191690371297
238,13,129.11313016890787,241.74814339147548,129.11,241.75,-0.003130168907858888,0.0018566085245197428,0.0036393615655834306
238,14,139.05754937037798,383.0502796622542,139.06,383.05,0.002450629622018141,-0.00027966225417230817,0.002466535327280255
238,15,156.24162120549528,562.1714671870667,156.24,562.17,-0.001621205495268896,-0.0014671870667370968,0.002186537250240817
238,16,219.0082653642574,1039.0532563907207,219.01,1039.05,0.001734635742593582,-0.0032563907207077136,0.0036895855709543437
238,17,1145.3776608007672,256.73836977494864,1145.38,256.74,0.002339199232892497,0.0016302250513717809,0.0028512254855210897
238,18,1294.177627644709,323.76454593859677,1294.18,323.76,0.002372355291072381,-0.004545938596777432,0.005127731209097245
238,19,1524.9537047022513,428.2051208804641,1524.95,428.21,-0.003704702251297931,0.004879119535871723,0.00612622446667579
238,20,1779.018947016482,559.8382575732693,1779.02,559.84,0.0010529835180932423,0.0017424267307433183,0.0020358843781965786
238,21,1556.3882783283605,360.2665506648535,1556.39,360.27,0.0017216716396433185,0.0034493351464561783,0.003855135041387004
238,22,1563.5100568211521,295.73969412505187,1563.51,295.74,-5.682115215677186e-05,0.00030587494813971716,0.000311107902875992
238,23,1875.7489877825005,418.7660811858108,1875.75,418.77,0.0010122174994648958,0.003918814189205477,0.004047429914864635
238,24,1375.3091176642326,181.33676345669582,1375.31,181.34,0.0008823357673009014,0.003236543304183215,0.003354657801641126
238,25,1546.0666539182612,232.49326886441827,1546.07,232.49,0.003346081738754947,-0.003268864418259909,0.004677791956403685
238,26,1707.1147929103136,286.8128969868868,1707.11,286.81,-0.00479291031365392,-0.002896986886810282,0.0056004037619693855
238,31,510.5991630967877,437.19954491674474,510.6,437.2,0.0008369032123027864,0.00045508325524679094,0.0009526320149820384
239,13,133.8348476266809,242.06110754360662,133.83,242.06,-0.004847626680884787,-0.00110754360662213,0.004972538313356229
239,14,143.5431620277835,383.03770974669067,143.54,383.04,-0.003162027783503163,0.0022902533093542843,0.0039043155513680213
239,15,160.68121590412147,561.8786003903,160.68,561.88,-0.0012159041214658828,0.0013996097000017471,0.0018540038147039236
239,16,223.00619902319306,1038.5399422930404,223.01,1038.54,0.003800976806928702,5.770695952378446e-05,0.003801414839239121
239,17,1149.2832456005754,257.30377733121145,1149.28,257.3,-0.003245600575382923,-0.003777331211438195,0.00498017611895715
239,18,1297.8832207335317,324.3234094539476,1297.88,324.32,-0.0032207335316343233,-0.003409453947597285,0.004690149326256085
239,19,1528.7152785266885,428.65384066034807,1528.72,428.65,0.0047214733115197305,-0.0038406603480893864,0.006086294615016527
239,20,1782.0142102623613,559.8786931799519,1782.01,559.88,-0.004210262361311834,0.0013068200480574887,0.004408411027692866
239,21,1560.0412087462703,360.6999129986401,1560.04,360.7,-0.0012087462703220808,8.70013598728292e-05,0.0012118732535365496
239,22,1567.1325426158642,296.30477059378893,1567.13,296.3,-0.0025426158640584617,-0.004770593788919086,0.005405872781617703
239,23,1878.5617408368753,419.32456088935805,1878.56,419.32,-0.001740836875342211,-0.004560889358060649,0.004881825966072747
239,24,1379.2318382481744,182.00257259252186,1379.23,182.0,-0.0018382481744083634,-0.0025725925218580414,0.0031618647400285167
239,25,1549.7999904386959,233.1199516483137,1549.8,233.12,9.561304068483878e-06,4.8351686302794405e-05,4.9287971187845033e-05
239,26,1710.5860946827352,287.60967274016514,1710.59,287.61,0.003905317264752739,0.0003272598348758038,0.0039190052229996775
239,31,514.1993723225908,437.14965868755854,514.2,437.15,0.0006276774092839332,0.0003413124414350932,0.0007144740112864667
240,13,138.37613572001067,242.54583065770498,138.38,242.55,0.0038642799893295887,0.004169342295028855,0.005684722949190186
240,14,147.90737152083761,383.27828231001797,147.91,383.28,0.002628479162382291,0.0017176899820015024,0.0031399620350167027
240,15,165.0109119280911,561.658950292725,165.01,561.66,-0.0009119280911136229,0.0010497072750013103,0.0013905028610372624
240,16,227.0046492673948,1038.1549567197803,227.0,1038.15,-0.004649267394796652,-0.004956719780238927,0.006795936895537737
240,17,1152.9624342004315,257.7278329984086,1152.96,257.73,-0.002434200431480349,0.002167001591431017,0.0032590224972963407
240,18,1301.4124155501488,324.7425570904607,1301.41,324.74,-0.0024155501487257425,-0.002557090460697964,0.003517611994692064
240,19,1532.2864588950165,428.99038049526104,1532.29,428.99,0.0035411049834692676,-0.00038049526102668096,0.003561488613994806
240,20,1785.010657696771,560.159019884964,1785.01,560.16,-0.0006576967709861492,0.0009801150359862731,0.0011803349212541247
240,21,1563.5309065597028,361.27493474898006,1563.53,361.27,-0.000906559702798404,-0.00493474898007662,0.005017329767027992
240,22,1570.5994069618982,296.7285779453417,1570.6,296.73,0.0005930381016696629,0.001422054658291927,0.0015407574894193202
240,23,1881.4213056276565,419.74342066701854,1881.42,419.74,-0.0013056276563929714,-0.003420667018531276,0.0036613694745007436
240,24,1382.9238786861308,182.5019294443914,1382.92,182.5,-0.0038786861307471554,-0.001929444391407742,0.0043320851515621355
240,25,1553.3499928290219,233.8399637362353,1553.35,233.84,7.1709780513629084e-06,3.626376471288495e-05,3.696597837694287e-05
240,26,1713.9395710120514,288.2072545551239,1713.94,288.21,0.0004289879486805148,0.0027454448760977357,0.0027787583968032245
240,31,517.8995292419431,437.3622440156689,517.9,437.36,0.0004707580568492631,-0.0022440156689071955,0.002292862723843166
241,13,142.782101790008,242.90937299327874,142.78,242.91,-0.002101790007998261,0.0006270067212597041,0.002193321377779867
241,14,152.1805286406282,383.2087117325135,152.18,383.21,-0.0005286406282039025,0.001288267486472705,0.0013925135656396737
241,15,169.25818394606833,561.2442127195437,169.26,561.24,0.001816053931662509,-0.004212719543716048,0.004587489273743755
241,16,230.7534869505461,1037.6162175398354,230.75,1037.62,-0.003486950546090384,0.003782460164529766,0.005144495019643286
241,17,1156.2218256503236,258.29587474880645,1156.22,258.3,-0.0018256503235534183,0.004125251193556778,0.004511174626838593
241,18,1304.5593116626117,325.30691781784554,1304.56,325.31,0.0006883373882828892,0.0030821821544577688,0.0031581094334056955
241,19,1535.4648441712625,429.2427853714458,1535.46,429.24,-0.0048441712624480715,-0.002785371445781948,0.0055878698366108315
241,20,1787.7579932725782,560.369264913723,1787.76,560.37,0.0020067274217581144,0.0007350862770181266,0.002137125822195862
241,21,1566.648179919777,361.70620106173504,1566.65,361.71,0.0018200802230694535,0.003798938264935714,0.004212436819609444
241,22,1573.6995552214237,297.29643345900627,1573.7,297.3,0.000444778576365934,0.003566540993745093,0.003594167865036126
241,23,1883.8159792207423,420.0575655002639,1883.82,420.06,0.0040207792576438806,0.0024344997361254173,0.004700367517960059
241,24,1386.1929090145982,183.37644708329356,1386.19,183.38,-0.00290901459811721,0.003552916706439646,0.004591904077281774
241,25,1556.2624946217663,234.62997280217647,1556.26,234.63,-0.0024946217663455172,2.7197823527558285e-05,0.00249477002521865
241,26,1716.7046782590385,288.9054409163429,1716.7,288.91,-0.004678259038428223,0.004559083657113661,0.006532331239549647
241,31,521.1746469314573,437.5216830117517,521.17,437.52,-0.004646931457386927,-0.0016830117517088183,0.00494231732348725
242,13,147.086576342506,243.18202974495904,147.09,243.18,0.0034236574940109676,-0.002029744959031632,0.003980112465121027
242,14,156.13539648047117,383.1565337993851,156.14,383.16,0.004603519528814104,0.0034662006149233093,0.0057625462041590225
242,15,173.19363795955124,560.9331595396578,173.19,560.93,-0.0036379595512414653,-0.003159539657872301,0.004818447939548254
242,16,234.06511521290957,1036.7121631548766,234.07,1036.71,0.0048847870904182855,-0.002163154876598128,0.00534232008951798
242,17,1159.1663692377426,258.72190606160484,1159.17,258.72,0.0036307622574440757,-0.001906061604813658,0.004100671336674669
242,18,1307.4194837469588,325.7301883633842,1307.42,325.73,0.0005162530412690103,-0.00018836338415439968,0.0005495434169468326
242,19,1538.3486331284469,429.68208902858436,1538.35,429.68,0.001366871553045712,-0.0020890285843506717,0.002496473166040398
242,20,1790.3184949544336,560.5269486852923,1790.32,560.53,0.0015050455663185858,0.0030513147077044778,0.0034023056303261316
242,21,1569.4861349398327,362.02965079630127,1569.49,362.03,0.0038650601672998164,0.0003492036987040592,0.0038808031797601225
242,22,1576.5246664160677,297.9723250942547,1576.52,297.97,-0.004666416067721002,-0.002325094254672422,0.005213588227909397
242,23,1886.1119844155567,420.5431741251979,1886.11,420.54,-0.001984415556762542,-0.003174125197858757,0.0037433909592244144
242,24,1389.1446817609485,184.03233531247017,1389.14,184.03,-0.0046817609484151035,-0.002335312470165718,0.005231880150712189
242,25,1559.1968709663247,235.22247960163236,1559.2,235.22,0.0031290336753500014,-0.002479601632359163,0.003992402283922872
242,26,1719.2785086942788,289.42908068725717,1719.28,289.43,0.0014913057211742853,0.0009193127428375192,0.0017518928828985515
242,31,524.630985198593,437.64126225881375,524.63,437.64,-0.0009851985929572038,-0.001262258813767403,0.001601222526852013
243,13,150.8149322568795,243.3865223087193,150.81,243.39,-0.004932256879499164,0.003477691280693307,0.006035022333776163
243,14,159.85154736035338,383.1174003495388,159.85,383.12,-0.0015473603533848745,0.002599650461206693,0.003025310989580994
243,15,176.64522846966344,560.4498696547433,176.65,560.45,0.004771530336569185,0.00013034525670718722,0.004773310343854263
243,16,237.04883640968217,1035.7841223661576,237.05,1035.78,0.0011635903178444096,-0.004122366157616852,0.004283438474548921
243,17,1162.124776928307,259.29142954620363,1162.12,259.29,-0.004776928307137496,-0.0014295462036102435,0.004986245721962362
243,18,1310.3146128102192,326.04764127253816,1310.31,326.05,-0.004612810219214225,0.002358727461853505,0.005180889243922231
243,19,1541.0114748463352,430.01156677143825,1541.01,430.01,-0.0014748463352134422,-0.0015667714382630038,0.002151730571481765
243,20,1792.4888712158252,560.6452115139692,1792.49,560.65,0.0011287841748526262,0.004788486030747663,0.004919730905249111
243,21,1572.3646012048746,362.52223809722597,1572.36,362.52,-0.004601204874688847,-0.0022380972259838927,0.005116655694085464
243,22,1579.3934998120508,298.479243820691,1579.39,298.48,-0.0034998120506770647,0.0007561793090076208,0.0035805713981759456
243,23,1888.3339883116676,420.90738059389844,1888.33,420.91,-0.003988311667626476,0.002619406101587174,0.004771573983829403
243,24,1392.3585113207114,184.77425148435262,1392.36,184.77,0.0014886792885135947,-0.004251484352607804,0.004504584911456142
243,25,1562.1476532247434,235.91685970122427,1562.15,235.92,0.0023467752566830313,0.003140298775718975,0.003920310001283291
243,26,1721.9588815207092,290.07181051544285,1721.96,290.07,0.001118479290880714,-0.001810515442855376,0.0021281358257749486
243,31,527.4732388989447,437.48094669411034,527.47,437.48,-0.0032388989446872074,-0.0009466941103255522,0.003374417892380995
244,13,154.86119919265963,243.78989173153946,154.86,243.79,-0.0011991926596124358,0.00010826846053646477,0.0012040702198855694
244,14,163.88866052026503,383.08805026215407,163.89,383.09,0.001339479734951965,0.0019497378459050196,0.0023655197374152963
244,15,180.4839213522476,560.0874022410575,180.48,560.09,-0.003921352247601817,0.0025977589425565384,0.004703759663652501
244,16,240.53662730726163,1035.088091774618,240.54,1035.09,0.0033726927383668226,0.0019082253818396566,0.0038750974717198274
244,17,1165.0935826962302,259.7185721596527,1165.09,259.72,-0.0035826962302962784,0.0014278403473326762,0.0038567395992016706
244,18,1313.4859596076644,326.2857309544036,1313.49,326.29,0.00404039233558251,0.004269045596402066,0.005877884018045419
244,19,1544.0086061347515,430.2586750785787,1544.01,430.26,0.0013938652484739578,0.0013249214213146843,0.0019230905084165674
244,20,1795.1166534118688,560.733908635477,1795.12,560.73,0.0033465881310803525,-0.003908635476932432,0.005145588733140524
244,21,1575.2734509036559,362.8916785729195,1575.27,362.89,-0.0034509036559029482,-0.0016785729195021304,0.00383749177046808
244,22,1582.545124859038,298.8594328655183,1582.55,298.86,0.00487514096198538,0.0005671344817415047,0.004908018023561848
244,23,1891.0004912337506,421.18053544542386,1891.0,421.18,-0.0004912337506084441,-0.0005354454238499784,0.000726644617167651
244,24,1395.5188834905334,185.08068861326447,1395.52,185.08,0.0011165094665557262,-0.0006886132644581267,0.001311785659662519
244,25,1565.1107399185576,236.43764477591822,1565.11,236.44,-0.000739918557655983,0.0023552240817821257,0.0024687162549329495
244,26,1724.719161140532,290.55385788658214,1724.72,290.55,0.000838859468103692,-0.0038578865821250474,0.00394803420549616
244,31,530.6049291742086,437.61071002058276,530.6,437.61,-0.0049291742085415535,-0.0007100205827441641,0.004980048956192259
245,13,158.64589939449473,244.0924187986546,158.65,244.09,0.004100605505271915,-0.0024187986545882723,0.00476083526718835
245,14,167.66649539019878,383.0660376966156,167.67,383.07,0.0035046098012117,0.00396230338441228,0.0052898145495729925
245,15,184.3629410141857,559.8155516807931,184.36,559.82,-0.0029410141856942573,0.0044483192069719735,0.005332645516774074
245,16,243.90247048044623,1034.0660688309636,243.9,1034.07,-0.0024704804462203356,0.003931169036377469,0.004642990806337009
245,17,1168.0701870221726,260.2889291197395,1168.07,260.29,-0.0001870221726676391,0.0010708802604995071,0.0010870886925163081
245,18,1316.3644697057484,326.7142982158027,1316.36,326.71,-0.00446970574853367,-0.004298215802748473,0.006201042538595557
245,19,1547.0064546010635,430.44400630893404,1547.01,430.44,0.0035453989364668814,-0.004006308934037861,0.005349800453629283
245,20,1797.5874900589015,560.8004314766077,1797.59,560.8,0.002509941098423951,-0.0004314766077868626,0.0025467580137549166
245,21,1578.2050881777418,363.4187589296896,1578.21,363.42,0.004911822258236498,0.001241070310413761,0.005066187265774727
245,22,1585.6588436442785,299.3945746491387,1585.66,299.39,0.0011563557216049958,-0.004574649138703535,0.004718535079569676
245,23,1893.500368425313,421.6354015840679,1893.5,421.64,-0.00036842531289948965,0.004598415932093758,0.004613151449466925
245,24,1398.6391626179002,185.56051645994836,1398.64,185.56,0.0008373820999167947,-0.0005164599483578058,0.0009838392447543492
245,25,1568.0830549389182,237.07823358193866,1568.08,237.08,-0.0030549389182397135,0.0017664180613508051,0.0035288644861544297
245,26,1727.5393708553988,290.9153934149366,1727.54,290.92,0.0006291446011346125,0.004606585063413604,0.004649349295934018
245,31,533.7036968806565,437.7080325154371,533.7,437.71,-0.003696880656434587,0.0019674845628969706,0.0041878302369076645
246,13,162.23442454587104,244.56931409899096,162.23,244.57,-0.004424545871046348,0.0006859010090352058,0.004477395041671977
246,14,171.2498715426491,383.29952827246166,171.25,383.3,0.0001284573509110487,0.0004717275383541164,0.0004889050638362409
246,15,188.02220576063928,559.6116637605949,188.02,559.61,-0.002205760639270693,-0.0016637605948517376,0.0027628751898587933
246,16,247.42685286033466,1033.2995516232227,247.43,1033.3,0.0031471396653444117,0.0004483767772853753,0.0031789195975351365
246,17,1170.8026402666294,260.9666968398046,1170.8,260.97,-0.002640266629441612,0.0033031601954007783,0.004228696625560064
246,18,1319.2733522793114,327.28572366185205,1319.27,327.29,-0.003352279311457096,0.004276338147974457,0.005433676889348949
246,19,1549.7548409507976,430.8330047317005,1549.75,430.83,-0.004840950797643018,-0.003004731700514185,0.005697650148725826
246,20,1799.9406175441761,560.8503236074558,1799.94,560.85,-0.000617544176066076,-0.00032360745581172523,0.0006971962384078578
246,21,1580.9038161333065,363.8140691972672,1580.9,363.81,-0.003816133306372649,-0.004069197267199343,0.005578641394765328
246,22,1588.244132733209,300.04593098685405,1588.24,300.05,-0.004132733208962236,0.004069013145965528,0.005799685487894976
246,23,1895.8752763189846,421.9765511880509,1895.88,421.98,0.004723681015548209,0.003448811949112951,0.005848714918423947
246,24,1401.2293719634251,186.17038734496128,1401.23,186.17,0.0006280365748807526,-0.0003873449612967761,0.0007378794335323001
246,25,1570.8122912041886,237.558675186454,1570.81,237.56,-0.0022912041886229417,0.0013248135460059984,0.002646648364563056
246,26,1729.9045281415492,291.4365450612024,1729.9,291.44,-0.004528141549144493,0.003454938797574414,0.005695670986290696
246,31,536.5277726604924,437.7810243865778,536.53,437.78,0.002227339507612669,-0.00102438657785342,0.0024516135794734224
247,13,166.1758184094033,244.67698557424322,166.18,244.68,0.004181590596715523,0.0030144257567883415,0.005154848451868265
247,14,174.93740365698682,383.47464620434624,174.94,383.47,0.002596343013181013,-0.004646204346215654,0.005322425374665867
247,15,191.76665432047946,559.4587478204462,191.77,559.46,0.003345679520549538,0.0012521795538305014,0.003572327685033351
247,16,251.070139645251,1032.9746637174171,251.07,1032.97,-0.00013964525101073377,-0.0046637174170882645,0.00466580764097517
247,17,1173.601980199972,261.22502262985347,1173.6,261.23,-0.001980199972194896,0.00497737014654831,0.005356809265377199
247,18,1321.9550142094836,327.71429274638905,1321.96,327.71,0.0049857905164572,-0.00429274638906918,0.006579192855879894
247,19,1552.5661307130981,431.1247535487754,1552.57,431.12,0.003869286901817759,-0.004753548775397576,0.006129241966888096
247,20,1802.205463158132,561.1377427055919,1802.21,561.14,0.004536841868002739,0.002257294408082089,0.0050673772486387126
247,21,1583.4278620999798,364.1105518979504,1583.43,364.11,0.002137900020215966,-0.0005518979504017807,0.002207987283499865
247,22,1590.9330995499067,300.53444824014053,1590.93,300.53,-0.0030995499066648335,-0.004448240140561666,0.005421627981705315
247,23,1898.1564572392385,422.23241339103816,1898.16,422.23,0.00354276076154747,-0.0024133910381465284,0.004286678214721323
247,24,1403.9220289725688,186.62779050872098,1403.92,186.63,-0.002028972568723475,0.0022094912790180388,0.002999763556797286
247,25,1573.3592184031413,237.9190063898405,1573.36,237.92,0.0007815968585873634,0.0009936101594973934,0.0012641814736856693
247,26,1732.178396106162,291.8274087959018,1732.18,291.83,0.0016038938381370826,0.0025912040981665996,0.003047427459738703
247,31,539.3958294953693,437.83576828993336,539.4,437.84,0.004170504630678806,0.004231710066619598,0.00594142061820597
248,13,170.13186380705247,244.75773918068242,170.13,244.76,-0.001863807052473021,0.00226081931756994,0.0029300308386680128
248,14,178.7030527427401,383.60598465325967,178.7,383.61,-0.003052742740123904,0.004015346740345649,0.005044030896275679
248,15,195.5749907403596,559.3440608653347,195.57,559.34,-0.004990740359602341,-0.0040608653346225765,0.006434136818789529
248,16,254.55260473393827,1032.4809977880627,254.55,1032.48,-0.0026047339382557766,-0.0009977880627047853,0.0027893045561891614
248,17,1176.4514851499791,261.41876697239013,1176.45,261.42,-0.0014851499790893286,0.0012330276098850845,0.0019302920885523925
248,18,1324.7162606571128,328.0357195597918,1324.72,328.04,0.0037393428872292134,0.004280440208219716,0.005683735884470333
248,19,1555.4245980348237,431.3435651615815,1555.42,431.34,-0.00459803482362986,-0.003565161581548182,0.005818273054941647
248,20,1804.904097368599,561.353307029194,1804.9,561.35,-0.004097368598877438,-0.003307029193933886,0.005265441246903992
248,21,1586.320896574985,364.5829139234628,1586.32,364.58,-0.0008965749850631255,-0.0029139234628132726,0.003048736894350616
248,22,1593.69982466243,300.9008361801054,1593.7,300.9,0.0001753375699991011,-0.0008361801054093121,0.0008543655143646178
248,23,1900.617342929429,422.67431004327864,1900.62,422.67,0.0026570705708763853,-0.0043100432786218335,0.005063249656318618
248,24,1406.6915217294265,186.97084288154073,1406.69,186.97,-0.0015217294264857628,-0.0008428815407341972,0.0017395717114115023
248,25,1576.019413802356,238.18925479238038,1576.02,238.19,0.000586197643997366,0.0007452076196159396,0.0009481361052938115
248,26,1734.8837970796214,292.37055659692635,1734.88,292.37,-0.003797079621335797,-0.0005565969263443549,0.003837657330869913
248,31,542.546872121527,437.87682621745,542.55,437.88,0.0031278784729238396,0.0031737825499931205,0.00445606546361487
249,13,174.34889785528935,245.06830438551182,181.4,247.1,7.051102144710654,2.0316956144881715,7.337971690124844
249,14,182.7772895570551,383.70448848994477,206.6,394.8,23.822710442944896,11.095511510055246,26.279876493586574
249,15,199.6812430552697,559.258045649001,234.6,571.3,34.91875694473029,12.041954350998935,36.93681430709329
249,16,258.4144535504537,1032.110748341047,294.5,1027.3,36.085546449546314,-4.810748341046974,36.404806855183985
249,17,1179.3386138624844,261.8140752292926,1191.8,260.8,12.461386137515547,-1.0140752292925868,12.502579455413569
249,18,1327.2871954928346,328.2767896698439,1327.29,328.28,0.0028045071653650666,0.0032103301560937325,0.004262801913261841
249,19,1557.8184485261177,431.75767387118617,1542.2,429.7,-15.618448526117618,-2.057673871186182,15.753410936148017
249,20,1806.9280730264493,561.7649802718954,1806.93,561.76,0.0019269735507805308,-0.004980271895419719,0.005340068840166318
249,21,1588.4906724312386,364.93718544259707,1588.49,364.94,-0.0006724312386268139,0.0028145574029281306,0.002893768675111875
249,22,1596.0248684968226,301.425627135079,1609.5,292.1,13.475131503177408,-9.325627135079003,16.38738815340767
249,23,1902.4630071970719,423.255732532459,1902.46,423.26,-0.0030071970718381635,0.004267467541012593,0.005220585545939085
249,24,1409.26864129707,187.47813216115554,1428.0,177.1,18.731358702930038,-10.378132161155548,21.414234191589575
249,25,1578.264560351767,238.6419410942853,1586.6,228.2,8.335439648232978,-10.441941094285312,13.360901464566627
249,26,1736.9128478097161,292.7779174476948,1746.3,279.2,9.387152190283814,-13.577917447694801,16.506921834792976
249,31,545.6601540911453,437.90761966308753,558.9,442.7,13.239845908854704,4.7923803369124585,14.080498179533345
250,13,179.761673391467,245.30122828913386,179.76,245.3,-0.0016733914670226113,-0.001228289133848648,0.0020757970031375296
250,14,188.3329671677913,383.7783663674586,188.33,383.78,-0.0029671677912972427,0.001633632541370389,0.0033871580981607624
250,15,205.26093229145226,559.1935342367508,205.26,559.19,-0.0009322914522726933,-0.0035342367507382733,0.0036551329335948583
250,16,263.81084016284024,1031.0830612557852,263.81,1031.08,-0.0008401628402339156,-0.003061255785269168,0.0031744543753145786
250,17,1182.0039603968632,262.3605564219695,1182.0,262.36,-0.003960396863249116,-0.0005564219694633721,0.003999293527929018
250,18,1329.965396619626,328.70759225238294,1329.97,328.71,0.004603380373964683,0.0024077476170418777,0.0051950321899651465
250,19,1560.1138363945884,432.0682554033896,1560.11,432.07,-0.0038363945884611894,0.001744596610365079,0.004214444301597973
250,20,1808.946054769837,562.0737352039216,1808.95,562.07,0.003945230163026281,-0.003735203921564789,0.005432917206706298
250,21,1590.618004323429,365.4528890819478,1590.62,365.45,0.001995676570913929,-0.0028890819477851437,0.003511341549424205
250,22,1598.018651372617,301.81922035130924,1598.02,301.82,0.0013486273830949358,0.0007796486907523104,0.0015577701689996784
250,23,1904.097255397804,423.69179939934423,1904.1,423.69,0.002744602195889456,-0.001799399344236008,0.003281871297555436
250,24,1411.4514809728025,188.10859912086664,1411.45,188.11,-0.0014809728024829383,0.001400879133370836,0.00203856390334176
250,25,1580.1984202638253,239.23145582071396,1580.2,239.23,0.001579736174790014,-0.001455820713971434,0.002148250528492541
250,26,1738.684635857287,293.3334380857711,1738.68,293.33,-0.004635857286984901,-0.00343808577110849,0.005771620790972816
250,31,549.495115568359,437.9307147473156,549.5,437.93,0.004884431641016818,-0.0007147473156123851,0.0049364497547267055
251,13,184.82125504360027,245.4759212168504,188.6,245.5,3.77874495639972,0.024078783149604988,3.778821672600374
251,14,193.49972537584347,383.83377477559395,212.8,395.7,19.300274624156543,11.866225224406037,22.65629938105937
251,15,210.4456992185892,558.8951506775632,240.4,568.3,29.954300781410808,9.404849322436803,31.396039974509016
251,16,269.1081301221302,1029.8122959418388,300.4,1026.2,31.29186987786977,-3.612295941838738,31.499679401939286
251,17,1184.7529702976474,262.7704173164771,1197.2,258.6,12.447029702352665,-4.170417316477085,13.127106650165581
251,18,1332.4740474647197,329.0306941892872,1332.47,329.03,-0.0040474647196333535,-0.0006941892872305289,0.004106564187149926
251,19,1562.3353772959413,432.5511915525422,1548.8,432.5,-13.535377295941316,-0.051191552542206864,13.535474100249882
251,20,1810.7095410773777,562.5553014029413,1810.71,562.56,0.00045892262232882786,0.004698597058677478,0.004720955866463678
251,21,1592.7135032425717,365.8396668114608,1592.71,365.84,-0.003503242571696319,0.00033318853917307933,0.003519051451567841
251,22,1600.0139885294627,302.36441526348193,1613.5,295.1,13.486011470537278,-7.264415263481908,15.318101530665343
251,23,1905.572941548353,424.01884954950816,1905.57,424.02,-0.0029415483529646735,0.0011504504918207203,0.003158519122462253
251,24,1413.838610729602,188.58144934064998,1433.6,177.1,19.761389270398013,-11.481449340649988,22.854675339153555
251,25,1582.148815197869,239.67359186553546,1593.6,227.2,11.45118480213091,-12.473591865535468,16.932812152755563
251,26,1740.2634768929652,293.7500785643283,1751.7,280.2,11.436523107034873,-13.550078564328317,17.731291263673164
251,31,553.1213366762693,437.94803606048674,563.1,442.3,9.978663323730757,4.3519639395132685,10.886381945310996
252,13,189.6159412827002,245.6069409126378,189.62,245.61,0.004058717299812997,0.0030590873622031722,0.005082440517054033
252,14,198.3747940318826,383.87533108169544,198.37,383.88,-0.004794031882596528,0.004668918304560066,0.006691901062180167
252,15,215.3342744139419,558.4213630081724,215.33,558.42,-0.0042744139418857685,-0.0013630081724613774,0.004486469193562342
252,16,273.83109759159765,1028.859221956379,273.83,1028.86,-0.001097591597670089,0.000778043620812241,0.0013453844027498613
252,17,1187.3147277232356,263.07781298735785,1187.31,263.08,-0.004727723235646408,0.0021870126421390523,0.005209068178642605
252,18,1334.8555355985397,329.2730206419654,1334.86,329.27,0.004464401460154477,-0.003020641965406412,0.005390283692033634
252,19,1564.5015329719558,432.91339366440667,1564.5,432.91,-0.0015329719558394572,-0.0033936644066443478,0.0037238368818081954
252,20,1812.5321558080332,562.666476052206,1812.53,562.67,-0.002155808033194262,0.0035239477939512653,0.004131067214471208
252,21,1594.7851274319287,366.1297501085956,1594.79,366.13,0.004872568071277783,0.00024989140439402036,0.0048789717485578565
252,22,1602.010491397097,302.77331144761143,1602.01,302.77,-0.0004913970969937509,-0.0033114476114519675,0.003347709125704446
252,23,1906.9297061612647,424.26413716213114,1906.93,424.26,0.00029383873538790795,-0.004137162131144123,0.004147583839030544
252,24,1415.8789580472014,189.18608700548748,1415.88,189.19,0.001041952798686907,0.003912994512518253,0.004049344600017321
252,25,1584.1116113984017,240.2551938991516,1584.11,240.26,-0.0016113984017920302,0.004806100848384176,0.005069044305797396
252,26,1741.9476076697238,294.31255892324623,1741.95,294.31,0.0023923302762796084,-0.002558923246226641,0.003503046150264532
252,31,556.5910025072019,437.9610270453651,556.59,437.96,-0.0010025072018606807,-0.0010270453651060052,0.0014352152701836262
253,13,193.96195596202514,245.70520568447836,193.96,245.71,-0.0019559620251357046,0.0047943155216501054,0.005177957972493413
253,14,202.78109552391194,383.65649831127155,202.78,383.66,-0.0010955239119425642,0.0035016887284768927,0.0036690593607599286
253,15,219.50070581045642,557.8160222561294,219.5,557.82,-0.0007058104564237055,0.003977743870677841,0.004039878055227927
253,16,277.87332319369824,1027.6444164672844,277.87,1027.64,-0.003323193698236082,-0.004416467284272585,0.005527096853597381
253,17,1189.7360457924267,263.30835974051837,1189.74,263.31,0.003954207573315216,0.001640259481632711,0.004280912134107569
253,18,1337.1416516989048,329.45476548147406,1337.14,329.45,-0.0016516989046522212,-0.004765481474066746,0.005043602180119157
253,19,1566.626149728967,433.185045248305,1566.63,433.19,0.0038502710331158596,0.004954751694981496,0.0062748825795685675
253,20,1814.1491168560249,562.7498570391544,1814.15,562.75,0.0008831439752157166,0.00014296084555098787,0.0008946401982475814
253,21,1596.8388455739464,366.5973125814467,1596.84,366.6,0.0011544260535174544,0.0026874185533074524,0.0029248791417255185
253,22,1604.0078685478227,303.0799835857086,1604.01,303.08,0.0021314521773092565,1.641429139453976e-05,0.0021315153795172003
253,23,1908.4472796209484,424.69810287159834,1908.45,424.7,0.002720379051652344,0.001897128401651571,0.003316558209503031
253,24,1418.1592185354011,189.6395652541156,1418.16,189.64,0.0007814645989583369,0.00043474588437675266,0.0008942543840583837
253,25,1586.0837085488013,240.6913954243637,1586.08,240.69,-0.003708548801341749,-0.0013954243636931096,0.003962391117333275
253,26,1743.4607057522928,294.73441919243464,1743.46,294.73,-0.00070575229278802,-0.004419192434625074,0.004475192517984342
253,31,559.6932518804015,437.72077028402384,559.69,437.72,-0.0032518804014216585,-0.000770284023815293,0.0033418652908959938
254,13,198.22146697151885,246.02890426335875,198.22,246.03,-0.0014669715188517785,0.0010957366412469582,0.0018310227262635108
254,14,207.08582164293395,383.49237373345363,222.4,394.6,15.314178357066055,11.10762626654639,18.918335551239746
254,15,223.8755293578423,557.3620166920971,248.9,567.1,25.024470642157695,9.737983307902937,26.852419813216247
254,16,281.90499239527367,1026.4833123504632,308.3,1025.1,26.395007604726345,-1.3833123504632567,26.43123113879688
254,17,1192.05203434432,263.73126980538876,1206.6,260.6,14.547965655679945,-3.1312698053887402,14.881134207881551
254,18,1339.3562387741786,329.8410741111055,1339.36,329.84,0.0037612258213357563,-0.0010741111055381225,0.003911589746653291
254,19,1568.7196122967252,433.3887839362288,1551.1,430.3,-17.619612296725336,-3.088783936228765,17.888301308162816
254,20,1815.8618376420186,563.0623927793658,1815.86,563.06,-0.0018376420186996256,-0.0023927793658913288,0.003017005350132105
254,21,1598.62913418046,366.94798443608505,1598.63,366.95,0.0008658195401949342,0.0020155639149379567,0.002193659356277403
254,22,1606.005901410867,303.55998768928146,1617.4,292.1,11.394098589133137,-11.459987689281434,16.160346546326526
254,23,1909.8354597157113,425.02357715369874,1909.84,425.02,0.0045402842886232975,-0.0035771536987567742,0.0057801565727970405
254,24,1420.3694139015508,190.2296739405867,1440.1,177.8,19.730586098449066,-12.429673940586696,23.319365815939584
254,25,1588.062781411601,241.26854656827277,1599.5,230.9,11.437218588398991,-10.368546568272762,15.437510387923965
254,26,1745.0955293142197,295.300814394326,1756.5,282.8,11.404470685780325,-12.500814394325971,16.921356687458903
254,31,562.7699389103011,437.5405777130179,570.0,442.6,7.230061089698893,5.059422286982112,8.824485097658064
255,13,201.91610022863915,246.27167819751907,201.92,246.27,0.0038997713608353024,-0.0016781975190554022,0.004245534545820459
255,14,210.81436623220046,383.6192803000902,210.81,383.62,-0.004366232200453624,0.0007196999097800472,0.004425149894457306
255,15,227.65664701838173,557.0215125190728,227.66,557.02,0.003352981618263584,-0.0015125190727758309,0.0036783419740317974
255,16,285.42874429645525,1025.3624842628474,285.43,1025.36,0.0012557035447571252,-0.0024842628474743833,0.002783586407435045
255,17,1194.2890257582399,264.29845235404156,1194.29,264.3,0.0009742417601046327,0.0015476459584533586,0.0018287577805299387
255,18,1341.517179080634,330.1308055833291,1341.52,330.13,0.0028209193660586607,-0.0008055833291109593,0.0029336923100329202
255,19,1570.789709222544,433.5415879521716,1570.79,433.54,0.00029077745602990035,-0.0015879521715760347,0.0016143554838226508
255,20,1817.396378231514,563.0467945845244,1817.4,563.05,0.0036217684860275767,0.003205415475576956,0.004836516860039953
255,21,1600.471850635345,367.2109883270638,1600.47,367.21,-0.001850635344908369,-0.0009883270637942587,0.0020980089525195786
255,22,1608.0044260581503,303.91999076696106,1608.0,303.92,-0.004426058150329482,9.233038952061179e-06,0.004426067780672402
255,23,1911.3765947867835,425.2676828652741,1911.38,425.27,0.0034052132166380034,0.00231713472589945,0.004118809341148878
255,24,1422.5270604261632,190.67225545544002,1422.53,190.67,0.002939573836783893,-0.002255455440035803,0.003705155001331452
255,25,1590.0470860587006,241.70140992620458,1590.05,241.7,0.002913941299311773,-0.0014099262045874639,0.003237119985143769
255,26,1746.8216469856648,295.7256107957445,1746.82,295.73,-0.001646985664820022,0.004389204255517143,0.004688035385614367
255,31,565.3274541827259,437.40543328476343,565.33,437.41,0.0025458172741537055,0.004566715236592245,0.005228391114435029
256,13,205.43707517147936,246.45375864813929,205.44,246.45,0.0029248285206335822,-0.0037586481392963833,0.0047625683942750675
256,14,214.36077467415035,383.7144602250677,214.36,383.71,-0.000774674150335386,-0.00446022506770305,0.004526999855728352
256,15,231.2424852637863,557.0161343893046,231.24,557.02,-0.0024852637862977645,0.003865610695356736,0.004595593773990417
256,16,289.0715582223414,1024.5218631971356,289.07,1024.52,-0.0015582223414298824,-0.001863197135662631,0.0024289010749045867
256,17,1196.7167693186798,264.7238392655312,1196.72,264.72,0.003230681320246731,-0.0038392655311554336,0.005017694850397877
256,18,1343.6378843104753,330.3481041874968,1343.64,330.35,0.002115689524771369,0.0018958125032213502,0.002840818053413084
256,19,1572.842281916908,433.9061909641287,1572.84,433.91,-0.0022819169080321444,0.0038090358713134265,0.004440258893816375
256,20,1819.0472836736355,563.0350959383933,1819.05,563.04,0.0027163263644069957,0.004904061606680443,0.005606090363175544
256,21,1602.6038879765088,367.65824124529786,1602.6,367.66,-0.0038879765088495333,0.001758754702166243,0.004267268381032259
256,22,1610.0033195436126,304.1899930752208,1610.0,304.19,-0.0033195436126334243,6.9247791998350294e-06,0.0033195508353905854
256,23,1913.0324460900877,425.45076214895556,1913.03,425.45,-0.0024460900876874803,-0.0007621489555731387,0.0025620748910920167
256,24,1424.6452953196224,191.00419159158002,1424.65,191.0,0.004704680377699333,-0.0041915915800245784,0.006301067959484494
256,25,1592.0353145440254,242.02605744465342,1592.04,242.03,0.004685455974595243,0.003942555346583276,0.00612349902839403
256,26,1748.6162352392485,296.04420809680835,1748.62,296.04,0.0037647607514372794,-0.0042080968083269,0.005646370716116117
256,31,567.9955906370444,437.5540749635726,568.0,437.55,0.004409362955584584,-0.004074963572577417,0.006003982827416691
257,13,208.82780637860952,246.84031898610448,208.83,246.84,0.0021936213904893975,-0.0003189861044745612,0.0022166927932531595
257,14,218.02058100561277,383.78584516880073,218.02,383.79,-0.0005810056127586449,0.004154831199286946,0.004195258015500984
257,15,234.93186394783973,557.0121007919785,234.93,557.01,-0.0018639478397233233,-0.0021007919784779006,0.0028084922086497473
257,16,292.55366866675604,1023.6413973978517,292.55,1023.64,-0.0036686667560275055,-0.0013973978517469732,0.003925791197051677
257,17,1199.0375769890097,265.04287944914836,1199.04,265.04,0.0024230109902418917,-0.0028794491483381535,0.0037632711378132603
257,18,1345.9784132328564,330.7610781406226,1345.98,330.76,0.0015867671436353703,-0.0010781406226101353,0.0019183892123974535
257,19,1574.881711437681,434.17964322309655,1574.88,434.18,-0.0017114376807967346,0.0003567769034589219,0.001748230160503085
257,20,1821.0354627552267,563.026321953795,1821.04,563.03,0.00453724477324613,0.0036780462049819107,0.005840771697158789
257,21,1604.7029159823815,367.9936809339734,1604.7,367.99,-0.0029159823814097763,-0.003680933973384981,0.0046959800005017035
257,22,1612.0024896577095,304.6424948064156,1612.0,304.64,-0.0024896577094750683,-0.00249480641559785,0.0035245502637438492
257,23,1914.7743345675658,425.83807161171666,1914.77,425.84,-0.00433456756582018,0.0019283882833178723,0.004744170881608074
257,24,1426.7339714897169,191.50314369368502,1426.73,191.5,-0.003971489716832366,-0.003143693685018434,0.005065129865672746
257,25,1594.026485908019,242.51954308349008,1594.03,242.52,0.003514091981060119,0.00045691650993262556,0.0035436725509561465
257,26,1750.4621764294363,296.2831560726063,1750.46,296.28,-0.002176429436303806,-0.003156072606316229,0.0038337500423931423
257,31,570.7466929777834,437.66555622267947,570.75,437.67,0.0033070222166315943,0.004443777320545905,0.005539273672232948
258,13,212.12085478395716,247.13023923957837,212.12,247.13,-0.0008547839571519944,-0.0002392395783772372,0.0008876323502816585
258,14,221.2654357542096,383.83938387660055,221.27,383.84,0.004564245790419363,0.0006161233994248505,0.004605643025537228
258,15,238.1988979608798,556.7590755939839,238.2,556.76,0.0011020391201839175,0.0009244060161108791,0.0014384076977817276
258,16,295.66525150006703,1022.9810480483889,295.67,1022.98,0.0047484999329867605,-0.0010480483888386516,0.004862782849246156
258,17,1201.2781827417573,265.28215958686127,1201.28,265.28,0.0018172582426814188,-0.0021595868612962477,0.002822453353392565
258,18,1347.9838099246422,331.07080860546694,1347.98,331.07,-0.003809924642155238,-0.0008086054669433906,0.003894787360058628
258,19,1576.9112835782607,434.3847324173224,1576.91,434.38,-0.0012835782606543944,-0.004732417322429683,0.004903401560636972
258,20,1822.77659706642,563.0197414653462,1822.78,563.02,0.0034029335799914406,0.0002585346537671285,0.0034127404116093933
258,21,1606.777186986786,368.24526070048006,1606.78,368.25,0.002813013213881277,0.004739299519940232,0.0055112614963523906
258,22,1614.001867243282,304.9818711048117,1614.0,304.98,-0.0018672432820494578,-0.0018711048116983875,0.002643412697767734
258,23,1916.3307509256742,426.1285537087875,1916.33,426.13,-0.0007509256743105652,0.001446291212516826,0.0016296157951315297
258,24,1428.8004786172876,191.87735777026376,1428.8,191.88,-0.0004786172876265482,0.0026422297362387326,0.002685228572594742
258,25,1595.7698644310142,242.88965731261754,1595.77,242.89,0.00013556898579736298,0.00034268738244236374,0.0003685289567935259
258,26,1752.0966323220773,296.7123670544547,1752.1,296.71,0.0033676779225970677,-0.002367054454737172,0.004116333487709517
258,31,573.3100197333375,437.7491671670096,573.31,437.75,-1.9733337580873922e-05,0.0008328329903974918,0.0008330667407276019
259,13,214.84064108796787,247.34767942968378,214.84,247.35,-0.0006410879678639958,0.0023205703162147984,0.0024074967030168985
259,14,223.94907681565718,383.8795379074504,223.95,383.88,0.0009231843428096909,0.00046209254958284873,0.0010323753460776456
259,15,240.64917347065986,556.569306695488,240.65,556.57,0.0008265293401450435,0.0006933045120831594,0.0010788057733417396
259,16,297.9989386250503,1022.7357860362916,298.0,1022.74,0.0010613749496997116,0.004213963708366464,0.0043455732555417485
259,17,1203.208637056318,265.71161969014594,1203.21,265.71,0.001362943682124751,-0.001619690145957975,0.002116840015106749
259,18,1349.7378574434815,331.3031064541002,1349.74,331.3,0.002142556518492711,-0.0031064541001910584,0.0037736726820869673
259,19,1578.6834626836956,434.5385493129918,1578.68,434.54,-0.003462683695488522,0.0014506870082300338,0.003754287038952863
259,20,1824.0824477998149,563.0148060990097,1824.08,563.01,-0.0024477998149450286,-0.004806099009670106,0.005393543512830585
259,21,1608.3328902400895,368.43394552536006,1608.33,368.43,-0.0028902400895276514,-0.0039455253600522155,0.004890874987354305
259,22,1615.5014004324617,305.2364033286088,1615.5,305.24,-0.0014004324616507802,0.003596671391221662,0.0038596963839242107
259,23,1917.4980631942558,426.3464152815906,1917.5,426.35,0.001936805744207959,0.0035847184093995565,0.004074484331235676
259,24,1430.6003589629656,192.40801832769782,1430.6,192.41,-0.00035896296571991115,0.0019816723021790494,0.0020139214294460565
259,25,1597.3273983232607,243.16724298446314,1597.33,243.17,0.0026016767392320617,0.00275701553684371,0.003790759360056872
259,26,1753.322474241558,297.03427529084104,1753.32,297.03,-0.0024742415580476518,-0.004275290841064816,0.004939633899719975
259,31,575.4825148000032,437.8118753752572,575.48,437.81,-0.00251480000315496,-0.0018753752572138183,0.0031370768895961063
260,13,217.8804808159759,247.76075957226283,217.88,247.76,-0.0004808159758908914,-0.0007595722628366275,0.0008989627495856905
260,14,226.96180761174287,384.1596534305878,226.96,384.16,-0.0018076117428620364,0.00034656941221555826,0.0018405354031955392
260,15,243.7368801029949,556.6769800216159,243.74,556.68,0.0031198970051207198,0.003019978384031674,0.004342122379963489
260,16,301.2492039687877,1022.3018395272187,301.25,1022.3,0.0007960312123032054,-0.0018395272187490264,0.002004376730926459
260,17,1205.1564777922385,266.03371476760947,1205.16,266.03,0.003522207761534446,-0.003714767609494629,0.005119125502267349
260,18,1351.5533930826111,331.4773298405752,1351.55,331.48,-0.0033930826111827628,0.002670159424837948,0.004317726364692621
260,19,1580.2625970127717,434.65391198474384,1580.26,434.65,-0.0025970127717300784,-0.00391198474386556,0.004695540434578966
260,20,1825.3118358498612,563.0111045742573,1825.31,563.01,-0.0018358498612087715,-0.001104574257283275,0.0021425286468920697
260,21,1609.749667680067,368.57545914402004,1609.75,368.58,0.00033231993302251794,0.004540855979939806,0.004553000062424686
260,22,1617.1260503243461,305.6773024964566,1617.13,305.68,0.003949675653984741,0.0026975035434020356,0.004782934573914464
260,23,1918.3735473956917,426.50981146119295,1918.37,426.51,-0.0035473956918394833,0.0001885388070377303,0.003552402437258557
260,24,1432.2002692222243,192.80601374577336,1432.2,192.81,-0.00026922222423308995,0.003986254226646224,0.003995335200640354
260,25,1598.7455487424454,243.62543223834734,1598.75,243.63,0.004451257554592303,0.004567761652651825,0.006377941700325551
260,26,1754.4918556811685,297.2757064681308,1754.49,297.28,-0.0018556811685357388,0.004293531869166145,0.004677389069855478
260,31,578.1118861000024,437.8589065314429,578.11,437.86,-0.00188610000236622,0.0010934685570873626,0.002180148321620475
261,13,221.4103606119819,248.07056967919712,221.41,248.07,-0.0003606119819039577,-0.0005696791971274706,0.0006742220621816672
261,14,230.72135570880715,384.3697400729409,230.72,384.37,-0.0013557088071536327,0.00025992705911903613,0.0013804015523956052
261,15,247.55266007724617,556.5077350162119,247.55,556.51,-0.002660077246162018,0.0022649837881090207,0.0034937318895338254
261,16,305.4369029765908,1021.726379645414,305.44,1021.73,0.0030970234092251303,0.003620354586018948,0.004764296519508087
261,17,1207.117358344179,266.5252860757071,1207.12,266.53,0.0026416558209803043,0.004713924292900629,0.005403649481204144
261,18,1353.4150448119583,331.85799738043136,1353.42,331.86,0.004955188041776637,0.0020026195686568826,0.005344564871543207
261,19,1581.9469477595787,434.74043398855787,1581.95,434.74,0.0030522404213115806,-0.00043398855785881096,0.0030829397752535916
261,20,1826.7338768873958,563.0083284306929,1826.73,563.01,-0.003876887395790618,0.0016715693070636917,0.004221895288606475
261,21,1611.3122507600501,368.93159435801505,1611.31,368.93,-0.0022507600501739944,-0.0015943580150405978,0.0027582418827186705
261,22,1618.5945377432595,306.00797687234245,1618.59,306.01,-0.004537743259561466,0.002023127657537316,0.004968315550404175
261,23,1919.280160546769,426.63235859589474,1919.28,426.63,-0.00016054676893872966,-0.0023585958947478503,0.0023640536922282618
261,24,1433.6502019166683,193.35451030933,1433.65,193.35,-0.00020191666817481746,-0.004510309330015616,0.004514826751195746
261,25,1600.0591615568342,243.9690741787605,1600.06,243.97,0.0008384431657759706,0.0009258212394911425,0.0012490524047170108
261,26,1755.6188917608765,297.7067798510981,1755.62,297.71,0.0011082391233685485,0.0032201489019030305,0.0034055180083200237
261,31,581.0839145750018,437.8941798985822,581.08,437.89,-0.003914575001772391,-0.004179898582208352,0.005726731144557837
262,13,225.05777045898643,248.30292725939785,225.06,248.3,0.0022295410135768634,-0.002927259397836224,0.003679633230831823
262,14,234.54101678160538,384.27730505470566,234.54,384.28,-0.0010167816053865408,0.0026949452943085817,0.0028803775746190636
262,15,251.66449505793463,556.1308012621589,251.66,556.13,-0.004495057934633451,-0.0008012621589159608,0.004565913586898224
262,16,309.3276772324431,1020.7947847340605,309.33,1020.79,0.002322767556904637,-0.004784734060535811,0.005318733792309994
262,17,1209.0880187581342,266.8939645567803,1209.09,266.89,0.001981241865678385,-0.003964556780317707,0.004432045779849287
262,18,1355.3112836089688,332.14349803532355,1355.31,332.14,-0.001283608968833505,-0.003498035323559634,0.0037261109899922153
262,19,1583.710210819684,435.0553254914184,1583.71,435.06,-0.00021081968407088425,0.004674508581615555,0.004679260135832289
262,20,1828.0504076655468,563.2562463230197,1828.05,563.26,-0.00040766554684523726,0.003753676980295495,0.0037757492065131834
262,21,1612.9841880700376,369.1986957685113,1612.98,369.2,-0.004188070037571379,0.0013042314886888562,0.0043864507766177745
262,22,1620.1959033074445,306.25598265425685,1620.2,306.26,0.004096692555549453,0.004017345743136502,0.00573776582953603
262,23,1920.2101204100768,426.97426894692103,1920.21,426.97,-0.00012041007676089066,-0.0042689469210017705,0.004270644728950895
262,24,1435.2376514375012,193.76588273199752,1435.24,193.77,0.0023485624988097697,0.004117268002488572,0.004740004389779806
262,25,1601.5443711676257,244.4768056340704,1601.54,244.48,-0.0043711676257771614,0.0031943659296018723,0.005413970826005953
262,26,1756.7141688206575,298.0300848883236,1756.71,298.03,-0.004168820657469041,-8.488832361308596e-05,0.004169684844400887
262,31,584.0629359312513,437.92063492393663,584.06,437.92,-0.002935931251386137,-0.0006349239366159054,0.003003801045035041
263,13,228.04332784423983,248.47719544454839,228.04,248.48,-0.0033278442398341213,0.002804555451604074,0.004352020055757932
263,14,237.65576258620405,384.20797879102923,237.66,384.21,0.0042374137959484415,0.002021208970745647,0.0046947802271796344
263,15,254.998371293451,555.8481009466192,255.0,555.85,0.001628706549013259,0.0018990533808391774,0.002501817092849793
263,16,312.74575792433234,1020.3460885505453,312.75,1020.35,0.004242075667661993,0.0039114494546765854,0.00577015102113105
263,17,1210.8160140686007,266.92047341758524,1210.82,266.92,0.003985931399256515,-0.00047341758522634336,0.004013947350125627
263,18,1356.9834627067266,332.35762352649266,1356.98,332.36,-0.003462706726622855,0.0023764735073541488,0.004199757636549436
263,19,1585.282658114763,435.0414941185638,1585.28,435.04,-0.002658114763107733,-0.0014941185637553644,0.003049256364494411
263,20,1829.28780574916,563.1921847422648,1829.29,563.19,0.0021942508399206417,-0.002184742264716988,0.003096423018861143
263,21,1614.4881410525281,369.3990218263835,1614.49,369.4,0.001858947471873762,0.0009781736164882204,0.002100597373886651
263,22,1621.6469274805834,306.4419869906926,1621.65,306.44,0.003072519416718933,-0.001986990692614654,0.0036590309616962953
263,23,1921.4075903075577,426.9807017101908,1921.41,426.98,0.002409692442370215,-0.0007017101907536016,0.0025097838270702892
263,24,1436.678238578126,194.07441204899814,1436.68,194.07,0.0017614218741073273,-0.004412048998148066,0.004750661362446614
263,25,1602.9082783757194,244.6076042255528,1602.91,244.61,0.0017216242806625814,0.0023957744472227205,0.002950207681796704
263,26,1758.0356266154931,298.2725636662427,1758.04,298.27,0.0043733845068345545,-0.0025636662427359624,0.005069405946337741
263,31,586.5472019484384,437.9404761929525,586.55,437.94,0.0027980515615126933,-0.0004761929524761399,0.0028382833313239826
264,13,230.78249588317988,248.60789658341128,230.78,248.61,-0.002495883179875591,0.0021034165887385825,0.003264015041841343
264,14,240.49182193965305,384.4059840932719,240.49,384.41,-0.0018219396530412268,0.004015906728113805,0.004409871987737707
264,15,257.99877847008827,555.6360757099644,258.0,555.64,0.0012215299117315226,0.003924290035570266,0.00411001065795831
264,16,315.55931844324925,1020.009566412909,315.56,1020.01,0.0006815567507487685,0.00043358709103813453,0.0008077854727624969
264,17,1212.1120105514506,267.1903550631889,1212.11,267.19,-0.0020105514506667532,-0.0003550631889197575,0.0020416628036735284
264,18,1358.487597030045,332.5182176448695,1358.49,332.52,0.0024029699550283112,0.0017823551305014007,0.002991831281338142
264,19,1586.7119935860724,435.2811205889228,1586.71,435.28,-0.0019935860723307997,-0.001120588922844945,0.0022869422733847347
264,20,1830.46585431187,563.1441385566986,1830.47,563.14,0.004145688129938208,-0.004138556698649154,0.0058578478657817954
264,21,1615.616105789396,369.54926636978763,1615.62,369.55,0.0038942106039030477,0.0007336302123803762,0.00396271239381162
264,22,1622.7351956104376,306.58149024301946,1622.74,306.58,0.004804389562423239,-0.0014902430194752014,0.005030207085659191
264,23,1922.0556927306684,427.2355262826431,1922.06,427.24,0.004307269331548014,0.0044737173569160404,0.006210210631215814
264,24,1438.0086789335944,194.3058090367486,1438.01,194.31,0.0013210664055804955,0.004190963251403446,0.004394245034424857
264,25,1603.9312087817896,244.9557031691646,1603.93,244.96,-0.0012087817895007902,0.004296830835414767,0.0044636205755865825
264,26,1759.0267199616198,298.45442274968207,1759.03,298.45,0.003280038380125916,-0.00442274968207812,0.0055063024367919666
264,31,588.9104014613288,437.95535714471436,588.91,437.96,-0.00040146132880636287,0.004642855285624137,0.004660179867963785
265,13,233.3368719123849,248.70592243755846,233.34,248.71,0.0031280876150958647,0.004077562441551663,0.0051392069030609085
265,14,243.1188664547398,384.55448806995395,243.12,384.55,0.0011335452602168061,-0.004488069953936247,0.00462900602380093
265,15,260.4990838525662,555.7270567824733,260.5,555.73,0.0009161474338270637,0.0029432175267629646,0.003082507993558592
265,16,318.16948883243697,1019.5071748096817,318.17,1019.51,0.0005111675630473655,0.002825190318276327,0.002871061234455663
265,17,1213.5840079135878,267.3927662973917,1213.58,267.39,-0.004007913587884104,-0.0027662973917017553,0.004869884247831972
265,18,1359.8656977725336,332.6386632336521,1359.87,332.64,0.00430222746626896,0.0013367663478902614,0.004505119914094508
265,19,1588.0339951895544,435.4608404416921,1588.03,435.46,-0.003995189554416356,-0.0008404416921052871,0.0040826317264169645
265,20,1831.5993907339025,563.358103917524,1831.6,563.36,0.000609266097399086,0.0018960824760370087,0.001991565698985235
265,21,1616.712079342047,369.66194977734074,1616.71,369.66,-0.00207934204695448,-0.0019497773407124441,0.0028504903133651474
265,22,1623.8013967078282,306.9361176822646,1623.8,306.94,-0.0013967078282348666,0.003882317735417473,0.004125916111143029
265,23,1923.0417695480014,427.4266447119823,1923.04,427.43,-0.001769548001448129,0.003355288017701241,0.0037933175204771076
265,24,1439.2565092001958,194.47935677756146,1439.26,194.48,0.0034907998042399413,0.0006432224385264362,0.0035495659422956926
265,25,1604.9484065863421,245.21677737687344,1604.95,245.22,0.001593413657928977,0.003222623126561075,0.003595033643948396
265,26,1760.0200399712148,298.8408170622615,1760.02,298.84,-3.9971214846445946e-05,-0.0008170622615466527,0.0008180393861300515
265,31,591.1828010959966,437.9665178585358,591.18,437.97,-0.0028010959966877635,0.0034821414642465243,0.004468942599730404
266,13,236.00265393428867,248.77944182816884,236.0,248.78,-0.002653934288673554,0.0005581718311589157,0.0027119961286285973
266,14,245.83914984105485,384.41586605246545,245.84,384.42,0.0008501589451554992,0.0041339475345694154,0.004220461165631128
266,15,263.37431288942463,555.5452925868549,263.37,555.55,-0.004312889424625155,0.00470741314506995,0.00638441490721122
266,16,320.87711662432775,1018.6303811072613,320.88,1018.63,0.002883375672240618,-0.0003811072613189026,0.0029084528553681302
266,17,1214.9380059351909,267.54457472304375,1214.94,267.54,0.001994064809196061,-0.00457472304373141,0.004990429379334137
266,18,1361.1492733294003,332.7289974252391,1361.15,332.73,0.0007266705997608369,0.0010025747609461177,0.0012382270841178285
266,19,1589.2754963921657,435.59563033126904,1589.28,435.6,0.004503607834294598,0.0043696687309875415,0.006275068791948815
266,20,1832.6995430504269,563.5185779381429,1832.7,563.52,0.00045694957316300133,0.0014220618570561783,0.0014936742743007646
266,21,1618.0340595065352,369.9964623330055,1618.03,370.0,-0.004059506535213586,0.0035376669944753303,0.005384670934536476
266,22,1624.8510475308713,307.20208826169846,1624.85,307.2,-0.0010475308713466802,-0.0020882616984749802,0.002336270071661653
266,23,1924.0313271610012,427.5699835339867,1924.03,427.57,-0.0013271610011997836,1.6466013278204628e-05,0.001327263143728059
266,24,1440.4423819001468,194.6095175831711,1440.44,194.61,-0.0023819001467018097,0.0004824168289019326,0.0024302621886672844
266,25,1605.9613049397567,245.41258303265508,1605.96,245.41,-0.0013049397566646803,-0.0025830326550817517,0.002893946348110614
266,26,1761.0150299784111,299.13061279669614,1761.02,299.13,0.004970021588860618,-0.0006127966961457787,0.0050076575746098905
266,31,593.3871008219975,437.72488839390184,593.39,437.72,0.0028991780025080516,-0.004888393901808286,0.0056834521225627484
267,13,239.2519904507165,248.83458137112663,239.25,248.83,-0.0019904507165051655,-0.00458137112661916,0.004995083127902442
267,14,249.12936238079112,384.3118995393491,249.13,384.31,0.0006376192088737298,-0.0018995393490968127,0.0020036985787018724
267,15,266.7807346670685,555.4089694401412,266.78,555.41,-0.0007346670685137724,0.001030559858804736,0.0012656181589003285
267,16,324.4078374682458,1017.722785830446,324.41,1017.72,0.002162531754208885,-0.002785830445986903,0.0035266690887790064
267,17,1216.4535044513932,267.6584310422828,1216.45,267.66,-0.00350445139315525,0.0015689577172111058,0.0038396364261976757
267,18,1362.3619549970504,332.79674806892933,1362.36,332.8,-0.0019549970504613157,0.003251931070678893,0.0037943469999143745
267,19,1590.4566222941244,435.69672274845175,1590.46,435.7,0.0033777058756641054,0.003277251548240656,0.004706301593920814
267,20,1833.7746572878202,563.6389334536073,1833.77,563.64,-0.004657287820236888,0.0010665463927352903,0.004777850044568532
267,21,1619.2755446299013,369.9973467497541,1619.28,370.0,0.004455370098639833,0.0026532502458849194,0.005185562610087964
267,22,1625.8882856481534,307.40156619627385,1625.89,307.4,0.0017143518466582464,-0.001566196273870446,0.0023220622348305415
267,23,1925.0234953707509,427.67748765049004,1925.02,427.68,-0.003495370750897564,0.0025123495099705906,0.004304592518053209
267,24,1441.58178642511,194.70713818737835,1441.58,194.71,-0.0017864251101400441,0.002861812621659965,0.0033736161838050205
267,25,1606.9709787048175,245.5594372744913,1606.97,245.56,-0.0009787048174985102,0.0005627255087006233,0.001128947792387747
267,26,1761.7612724838084,299.3479595975221,1761.76,299.35,-0.0012724838084068324,0.002040402477916814,0.00240467405578108
267,31,596.0403256164981,437.79366629542636,596.04,437.79,-0.0003256164981166876,-0.0036662954263420033,0.003680726593630946
268,13,241.9389928380374,248.87593602834497,238.6,248.9,-3.3389928380373988,0.02406397165503904,3.3390795508937576
268,14,252.09702178559334,384.23392465451184,258.8,392.1,6.70297821440667,7.866075345488184,10.334653273511767
268,15,269.8355510003014,555.3067270801059,286.6,564.3,16.76444899969863,8.993272919894025,19.024345141822767
268,16,327.55587810118436,1017.0420893728345,345.4,1012.6,17.844121898815615,-4.442089372834516,18.388715135540068
268,17,1217.840128338545,267.74382328171214,1231.4,263.6,13.55987166145519,-4.143823281712116,14.178906546881354
268,18,1363.7714662477879,332.84756105169697,1363.8,329.7,0.028533752212069885,-3.1475610516969823,3.1476903833088654
268,19,1591.5924667205932,435.7725420613388,1573.9,434.7,-17.692466720593075,-1.0725420613388224,17.72494640704548
268,20,1835.080992965865,563.7292000902055,1835.08,563.73,-0.00099296586517994,0.000799909794523046,0.001275083090934253
268,21,1620.456658472426,369.9980100623156,1620.5,363.8,0.04334152757405718,-6.198010062315575,6.198161600069618
268,22,1626.9162142361151,307.55117464720536,1638.4,296.1,11.483785763884953,-11.451174647205335,16.217482427047823
268,23,1926.017621528063,427.7581157378675,1926.02,427.76,0.0023784719369359664,0.001884262132477943,0.003034398216892808
268,24,1442.6863398188325,194.78035364053375,1460.4,182.3,17.713660181167597,-12.480353640533735,21.668709791002005
268,25,1607.978234028613,245.66957795586848,1620.5,233.2,12.521765971386912,-12.469577955868488,17.671587292591024
268,26,1762.5709543628564,299.5109696981416,1774.0,285.0,11.429045637143645,-14.510969698141594,18.47136502146757
268,31,598.2802442123735,437.59524972156976,600.5,445.4,2.219755787626468,7.80475027843022,8.1142740072885
269,13,244.45424462852804,248.65695202125872,244.45,248.66,-0.004244628528056182,0.003047978741278712,0.005225614389569456
269,14,254.822766339195,384.1754434908839,254.82,384.18,-0.002766339195005685,0.004556509116127927,0.005330516660435609
269,15,272.37666325022604,554.9800453100795,272.38,554.98,0.003336749773950487,-4.5310079485716415e-05,0.00333705739496066
269,16,330.16690857588827,1016.2815670296259,330.17,1016.28,0.0030914241117443453,-0.0015670296259031602,0.003465903184904696
269,17,1219.1300962539087,267.8078674612841,1219.13,267.81,-9.625390862311178e-05,0.0021325387158981357,0.002134709860784293
269,18,1365.0785996858408,332.8856707887727,1365.08,332.89,0.001400314159127447,0.004329211227286578,0.00455004940574462
269,19,1592.944350040445,435.8294065460041,1592.94,435.83,-0.004350040444933256,0.0005934539958616369,0.004390334784245874
269,20,1836.3107447243988,563.7969000676542,1836.31,563.8,-0.0007447243988281116,0.003099932345776324,0.0031881334631097542
269,21,1621.5924938543194,370.2485075467367,1621.59,370.25,-0.002493854319482125,0.001492453263324478,0.002906325189996387
269,22,1628.1871606770865,307.66338098540405,1628.19,307.66,0.002839322913587239,-0.0033809854040214304,0.004415067033446659
269,23,1927.0132161460474,427.81858680340065,1927.01,427.82,-0.0032161460474071646,0.0014131965993442464,0.0035129360977180996
269,24,1443.7647548641244,195.0852652304003,1443.76,195.09,-0.00475486412437931,0.004734769599707533,0.006710199401182058
269,25,1608.9836755214599,245.75218346690136,1608.98,245.75,-0.0036755214598542807,-0.0021834669013571784,0.004275159144543237
269,26,1763.4282157721423,299.63322727360617,1763.43,299.63,0.0017842278577973048,-0.003227273606171366,0.0036876501972977712
269,31,600.4601831592802,437.4464372911773,600.46,437.45,-0.00018315928014089877,0.0035627088226988235,0.0035674138359934873
270,13,246.84068347139603,248.49271401594405,246.84,248.49,-0.0006834713960301997,-0.0027140159440364187,0.002798752524550065
270,14,257.11707475439624,383.8815826181629,257.12,383.88,0.002925245603762505,-0.0015826181628995073,0.0033259197362340656
270,15,274.7824974376695,554.4850339825596,274.78,554.49,-0.002497437669546798,0.004966017440438009,0.005558644091143613
270,16,332.3751814319162,1015.2111752722194,332.38,1015.21,0.004818568083805985,-0.0011752722193705267,0.004959824913028464
270,17,1220.3475721904315,267.8559005959631,1220.35,267.86,0.0024278095684167056,0.004099404036935539,0.00476438587422756
270,18,1366.3089497643805,332.91425309157955,1366.31,332.91,0.0010502356194592721,-0.004253091579528245,0.004380842708912871
270,19,1594.2082625303337,435.8720549095031,1594.21,435.87,0.0017374696662955103,-0.0020549095031014986,0.0026909949660365176
270,20,1837.4830585432992,563.8476750507407,1837.48,563.85,-0.0030585432991756534,0.002324949259332243,0.003841884455758897
270,21,1622.6943703907396,370.4363806600525,1622.69,370.44,-0.004370390739495633,0.003619339947476874,0.005674498821153379
270,22,1629.3903705078149,307.74753573905303,1629.39,307.75,-0.0003705078147504537,0.002464260946965169,0.0024919586785355865
270,23,1928.0099121095354,428.1139401025505,1928.01,428.11,8.789046455603966e-05,-0.003940102550473057,0.0039410826992089575
270,24,1444.8235661480933,195.31394892280022,1444.82,195.31,-0.003566148093341326,-0.003948922800219634,0.0053208461268614456
270,25,1609.9877566410948,245.81413760017602,1609.99,245.81,0.0022433589051615854,-0.0041376001760227155,0.004706633020959993
270,26,1764.3211618291066,299.7249204552046,1764.32,299.72,-0.0011618291066497477,-0.004920455204569407,0.0050557616926861495
270,31,602.3451373694602,437.08482796838297,602.35,437.08,0.004862630539832935,-0.004827968382983272,0.006852332046391363
271,13,249.38051260354703,248.36953551195802,249.38,248.37,-0.0005126035470368606,0.0004644880419846231,0.0006917452837435756
271,14,259.58780606579717,383.6611869636222,259.59,383.66,0.002193934202807668,-0.0011869636221604196,0.002494439802156288
271,15,277.33687307825215,554.1137754869196,277.34,554.11,0.003126921747821143,-0.003775486919607829,0.00490223837620394
271,16,334.78138607393714,1014.6583814541646,334.78,1014.66,-0.0013860739371693853,0.0016185458354129878,0.0021309367847575787
271,17,1221.7606791428236,267.8919254469723,1221.76,267.89,-0.0006791428236283537,-0.001925446972336431,0.00204171031690723
271,18,1367.7317123232854,332.93568981868464,1367.73,332.94,-0.0017123232853464287,0.004310181315361206,0.004637856617536644
271,19,1595.6561968977503,435.90404118212734,1595.66,435.9,0.0038031022497762024,-0.004041182127366483,0.005549300830627143
271,20,1838.6122939074744,563.8857562880555,1838.61,563.89,-0.002293907474495427,0.004243711944468487,0.004824013118677279
271,21,1624.0207777930545,370.5772854950394,1624.02,370.58,-0.0007777930545671552,0.0027145049605792337,0.002823738517770754
271,22,1630.7927778808612,307.81065180428976,1630.79,307.81,-0.002777880861231097,-0.0006518042897596388,0.0028533262889727643
271,23,1929.0074340821516,428.08545507691287,1929.01,428.09,0.002565917848414756,0.004544923087109964,0.005219220274385684
271,24,1446.11767461107,195.48546169210016,1446.12,195.49,0.0023253889298757713,0.0045383078998497695,0.005099379596483048
271,25,1611.240817480821,245.860603200132,1611.24,245.86,-0.0008174808210696938,-0.0006032001319908886,0.0010159356731853676
271,26,1765.49087137183,299.7936903414035,1765.49,299.79,-0.0008713718300441542,-0.003690341403455477,0.003791821269555336
271,31,604.2588530270951,437.0636209762872,604.26,437.06,0.0011469729048485533,-0.0036209762872090323,0.0037982912101347413
272,13,251.78538445266028,248.52715163396851,251.79,248.53,0.004615547339710702,0.0028483660314861936,0.005423694893191812
272,14,261.9408545493479,383.49589022271664,261.94,383.5,-0.0008545493478777644,0.004109777283360927,0.004197680777142044
272,15,279.7526548086891,553.8353316151897,279.75,553.84,-0.0026548086891011735,0.004668384810315729,0.005370458631524287
272,16,337.0860395554529,1013.9937860906234,337.09,1013.99,0.003960444547089992,-0.00378609062340729,0.005479014803705814
272,17,1223.3205093571178,267.9189440852292,1223.32,267.92,-0.0005093571178349521,0.0010559147708022465,0.0011723483597836822
272,18,1369.048784242464,332.95176736401345,1369.05,332.95,0.0012157575358742179,-0.0017673640134603374,0.0021451438045291
272,19,1596.9921476733127,435.9280308865955,1596.99,435.93,-0.002147673312720144,0.001969113404527434,0.0029137447139480047
272,20,1839.459220430606,563.6643172160416,1839.46,563.66,0.0007795693941261561,-0.004317216041613392,0.004387035763499339
272,21,1625.265583344791,370.68296412127955,1625.27,370.68,0.004416655209070086,-0.0029641212795468164,0.005319103138280755
272,22,1632.094583410646,307.8579888532173,1632.09,307.86,-0.004583410646091579,0.002011146782706419,0.005005233714053321
272,23,1930.0055755616136,428.06409130768463,1930.01,428.06,0.00442443838642248,-0.004091307684632284,0.006026147492849801
272,24,1447.5882559583024,195.6140962690751,1447.59,195.61,0.0017440416975205153,-0.004096269075091641,0.004452089596834544
272,25,1612.430613110616,246.145452400099,1612.43,246.15,-0.0006131106158591138,0.004547599901002286,0.004588743780913808
272,26,1766.6181535288724,299.84526775605264,1766.62,299.85,0.0018464711274646106,0.00473224394738736,0.005079723260389756
272,31,606.4441397703214,437.0477157322154,606.44,437.05,-0.004139770321330616,0.002284267784602889,0.004728168527574328
273,13,253.8390383394952,248.6453637254764,253.84,248.65,0.0009616605047995108,0.004636274523619477,0.0047349585409857875
273,14,264.2056409120109,383.37191766703745,264.21,383.37,0.004359087989087129,-0.0019176670374463356,0.004762257339026512
273,15,281.8144911065168,553.6264987113923,281.81,553.63,-0.0044911065168093955,0.003501288607708375,0.005694651847110258
273,16,339.0645296665897,1013.4953395679676,339.06,1013.5,-0.004529666589689896,0.004660432032437711,0.006499038862995387
273,17,1224.7403820178383,267.9392080639219,1224.74,267.94,-0.00038201783831937064,0.000791936078087474,0.0008792612698002651
273,18,1370.286588181848,332.9638255230101,1370.29,332.96,0.0034118181520170765,-0.00382552301010719,0.005125927174989203
273,19,1598.2441107549846,435.9460231649466,1598.24,435.95,-0.004110754984594678,0.003976835053379091,0.005719573724077229
273,20,1840.3444153229543,563.4982379120312,1840.34,563.5,-0.0044153229544008354,0.0017620879688138302,0.0047539489691726155
273,21,1626.4491875085932,370.76222309095965,1626.45,370.76,0.0008124914068048383,-0.0022230909596601123,0.0023669126940075807
273,22,1633.3209375579845,307.893491639913,1633.32,307.89,-0.0009375579845709581,-0.0034916399130224818,0.003615323534159066
273,23,1931.00418167121,428.0480684807635,1931.0,428.05,-0.004181671210062632,0.0019315192365070288,0.004606206755027761
273,24,1448.9411919687268,195.71057220180631,1448.94,195.71,-0.001191968726743653,-0.0005722018063067935,0.0013221967904497585
273,25,1613.572959832962,246.10908930007426,1613.57,246.11,-0.0029598329620057484,0.0009106999257539883,0.0030967701751573435
273,26,1767.7136151466543,299.8839508170395,1767.71,299.88,-0.0036151466542833077,-0.00395081703948108,0.005355206869153594
273,31,608.3331048277411,437.03578679916154,608.33,437.04,-0.0031048277410263836,0.004213200838478315,0.0052336427664487544
274,13,255.8792787546214,248.7340227941073,255.88,248.73,0.0007212453785996331,-0.004022794107299887,0.004086938625166523
274,14,266.15423068400816,383.5289382502781,266.15,383.53,-0.004230684008177832,0.0010617497218845529,0.00436188028824423
274,15,283.8608683298876,553.4698740335442,283.86,553.47,-0.0008683298875666878,0.00012596645581197663,0.0008774191368048724
274,16,341.04839724994224,1013.3715046759756,341.05,1013.37,0.0016027500577706633,-0.0015046759756387473,0.0021983761141688837
274,17,1225.8052865133786,267.95440604794146,1225.81,267.95,0.004713486621312768,-0.00440604794147248,0.006452148060285685
274,18,1371.464941136386,332.97286914225754,1371.46,332.97,-0.004941136385923528,-0.0028691422575093384,0.00571373836276419
274,19,1599.1830830662384,435.95951737370996,1599.18,435.96,-0.0030830662383323215,0.000482626290022381,0.003120613011215165
274,20,1841.2583114922159,563.3736784340234,1841.26,563.37,0.0016885077841379825,-0.0036784340234135016,0.004047460364438496
274,21,1627.586890631445,370.82166731821974,1627.59,370.82,0.003109368554987668,-0.0016673182197450842,0.003528189742153902
274,22,1634.2407031684884,307.92011872993476,1634.24,307.92,-0.0007031684883713751,-0.00011872993474071336,0.0007131218131862317
274,23,1931.7531362534075,428.0360513605726,1931.75,428.04,-0.003136253407546974,0.003948639427392209,0.005042602380111511
274,24,1449.9558939765452,195.78292915135472,1449.96,195.78,0.004106023454824026,-0.002929151354720716,0.005043744270918901
274,25,1614.4297198747215,246.3318169750557,1614.43,246.33,0.00028012527855025837,-0.0018169750556751296,0.0018384418741500914
274,26,1768.5352113599906,299.9129631127796,1768.54,299.91,0.004788640009337541,-0.0029631127795823886,0.00563126189086893
274,31,609.9998286208058,437.02684009937116,610.0,437.03,0.00017137919417109515,0.0031599006288161036,0.003164544645314258
275,13,257.6594590659661,248.80051709558046,257.66,248.8,0.0005409340339497248,-0.0005170955804487676,0.0007483297858596635
275,14,267.86567301300613,383.39670368770857,267.87,383.4,0.004326986993874016,0.003296312291411141,0.005439530417937109
275,15,285.6456512474157,553.3524055251581,285.65,553.35,0.004348752584292015,-0.002405525158110322,0.004969728395565312
275,16,342.78629793745665,1013.0286285069817,342.79,1013.03,0.0037020625433683563,0.0013714930182686658,0.003947943790654913
275,17,1226.853964885034,267.96580453595607,1226.85,267.97,-0.003964885034065446,0.004195464043959873,0.005772541197559033
275,18,1372.5987058522894,332.9796518566932,1372.6,332.98,0.0012941477104959631,0.00034814330683730077,0.001340157475328013
275,19,1600.1373122996788,435.96963803028245,1600.14,435.97,0.002687700321303055,0.00036196971757362917,0.0027119651718952582
275,20,1842.1937336191618,563.2802588255175,1842.19,563.28,-0.0037336191617214354,-0.0002588255175623999,0.0037425796842973052
275,21,1628.6901679735838,370.86625048866483,1628.69,370.87,-0.00016797358375697513,0.0037495113351724285,0.0037532719562305486
275,22,1635.1805273763662,307.94008904745107,1635.18,307.94,-0.0005273763661080011,-8.904745106974588e-05,0.0005348413597238898
275,23,1932.5648521900557,428.02703852042947,1932.56,428.03,-0.0048521900557716435,0.002961479570501524,0.005684550077519514
275,24,1450.966920482409,195.83719686351606,1450.97,195.84,0.0030795175910043326,0.00280313648394781,0.004164252963130893
275,25,1615.322289906041,246.49886273129175,1615.32,246.5,-0.002289906041141876,0.0011372687082484845,0.0025567654941388808
275,26,1769.4014085199929,299.9347223345847,1769.4,299.93,-0.0014085199927649228,-0.004722334584698729,0.004927917663664868
275,31,611.4998714656044,437.02013007452837,611.5,437.02,0.00012853439557147794,-0.0001300745283856486,0.0001828673666340555
276,13,259.49459429947456,248.85038782168533,254.3,249.9,-5.194594299474545,1.0496121783146748,5.2995750453220225
276,14,269.6492547597546,383.2975277657814,279.0,394.6,9.350745240245374,11.302472234218612,14.669093876352902
276,15,287.4842384355618,553.0143041438686,304.1,562.4,16.61576156443823,9.385695856131406,19.083364982886668
276,16,344.58972345309246,1012.5214713802363,360.2,1009.4,15.610276546907528,-3.1214713802363576,15.91930643742264
276,17,1227.8904736637755,267.97435340196705,1236.2,265.9,8.309526336224508,-2.0743534019670733,8.56452975759096
276,18,1373.699029389217,332.9847388925199,1373.7,332.98,0.0009706107830425026,-0.004738892519867477,0.004837270677459998
276,19,1601.102984224759,435.9772285227118,1580.3,436.0,-20.80298422475903,0.02277147728818818,20.802996687875304
276,20,1843.1453002143712,563.2101941191381,1843.15,563.21,0.0046997856288726325,-0.0001941191380865348,0.00470379285227668
276,21,1629.7676259801879,370.89968786649865,1629.77,370.9,0.0023740198121231515,0.0003121335013247517,0.0023944513757857963
276,22,1636.1353955322747,307.9550667855883,1648.6,299.6,12.464604467725167,-8.355066785588292,15.005782403076319
276,23,1933.4236391425418,428.0202788903221,1933.42,428.02,-0.003639142541715046,-0.0002788903221357941,0.0036498134542331407
276,24,1451.9751903618067,195.87789764763704,1471.7,183.4,19.724809638193392,-12.477897647637036,23.340223755737064
276,25,1616.2417174295308,246.6241470484688,1625.6,234.1,9.3582825704691,-12.52414704846882,15.634312007901595
276,26,1770.3010563899948,299.95104175093854,1786.9,284.4,16.598943610005335,-15.551041750938566,22.745545245334775
276,31,612.8749035992033,436.76509755589626,618.1,444.0,5.225096400796701,7.234902444103739,8.924429716980066
277,13,261.3709457246059,248.637790866264,261.37,248.64,-0.000945724605912801,0.002209133735988189,0.002403053660181157
277,14,271.486941069816,382.97314582433603,271.49,382.97,0.003058930184010933,-0.0031458243360020788,0.004387854216315314
277,15,289.36317882667134,552.7607281079014,289.36,552.76,-0.0031788266713306257,-0.0007281079014092029,0.003261147056245311
277,16,346.1922925898193,1012.1411035351773,346.19,1012.14,-0.002292589819319346,-0.0011035351773216462,0.0025443580658454953
277,17,1228.9178552478315,267.98076505147526,1228.92,267.98,0.0021447521685331594,-0.0007650514752413073,0.0022771178327430906
277,18,1374.7742720419128,332.9885541693899,1374.77,332.99,-0.004272041912827262,0.0014458306101232665,0.004510074085657821
277,19,1602.0772381685692,435.98292139203386,1602.08,435.98,0.002761831430689199,-0.002921392033840675,0.004020229379889971
277,20,1844.1089751607783,563.4076455893536,1844.11,563.41,0.0010248392215999047,0.0023544106463759817,0.0025677898905280524
277,21,1630.8257194851408,370.924765899874,1630.83,370.92,0.004280514859146933,-0.004765899873973467,0.006405982287527651
277,22,1637.101546649206,307.96630008919124,1637.1,307.97,-0.0015466492061477766,0.0036999108087911736,0.004010170041268488
277,23,1934.3177293569063,428.0152091677416,1934.32,428.02,0.0022706430936523248,0.004790832258379396,0.005301687824332891
277,24,1452.9813927713549,195.90842323572778,1452.98,195.91,-0.0013927713548582688,0.0015767642722153141,0.0021038055083701123
277,25,1617.1812880721482,246.71811028635162,1617.18,246.72,-0.0012880721480996726,0.0018897136483815302,0.0022869515805083278
277,26,1771.225792292496,299.9632813132039,1771.23,299.96,0.0042077075040651835,-0.003281313203899572,0.0053358990603132785
277,31,614.4061776994025,436.5738231669222,614.41,436.57,0.0038223005974487023,-0.0038231669221886477,0.0054061619631836895
278,13,263.02820929345444,248.728343149698,263.03,248.73,0.0017907065455347038,0.0016568503019982472,0.0024396276058965467
278,14,273.11520580236197,382.97985936825205,273.12,382.98,0.004794197638034348,0.00014063174796774547,0.0047962598220979
278,15,290.7723841200035,552.5705460809261,290.77,552.57,-0.00238412000351218,-0.0005460809260284805,0.00244586029219149
278,16,347.6442194423645,1011.8558276513829,347.64,1011.86,-0.004219442364501447,0.004172348617089483,0.005933985747360544
278,17,1229.9383914358737,267.9855737886064,1229.94,267.99,0.0016085641263998696,0.004426211393592894,0.004709440078131595
278,18,1375.8307040314346,332.99141562704244,1375.83,332.99,-0.000704031434679564,-0.001415627042433698,0.0015810313672683868
278,19,1603.307928626427,435.9871910440254,1603.31,435.99,0.002071373573016899,0.002808955974614946,0.0034901034578243948
278,20,1845.3317313705838,563.3057341920152,1845.33,563.31,-0.0017313705839114846,0.004265807984779713,0.00460377691269292
278,21,1631.8692896138555,370.9435744249055,1631.87,370.94,0.0007103861444193171,-0.0035744249054801003,0.003644332844170434
278,22,1638.0761599869045,307.9747250668934,1638.08,307.97,0.0038400130954414635,-0.004725066893399799,0.0060886745454380095
278,23,1935.2382970176798,428.0114068758062,1935.24,428.01,0.0017029823202392436,-0.0014068758061966946,0.0022089473323529097
278,24,1453.9860445785162,195.93131742679583,1453.99,195.93,0.003955421483851751,-0.0013174267958220298,0.0041690493493440305
278,25,1618.1359660541111,246.78858271476372,1618.14,246.79,0.0040339458889775415,0.0014172852362719368,0.004275677358753021
278,26,1772.1693442193719,300.2224609849029,1772.17,300.22,0.0006557806282216916,-0.0024609849028820463,0.0025468598164336003
278,31,615.5546332745519,436.4303673751916,615.55,436.43,-0.004633274551906652,-0.0003673751916153378,0.004647816434064516
279,13,264.27115697009083,248.79625736227348,264.27,248.8,-0.0011569700908466984,0.003742637726531939,0.003917386493974519
279,14,274.3364043517715,382.984894526189,274.34,382.98,0.003595648228497339,-0.004894526188991222,0.006073308225161719
279,15,292.0792880900026,552.4279095606946,292.08,552.43,0.0007119099973920129,0.0020904393053342574,0.0022083370063631746
279,16,348.9831645817734,1011.3918707385371,348.98,1011.39,-0.003164581773376085,-0.0018707385371499186,0.003676171986559109
279,17,1230.9537935769054,268.2391803414548,1230.95,268.24,-0.003793576905309237,0.000819658545196944,0.003881116574802924
279,18,1376.873028023576,332.99356172028183,1376.87,332.99,-0.0030280235760073992,-0.003561720281823,0.004674909426160677
279,19,1604.48094646982,435.99039328301905,1604.48,435.99,-0.0009464698200645216,-0.00039328301903651663,0.0010249276332285344
279,20,1846.2487985279379,563.2293006440113,1846.25,563.23,0.0012014720621209563,0.0006993559886723233,0.0013901920424707608
279,21,1632.9019672103916,370.95768081867914,1632.9,370.96,-0.001967210391512708,0.0023191813208427448,0.003041137735029685
279,22,1639.3071199901783,307.9810438001701,1639.31,307.98,0.002880009821637941,-0.0010438001700663335,0.0030633274992663633
279,23,1936.1787227632599,428.00855515685464,1936.18,428.01,0.0012772367401794327,0.0014448431453502053,0.001928446370820215
279,24,1454.9895334338871,195.94848807009686,1454.99,195.95,0.00046656611289108696,0.001511929903131204,0.0015822818869217425
279,25,1619.3519745405833,246.8414370360728,1619.35,246.84,-0.0019745405834328267,-0.0014370360727866682,0.0024421063019683187
279,26,1773.127008164529,300.4168457386772,1773.13,300.42,0.0029918354712208384,0.003154261322833918,0.0043474640860599635
279,31,616.665974955914,436.32277553139375,616.67,436.32,0.004025044086006346,-0.002775531393751862,0.004889228406609453
280,13,265.7033677275681,248.8471930217051,265.7,248.85,-0.0033677275681043284,0.002806978294898954,0.004384143715824532
280,14,275.7523032638286,382.98867089464176,275.75,382.99,-0.0023032638285940266,0.0013291053582520362,0.0026592377324045112
280,15,293.55946606750194,552.320932170521,293.56,552.32,0.0005339324980582205,-0.0009321705209686115,0.0010742559251154188
280,16,350.48737343633,1010.7939030539028,350.49,1010.79,0.0026265636699918105,-0.0039030539028317435,0.004704536797701869
280,17,1232.215345182679,268.4293852560911,1232.22,268.43,0.004654817321124938,0.000614743908897708,0.004695235283409296
280,18,1377.904771017682,333.2451712902114,1377.9,333.25,-0.0047710176818327454,0.004828709788625929,0.0067881549734174875
280,19,1605.610709852365,435.99279496226427,1605.61,435.99,-0.0007098523651620781,-0.002794962264260903,0.002883696315316269
280,20,1847.1865988959535,563.4219754830085,1847.19,563.42,0.0034011040465884435,-0.001975483008550327,0.003933197408316971
280,21,1633.9264754077938,370.96826061400935,1633.93,370.97,0.003524592206304078,0.0017393859906746911,0.003930421586203549
280,22,1640.4803399926336,308.2357828501276,1640.48,308.24,-0.0003399926335987402,0.0042171498724314915,0.004230833019329687
280,23,1937.134042072445,428.006416367641,1937.13,428.01,-0.0040420724449177214,0.0035836323589819585,0.005401922855271604
280,24,1455.9921500754153,195.96136605257266,1455.99,195.96,-0.002150075415329411,-0.0013660525726493233,0.002547336633200601
280,25,1620.2639809054376,246.8810777770546,1620.26,246.88,-0.00398090543762919,-0.001077777054604212,0.00412422253070527
280,26,1774.0952561233967,300.5626343040079,1774.1,300.56,0.004743876603242825,-0.002634304007870014,0.005426225468285916
280,31,617.7494812169355,436.2420816485453,617.75,436.24,0.0005187830645354552,-0.002081648545299686,0.0021453196811191326
281,13,267.27752579567607,249.1353947662788,267.28,249.14,0.0024742043239029954,0.004605233721179047,0.0052277973050898685
281,14,277.3142274478714,383.24150317098133,277.31,383.24,-0.0042274478714148245,-0.00150317098132291,0.004486740298325836
281,15,295.41959955062646,552.4906991278908,295.42,552.49,0.00040044937355787624,-0.0006991278908117238,0.0008056919439176148
281,16,352.3655300772475,1010.5954272904271,352.37,1010.6,0.004469922752491584,0.004572709572926215,0.006394519704526133
281,17,1233.1615088870092,268.57203894206833,1233.16,268.57,-0.0015088870090949058,-0.002038942068338656,0.002536537948514961
281,18,1378.6785782632614,333.43387846765853,1378.68,333.43,0.0014217367386208934,-0.003878467658523732,0.004130840923124363
281,19,1606.4580323892737,435.9945962216982,1606.46,435.99,0.001967610726296698,-0.004596221698193403,0.004999674576328111
281,20,1848.139949171965,563.3164816122564,1848.14,563.32,5.0828035000449745e-05,0.003518387743611129,0.003518754865507829
281,21,1634.6948565558453,370.97619546050703,1634.69,370.98,-0.004856555845208277,0.0038045394929895338,0.006169331846427434
281,22,1641.3602549944753,308.42683713759567,1641.36,308.43,-0.00025499447542642883,0.0031628624043378295,0.0031731247645297015
281,23,1937.8505315543339,428.0048122757307,1937.85,428.0,-0.0005315543339747819,-0.004812275730728288,0.004841543939542825
281,24,1456.7441125565615,196.2210245394295,1456.74,196.22,-0.0041125565614947845,-0.001024539429494098,0.004238254654227598
281,25,1620.947985679078,246.91080833279096,1620.95,246.91,0.0020143209219440905,-0.0008083327909673699,0.002170458632993218
281,26,1774.8214420925474,300.6719757280059,1774.82,300.67,-0.001442092547449647,-0.0019757280059025106,0.0024460441673684725
281,31,619.0621109127017,436.431561236409,619.06,436.43,-0.0021109127017098217,-0.0015612364089747643,0.0026255307194828774
282,13,268.9581443467571,249.10154607470912,268.96,249.1,0.0018556532428988248,-0.001546074709125378,0.0024153252294624936
282,14,278.98567058590356,383.431127378236,278.99,383.43,0.004329414096446271,-0.0011273782359921825,0.004473791245185288
282,15,297.0646996629698,552.3680243459181,297.06,552.37,-0.0046996629698128345,0.0019756540818889334,0.005098042867720356
282,16,354.27414755793563,1010.1965704678203,354.27,1010.2,-0.004147557935652912,0.003429532179779926,0.005381814545461735
282,17,1234.1211316652568,268.67902920655126,1234.12,268.68,-0.0011316652569348662,0.0009707934487437342,0.001491008441920169
282,18,1379.508933697446,333.5754088507439,1379.51,333.58,0.0010663025539088267,0.00459114925610038,0.004713348345737196
282,19,1607.3435242919554,435.99594716627365,1607.34,436.0,-0.0035242919555003027,0.004052833726348126,0.00537085607710996
282,20,1849.1049618789739,563.2373612091924,1849.1,563.24,-0.004961878973972489,0.0026387908076230815,0.005619916358696663
282,21,1635.771142416884,371.2321465953803,1635.77,371.23,-0.0011424168840221682,-0.002146595380281724,0.002431663641120161
282,22,1642.2701912458565,308.57012785319677,1642.27,308.57,-0.0001912458565129782,-0.00012785319677277585,0.00023004655519785725
282,23,1938.6378986657505,428.25360920679805,1938.64,428.25,0.0021013342495734832,-0.003609206798046216,0.004176359579764842
282,24,1457.558084417421,196.41576840457213,1457.56,196.42,0.0019155825789312075,0.004231595427853563,0.004644981860216024
282,25,1621.7109892593085,247.1831062495932,1621.71,247.18,-0.0009892593084259715,-0.0031062495932019374,0.0032599724714442962
282,26,1775.6160815694107,300.75398179600444,1775.62,300.75,0.003918430589237687,-0.00398179600443882,0.0055864834828037
282,31,620.2965831845263,436.32367092730675,620.3,436.32,0.003416815473656243,-0.0036709273067572212,0.0050150109942564
283,13,270.4686082600678,249.07615955603183,270.47,249.08,0.0013917399322167512,0.0038404439681869462,0.004084843927460409
283,14,280.4892529394277,383.323345533677,280.49,383.32,0.0007470605723369772,-0.003345533677020285,0.003427928686950375
283,15,298.79852474722736,552.0260182594386,298.8,552.03,0.0014752527726500375,0.003981740561357583,0.004246248772878459
283,16,355.95561066845175,1009.6474278508651,355.96,1009.65,0.004389331548225073,0.0025721491348349446,0.005087453450605329
283,17,1235.0908487489426,268.7592719049135,1235.09,268.76,-0.0008487489426443062,0.0007280950865151681,0.001118256331369225
283,18,1380.6317002730846,333.68155663805794,1380.63,333.68,-0.0017002730844524194,-0.0015566380579343786,0.002305222463260988
283,19,1608.5076432189667,435.9969603747052,1608.51,436.0,0.002356781033313382,0.0030396252947753055,0.0038462629618401752
283,20,1850.0787214092304,563.1780209068943,1850.08,563.18,0.0012785907695160859,0.0019790931056604677,0.0023561841771738753
283,21,1636.828356812663,371.1741099465352,1636.83,371.17,0.0016431873368674133,-0.004109946535209019,0.004426254076114253
283,22,1643.2026434343925,308.6775958898976,1643.2,308.68,-0.0026434343924393033,0.0024041101024181444,0.0035731625728029686
283,23,1939.4784239993128,428.19020690509853,1939.48,428.19,0.0015760006872369559,-0.00020690509853693584,0.001589524421319766
283,24,1458.6685633130658,196.5618263034291,1458.67,196.56,0.0014366869343120925,-0.0018263034290839641,0.0023236724300785007
283,25,1622.7832419444812,247.1373296871949,1622.78,247.14,-0.0032419444812603615,0.0026703128050939995,0.004200092200966962
283,26,1776.4620611770579,300.81548634700334,1776.46,300.82,-0.0020611770578398136,0.004513652996649853,0.00496200707757772
283,31,621.4724373883947,436.2427531954801,621.47,436.24,-0.002437388394696427,-0.002753195480067916,0.0036770841081034886
284,13,271.85145619505084,249.05711966702387,267.7,250.1,-4.151456195050855,1.0428803329761251,4.2804424921186035
284,14,282.11693970457077,383.2425091502578,290.4,391.6,8.283060295429209,8.357490849742248,11.766764260460103
284,15,300.5988935604205,551.769513694579,316.2,561.1,15.601106439579496,9.330486305421005,18.17835242354867
284,16,357.9667080013388,1009.2355708881489,373.6,1003.0,15.633291998661207,-6.235570888148914,16.83098817706598
284,17,1236.068136561707,268.8194539286851,1242.3,262.6,6.231863438292976,-6.219453928685084,8.804415317587482
284,18,1381.4737752048134,333.7611674785435,1378.4,333.8,-3.0737752048132734,0.03883252145652705,3.0740204902452346
284,19,1609.630732414225,435.99772028102893,1588.8,437.0,-20.83073241422494,1.0022797189710673,20.854831036191644
284,20,1850.8090410569228,563.1335156801707,1850.81,563.13,0.0009589430771939078,-0.00351568017072168,0.0036441156524050855
284,21,1637.6212676094974,371.1305824599014,1637.62,371.13,-0.0012676094975176966,-0.0005824599014090381,0.0013950245069340157
284,22,1644.1519825757944,308.7581969174232,1655.6,297.3,11.448017424205545,-11.458196917423209,16.19714109166678
284,23,1940.1088179994845,428.14265517882393,1940.11,428.14,0.0011820005154277169,-0.0026551788239430607,0.0029063894793346337
284,24,1459.5014224847994,196.6713697275718,1479.2,185.2,19.698577515200668,-11.471369727571812,22.7953126661825
284,25,1623.587431458361,247.10299726539617,1634.0,235.7,10.412568541639075,-11.40299726539618,15.441824058995248
284,26,1777.0965458827934,300.8616147602525,1790.6,286.3,13.503454117206502,-14.561614760252496,19.85910112571827
284,31,622.6043280412961,436.1820648966101,627.8,443.5,5.195671958703883,7.317935103389914,8.974808147246836
285,13,273.38859214628815,249.2928397502679,273.39,249.29,0.0014078537118393797,-0.0028397502678956243,0.003169579413416422
285,14,283.5877047784281,383.18188186269333,283.59,383.18,0.0022952215718987645,-0.0018818626933239102,0.0029680716400777387
285,15,302.19917017031537,551.5771352709343,302.2,551.58,0.0008298296846191988,0.002864729065777283,0.0029824972633322538
285,16,359.72503100100414,1008.6766781661117,359.73,1008.68,0.004968998995877882,0.003321833888207948,0.005977083854345875
285,17,1237.0511024212801,268.86459044651383,1237.05,268.86,-0.0011024212801657995,-0.00459044651381646,0.004720967260548635
285,18,1382.60533140361,333.8208756089076,1382.61,333.82,0.004668596389819868,-0.0008756089076200624,0.004749998232646271
285,19,1610.7230493106686,435.9982902107717,1610.72,436.0,-0.00304931066852987,0.0017097892283004512,0.0034959511950858717
285,20,1851.606780792692,563.1001367601281,1851.61,563.1,0.003219207307893157,-0.00013676012804353377,0.003222110957713156
285,21,1638.465950707123,371.34793684492604,1638.47,371.35,0.004049292876970867,0.0020631550739835802,0.004544599175151885
285,22,1645.1139869318458,308.8186476880674,1645.11,308.82,-0.0039869318459295755,0.0013523119325782318,0.004210032435395348
285,23,1940.8316134996135,428.1069913841179,1940.83,428.11,-0.0016134996135406254,0.0030086158820950004,0.0034139640491501993
285,24,1460.6260668635996,196.75352729567885,1460.63,196.75,0.003933136400519288,-0.0035272956788503507,0.00528312187547535
285,25,1624.4405735937708,247.32724794904712,1624.44,247.33,-0.0005735937706958794,0.0027520509528926596,0.002811190897306427
285,26,1777.822409412095,300.8962110701894,1777.82,300.9,-0.002409412095175867,0.003788929810582431,0.004490128701262357
285,31,623.7032460309721,436.1365486724576,623.7,436.14,-0.003246030972036351,0.003451327542393301,0.004737972021477316
286,13,274.7914441097161,249.21962981270093,274.79,249.22,-0.0014441097160897698,0.0003701872990689026,0.0014908023036260725
286,14,285.19077858382104,383.13641139701997,285.19,383.14,-0.0007785838210452312,0.0035886029800167307,0.0036720926070264556
286,15,303.6493776277365,551.4328514532007,303.65,551.43,0.00062237226347861,-0.002851453200719334,0.002918584004314425
286,16,361.29377325075313,1008.2575086245838,361.29,1008.26,-0.0037732507531131887,0.0024913754161843826,0.004521545389602669
286,17,1238.28832681596,268.8984428348854,1238.29,268.9,0.0016731840398733766,0.001557165114604686,0.0022856745230738383
286,18,1383.7039985527076,333.86565670668074,1383.7,333.87,-0.0039985527075714344,0.004343293319266195,0.005903610811394093
286,19,1611.7922869830013,435.99871765807876,1611.79,436.0,-0.002286983001340559,0.0012823419212395493,0.002621963396271773
286,20,1852.455085594519,563.0751025700961,1852.46,563.08,0.004914405481031281,0.004897429903962802,0.006938025720348649
286,21,1639.5994630303423,371.2609526336945,1639.6,371.26,0.0005369696575598937,-0.0009526336945100411,0.0010935480643555818
286,22,1646.0854901988844,308.8639857660506,1646.09,308.86,0.004509801115545997,-0.003985766050561779,0.0060186906476069
286,23,1941.6237101247102,428.08024353808844,1941.62,428.08,-0.0037101247103237256,-0.00024353808845489766,0.0037181092193052873
286,24,1461.7195501476997,196.81514547175914,1461.72,196.82,0.0004498523003348964,0.004854528240855416,0.0048753268129818105
286,25,1625.330430195328,247.24543596178535,1625.33,247.25,-0.00043019532813559636,0.00456403821465301,0.004584267972660709
286,26,1778.6168070590713,300.92215830264206,1778.62,300.92,0.003192940928556709,-0.0021583026420444185,0.0038539774347949285
286,31,624.7774345232291,436.1024115043432,624.78,436.1,0.002565476770882924,-0.002411504343172055,0.0035209408201612195
287,13,276.09358308228707,249.16472235952568,276.09,249.16,-0.0035830822870934753,-0.00472235952568667,0.0059278291275918745
287,14,286.64308393786575,383.102308547765,286.64,383.1,-0.0030839378657674388,-0.0023085477649829045,0.0038522805639155866
287,15,305.23703322080235,551.3246385899005,305.24,551.32,0.002966779197663527,-0.00463858990042354,0.005506205142564187
287,16,362.9703299380649,1007.6931314684379,362.97,1007.69,-0.0003299380648513761,-0.003131468437800322,0.003148801947340839
287,17,1239.21624511197,268.92383212616403,1239.22,268.92,0.0037548880300164456,-0.0038321261640135162,0.005365107180185474
287,18,1384.5279989145306,333.89924253001055,1384.53,333.9,0.00200108546937372,0.0007574699894234982,0.00213965040149457
287,19,1612.5942152372509,435.9990382435591,1612.59,436.0,-0.004215237250946302,0.0009617564409154511,0.004323563406891091
287,20,1853.0913141958893,563.0563269275721,1853.09,563.06,-0.0013141958893356787,0.0036730724278868365,0.0039010988062402746
287,21,1640.4495972727568,371.44571447527085,1640.45,371.45,0.0004027272432267637,0.004285524729141343,0.004304406049215038
287,22,1646.8141176491633,308.89798932453795,1646.81,308.9,-0.004117649163390524,0.002010675462031486,0.004582341153426512
287,23,1942.2177825935328,428.06018265356636,1942.22,428.06,0.0022174064672526583,-0.0001826535663553841,0.0022249165751363027
287,24,1462.5396626107747,196.86135910381935,1462.54,196.86,0.0003373892252511723,-0.0013591038193396798,0.001400355198176267
287,25,1625.997822646496,247.434076971339,1626.0,247.43,0.0021773535040665593,-0.004076971339003421,0.004621965337464819
287,26,1779.2126052943036,300.9416187269816,1779.21,300.94,-0.0026052943035210774,-0.0016187269815759464,0.0030672194979885856
287,31,626.0830758924218,436.07680862825737,626.08,436.08,-0.0030758924217479944,0.003191371742616411,0.004432377216543878
288,13,277.5701873117153,249.37354176964425,277.57,249.37,-0.00018731171530816937,-0.0035417696442436863,0.00354671931389809
288,14,288.2323129533993,383.07673141082375,288.23,383.08,-0.0023129533992687357,0.0032685891762298525,0.0040041763984814335
288,15,306.92777491560173,551.2434789424253,306.93,551.24,0.002225084398276067,-0.003478942425317655,0.004129653856938455
288,16,364.97774745354866,1007.2698486013284,364.98,1007.27,0.002252546451359194,0.00015139867161906295,0.0022576286393689543
288,17,1240.1621838339775,268.942874094623,1240.16,268.94,-0.0021838339773694315,-0.0028740946229959263,0.0036096468999955228
288,18,1385.3959991858978,333.92443189750793,1385.4,333.92,0.00400081410225539,-0.004431897507913618,0.005970613787665096
288,19,1613.4456614279381,435.99927868266934,1613.45,436.0,0.004338572061897139,0.0007213173306581666,0.004398125308331064
288,20,1853.818485646917,562.792245195679,1853.82,562.79,0.0015143530829391239,-0.0022451956790519034,0.0027081670733247916
288,21,1641.3371979545677,371.5842858564531,1641.34,371.58,0.0028020454321904253,-0.00428585645312296,0.005120549203047946
288,22,1647.6105882368724,308.92349199340345,1647.61,308.92,-0.000588236872545167,-0.0034919934034292055,0.0035411919670945272
288,23,1942.9133369451497,428.0451369901748,1942.91,428.05,-0.003336945149612802,0.004863009825214704,0.005897801920347881
288,24,1463.404746958081,197.1460193278645,1463.4,197.15,-0.004746958080886543,0.003980672135497798,0.006195107882194034
288,25,1626.748366984872,247.57555772850426,1626.75,247.58,0.0016330151279362326,0.004442271495747718,0.004732918174868572
288,26,1779.9094539707276,300.95621404523615,1779.91,300.96,0.0005460292725274485,0.0037859547638277036,0.0038251276371131116
288,31,627.3123069193164,436.057606471193,627.31,436.06,-0.0023069193164246826,0.0023935288069765193,0.003324282912497034
289,13,279.1776404837865,249.5301563272332,279.18,249.53,0.0023595162135165992,-0.0001563272331850385,0.002364689190080379
289,14,289.92423471504947,383.0575485581178,289.92,383.06,-0.004234715049449278,0.002451441882215022,0.004893095017666235
289,15,308.6958311867013,551.182609206819,308.7,551.18,0.004168813298690566,-0.002609206819101928,0.004918024455427943
289,16,366.7333105901615,1006.7023864509963,366.73,1006.7,-0.0033105901615044786,-0.0023864509962550073,0.004081072846075743
289,17,1241.371637875483,269.20715557096725,1241.37,269.21,-0.001637875483083917,0.002844429032734297,0.003282287711391118
289,18,1386.5469993894235,333.94332392313095,1386.55,333.94,0.003000610576464169,-0.0033239231309494244,0.004477960340607011
289,19,1614.3342460709537,435.99945901200203,1614.33,436.0,-0.004246070953740855,0.0005409879979652032,0.0042803956076680775
289,20,1854.6138642351877,562.8441838967592,1854.61,562.84,-0.003864235187847953,-0.004183896759172967,0.005695375815380436
289,21,1642.2528984659257,371.68821439233983,1642.25,371.69,-0.0028984659256821033,0.001785607660167443,0.0034043353886461986
289,22,1648.4579411776544,308.9426189950526,1648.46,308.94,0.002058822345588851,-0.0026189950526145367,0.003331348756332095
289,23,1943.6850027088622,428.2838527426311,1943.69,428.28,0.004997291137897264,-0.0038527426311247837,0.006310035221660244
289,24,1464.3035602185607,197.3595144958984,1464.3,197.36,-0.003560218560778594,0.00048550410161851687,0.003593169969984833
289,25,1627.5612752386542,247.6816682963782,1627.56,247.68,-0.001275238654216082,-0.0016682963781988747,0.00209986819365367
289,26,1780.6820904780457,301.2171605339271,1780.68,301.22,-0.00209047804560214,0.002839466072941832,0.0035259985874262984
289,31,628.4842301894873,436.04320485339474,628.48,436.04,-0.004230189487316238,-0.0032048533947204305,0.005307126188461311
290,13,280.88323036283987,249.6476172454249,280.88,249.65,-0.003230362839872214,0.0023827545751089474,0.00401407068229122
290,14,291.6931760362871,383.29316141858834,291.69,383.29,-0.003176036287129591,-0.0031614185883199752,0.004481269238479093
290,15,310.771873390026,551.1369569051143,310.77,551.14,-0.001873390025991739,0.0030430948856974283,0.0035735160098764314
290,16,368.7999829426211,1006.5267898382472,368.8,1006.53,1.7057378897789022e-05,0.003210161752804197,0.003210207070165689
290,17,1242.5287284066121,269.40536667822545,1242.53,269.41,0.0012715933878553187,0.004633321774576871,0.004804645711267953
290,18,1387.9102495420675,333.9574929423482,1387.91,333.96,-0.00024954206742222595,0.0025070576517691734,0.002519446231358733
290,19,1615.7506845532153,435.9995942590015,1615.75,436.0,-0.0006845532152510714,0.00040574099847390244,0.0007957630692317776
290,20,1855.7103981763908,562.6331379225694,1855.71,562.63,-0.00039817639071770827,-0.003137922569408147,0.0031630843317442562
290,21,1643.4396738494443,371.76616079425486,1643.44,371.77,0.00032615055579299224,0.0038392057451233086,0.003853034510412786
290,22,1649.593455883241,308.95696424628943,1649.59,308.96,-0.003455883241031188,0.003035753710548761,0.004599883647088347
290,23,1944.5137520316466,428.2128895569733,1944.51,428.21,-0.0037520316466270742,-0.0028895569733435877,0.0047357450289779775
290,24,1465.4776701639205,197.5196358719238,1465.48,197.52,0.0023298360795251938,0.0003641280761996768,0.0023581190413832385
290,25,1628.6709564289906,247.76125122228365,1628.67,247.76,-0.0009564289905483747,-0.0012512222836562614,0.001574901145176856
290,26,1781.7615678585344,301.4128704004453,1781.76,301.41,-0.0015678585343721352,-0.002870400445260657,0.0032706848059628306
290,31,630.1131726421155,436.032403640046,630.11,436.03,-0.0031726421154871787,-0.0024036400460545337,0.003980344641354565
291,13,282.9124227721299,249.73571293406866,282.91,249.74,-0.0024227721298757388,0.004287065931350753,0.004924302904274972
291,14,293.7698820272153,383.46987106394124,293.77,383.47,0.00011797278466474381,0.00012893605878616654,0.00017476293994112083
291,15,313.07890504251947,551.1027176788357,313.08,551.1,0.0010949574805181328,-0.002717678835665538,0.002929967600156529
291,16,371.0999872069658,1006.3950923786854,371.1,1006.4,1.279303421597433e-05,0.004907621314600874,0.004907637988813892
291,17,1243.896546304959,269.5540250086691,1243.9,269.55,0.003453695041116589,-0.0040250086690889475,0.005303650084920243
291,18,1389.4326871565506,333.9681197067612,1389.43,333.97,-0.0026871565505643957,0.0018802932388553018,0.0032796818430033885
291,19,1617.0630134149114,435.99969569425116,1617.06,436.0,-0.003013414911492873,0.00030430574884121597,0.003028740896409829
291,20,1857.0327986322932,562.724853441927,1857.03,562.72,-0.0027986322932065377,-0.004853441927025415,0.005602520972882356
291,21,1644.8297553870832,371.82462059569116,1644.83,371.82,0.00024461291673105734,-0.004620595691164908,0.00462706602721891
291,22,1650.9450919124306,308.9677231847171,1650.95,308.97,0.0049080875694471615,0.0022768152829257815,0.005410472384360367
291,23,1945.635314023735,428.40966716773,1945.64,428.41,0.00468597626513656,0.000332832270032668,0.004697781484637007
291,24,1466.8582526229404,197.63972690394286,1466.86,197.64,0.001747377059473365,0.0002730960571284413,0.0017685892808656522
291,25,1629.753217321743,247.82093841671275,1629.75,247.82,-0.003217321743022694,-0.0009384167127564069,0.003351385553007461
291,26,1782.8211758939008,301.559652800334,1782.82,301.56,-0.0011758939008359448,0.00034719966600960106,0.0012260807779670773
291,31,631.5848794815867,436.0243027300345,631.58,436.02,-0.00487948158661311,-0.004302730034510205,0.006505599611409588
292,13,285.4343170790974,249.80178470055148,285.43,249.8,-0.00431707909740453,-0.0017847005514681769,0.004671437465241072
292,14,296.5774115204115,383.3524032979559,296.58,383.35,0.002588479588496284,-0.0024032979558796796,0.0035321477382461424
292,15,315.8091787818896,551.0770382591268,315.81,551.08,0.0008212181103885996,0.002961740873274721,0.003073484697416977
292,16,374.32499040522436,1006.0463192840141,374.32,1006.05,-0.0049904052243618935,0.0036807159858653904,0.006200952706797845
292,17,1245.6724097287192,269.6655187565018,1245.67,269.67,-0.002409728719158011,0.004481243498219101,0.005088058155157611
292,18,1391.074515367413,333.9760897800709,1391.07,333.98,-0.0045153674129778665,0.003910219929139203,0.005973136761235241
292,19,1618.7972600611836,435.99977177068837,1618.8,436.0,0.0027399388163757976,0.00022822931163091198,0.0027494278197782037
292,20,1858.5245989742198,562.7936400814453,1858.52,562.79,-0.004598974219788943,-0.003640081445382748,0.00586521583603733
292,21,1646.3723165403123,371.86846544676837,1646.37,371.87,-0.0023165403124494333,0.0015345532316359822,0.002778707008651282
292,22,1652.458818934323,309.2257923885378,1652.46,309.23,0.001181065676973958,0.004207611462220484,0.0043702300111476
292,23,1946.7264855178012,428.5572503757975,1946.73,428.56,0.00351448219885242,0.0027496242025222273,0.00446228846906456
292,24,1468.3936894672054,197.72979517795716,1468.39,197.73,-0.003689467205276742,0.00020482204283212013,0.003695148214624482
292,25,1631.0649129913072,248.11570381253455,1631.06,248.12,-0.004912991307264747,0.004296187465456569,0.006526462313045644
292,26,1784.1158819204256,301.6697396002505,1784.12,301.67,0.004118079574254807,0.00026039974949298994,0.0041263043282616305
292,31,633.43865961119,436.0182270475259,633.44,436.02,0.0013403888100356198,0.0017729524740843772,0.0022226116704072755
293,13,288.3257378093231,249.8513385254136,288.33,249.85,0.004262190676911359,-0.0013385254136153435,0.004467428751445761
293,14,299.4330586403086,383.51430247346696,299.43,383.51,-0.0030586403086090286,-0.004302473466964329,0.005278878524021933
293,15,319.1068840864172,551.0577786943451,319.11,551.06,0.003115913582803387,0.0022213056548707755,0.0038266324970997047
293,16,377.7437428039183,1005.5347394630105,377.74,1005.53,-0.00374280391827142,-0.004739463010537293,0.00603912997035824
293,17,1247.5043072965395,269.74913906737635,1247.5,269.75,-0.004307296539536765,0.0008609326236523884,0.004392494560266908
293,18,1393.0558865255598,334.23206733505316,1393.06,334.23,0.004113474440146092,-0.0020673350531410506,0.004603753489456285
293,19,1620.5979450458876,436.2498288280163,1620.6,436.25,0.002054954112281848,0.00017117198370897313,0.002062070864832473
293,20,1860.1434492306648,562.8452300610841,1860.14,562.85,-0.00344923066472802,0.004769938915956118,0.0058863833922411755
293,21,1648.0292374052342,372.1513490850763,1648.03,372.15,0.0007625947657743382,-0.0013490850762991613,0.0015497036232388216
293,22,1654.0941142007423,309.4193442914034,1654.09,309.42,-0.004114200742378671,0.0006557085966392151,0.004166125479662821
293,24,1470.045267100404,198.04734638346787,1470.05,198.05,0.004732899595865092,0.0026536165321431326,0.005426050062817638
293,25,1632.5486847434804,248.3367778594009,1632.55,248.34,0.0013152565195468924,0.0032221405990924268,0.0034802427720678204
293,26,1785.3369114403192,301.7523047001879,1785.34,301.75,0.0030885596806911053,-0.0023047001878921947,0.0038536792623752513
293,31,635.5789947083925,436.0136702856444,635.58,436.01,0.0010052916074982932,-0.0036702856444321696,0.0038054707892495204
294,13,290.7443033569923,250.1385038940602,290.74,250.14,-0.0043033569922954484,0.001496105939793324,0.004556008602518546
294,14,302.07479398023145,383.6357268551002,302.07,383.64,-0.004793980231454498,0.0042731448997983534,0.006421994533962887
294,15,321.8301630648129,550.7933340207588,321.83,550.79,-0.000163064812909397,-0.0033340207588707926,0.003338006074558666
294,16,380.5578071029387,1004.6510545972578,380.56,1004.65,0.002192897061320309,-0.0010545972578483997,0.002433304933173936
294,17,1249.6282304724045,270.0618543005323,1249.63,270.06,0.0017695275955702527,-0.0018543005322726458,0.0025631344825176963
294,18,1395.0419148941698,334.42405050128986,1395.04,334.42,-0.0019148941698858835,-0.004050501289839303,0.004480332619443875
294,19,1622.4484587844158,436.43737162101223,1622.45,436.44,0.0015412155842113862,0.0026283789877652453,0.003046920015415879
294,20,1861.6075869229985,562.633922545813,1861.61,562.63,0.002413077001392594,-0.003922545812997669,0.004605356258718256
294,21,1649.7719280539256,372.36351181380724,1649.77,372.36,-0.0019280539256669726,-0.0035118138072220972,0.004006273599852559
294,22,1655.8205856505567,309.56450821855253,1655.82,309.56,-0.0005856505567862769,-0.004508218552530252,0.004546099547088915
294,24,1472.033950325303,198.28550978760092,1472.03,198.29,-0.00395032530309436,0.004490212399076654,0.005980558284064228
294,25,1634.4115135576103,248.5025833945507,1634.41,248.5,-0.0015135576102238701,-0.0025833945506974487,0.0029941249212482542
294,26,1787.0026835802394,302.06422852514095,1787.0,302.06,-0.0026835802393634367,-0.004228525140945294,0.005008196059331976
294,31,637.6842460312944,436.01025271423333,637.68,436.01,-0.004246031294428576,-0.0002527142333406118,0.00425354513752937
295,13,293.8082275177442,250.35387792054513,293.81,250.35,0.0017724822557738662,-0.0038779205451362486,0.004263796559572587
295,14,305.3060954851736,383.72679514132517,305.31,383.73,0.0039045148263880947,0.003204858674848765,0.005051371611279241
295,15,325.12262229860966,550.5950005155692,325.12,550.6,-0.0026222986096513523,0.004999484430868506,0.005645466727621022
295,16,383.91835532720404,1003.9882909479434,383.92,1003.99,0.001644672795976021,0.0017090520566398482,0.0023718784830021283
295,17,1251.7211728543034,270.2963907253992,1251.72,270.3,-0.0011728543033768801,0.00360927460081939,0.003795056041887871
295,18,1397.0314361706273,334.5680378759674,1397.03,334.57,-0.0014361706273575692,0.001962124032615975,0.002431566735718724
295,19,1624.3363440883118,436.57802871575916,1624.34,436.58,0.003655911688156266,0.001971284240823934,0.004153510783628519
295,20,1863.2056901922488,562.7254419093597,1863.21,562.73,0.004309807751269545,0.004558090640330192,0.006273008300518083
295,21,1651.5789460404442,372.5226338603554,1651.58,372.52,0.0010539595557474968,-0.0026338603554449946,0.0028369087255560926
295,22,1657.6154392379176,309.9233811639144,1657.62,309.92,0.004560762082292058,-0.0033811639144119,0.005677395546145626
295,24,1474.0254627439772,198.7141323407007,1474.03,198.71,0.004537256022786096,-0.004132340700692794,0.006137013270550334
295,25,1636.0586351682077,248.87693754591302,1636.06,248.88,0.0013648317922161368,0.003062454086972366,0.003352818345192244
295,26,1788.5020126851796,302.2981713938557,1788.5,302.3,-0.002012685179579421,0.0018286061443291146,0.00271932014723843
295,31,640.0131845234707,436.007689535675,640.01,436.01,-0.003184523470736167,0.0023104643249780565,0.003934391329375591
296,13,297.3561706383082,250.51540844040886,297.36,250.52,0.003829361691828126,0.004591559591148098,0.005978831862990031
296,14,308.97957161388024,383.7950963559939,308.98,383.8,0.0004283861197791339,0.004903644006105878,0.004922320510311933
296,15,328.8419667239572,550.4462503866769,328.84,550.45,-0.001966723957252725,0.0037496133231798012,0.004234100045747537
296,16,387.688766495403,1003.2412182109575,387.69,1003.24,0.0012335045969962266,-0.0012182109575178401,0.0017336584230543677
296,17,1254.2908796407276,270.47229304404937,1254.29,270.47,-0.0008796407275895035,-0.0022930440493382775,0.0024559761443955185
296,18,1399.5235771279704,334.67602840697555,1399.52,334.68,-0.0035771279704022163,0.0039715930244597075,0.005345034674215958
296,19,1626.752258066234,436.6835215368194,1626.75,436.68,-0.0022580662339350965,-0.003521536819391713,0.004183310254710895
296,20,1865.1542676441866,562.7940814320198,1865.15,562.79,-0.004267644186484176,-0.004081432019802378,0.00590515658003243
296,21,1653.9342095303332,372.64197539526657,1653.93,372.64,-0.0042095303331279865,-0.001975395266583746,0.00464998194456345
296,22,1659.7115794284382,310.1925358729358,1659.71,310.19,-0.0015794284381627222,-0.0025358729358231358,0.0029875149770197612
296,24,1476.269097057983,199.03559925552554,1476.27,199.04,0.0009029420170918456,0.004400744474452267,0.0044924220878777696
296,25,1638.2939763761558,249.15770315943476,1638.29,249.16,-0.00397637615583335,0.00229684056523638,0.004592063143598461
296,26,1790.3765095138847,302.47362854539176,1790.38,302.47,0.0034904861154245737,-0.0036285453917344057,0.005034861962541647
296,31,642.759888392603,436.00576715175623,642.76,436.01,0.00011160739700244449,0.00423284824375969,0.0042343193627506605
297,13,301.01712797873114,250.88655633030663,301.02,250.89,0.0028720212688426727,0.003443669693353968,0.004484123897218863
297,14,312.7346787104102,383.84632226699546,312.73,383.85,-0.004678710410189524,0.003677733004565198,0.005951138643594516
297,15,332.8814750429679,550.3346877900076,332.88,550.33,-0.001475042967911122,-0.0046877900075514845,0.004914379606021863
297,16,391.7665748715523,1002.6809136582182,391.77,1002.68,0.0034251284477022637,-0.0009136582182236452,0.003544894388128781
297,17,1256.9681597305457,270.854219783037,1256.97,270.85,0.0018402694543055986,-0.004219783037001434,0.004603602995895201
297,18,1402.1426828459778,334.75702130523166,1402.14,334.76,-0.0026828459776879754,0.00297869476833057,0.004008776005575324
297,19,1629.5641935496756,436.76264115261455,1629.56,436.76,-0.004193549675619579,-0.0026411526145579955,0.004955960655137974
297,20,1867.3657007331399,562.5955610740148,1867.37,562.6,0.00429926686001636,0.004438925985255082,0.0061796245384495435
297,21,1656.45065714775,372.7314815464499,1656.45,372.73,-0.0006571477499619505,-0.001481546449895177,0.0016207476819286386
297,22,1662.2836845713286,310.39440190470185,1662.28,310.39,-0.0036845713286766113,-0.004401904701865078,0.005740455633519661
297,24,1478.9518227934873,199.27669944164415,1478.95,199.28,-0.0018227934872356855,0.003300558355846306,0.0037704458035430904
297,25,1640.7204822821168,249.36827736957608,1640.72,249.37,-0.00048228211676359933,0.001722630423927285,0.0017888688094966259
297,26,1792.5323821354136,302.8552214090438,1792.53,302.86,-0.002382135413654396,0.004778590956220796,0.005339428869819467
297,31,645.8199162944522,436.0043253638172,645.82,436.0,8.370554780867678e-05,-0.004325363817201833,0.004326173686977068
298,13,305.26284598404834,251.16491724773,305.26,251.16,-0.002845984048349237,-0.004917247729991914,0.005681456718269438
298,14,317.30100903280766,383.8847417002466,317.3,383.88,-0.0010090328076444166,-0.004741700246597702,0.004847872567991808
298,15,337.66110628222594,550.0010158425057,337.66,550.0,-0.0011062822259191307,-0.0010158425056943088,0.0015019308771577601
298,16,397.07493115366424,1002.0106852436636,397.07,1002.01,-0.004931153664244903,-0.0006852436636108905,0.004978537469871529
298,17,1259.7261197979092,271.14066483727777,1259.73,271.14,0.003880202090840612,-0.0006648372777817713,0.0039367469910691665
298,18,1404.8570121344833,334.8177659789237,1404.86,334.82,0.002987865516615784,0.002234021076276349,0.0037307091168608474
298,19,1632.4231451622568,436.8219808644609,1632.42,436.82,-0.003145162256714684,-0.001980864460904286,0.0037169704913459067
298,20,1870.0242755498548,562.4466708055111,1870.02,562.45,-0.004275549854810379,0.0033291944889697334,0.0054188432812137585
298,21,1659.0879928608124,372.79861115983744,1659.09,372.8,0.0020071391875262634,0.0013888401625763436,0.002440795918402166
298,22,1664.7127634284966,310.5458014285264,1664.71,310.55,-0.002763428496564302,0.004198571473637003,0.005026384334177205
298,24,1481.2138670951153,199.70752458123312,1481.21,199.71,-0.0038670951153108035,0.002475418766891835,0.004591527273396181
298,25,1643.0403617115876,249.77620802718207,1643.04,249.78,-0.0003617115876295429,0.0037919728179360845,0.0038091853623303256
298,26,1794.64928660156,303.1414160567829,1794.65,303.14,0.000713398439984303,-0.0014160567828866988,0.0015856084467898953
298,31,649.3649372208392,435.7532440228629,649.36,435.75,-0.00493722083922421,-0.003244022862872953,0.005907608141211826
299,13,309.4471344880362,251.12368793579748,309.45,251.12,0.0028655119637619464,-0.003687935797472619,0.004670335026605998
299,14,321.72575677460577,383.66355627518493,321.73,383.66,0.004243225394247929,-0.003556275184905644,0.005536429800617557
299,15,342.49582971166944,549.5007618818793,342.5,549.5,0.0041702883305561045,-0.0007618818792707316,0.004239312297759334
299,16,402.3061983652482,1001.7580139327476,402.31,1001.76,0.0038016347518237126,0.001986067252346402,0.004289159581679904
299,17,1262.7945898484318,271.35549862795835,1262.79,271.36,-0.004589848431805876,0.004501372041659124,0.006428768068952348
299,18,1407.8927591008623,334.8633244841928,1407.89,334.86,-0.0027591008622493973,-0.00332448419277398,0.004320281555184735
299,19,1635.5673588716927,436.8664856483457,1635.57,436.87,0.0026411283072320657,0.0035143516543030273,0.004396160402597355
299,20,1873.018206662391,562.3350031041333,1873.02,562.34,0.0017933376088876685,0.004996895866725026,0.0053089573441820566
299,21,1661.8159946456094,372.84895836987806,1661.82,372.85,0.004005354390528737,0.0010416301219606794,0.004138581532929326
299,22,1667.2845725713723,310.6593510713948,1667.28,310.66,-0.004572571372364109,0.0006489286052442367,0.00461838903624067
299,24,1483.6604003213365,200.03064343592484,1483.66,200.03,-0.00040032133642853296,-0.000643435924843061,0.000757804039167496
299,25,1645.2802712836906,250.08215602038655,1645.28,250.08,-0.00027128369060847035,-0.0021560203865362837,0.002173020650603721
299,26,1796.9869649511702,303.35606204258715,1796.99,303.36,0.0030350488298154232,0.00393795741285885,0.004971823607576393
299,31,652.7737029156294,435.56493301714715,652.77,435.56,-0.0037029156294465793,-0.004933017147152441,0.0061681636110677025
300,13,314.08535086602717,251.0927659518481,314.09,251.09,0.004649133972804975,-0.0027659518480902534,0.005409707600512551
300,14,326.5443175809543,383.4976672063887,326.54,383.5,-0.004317580954307232,0.002332793611287798,0.004907487272511434
300,15,347.37187228375205,549.1255714114095,347.37,549.13,-0.0018722837520499525,0.00442858859048556,0.004808101845007979
300,16,407.4796487739361,1000.8185104495608,407.48,1000.82,0.00035122606391269073,0.0014895504392598014,0.0015303987255191598
300,17,1266.0959423863237,271.5166239709688,1266.1,271.52,0.004057613676195615,0.0033760290311874996,0.005278427868662269
300,18,1411.1695693256468,334.8974933631446,1411.17,334.9,0.00043067435331067827,0.0025066368554007568,0.0025433656291325804
300,19,1638.6755191537695,436.8998642362593,1638.68,436.9,0.004480846230535462,0.0001357637406727008,0.004482902490015292
300,20,1875.7636549967933,562.2512523281,1875.76,562.25,-0.003654996793329701,-0.0012523281000085262,0.003863589940627934
300,21,1664.8619959842072,372.88671877740853,1664.86,372.89,-0.00199598420726943,0.003281222591454025,0.0038406216489439886
300,22,1670.2134294285293,310.7445133035461,1670.21,310.74,-0.0034294285292162385,-0.004513303546104908,0.005668411500260491
300,24,1486.7453002410025,200.27298257694363,1486.75,200.27,0.0046997589975035226,-0.0029825769436229166,0.00556628240922488
300,25,1647.9602034627678,250.31161701528993,1647.96,250.31,-0.0002034627677858225,-0.001617015289923529,0.001629765487952651
300,26,1799.4902237133776,303.51704653194037,1799.49,303.52,-0.00022371337763615884,0.002953468059615716,0.0029619286376453436
300,31,656.580277186722,435.42369976286034,656.58,435.42,-0.00027718672197352134,-0.003699762860321698,0.003710131763354803
301,13,319.3140131495204,251.06957446388606,319.31,251.07,-0.004013149520403658,0.00042553611393714164,0.004035647414898982
301,14,331.90823818571573,383.3732504047915,331.91,383.37,0.0017618142842934503,-0.0032504047915153933,0.003697177420823441
301,15,352.77890421281404,548.8441785585571,352.78,548.84,0.0010957871859318402,-0.004178558557100587,0.004319849670066188
301,16,412.8597365804521,999.1138828371706,412.86,999.11,0.00026341954793451805,-0.0038828371706358666,0.0038917623709452723
301,17,1269.8219567897427,271.6374679782266,1269.82,271.64,-0.0019567897427350545,0.0025320217733906247,0.003200025055870239
301,18,1414.877176994235,334.92312002235843,1414.88,334.92,0.002823005765094422,-0.0031200223584164632,0.004207600392952611
301,19,1642.0066393653271,436.92489817719445,1642.01,436.92,0.0033606346728447534,-0.0048981771944340835,0.005940202457189529
301,20,1878.3227412475949,562.188439246075,1878.32,562.19,-0.0027412475949404325,0.0015607539251050184,0.0031544240665290118
301,21,1668.1464969881554,373.1650390830564,1668.15,373.17,0.0035030118447139102,0.004960916943616667,0.006073037864666157
301,22,1673.4100720713968,310.80838497765956,1673.41,310.81,-7.207139674392238e-05,0.0016150223404451935,0.001616629656527954
301,24,1490.058975180752,200.45473693270773,1490.06,200.45,0.0010248192479593854,-0.004736932707743335,0.004846523080382126
301,25,1650.9701525970759,250.48371276146744,1650.97,250.48,-0.00015259707583936688,-0.003712761467454584,0.0037158960671378094
301,26,1802.1176677850333,303.63778489895526,1802.12,303.64,0.002332214966600077,0.0022151010447259978,0.0032165042031341426
301,31,660.6852078900415,435.3177748221452,660.69,435.32,0.004792109958543733,0.00222517785476839,0.005283534266012257
302,13,325.2355098621403,251.05218084791454,325.24,251.05,0.004490137859704646,-0.002180847914530659,0.004991736734390721
302,14,337.9311786392868,383.2799378035936,337.93,383.28,-0.001178639286820271,6.219640636118129e-05,0.001180279187904473
302,15,359.33417815961053,548.3831339189178,359.33,548.38,-0.004178159610546572,-0.0031339189177970184,0.005222879044600661
302,16,419.64480243533905,998.085412127878,419.64,998.09,-0.004802435339058775,0.004587872121987857,0.006641683204847543
302,17,1274.116467592307,271.47810098366995,1274.12,271.48,0.003532407693001005,0.0018990163300713903,0.004010507091559682
302,18,1418.9078827456763,334.9423400167688,1418.91,334.94,0.0021172543238208164,-0.0023400167688123474,0.0031557002947144586
302,19,1646.2549795239954,436.94367363289587,1646.25,436.94,-0.004979523995416457,-0.003673632895868195,0.0061879914248917
302,20,1881.992055935696,561.8913294345562,1881.99,561.89,-0.002055935696034794,-0.0013294345561689624,0.0024483193879406826
302,21,1671.8598727411165,373.1237793122923,1671.86,373.12,0.00012725888336717617,-0.0037793122922948896,0.003781454247520009
302,22,1677.0575540535476,310.8562887332447,1677.06,310.86,0.0024459464523260976,0.0037112667553174106,0.004444789643703158
302,24,1493.794231385564,200.5910526995308,1493.79,200.59,-0.0042313855640259135,-0.001052699530788459,0.004360366967764197
302,25,1654.227614447807,250.36278457110058,1654.23,250.36,0.002385552193118201,-0.0027845711005625162,0.003666700898652493
302,26,1805.338250838775,303.47833867421645,1805.34,303.48,0.001749161225006901,0.00166132578357292,0.0024123781524113957
302,31,665.5139059175311,435.23833111660895,665.51,435.24,-0.0039059175311422223,0.0016688833910620815,0.004247512628944972
303,13,331.1766323966052,250.7891356359359,331.18,250.79,0.0033676033947926953,0.000864364064085521,0.0034767625544321725
303,14,344.1983839794651,382.7099533526952,344.2,382.71,0.001616020534868312,4.664730477088597e-05,0.001616693644497452
303,15,366.0006336197079,547.5373504391883,366.0,547.54,-0.000633619707912203,0.002649560811619267,0.002724269889112181
303,16,426.4836018265043,996.0640590959085,426.48,996.06,-0.0036018265042798703,-0.004059095908587551,0.005426731406845667
303,17,1279.0873506942303,271.35857573775246,1279.09,271.36,0.002649305769637067,0.0014242622475535427,0.003007880318569627
303,18,1423.6809120592573,334.7067550125766,1423.68,334.71,-0.0009120592571889574,0.003244987423386192,0.00337072625209444
303,19,1650.9412346429965,436.7077552246719,1650.94,436.71,-0.0012346429964509298,0.0022447753280516736,0.002561905463149417
303,20,1885.744041951772,561.4184970759171,1885.74,561.42,-0.004041951772023822,0.0015029240828425827,0.004312325929954128
303,21,1676.3949045558375,372.8428344842192,1676.39,372.84,-0.0049045558373563836,-0.002834484219249589,0.005664712592084574
303,22,1681.5431655401608,310.64221654993355,1681.54,310.64,-0.0031655401608077227,-0.002216549933564238,0.00386441950591162
303,24,1498.095673539173,200.4432895246481,1498.1,200.44,0.004326460826860057,-0.003289524648096176,0.005435000984064941
303,25,1658.420710835855,250.27208842832545,1658.42,250.27,-0.0007108358549885452,-0.002088428325436098,0.0022060871431611945
303,26,1809.2536881290812,303.3587540056623,1809.25,303.36,-0.0036881290811834333,0.0012459943376939009,0.003892916388652114
303,31,670.6354294381483,434.6787483374567,670.64,434.68,0.004570561851664934,0.0012516625433249828,0.004738849518845007
304,13,337.8824742974539,250.09185172695192,337.88,250.09,-0.00247429745388672,-0.0018517269519122692,0.0030904757877628823
304,14,351.1487879845988,381.7824650145214,351.15,381.78,0.001212015401165445,-0.002465014521419562,0.002746866928606398
304,15,373.0004752147809,546.4030128293913,373.0,546.4,-0.0004752147809199414,-0.003012829391309424,0.0030500770529845148
304,16,433.6127013698782,994.0480443219315,433.61,994.05,-0.002701369878195692,0.001955678068497946,0.0033349776500640697
304,17,1284.3155130206728,270.76893180331433,1284.32,270.77,0.00448697932711184,0.0010681966856509462,0.004612377655956273
304,18,1428.760684044443,334.28006625943243,1428.76,334.28,-0.0006840444430054049,-6.62594324580823e-05,0.000687246034834863
304,19,1655.7059259822474,436.03081641850395,1655.71,436.03,0.004074017752600412,-0.0008164185039731819,0.004155016224051732
304,20,1889.5580314638291,560.5638728069379,1889.56,560.56,0.001968536170807056,-0.003872806937920359,0.004344395036616695
304,21,1681.046178416878,372.38212586316445,1681.05,372.38,0.0038215831218622043,-0.0021258631644514026,0.004373075776987337
304,22,1686.1573741551206,310.2316624124502,1686.16,310.23,0.0026258448795033473,-0.0016624124501731785,0.0031078411294184166
304,24,1502.8217551543798,200.08246714348607,1502.82,200.08,-0.0017551543799072533,-0.002467143486057921,0.0030277654925878333
304,25,1662.8155331268913,249.95406632124408,1662.82,249.95,0.004466873108640357,-0.004066321244096116,0.006040523473084245
304,26,1813.1902660968108,303.0190655042467,1813.19,303.02,-0.00026609681071931846,0.0009344957532562148,0.0009716428487509663
304,31,676.2265720786113,434.0090612530925,676.23,434.01,0.0034279213887202786,0.0009387469074795263,0.003554137139102589
305,13,344.9118557230904,249.31888879521392,368.8,246.2,23.8881442769096,-3.118888795213934,24.090888408511628
305,14,358.3615909884491,380.58684876089103,387.5,384.7,29.13840901155089,4.113151239108959,29.427281438152143
305,15,380.5003564110857,544.5522596220435,409.6,547.7,29.09964358891432,3.147740377956552,29.269395731529208
305,16,441.45952602740863,992.0360332414486,463.3,972.3,21.840473972591383,-19.736033241448695,29.436666106320693
305,17,1289.7366347655047,270.0766988524857,1310.5,263.8,20.763365234495268,-6.276698852485708,21.691341229758986
305,18,1434.0705130333322,333.4600496945743,1439.3,330.3,5.229486966667764,-3.1600496945742975,6.110110310520353
305,19,1660.7794444866856,435.27311231387796,1644.2,431.1,-16.57944448668559,-4.173112313877937,17.09657409750061
305,20,1893.4185235978719,559.4229046052034,1906.9,562.5,13.481476402128237,3.077095394796629,13.828185783023713
305,21,1685.7846338126585,371.53659439737334,1693.1,363.2,7.315366187341397,-8.336594397373347,11.091140094742942
305,22,1690.8680306163405,309.6737468093377,1712.7,300.3,21.831969383659498,-9.37374680933766,23.759251175376164
305,24,1507.6163163657848,199.56185035761456,1540.9,187.1,33.28368363421532,-12.461850357614566,35.54013661479245
305,25,1667.3616498451684,249.46554974093306,1700.6,238.0,33.23835015483155,-11.465549740933056,35.16030079332372
305,26,1817.142699572608,302.51429912818503,1851.4,286.9,34.25730042739201,-15.614299128185053,37.647961031602144
305,30,9.0,476.0,49.5,484.3,40.5,8.300000000000011,41.3417464556107
305,31,681.9199290589585,433.00679593981937,710.0,436.1,28.080070941041527,3.0932040601806534,28.249925582412477
306,13,351.9338917923178,247.98916659641043,351.93,247.99,-0.003891792317801901,0.000833403589581394,0.003980026254690921
306,14,365.52119324133685,378.9401365706683,365.52,378.94,-0.0011932413368640482,-0.0001365706683031931,0.0012010314048524634
306,15,387.8752673083143,542.4141947165326,387.88,542.41,0.004732691685717327,-0.00419471653265191,0.006324082335118763
306,16,448.84464452055647,989.2770249310865,448.84,989.28,-0.004644520556496445,0.0029750689134289132,0.005515669156083344
306,17,1295.5524760741287,269.0575241393643,1295.55,269.06,-0.0024760741287082055,0.0024758606356840573,0.0035015466551494017
306,18,1439.8028847749993,332.59503727093073,1439.8,332.6,-0.0028847749993019534,0.004962729069291072,0.005740261894006598
306,19,1666.3345833650142,434.2048342354085,1666.33,434.2,-0.004583365014241281,-0.0048342354085093575,0.006661611429575926
306,20,1897.5638926984038,558.0671784539026,1897.56,558.07,-0.003892698403888062,0.0028215460974934103,0.0048077253710994096
306,21,1690.838475359494,370.65244579803,1690.84,370.65,0.001524640505977004,-0.0024457980300098825,0.0028820924128254524
306,22,1695.9010229622554,308.75531010700325,1695.9,308.76,-0.001022962255319726,0.004689892996736944,0.004800161257359075
306,24,1512.9622372743386,198.92138776821093,1512.96,198.92,-0.0022372743385403737,-0.0013877682109466605,0.0026327356633747646
306,25,1672.2712373838763,248.8491623056998,1672.27,248.85,-0.0012373838762869127,0.0008376943002019743,0.0014942725982516382
306,26,1821.6070246794561,301.8857243461388,1821.61,301.89,0.0029753205437828,0.004275653861213868,0.0052090064579696045
306,30,11.25,475.25,11.25,475.25,0.0,0.0,0.0
306,31,687.9399467942188,431.50509695486454,687.94,431.51,5.3205781227916304e-05,0.004903045135449702,0.004903333810318553
307,13,359.20041884423836,246.74187494730782,359.2,246.74,-0.0004188442383679103,-0.0018749473078116807,0.0019211605615055353
307,14,372.89089493100266,377.4551024280012,372.89,377.46,-0.0008949310026764579,0.004897571998753847,0.004978665783373015
307,15,395.1564504812357,540.3106460373995,395.16,540.31,0.0035495187643164172,-0.0006460373995196278,0.0036078314511368776
307,16,456.1334833904174,986.7077686983149,456.13,986.71,-0.003483390417386545,0.0022313016851285283,0.004136751867105134
307,17,1301.4143570555966,268.0431431045232,1301.41,268.04,-0.00435705559652888,-0.003143104523189777,0.005372433295531893
307,18,1445.6021635812494,331.69627795319803,1445.6,331.7,-0.0021635812495333084,0.003722046801954093,0.004305196420521229
307,19,1672.0009375237605,433.4036256765564,1672.0,433.4,-0.000937523760512704,-0.003625676556396229,0.0037449274082586833
307,20,1901.6729195238029,557.0503838404269,1901.67,557.05,-0.0029195238028023596,-0.0003838404269345119,0.0029446481468044395
307,21,1696.3788565196205,369.7393343485225,1696.38,369.74,0.0011434803795964399,0.0006656514775045252,0.0013231172540731134
307,22,1701.4257672216916,307.81648258025245,1701.43,307.82,0.004232778308505658,0.003517419747538497,0.005503512868098866
307,24,1518.4716779557539,197.9410408261582,1518.47,197.94,-0.0016779557538484369,-0.00104082615820289,0.001974551747479023
307,25,1677.453428037907,248.13687172927484,1677.45,248.14,-0.0034280379070423805,0.0031282707251421016,0.004640853544543352
307,26,1826.205268509592,301.16429325960405,1826.21,301.16,0.004731490407948513,-0.004293259604025934,0.006388981100932269
307,30,15.4375,474.1875,15.44,474.19,0.0024999999999995026,0.0024999999999977263,0.0035355339059307783
307,31,693.7049600956641,430.1288227161484,693.7,430.13,-0.004960095664046094,0.0011772838515753392,0.00509789625862168
308,13,367.15031413317877,245.30640621048087,367.15,245.31,-0.0003141331787901436,0.0035937895191295866,0.0036074925865235627
308,14,380.918171198252,375.8413268210009,380.92,375.84,0.0018288017479903829,-0.0013268210009300674,0.0022594180228460927
308,15,403.3673378609268,538.2329845280497,403.37,538.23,0.002662139073208891,-0.002984528049637447,0.003999298954089104
308,16,464.600112542813,983.7808265237362,464.6,983.78,-0.00011254281298533897,-0.0008265237362365951,0.0008341506886151649
308,17,1307.8107677916973,267.03235732839244,1307.81,267.03,-0.000767791697398934,-0.002357328392463387,0.0024792138351721
308,18,1451.951622685937,330.52220846489854,1451.95,330.52,-0.0016226859370362945,-0.0022084648985583044,0.002740515801527059
308,19,1678.0007031428204,432.30271925741727,1678.0,432.3,-0.000703142820384528,-0.002719257417254539,0.0028086955561527375
308,20,1906.004689642852,555.7877878803201,1906.0,555.79,-0.004689642852099496,0.002212119679825264,0.0051851927214056496
308,21,1702.0341423897153,368.80450076139186,1702.03,368.8,-0.004142389715298123,-0.004500761391852848,0.0061168820210791095
308,22,1707.0693254162686,306.86236193518937,1707.07,306.86,0.0006745837313246739,-0.0023619351893557905,0.002456379663098743
308,24,1524.3537584668154,196.95578061961865,1524.35,196.96,-0.0037584668154977408,0.004219380381357496,0.005650596747758794
308,25,1682.8400710284304,247.10265379695613,1682.84,247.1,-7.102843051143282e-05,-0.0026537969561388763,0.002654747317985816
308,26,1831.153951382194,300.373219944703,1831.15,300.37,-0.003951382193918107,-0.0032199447030052397,0.005097201696305982
308,30,22.328125,473.140625,22.33,473.14,0.0018749999999982947,-0.0006250000000136424,0.0019764235376079336
308,31,700.028720071748,428.5966170371113,700.03,428.6,0.0012799282519608823,0.003382962888736074,0.003616995194458124
309,13,375.1127355998841,243.72980465786065,375.11,243.73,-0.002735599884090334,0.0001953421393352528,0.002742565455414897
309,14,388.93862839868905,374.1309951157507,388.94,374.13,0.0013716013109501546,-0.0009951157506975505,0.001694563517100062
309,15,411.52550339569507,536.1747383960372,411.53,536.17,0.004496604304904395,-0.004738396037282655,0.006532369193563749
309,16,472.7000844071098,981.5856198928021,472.7,981.59,-8.440710979584765e-05,0.004380107197903271,0.004380920408465341
309,17,1314.358075843773,265.7742679962943,1314.36,265.77,0.0019241562270053691,-0.0042679962943452665,0.004681684478312103
309,18,1458.4637170144529,329.3916563486739,1458.46,329.39,-0.0037170144528317905,-0.0016563486739187283,0.004069359577642746
309,19,1684.2505273571153,431.22703944306295,1684.25,431.23,-0.000527357115288396,0.002960556937068759,0.0030071586098294263
309,20,1910.503517232139,554.3408409102401,1910.5,554.34,-0.003517232139074622,-0.0008409102400719348,0.0036163589357248926
309,21,1707.7756067922865,367.6033755710439,1707.78,367.6,0.004393207713519587,-0.003375571043875425,0.005540284639472797
309,22,1712.8019940622014,305.89677145139206,1712.8,305.9,-0.0019940622014473774,0.0032285486079217662,0.003794708180737319
309,24,1530.2653188501115,195.966835464714,1530.27,195.97,0.00468114988848356,0.003164535286003911,0.005650437846292401
309,25,1688.3800532713228,246.0769903477171,1688.38,246.08,-5.3271322713044356e-05,0.0030096522829126116,0.003010123701422367
309,26,1836.1154635366456,299.52991495852723,1836.12,299.53,0.004536463354270381,8.504147274379648e-05,0.0045372603867008246
309,30,30.49609375,471.60546875,30.5,471.61,0.00390625,0.004531250000013642,0.0059825592872217856
309,31,706.271540053811,427.1974627778335,706.27,427.2,-0.0015400538110270645,0.002537222166495212,0.002968040104684174
310,13,383.08455169991305,242.2973534933955,383.08,242.3,-0.004551699913065477,0.002646506604520482,0.005265165648521497
310,14,396.95397129901676,372.598246336813,396.95,372.6,-0.003971299016768626,0.001753663187002985,0.004341261389738807
310,15,419.6441275467713,534.3810537970279,419.64,534.38,-0.004127546771314883,-0.0010537970279074216,0.004259944896993203
310,16,480.5250633053323,979.4392149196016,480.53,979.44,0.004936694667662778,0.0007850803984865706,0.004998730386189871
310,17,1321.0185568828297,264.58070099722073,1321.02,264.58,0.0014431171703108703,-0.0007009972207470128,0.001604364132839266
310,18,1465.0977877608398,328.29374226150543,1465.1,328.29,0.002212239160144236,-0.003742261505408351,0.0043472431812054
310,19,1690.6878955178365,430.1702795822972,1690.69,430.17,0.0021044821635314293,-0.000279582297196157,0.002122972312002068
310,20,1915.6276379241044,553.00563068268,1915.63,553.01,0.002362075895689486,0.004369317319969923,0.004966924237351164
310,21,1713.8317050942148,366.4525316782829,1713.83,366.45,-0.0017050942149126058,-0.0025316782829349904,0.003052333731755605
310,22,1718.851495546651,304.92257858854407,1718.85,304.92,-0.001495546651085533,-0.002578588544054128,0.002980902323978486
310,24,1536.4489891375836,194.9751265985355,1536.45,194.98,0.0010108624164786306,0.004873401464493554,0.004977136190539388
310,25,1694.285039953492,245.05774276078782,1694.29,245.06,0.004960046507903826,0.0022572392121844587,0.005449512842593552
310,26,1841.5865976524842,298.64743621889545,1841.59,298.65,0.003402347515702786,0.002563781104527152,0.004260157528723484
310,30,39.8720703125,469.9541015625,39.87,469.95,-0.002070312500002558,-0.004101562500011369,0.004594454133971341
310,31,712.4536550403583,425.6480970833751,712.45,425.65,-0.003655040358239603,0.00190291662488562,0.004120729510854403
311,13,391.0634137749348,240.97301512004663,391.06,240.97,-0.0034137749348133184,-0.003015120046626407,0.004554646879959862
311,14,405.21547847426257,370.9486847526098,405.22,370.95,0.004521525737459342,0.0013152473902096062,0.004708935197256427
311,15,427.98309566007845,532.2857903477709,427.98,532.29,-0.0030956600784293187,0.004209652229064886,0.005225350056297854
311,16,488.6437974789992,977.3294111897012,488.64,977.33,-0.003797478999217674,0.0005888102988365063,0.0038428562707334244
311,17,1327.7639176621224,263.43552574791556,1327.76,263.44,-0.003917662122375987,0.004474252084435193,0.005947016749612547
311,18,1471.8233408206297,327.22030669612906,1471.82,327.22,-0.0033408206297735887,-0.0003066961290301151,0.0033548688492820184
311,19,1697.2659216383774,429.12770968672294,1697.27,429.13,0.004078361622532611,0.002290313277057976,0.004677453199254364
311,20,1920.7207284430783,551.50422301201,1920.72,551.5,-0.0007284430782874551,-0.0042230120100157365,0.004285377434374019
311,21,1720.123778820661,365.3393987587122,1720.12,365.34,-0.0037788206611821806,0.0006012412877680617,0.003826352920928012
311,22,1724.8886216599883,303.941933941408,1724.89,303.94,0.0013783400117972633,-0.001933941408026385,0.0023748580079239173
311,24,1542.8367418531877,193.9813449489016,1542.84,193.98,0.003258146812186169,-0.0013449489016181815,0.003524827399706665
311,25,1700.213779965119,244.29330707059086,1700.21,244.29,-0.0037799651190653094,-0.003307070590864214,0.0050224348870154005
311,26,1846.9399482393633,297.73557716417156,1846.94,297.74,5.176063677936327e-05,0.004422835828449934,0.004423138696552508
311,30,49.154052734375,468.215576171875,49.15,468.22,-0.004052734375001421,0.004423828125027285,0.005999575917854576
311,31,719.0902412802687,424.23607281253135,719.09,424.24,-0.00024128026871039765,0.003927187468661941,0.0039345924289669884
312,13,399.0475603312011,239.72976134003497,399.05,239.73,0.0024396687988996746,0.00023865996502081543,0.0024513144284706353
312,14,413.16160885569695,369.46151356445733,413.16,369.46,-0.0016088556969293677,-0.0015135644573547324,0.0022089124066177017
312,15,436.2373217450588,530.7143427608282,436.24,530.71,0.0026782549412018852,-0.004342760828194514,0.005102217276927064
312,16,496.7328481092494,975.7470583922759,496.73,975.75,-0.0028481092493848337,0.0029416077240966843,0.004094481932906373
312,17,1334.5729382465918,262.5766443109367,1334.57,262.58,-0.0029382465918388334,0.003355689063312184,0.004460262562236165
312,18,1478.6175056154723,326.1652300220968,1478.62,326.17,0.0024943845276084176,0.004769977903208655,0.005382809988163349
312,19,1703.9494412287831,428.0957822650422,1703.95,428.1,0.0005587712169017323,0.00421773495781963,0.004254587341593965
312,20,1925.7905463323086,550.1281672590076,1925.79,550.13,-0.0005463323086587479,0.0018327409924268068,0.001912437851749958
312,21,1726.5928341154959,364.50454906903417,1726.59,364.5,-0.002834115495943479,-0.004549069034169406,0.005359686532063785
312,22,1731.1664662449912,302.956450456056,1731.17,302.96,0.003533755008902517,0.003549543943961453,0.005008661165726532
312,24,1549.3775563898907,192.98600871167622,1549.38,192.99,0.0024436101093670004,0.003991288323788922,0.004679915902045077
312,25,1706.4103349738393,243.46998030294316,1706.41,243.47,-0.0003349738392444124,1.969705684246037e-05,0.00033555245048486315
312,26,1852.7049611795223,296.8016828731287,1852.7,296.8,-0.004961179522297243,-0.001682873128686424,0.005238832333613697
312,30,58.86553955078125,466.66168212890625,58.87,466.66,0.004460449218747442,-0.001682128906224989,0.004767091869282817
312,31,725.8176809602015,422.9270546093985,725.82,422.93,0.0023190397985217714,0.002945390601496456,0.003748769315723702
313,13,406.53567024840083,238.54732100502622,406.54,238.55,0.004329751599186693,0.0026789949737917595,0.005091538370695171
313,14,420.8712066417727,368.096135173343,420.87,368.1,-0.001206641772682815,0.0038648266570362466,0.004048810869443162
313,15,443.9279913087941,529.0357570706212,443.93,529.04,0.002008691205901414,0.004242929378733606,0.004694389211983432
313,16,504.549636081937,973.8102937942069,504.55,973.81,0.0003639180629875227,-0.0002937942069820565,0.00046770866212291384
313,17,1341.179703684944,261.6824832332025,1341.18,261.68,0.0002963150561754446,-0.0024832332024971038,0.002500849805666122
313,18,1485.2131292116042,325.12392251657263,1485.21,325.12,-0.003129211604118609,-0.00392251657262932,0.00501777854492426
313,19,1710.2120809215874,427.3218366987817,1710.21,427.32,-0.002080921587321427,-0.0018366987816875735,0.0027755534704330493
313,20,1930.3429097492315,548.8461254442557,1930.34,548.85,-0.0029097492315486306,0.003874555744346253,0.004845495104377301
313,21,1732.694625586622,363.62841180177566,1732.69,363.63,-0.004625586621841649,0.0015881982243399762,0.0048906467052893
313,22,1737.3748496837434,301.967337842042,1737.37,301.97,-0.004849683743486821,0.0026621579580137222,0.005532315736222594
313,24,1555.783167292418,192.23950653375715,1555.78,192.24,-0.003167292418083889,0.000493466242858176,0.0032055031109784085
313,25,1712.5577512303794,242.60248522720735,1712.56,242.6,0.002248769620564417,-0.0024852272073587756,0.00335161439884867
313,26,1858.2787208846416,295.8512621548465,1858.28,295.85,0.0012791153583293635,-0.0012621548464721855,0.0017969894146564363
313,30,67.89915466308594,465.2462615966797,67.9,465.25,0.0008453369140681843,0.0037384033203125,0.003832786699466831
313,31,732.3632607201512,421.6952909570489,732.36,421.7,-0.0032607201511609674,0.004709042951105857,0.005727772814938365
314,13,413.9017526863006,237.41049075376966,413.9,237.41,-0.0017526863006196436,-0.0004907537696681175,0.001820095747707587
314,14,428.4034049813295,367.0721013800072,428.4,367.07,-0.003404981329538259,-0.0021013800072182676,0.004001211790100691
314,15,451.69599348159556,527.776817802966,451.7,527.78,0.004006518404423787,0.0031821970339933614,0.005116499554201356
314,16,512.1622270614528,972.3577203456553,512.16,972.36,-0.002227061452799717,0.002279654344761184,0.0031869462885550687
314,17,1347.384777763708,260.7618624249019,1347.38,260.76,-0.004777763707807026,-0.0018624249019012495,0.005127928681530176
314,18,1491.659846908703,324.34294188742945,1491.66,324.34,0.0001530912970792997,-0.00294188742947199,0.0029458680542289624
314,19,1716.4090606911905,426.74137752408626,1716.41,426.74,0.0009393088096203428,-0.0013775240862514693,0.0016672953091859074
314,20,1935.2571823119235,548.1345940831918,1935.26,548.13,0.0028176880764476664,-0.004594083191818754,0.0053893382218512635
314,21,1738.7709691899663,362.97130885133174,1738.77,362.97,-0.0009691899663266668,-0.0013088513317143224,0.0016286254938931298
314,22,1743.2811372628075,301.2255033815315,1743.28,301.23,-0.0011372628075605462,0.004496618468522229,0.004638204862327201
314,24,1561.8373754693134,191.42962990031788,1561.84,191.43,0.002624530686489379,0.0003700996821294211,0.002650497141865411
314,25,1718.4183134227846,241.95186392040551,1718.42,241.95,0.0016865772154233127,-0.001863920405526187,0.002513710799141771
314,26,1863.7090406634811,295.13844661613484,1863.71,295.14,0.0009593365189175529,0.0015533838651435872,0.0018257403947487382
314,30,76.92436599731445,464.18469619750977,76.92,464.18,-0.00436599731445142,-0.004696197509758804,0.006412191793798888
314,31,738.7724455401134,420.77146821778666,738.77,420.77,-0.0024455401133991472,-0.0014682177866802704,0.0028524252690243484
315,13,420.67631451472545,236.55786806532726,420.68,236.56,0.0036854852745591415,0.002131934672746638,0.00425769270354867
315,14,435.30255373599715,366.30407603500544,435.3,366.3,-0.0025537359971394835,-0.004076035005425638,0.004809951029744603
315,15,458.7719951111967,526.8326133522245,458.77,526.83,-0.001995111196720245,-0.002613352224443588,0.00328786838791986
315,16,519.6216702960896,971.5182902592414,519.62,971.52,-0.0016702960896282093,0.0017097407585424662,0.0023902097164158324
315,17,1353.538583322781,260.0713968186764,1353.54,260.07,0.0014166772189128096,-0.0013968186764259372,0.0019894915826408613
315,18,1497.7448851815273,323.7572064155721,1497.74,323.76,-0.004885181527242821,0.0027935844278772493,0.005627531653379905
315,19,1722.5567955183928,426.0560331430647,1722.56,426.06,0.0032044816070992965,0.003966856935278429,0.005099476082423004
315,20,1940.4428867339427,547.3509455623939,1940.44,547.35,-0.0028867339426597027,-0.000945562393894761,0.0030376505882756862
315,21,1744.5782268924747,362.2284816384988,1744.58,362.23,0.0017731075251958828,0.0015183615012119844,0.0023343804197835834
315,22,1749.2108529471056,300.4191275361486,1749.21,300.42,-0.0008529471056135662,0.0008724638514081562,0.001220127836330486
315,24,1567.6280316019852,190.5722224252384,1567.63,190.57,0.0019683980149238778,-0.0022224252384148713,0.0029687985255823037
315,25,1724.0637350670886,241.21389794030415,1724.06,241.21,-0.0037350670886553416,-0.0038979403041423666,0.005398579884693175
315,26,1869.0317804976107,294.60383496210113,1869.03,294.6,-0.0017804976107527182,-0.0038349621011093404,0.004228132691725877
315,30,85.19327449798584,463.3885221481323,85.19,463.39,-0.0032744979858421175,0.0014778518676621388,0.0035925455045185658
315,31,744.829334155085,420.07860116334,744.83,420.08,0.000665844915033631,0.0013988366599733126,0.001549223499744771
316,13,427.5072358860441,235.66840104899543,427.51,235.67,0.0027641139558909344,0.0015989510045528732,0.0031932695276333427
316,14,442.22691530199785,365.4780570262541,442.23,365.48,0.0030846980021692616,0.001942973745940435,0.003645615001889371
316,15,465.8289963333975,525.8744600141683,465.83,525.87,0.0010036666024575425,-0.004460014168330417,0.004571550396812523
316,16,526.4662527220672,970.1387176944311,526.47,970.14,0.0037472779328027173,0.0012823055689068497,0.003960605948301311
316,17,1359.9039374920858,259.3035476140073,1359.9,259.3,-0.0039374920856971585,-0.0035476140072887574,0.005299944251559554
316,18,1504.3086638861455,323.0679048116791,1504.31,323.07,0.0013361138544496498,0.0020951883208795152,0.002484957611711359
316,19,1729.1675966387947,425.54202485729854,1729.17,425.54,0.0024033612053244724,-0.00202485729852242,0.0031426409535036314
316,20,1945.832165050457,546.7632091717954,1945.83,546.76,-0.0021650504570516205,-0.0032091717954472188,0.003871204863382117
316,21,1750.933670169356,361.6713612288741,1750.93,361.67,-0.00367016935592801,-0.001361228874088738,0.003914471503133714
316,22,1755.6581397103291,299.81434565211146,1755.66,299.81,0.0018602896709580818,-0.004345652111453546,0.004727088949200554
316,24,1573.9710237014888,189.92916681892882,1573.97,189.93,-0.0010237014887479745,0.0008331810711865728,0.0013199073586613662
316,25,1730.2978013003165,240.6604234552281,1730.3,240.66,0.0021986996835039463,-0.0004234552281161541,0.0022391057653579605
316,26,1874.773835373208,293.9528762215758,1874.77,293.95,-0.003835373207948578,-0.0028762215758320053,0.004794031518203788
316,30,94.14495587348938,462.54139161109924,94.14,462.54,-0.004955873489379314,-0.0013916110992227004,0.0051475492706930465
316,31,751.6220006163137,419.308950872505,751.62,419.31,-0.0020006163136940813,0.0010491274949799845,0.002259011760779893
317,13,433.6304269145331,235.00130078674658,433.63,235.0,-0.0004269145330795254,-0.0013007867465830714,0.0013690515617173374
317,14,448.6701864764984,364.85854276969053,448.67,364.86,-0.0001864764983565692,0.001457230309483748,0.0014691132220892395
317,15,472.62174725004814,524.9058450106263,472.62,524.91,-0.0017472500481403586,0.004154989373660101,0.004507418266142475
317,16,533.5996895415504,969.3540382708234,533.6,969.35,0.00031045844957588997,-0.004038270823343737,0.004050187118094961
317,17,1366.1779531190643,258.72766071050546,1366.18,258.73,0.0020468809357225837,0.002339289494557306,0.003108375283708635
317,18,1510.731497914609,322.55092860875936,1510.73,322.55,-0.0014979146089899587,-0.0009286087593523007,0.001762402452271149
317,19,1735.875697479096,424.6565186429739,1735.88,424.66,0.004302520904047924,0.00348135702614627,0.005534576124082797
317,21,1757.450252627017,361.0035209216556,1757.45,361.0,-0.0002526270170619682,-0.0035209216555927014,0.003529973047286803
317,22,1761.9936047827468,299.11075923908356,1761.99,299.11,-0.0036047827468337346,-0.0007592390835498009,0.0036838706054718733
317,24,1580.2282677761166,189.19687511419662,1580.23,189.2,0.0017322238834367454,0.003124885803373445,0.0035728855098468492
317,25,1736.4733509752373,239.9953175914211,1736.47,240.0,-0.003350975237253806,0.0046824085789012315,0.005757949734102935
317,26,1880.580376529906,293.21465716618184,1880.58,293.21,-0.00037652990613423754,-0.004657166181857519,0.0046723625304176475
317,30,102.35871690511703,461.65604370832443,102.36,461.66,0.0012830948829645195,0.003956291675592638,0.004159155719740887
317,31,757.9665004622352,418.4817131543788,757.97,418.48,0.0034995377648101567,-0.001713154378762738,0.003896365292526666
318,13,440.2228201858998,234.50097559005994,465.2,234.5,24.977179814100168,-0.0009755900599373035,24.977179833153077
318,14,455.75263985737377,364.1439070772679,483.8,366.2,28.047360142626246,2.056092922732091,28.12262308315297
318,15,479.9663104375361,523.9293837579697,501.8,523.9,21.833689562463917,-0.029383757969753788,21.833709334771275
318,16,541.4497671561628,968.5155287031175,550.8,941.5,9.350232843837148,-27.015528703117525,28.587858355304228
318,17,1372.3834648392983,258.0457455328791,1399.4,254.9,27.01653516070178,-3.14574553287909,27.1990604074307
318,18,1517.0486234359569,321.9131964565695,1528.5,318.8,11.45137656404313,-3.113196456569483,11.867013836206354
318,19,1742.406773109322,423.9923889822304,1740.3,424.0,-2.1067731093221482,0.007611017769590944,2.106786857219876
318,21,1763.8376894702628,360.2526406912417,1784.6,355.1,20.76231052973708,-5.152640691241686,21.392130436828182
318,22,1768.2452035870601,298.3330694293127,1811.9,290.0,43.65479641293996,-8.333069429312673,44.443011778782285
318,24,1586.1712008320874,188.64765633564747,1630.9,177.2,44.72879916791271,-11.44765633564748,46.170491773237146
318,25,1742.355013231428,239.49648819356582,1787.0,228.1,44.644986768571925,-11.39648819356583,46.076618655366275
318,26,1886.1852823974295,292.66099287463635,1886.19,292.66,0.004717602570508461,-0.000992874636324359,0.004820951571704934
318,30,110.76903767883778,460.7420327812433,161.7,461.8,50.93096232116221,1.057967218756687,50.94194948758448
318,31,764.7248753466764,417.8612848657841,791.7,417.9,26.975124653323633,0.038715134215863145,26.975152435602023
319,13,446.4171151394249,233.87573169254495,446.42,233.88,0.002884860575136372,0.00426830745504958,0.005151783096055965
319,14,462.31447989303035,363.60793030795094,462.31,363.61,-0.004479893030350013,0.002069692049076366,0.004934882647174961
319,15,486.72473282815207,523.1970378184773,486.72,523.2,-0.004732828152043567,0.0029621815227756088,0.005583384429774592
319,16,548.587325367122,967.3866465273381,548.59,967.39,0.0026746328779836404,0.0033534726618427158,0.004289456833413471
319,17,1378.7875986294737,257.5343091496593,1378.79,257.53,0.002401370526285973,-0.00430914965932061,0.004933087389347355
319,18,1523.7864675769677,321.4348973424271,1523.79,321.43,0.0035324230323112715,-0.0048973424271139265,0.00603837522249266
319,19,1749.3050798319916,423.74429173667284,1749.31,423.74,0.004920168008311521,-0.004291736672826119,0.006528939952158601
319,21,1770.628267102697,359.9394805184313,1770.63,359.94,0.0017328973030998895,0.0005194815686877519,0.0018090865549489769
319,22,1774.933902690295,297.7498020719845,1774.93,297.75,-0.003902690295035427,0.00019792801549556316,0.003907706109507433
319,24,1592.6284006240655,188.2357422517356,1592.63,188.24,0.0015993759345747094,0.0042577482644219344,0.004548233026493335
319,25,1749.016259923571,239.12236614517437,1749.02,239.12,0.0037400764290396182,-0.00236614517436351,0.004425699343744609
319,26,1892.3889617980722,292.24574465597726,1892.39,292.25,0.001038201927940463,0.004255344022737972,0.0043801616402857875
319,30,118.32677825912833,460.0565245859325,118.33,460.06,0.0032217408716661566,0.003475414067509064,0.004738999597468236
319,31,771.5436565100073,417.3959636493381,771.54,417.4,-0.0036565100073175927,0.004036350661863253,0.005446300772004574
320,13,452.8128363545687,233.4067987694087,477.8,230.3,24.987163645431337,-3.106798769408698,25.179566033535306
320,14,468.9858599197728,363.2059477309632,491.9,363.2,22.914140080227185,-0.005947730963214326,22.914140852141443
320,15,493.54354962111404,522.6477783638579,514.3,524.7,20.756450378885916,2.0522216361421215,20.857656770955916
320,16,555.4404940253415,966.5399848955036,564.8,943.7,9.359505974658418,-22.839984895503562,24.683299255093463
320,17,1385.0906989721052,257.15073186224447,1411.1,253.0,26.009301027894708,-4.15073186224447,26.338418991122
320,18,1530.3398506827257,321.32617300682034,1539.7,319.3,9.360149317274363,-2.026173006820329,9.576939610086255
320,19,1755.9788098739937,423.5582188025046,1754.9,423.6,-1.0788098739935776,0.04178119749542475,1.0796186422483591
320,21,1777.2212003270229,359.7046103888235,1801.1,356.6,23.87879967297704,-3.1046103888234597,24.079777396989343
320,22,1781.4504270177213,297.5623515539884,1825.1,291.3,43.64957298227864,-6.262351553988367,44.096510842934165
320,24,1598.971300468049,187.9268066888017,1644.7,174.4,45.72869953195095,-13.526806688801685,47.68740357871941
320,25,1755.5121949426782,238.84177460888077,1804.4,227.4,48.887805057321884,-11.441774608880763,50.2088805842466
320,26,1898.5417213485541,292.18430849198296,1898.54,292.18,-0.0017213485541560658,-0.00430849198295391,0.00463962757256154
320,30,126.49508369434625,459.54239343944937,171.2,457.5,44.70491630565374,-2.04239343944937,44.751546485646855
320,31,778.4077423825055,417.04697273700356,806.5,416.0,28.09225761749451,-1.046972737003557,28.111760705436204
321,13,459.1096272659265,232.80509907705652,484.1,230.7,24.990372734073503,-2.1050990770565363,25.07887899233434
321,14,475.7393949398296,362.65446079822243,499.6,365.8,23.86060506017043,3.1455392017775807,24.0670498962243
321,15,500.40766221583556,521.9858337728934,522.2,526.1,21.792337784164488,4.11416622710658,22.177293564440806
321,16,562.3303705190061,965.9049886716277,567.5,941.0,5.169629480993876,-24.904988671627734,25.435870924831075
321,17,1391.318024229079,256.8630488966834,1415.2,252.7,23.881975770921144,-4.163048896683392,24.242106815189175
321,18,1536.7548880120444,320.9946297551153,1551.3,318.9,14.545111987955579,-2.0946297551153066,14.695160991060408
321,19,1762.4841074054953,423.41866410187845,1756.2,423.4,-6.284107405495206,-0.01866410187847123,6.2841351220751624
321,21,1783.665900245267,359.2784577916176,1806.5,355.1,22.83409975473296,-4.178457791617575,23.213263905048457
321,22,1787.837820263291,297.1717636654913,1831.5,290.9,43.66217973670905,-6.271763665491335,44.11032712230168
321,24,1605.2284753510369,187.69510501660127,1653.0,177.3,47.77152464896312,-10.395105016601264,48.88943419178279
321,25,1761.6341462070086,238.63133095666058,1810.5,229.3,48.8658537929914,-9.331330956660565,49.74882314528399
321,26,1904.4062910114155,291.88823136898725,1904.41,291.89,0.0037089885845489334,0.0017686310127373872,0.004109093814885561
321,30,133.8713127707597,458.906795079587,177.5,461.0,43.62868722924031,2.0932049204129726,43.67887196558215
321,31,785.3058067868791,416.53522955275264,808.2,418.6,22.894193213120957,2.0647704472473833,22.987112908748237
322,13,465.5822204494449,232.3538243077924,465.58,232.35,-0.0022204494449056256,-0.003824307792399395,0.00442218563929517
322,14,482.55454620487217,362.24084559866685,482.55,362.24,-0.004546204872156068,-0.0008455986668423066,0.004624177315477971
322,15,507.3057466618767,521.4893753296701,507.31,521.49,0.004253338123305639,0.0006246703298984357,0.0042989647837846446
322,16,569.4977778892546,965.6787415037209,569.5,965.68,0.0022221107453788136,0.0012584962790924692,0.002553740207855446
322,17,1396.9885181718091,256.39728667251256,1396.99,256.4,0.0014818281908901554,0.002713327487413153,0.0030915951936287787
322,18,1542.5661660090332,320.74597231633646,1542.57,320.75,0.003833990966768397,0.004027683663537118,0.005560730386090073
322,19,1768.6130805541216,423.06399807640884,1768.61,423.06,-0.0030805541216523125,-0.003998076408834095,0.0050472198948832
322,21,1789.4994251839503,358.95884334371317,1789.5,358.96,0.000574816049720539,0.0011566562868097208,0.0012916142058806788
322,22,1793.6283651974682,296.8788227491185,1793.63,296.88,0.001634802531953028,0.0011772508814829052,0.002014571655819745
322,24,1610.9213565132777,187.27132876245096,1610.92,187.27,-0.0013565132776420796,-0.001328762450953036,0.0018988780696721887
322,25,1767.2256096552564,238.22349821749543,1767.23,238.22,0.004390344743569585,-0.0034982174954336642,0.005613613151326627
322,26,1909.8047182585617,291.4161735267404,1909.8,291.42,-0.004718258561752009,0.00382647325960761,0.006074854851108645
322,30,141.15348457806977,458.43009630969027,141.15,458.43,-0.0034845780697594364,-9.630969026375169e-05,0.0034859087596618332
322,31,791.7293550901593,416.15142216456445,791.73,416.15,0.000644909840730179,-0.00142216456447386,0.0015615571558914355
323,13,471.9366653370837,232.0153682308443,471.94,232.02,0.0033346629163020225,0.004631769155707843,0.005707299035194008
323,14,489.1659096536541,361.9306341990001,489.17,361.93,0.004090346345890339,-0.0006341990001033082,0.004139219926637201
323,15,513.9793099964076,521.1170314972526,513.98,521.12,0.000690003592467292,0.002968502747421553,0.003047640647954919
323,16,576.123333416941,965.5090561277907,576.12,965.51,-0.0033334169410181858,0.0009438722092909302,0.0034644715686723104
323,17,1402.9913886288568,256.0479650043844,1402.99,256.05,-0.0013886288568301097,0.0020349956155882865,0.002463634968392202
323,18,1548.9246245067748,320.55947923725233,1548.92,320.56,-0.0046245067746895074,0.0005207627476693233,0.004653735784131846
323,19,1774.9598104155912,423.04799855730664,1774.96,423.05,0.00018958440887217876,0.0020014426933698815,0.002010401726752914
323,21,1795.8745688879626,358.7191325077849,1795.87,358.72,-0.004568887962705048,0.0008674922151499231,0.004650513945694261
323,22,1799.9712738981011,296.65911706183886,1799.97,296.66,-0.0012738981010897987,0.0008829381611690224,0.0015499665055764042
323,24,1616.9410173849583,186.95349657183823,1616.94,186.95,-0.0010173849582315597,-0.003496571838240925,0.0036415775116308254
323,25,1773.1692072414423,237.91762366312156,1773.17,237.92,0.0007927585577363061,0.00237633687842731,0.0025050834498351144
323,26,1915.6035386939213,291.31213014505533,1915.6,291.31,-0.0035386939214276936,-0.0021301450553323775,0.004130359866440972
323,30,148.11511343355232,458.0725722322677,148.12,458.07,0.004886566447680707,-0.002572232267709751,0.005522219706480909
323,31,798.2970163176194,415.86356662342337,798.3,415.86,0.0029836823805453605,-0.0035666234233531213,0.004650071310419655
324,13,478.4524990028128,231.51152617313323,478.45,231.51,-0.0024990028127831465,-0.0015261731332429918,0.0029281768202980515
324,14,495.8744322402406,361.6979756492501,495.87,361.7,-0.0044322402405896355,0.0020243507498776125,0.004872653230923798
324,15,520.4844824973056,520.8377736229395,520.48,520.84,-0.004482497305616562,0.002226377060537743,0.005004951239577507
324,16,581.8425000627058,964.631792095843,581.84,964.63,-0.0025000627057352176,-0.0017920958430295286,0.0030760235765045453
324,17,1408.9935414716426,255.78597375328832,1408.99,255.79,-0.0035414716426203086,0.00402624671167473,0.005362152923850211
324,18,1554.943468380081,320.41960942793924,1554.94,320.42,-0.0034683800809034437,0.0003905720607804142,0.0034903018379890925
324,19,1780.9698578116934,423.03599891798,1780.97,423.04,0.00014218830665413407,0.0040010820200109265,0.0040036077287121784
324,21,1801.905926665972,358.78934938083864,1801.91,358.79,0.004073334028134923,0.0006506191613766532,0.004124967320829625
324,22,1805.9784554235757,296.4943377963791,1805.98,296.49,0.001544576424294064,-0.004337796379104475,0.0046045839939192045
324,24,1622.9557630387187,186.71512242887866,1622.96,186.72,0.004236961281321783,0.004877571121340907,0.006460846766729475
324,25,1779.1269054310817,237.93821774734118,1779.13,237.94,0.0030945689184136427,0.001782252658813377,0.003571103657226871
324,26,1921.202654020441,291.2340976087915,1921.2,291.23,-0.0026540204410139268,-0.0040976087914827986,0.004882030551866394
324,30,155.58633507516424,457.8044291742008,155.59,457.8,0.00366492483576053,-0.004429174200765829,0.005748848419684064
324,31,804.7227622382145,415.8976749675675,804.72,415.9,-0.0027622382144727453,0.00232503243245219,0.003610503533504451
325,13,484.58937425210956,231.13364462984993,484.59,231.13,0.0006257478904103664,-0.00364462984992997,0.003697957161103084
325,14,502.15582418018045,361.5234817369376,502.16,361.52,0.004175819819579374,-0.003481736937601454,0.005436907509628085
325,15,526.6133618729792,520.6283302172046,526.61,520.63,-0.0033618729792124213,0.0016697827953748856,0.003753713429670487
325,16,587.3818750470293,963.7238440718822,587.38,963.72,-0.001875047029329835,-0.0038440718822130293,0.004276995440472138
325,17,1414.995156103732,255.58948031496624,1415.0,255.59,0.004843896268084791,0.0005196850337654269,0.0048716941191217595
325,18,1560.9576012850607,320.31470707095446,1560.96,320.31,0.0023987149393178697,-0.0047070709544527745,0.005283024733082336
325,19,1786.97739335877,423.026999188485,1786.98,423.03,0.0026066412299314834,0.003000811514993984,0.003974851978388529
325,21,1807.929444999479,358.84201203562895,1807.93,358.84,0.000555000520989779,-0.002012035628979447,0.0020871782268368087
325,22,1811.9838415676818,296.37075334728434,1811.98,296.37,-0.0038415676817749045,-0.0007533472843306299,0.0039147380990898675
325,24,1628.966822279039,186.536341821659,1628.97,186.54,0.0031777209610481805,0.0036581783409985746,0.0048456350750790194
325,25,1785.0951790733113,237.70366331050587,1785.1,237.7,0.004820926688580585,-0.00366331050588542,0.006054847479433239
325,26,1926.901990515331,291.17557320659364,1926.9,291.18,-0.0019905153308172885,0.004426793406366869,0.004853725491297571
325,30,162.43975130637318,457.3533218806506,162.44,457.35,0.00024869362681556595,-0.0033218806505601606,0.0033311769056273
325,31,811.0420716786609,415.67325622567563,811.04,415.67,-0.002071678660968246,-0.0032562256756136776,0.003859385718587472
326,13,490.6920306890822,230.85023347238746,490.69,230.85,-0.0020306890821757406,-0.00023347238746396215,0.002044066413836858
326,14,508.36686813513535,361.1426113027032,508.37,361.14,0.0031318648646561087,-0.0026113027032010905,0.004077680632199234
326,15,532.7100214047344,520.2212476629035,532.71,520.22,-2.1404734411589743e-05,-0.0012476629034381403,0.001247846498280506
326,16,592.786406285272,963.0428830539117,592.79,963.04,0.003593714727912811,-0.002883053911773459,0.004607253564088881
326,17,1420.4963670777988,255.44211023622466,1420.5,255.44,0.00363292220117728,-0.0021102362246665507,0.004201335578563287
326,18,1566.7182009637954,320.23603030321584,1566.72,320.24,0.0017990362046020891,0.003969696784167809,0.004358328099592931
326,19,1792.7330450190775,423.02024939136373,1792.73,423.02,-0.0030450190774899966,-0.00024939136375223825,0.003055214760797059
326,21,1813.6970837496092,358.8815090267217,1813.7,358.88,0.0029162503908537474,-0.0015090267216919528,0.003283546556535326
326,22,1817.7378811757612,296.27806501046325,1817.74,296.28,0.002118824238777961,0.0019349895367213321,0.0028694251448772874
326,24,1634.7251167092793,186.40225636624425,1634.73,186.4,0.004883290720727018,-0.002256366244239416,0.005379378857385087
326,25,1790.8213843049834,237.77774748287942,1790.82,237.78,-0.0013843049835031707,0.0022525171205813876,0.002643886091696081
326,26,1932.1764928864982,291.13167990494526,1932.18,291.13,0.003507113501882486,-0.0016799049452629333,0.003888692034631348
326,30,169.3298134797799,457.01499141048794,169.33,457.01,0.00018652022012588532,-0.004991410487946268,0.004994894238289317
326,31,817.0315537589956,415.5049421692567,817.03,415.5,-0.001553758995669341,-0.0049421692567079845,0.005180656713059933
327,13,496.5190230168116,230.6376751042906,496.52,230.64,0.0009769831883659208,0.0023248957093926492,0.0025218319154737476
327,14,514.2751511013515,360.8569584770274,514.28,360.86,0.004848898648447175,0.0030415229726372672,0.005723869329045963
327,15,538.5325160535508,520.1659357471776,538.53,520.17,-0.0025160535508348403,0.004064252822331582,0.004780028919839171
327,16,598.089804713954,962.5321622904338,598.09,962.53,0.00019528604605056898,-0.002162290433830094,0.0021710910989673374
327,17,1426.3722753083491,255.3315826771685,1426.37,255.33,-0.0022753083492261794,-0.001582677168499913,0.00277162318935119
327,18,1572.5386507228466,320.1770227274119,1572.54,320.18,0.0013492771533947234,0.0029772725881116457,0.0032687460746582907
327,19,1798.5497837643081,423.2651870435228,1798.55,423.27,0.00021623569182338542,0.004812956477167063,0.0048178115286427224
327,21,1819.772812812207,358.91113177004127,1819.77,358.91,-0.0028128122069119854,-0.001131770041240543,0.0030319656887245103
327,22,1823.803410881821,296.20854875784744,1823.8,296.21,-0.003410881821082512,0.001451242152540999,0.0037067800828620772
327,24,1640.7938375319595,186.30169227468318,1640.79,186.3,-0.003837531959561602,-0.0016922746831653512,0.004194096463356452
327,25,1796.6160382287376,237.58331061215955,1796.62,237.58,0.003961771262311231,-0.0033106121595380955,0.005162924017042728
327,26,1937.8823696648737,291.09875992870894,1937.88,291.1,-0.0023696648736404313,0.001240071291078948,0.0026745258309321916
327,30,175.24736010983491,456.76124355786595,175.25,456.76,0.002639890165085035,-0.001243557865961975,0.002918125468465774
327,31,823.0236653192467,415.3787066269425,823.02,415.38,-0.0036653192466928886,0.001293373057478675,0.003886821200671451
328,13,501.8892672626087,230.47825632821795,501.89,230.48,0.0007327373912744406,0.0017436717820373815,0.00189137393659876
328,14,519.9563633260136,360.64271885777055,519.96,360.64,0.0036366739864206465,-0.0027188577705601347,0.004540659121762375
328,15,543.8993870401631,520.1244518103832,543.9,520.12,0.000612959836871596,-0.0044518103832160705,0.004493810793717073
328,16,603.3173535354655,962.1491217178253,603.32,962.15,0.0026464645345640747,0.0008782821746535774,0.0027883963332029508
328,17,1432.2792064812618,255.24868700787638,1432.28,255.25,0.0007935187381917785,0.001312992123615686,0.0015341513303902916
328,18,1578.6539880421349,320.3827670455589,1578.65,320.38,-0.00398804213477888,-0.002767045558925929,0.00485396963257326
328,19,1804.9123378232312,423.4488902826421,1804.91,423.45,-0.0023378232310733438,0.0011097173579059927,0.002587835016801509
328,21,1826.079609609155,358.93334882753095,1826.08,358.93,0.0003903908448137372,-0.0033488275309423443,0.0033715057235175773
328,22,1830.1025581613658,296.1564115683856,1830.1,296.16,-0.0025581613658687274,0.003588431614446108,0.004406929886596751
328,24,1647.0953781489698,186.22626920601238,1647.1,186.23,0.004621851030151447,0.0037307939876143337,0.005939724801952634
328,25,1802.962028671553,237.68748295911968,1802.96,237.69,-0.0020286715530346555,0.0025170408803205646,0.0032328011171887704
328,26,1943.9117772486552,291.0740699465317,1943.91,291.07,-0.0017772486551166367,-0.004069946531728874,0.0044410671637845995
328,30,180.68552008237617,456.57093266839945,180.69,456.57,0.004479917623825713,-0.0009326683994572704,0.00457597336744986
328,31,829.017748989435,415.2840299702069,829.02,415.28,0.0022510105650326295,-0.00402997020694329,0.004616027343153316
329,13,507.66695044695655,230.10869224616346,507.67,230.11,0.0030495530434677676,0.0013077538365564578,0.003318131079682004
329,14,525.7172724945102,360.48203914332794,525.72,360.48,0.002727505489815485,-0.002039143327920101,0.0034054943413217814
329,15,549.6745402801223,519.8433388577874,549.67,519.84,-0.0045402801223417555,-0.003338857787412053,0.005635788757032486
329,16,608.4880151515991,961.611841288369,608.49,961.61,0.0019848484008662126,-0.0018412883689506998,0.002707391000955401
329,17,1438.7094048609463,255.1865152559073,1438.71,255.19,0.0005951390537575207,0.0034847440927023854,0.0035351989880248
329,18,1585.240491031601,320.2870752841692,1585.24,320.29,-0.0004910316010864335,0.0029247158308294274,0.0029656491236101706
329,19,1811.4342533674235,423.5866677119816,1811.43,423.59,-0.004253367423416421,0.003332288018384588,0.005403265482654867
329,21,1832.8097072068663,358.9500116206482,1832.81,358.95,0.0002927931336671463,-1.1620648194821115e-05,0.00029302364851167763
329,22,1836.8269186210243,296.1173086762892,1836.83,296.12,0.003081378975593907,0.0026913237107919485,0.004091224719751177
329,24,1653.8215336117273,186.16970190450928,1653.82,186.17,-0.0015336117273818672,0.00029809549070591856,0.001562314261581964
329,25,1809.721521503665,237.51561221933974,1809.72,237.52,-0.0015215036648896785,0.004387780660266571,0.004644092217525624
329,26,1950.4338329364914,291.05555245989876,1950.43,291.06,-0.0038329364913352038,0.004447540101239156,0.005871287345952284
329,30,187.01414006178214,456.17819950129956,187.01,456.18,-0.004140061782152316,0.001800498700447406,0.004514632557623157
329,31,835.2633117420762,415.21302247765516,835.26,415.21,-0.0033117420762209804,-0.0030224776551790455,0.0044836376699582976
330,13,513.7502128352174,230.0815191846226,513.75,230.08,-0.00021283521743953315,-0.0015191846225945937,0.001534021103932541
330,14,532.0379543708826,360.36152935749595,532.04,360.36,0.002045629117333192,-0.0015293574959400758,0.0025541207559685725
330,15,555.7559052100917,519.6325041433406,555.76,519.63,0.004094789908322127,-0.002504143340615883,0.004799795648113324
330,16,614.3660113636994,960.7088809662768,614.37,960.71,0.003988636300618964,0.0011190337232847014,0.004142638774074292
330,17,1445.0320536457098,255.13988644193046,1445.03,255.14,-0.0020536457097932725,0.00011355806952906278,0.0020567829580457634
330,18,1591.6803682737009,320.4653064631269,1591.68,320.47,-0.00036827370081482513,0.004693536873105586,0.004707962818238225
330,19,1817.8256900255676,423.6900007839862,1817.83,423.69,0.004309974432317176,-7.839861950742488e-07,0.0043099745036208875
330,21,1839.3572804051496,358.96250871548614,1839.36,358.96,0.0027195948503049294,-0.002508715486158053,0.0036999796675514754
330,22,1843.3701889657682,296.0879815072169,1843.37,296.09,-0.00018896576830229606,0.0020184927830655397,0.002027318716156329
330,24,1660.3661502087955,186.12727642838195,1660.37,186.13,0.0038497912044022087,0.0027235716180484815,0.00471579629290026
330,25,1816.2911411277487,237.6367091645048,1816.29,237.64,-0.0011411277487241023,0.003290835495192823,0.003483069163156128
330,26,1956.5753747023687,291.0416643449241,1956.58,291.04,0.004625297631264402,-0.0016643449240518748,0.00491563039741571
330,30,194.5106050463366,455.88364962597467,194.51,455.88,-0.0006050463366022996,-0.003649625974674109,0.003699439258110856
330,31,841.6974838065571,415.15976685824137,841.7,415.16,0.002516193442943404,0.00023314175865607467,0.0025269714129646636
331,13,520.812659626413,230.31113938846696,520.81,230.31,-0.002659626413105798,-0.0011393884669530507,0.0028934095347730566
331,14,539.028465778162,360.52114701812195,539.03,360.52,0.0015342218380283157,-0.0011470181219692677,0.0019155905670077019
331,15,562.5669289075688,519.7243781075055,562.57,519.72,0.0030710924312415955,-0.004378107505431217,0.005347843869293733
331,16,620.7745085227746,959.7816607247075,620.77,959.78,-0.004508522774585799,-0.001660724707562622,0.004804662752292588
331,17,1451.5240402342824,255.35491483144784,1451.52,255.35,-0.0040402342824563675,-0.0049148314478486554,0.006362315711900646
331,18,1598.2602762052757,320.84897984734516,1598.26,320.85,-0.00027620527566796227,0.001020152654859885,0.0010568825826573578
331,19,1824.3692675191758,424.0175005879896,1824.37,424.02,0.0007324808241264691,0.0024994120103656314,0.0026045323102762536
331,21,1846.0179603038623,359.2218815366146,1846.02,359.22,0.0020396961376718536,-0.0018815366145759072,0.002774984750592919
331,22,1850.2776417243263,296.3159861304127,1850.28,296.32,0.002358275673714161,0.004013869587311092,0.004655385399424294
331,24,1667.2746126565967,186.34545732128646,1667.27,186.35,-0.004612656596691522,0.004542678713534087,0.006473988783848604
331,25,1822.9683558458114,237.9775318733786,1822.97,237.98,0.0016441541886251798,0.0024681266213804065,0.002965618319194226
331,26,1962.9315310267766,291.53124825869304,1962.93,291.53,-0.0015310267765471508,-0.0012482586930673278,0.001975396860208731
331,30,202.88295378475243,455.662737219481,202.88,455.66,-0.00295378475243524,-0.002737219480991371,0.0040270603237147545
331,31,848.7731128549178,415.36982514368106,848.77,415.37,-0.003112854917844743,0.00017485631894942344,0.0031177620935258585
332,13,528.1094947198098,230.48335454135022,528.11,230.48,0.0005052801901683779,-0.0033545413502338306,0.003392382015782598
332,14,546.2713493336214,360.64086026359143,546.27,360.64,-0.001349333621419646,-0.000860263591448529,0.0016002358165799748
332,15,569.6751966806767,519.7932835806291,569.68,519.79,0.004803319323286814,-0.0032835806291586778,0.0058183999750486895
332,16,626.830881392081,959.3362455435306,626.83,959.34,-0.0008813920809416231,0.003754456469437173,0.0038565263361275324
332,17,1458.1430301757118,255.7661861235859,1458.14,255.77,-0.003030175711728589,0.0038138764141137926,0.004871100301377846
332,18,1604.9452071539567,321.1367348855089,1604.95,321.14,0.004792846043301324,0.0032651144911142183,0.005799340120640729
332,19,1831.0269506393818,424.5131254409922,1831.03,424.51,0.003049360618206265,-0.003125440992221229,0.004366575497540849
332,21,1852.5134702278967,359.66641115246097,1852.51,359.67,-0.0034702278967415623,0.0035888475390493113,0.004992224785991079
332,22,1856.9582312932448,296.7369895978095,1856.96,296.74,0.0017687067552287772,0.0030104021905117406,0.0034915390495639303
332,24,1674.2059594924476,186.75909299096486,1674.21,186.76,0.004040507552417694,0.000907009035131523,0.004141058641332508
332,25,1829.7262668843587,238.48314890503394,1829.73,238.48,0.0037331156413529243,-0.0031489050339530422,0.004883825888027609
332,26,1969.1986482700825,292.1484361940198,1969.2,292.15,0.0013517299175873632,0.0015638059801972304,0.002067042068706237
332,30,211.91221533856432,455.4970529146108,211.91,455.5,-0.00221533856432643,0.0029470853892235027,0.003686873641171681
332,31,855.8298346411884,415.5273688577608,855.83,415.53,0.0001653588116141691,0.002631142239181372,0.002636333252717269
333,13,536.3321210398574,230.61251590601267,536.33,230.61,-0.002121039857343021,-0.002515906012661162,0.003290682777324835
333,14,554.453512000216,360.73064519769355,554.45,360.73,-0.0035120002160056174,-0.0006451976935295534,0.0035707738070282972
333,15,577.5063975105074,519.5949626854718,577.51,519.59,0.003602489492550376,-0.004962685471809891,0.006132387596690936
333,16,633.8731610440607,958.0021841576479,633.87,958.0,-0.003161044060675522,-0.002184157647889151,0.0038422316671909125
333,17,1464.8572726317839,256.32463959268944,1464.86,256.32,0.0027273682160284807,-0.0046395926894433615,0.005381854486117091
333,18,1611.7089053654677,321.6025511641317,1611.71,321.6,0.00109463453236458,-0.002551164131659789,0.0027760877482731826
333,19,1837.5202129795364,425.1348440807442,1837.52,425.13,-0.000212979536399871,-0.00484408074419207,0.004848760515758383
333,21,1859.1351026709226,360.2498083643457,1859.14,360.25,0.0048973290774938505,0.00019163565428925722,0.00490107705685818
333,22,1863.7186734699335,297.3027421983571,1863.72,297.3,0.0013265300665352697,-0.002742198357111647,0.003046199902693171
333,24,1681.1544696193357,187.56931974322364,1681.15,187.57,-0.004469619335623065,0.0006802567763486422,0.004521089059855359
333,25,1836.544700163269,239.11236167877547,1836.54,239.11,-0.004700163269035329,-0.0023616787754576762,0.005260138913948579
333,30,222.43416150392324,455.1227896859581,222.43,455.12,-0.004161503923228338,-0.0027896859580778255,0.005010036192258639
333,31,863.6223759808913,415.6455266433206,863.62,415.65,-0.002375980891315521,0.004473356679397966,0.005065195472734581
334,13,544.2490907798931,231.2093869295095,544.25,231.21,0.0009092201069051953,0.0006130704905160655,0.001096602311297174
334,14,562.590134000162,360.79798389827016,562.59,360.8,-0.0001340001620064868,0.0020161017298505612,0.00202054998169414
334,15,585.3797981328805,519.6962220141039,585.38,519.7,0.00020186711947189906,0.0037779858961357604,0.003783375181676357
334,16,641.1548707830455,956.2516381182359,641.15,956.25,-0.004870783045475946,-0.00163811823586002,0.005138867465770359
334,17,1472.142954473838,256.9934796945171,1472.14,256.99,-0.0029544738379172486,-0.0034796945170683102,0.0045647770581982135
334,18,1618.7816790241009,322.20191337309876,1618.78,322.2,-0.0016790241008948215,-0.0019133730987732633,0.002545607696895746
334,19,1844.3901597346523,425.60113306055814,1844.39,425.6,-0.00015973465224305983,-0.0011330605581179043,0.001144264561842963
334,21,1866.101327003192,360.9373562732593,1866.1,360.94,-0.001327003192045595,0.0026437267407004583,0.0029580785235003254
334,22,1870.7890051024501,297.97705664876787,1870.79,297.98,0.0009948975498446089,0.0029433512321475064,0.003106949888632105
334,24,1688.6158522145017,188.42698980741773,1688.62,188.43,0.004147785498162193,0.0030101925822805242,0.005124976480061278
334,25,1843.6585251224517,239.83427125908162,1843.66,239.83,0.001474877548389486,-0.004271259081605194,0.004518729680445405
334,30,232.57562112794244,454.84209226446853,232.58,454.84,0.004378872057571925,-0.002092264468558369,0.004853049670359455
334,31,871.4667819856685,415.9841449824904,871.47,415.98,0.0032180143315372334,-0.0041449824904020716,0.005247522852138787
335,13,552.4368180849199,231.65704019713212,552.44,231.66,0.0031819150801766227,0.00295980286787767,0.004345689426794358
335,14,570.6926005001216,361.09848792370263,570.69,361.1,-0.0026005001215025914,0.001512076297387921,0.0030081515272767354
335,15,593.5348485996603,519.5221665105779,593.53,519.52,-0.0048485996603631065,-0.002166510577922054,0.005310620185131053
335,16,648.6161530872841,954.6887285886769,648.62,954.69,0.0038469127158577976,0.0012714113231595547,0.004051570583870747
335,17,1479.3572158553784,257.4951097708878,1479.36,257.5,0.0027841446215006727,0.004890229112220368,0.0056272375143971605
335,18,1625.8362592680755,322.9014350298241,1625.84,322.9,0.00374073192438118,-0.0014350298241083692,0.0040065428895950965
335,19,1851.0426198009893,426.2008497954186,1851.04,426.2,-0.0026198009893505514,-0.0008497954186168499,0.0027541803639747914
335,21,1872.825995252394,361.45301720494444,1872.83,361.45,0.004004747605904413,-0.003017204944455898,0.005014132932406783
335,22,1877.5917538268377,298.48279248657593,1877.59,298.48,-0.0017538268377847999,-0.0027924865759132445,0.0032975581653080675
335,24,1695.9618891608764,189.3202423555633,1695.96,189.32,-0.0018891608763169643,-0.00024235556330154395,0.0019046430205342652
335,25,1850.4938938418388,240.62570344431123,1850.49,240.63,-0.003893841838817025,0.004296555688767967,0.005798482133490309
335,30,242.43171584595683,454.6315691983514,242.43,454.63,-0.001715845956823614,-0.0015691983513761443,0.002325190489725423
335,31,879.6000864892513,416.23810873686784,879.6,416.24,-8.648925131637952e-05,0.0018912631321654771,0.0018932397169089917
336,13,561.82761356369,232.2427801478491,561.83,232.24,0.0023864363100756236,-0.0027801478490800946,0.0036639187115426065
336,14,580.0194503750912,361.073865942777,580.02,361.07,0.0005496249087855176,-0.0038659427769971444,0.0039048176776097857
336,15,602.6511364497453,519.1416248829335,602.65,519.14,-0.001136449745331447,-0.0016248829334699622,0.001982867260092279
336,16,656.9621148154631,952.5165464415077,656.96,952.52,-0.0021148154630736826,0.003453558492310549,0.004049630934130401
336,17,1486.517911891534,258.12133232816586,1486.52,258.12,0.002088108466068661,-0.0013323281658585984,0.002476952827085682
336,18,1633.1271944510568,323.67607627236805,1633.13,323.68,0.0028055489433427283,0.003923727631956808,0.004823561278067573
336,19,1857.781964850742,426.65063734656394,1857.78,426.65,-0.001964850742069757,-0.0006373465639626374,0.0020656352730351636
336,21,1879.6194964392955,362.08976290370833,1879.62,362.09,0.00050356070437374,0.00023709629164159196,0.0005565860530947321
336,22,1884.4438153701283,299.112094364932,1884.44,299.11,-0.0038153701282226393,-0.002094364931963355,0.004352403207834897
336,24,1703.2214168706573,190.24018176667246,1703.22,190.24,-0.0014168706572945666,-0.00018176667245484168,0.0014284822654543677
336,25,1857.370420381379,241.4692775832334,1857.37,241.47,-0.0004203813791718858,0.0007224167665924597,0.000835826829318347
336,30,254.3237868844676,453.97367689876353,254.32,453.97,-0.0037868844676154367,-0.0036768987635014128,0.005278264723193151
336,31,888.2000648669385,416.1785815526509,888.2,416.18,-6.486693848728464e-05,0.0014184473491241079,0.001419929787681744
337,13,571.8707101727675,232.93208511088682,571.87,232.93,-0.0007101727675262737,-0.002085110886810071,0.002202733022867231
337,14,590.0145877813184,361.30539945708273,590.01,361.31,-0.004587781318377893,0.004600542917273742,0.006497132641322231
337,15,611.9883523373089,519.1062186622,611.99,519.11,0.001647662691084406,0.003781337799978246,0.004124719129969437
337,16,664.9715861115974,950.6374098311308,664.97,950.64,-0.0015861115973621054,0.0025901688692329117,0.003037223200627486
337,17,1493.8884339186504,259.0909992461244,1493.89,259.09,0.0015660813496651826,-0.0009992461244223705,0.0018577146204253891
337,18,1640.3453958382925,324.50705720427607,1640.35,324.51,0.004604161707447929,0.0029427957239249736,0.005464279614101107
337,19,1864.3364736380565,427.4879780099229,1864.34,427.49,0.0035263619433862914,0.0020219900770825916,0.004064932032344896
337,21,1886.2146223294717,363.06732217778125,1886.21,363.07,-0.004622329471658304,0.002677822218743131,0.005341971694024157
337,22,1891.3328615275962,300.08407077369895,1891.33,300.08,-0.002861527596223823,-0.0040707736989702425,0.004975895767816922
337,24,1710.6660626529929,191.43013632500436,1710.67,191.43,0.003937347007195058,-0.0001363250043482367,0.003939706329395431
337,25,1864.2778152860342,242.60195818742505,1864.28,242.6,0.002184713965789342,-0.001958187425060487,0.0029338495366974795
337,30,266.4928401633507,453.4802576740726,266.49,453.48,-0.0028401633506973667,-0.0002576740725999116,0.0028518281481068803
337,31,897.4000486502039,416.38393616448815,897.4,416.38,-4.865020389388519e-05,-0.003936164488152372,0.00393646513005396
338,13,582.6530326295756,233.6990638331651,582.65,233.7,-0.00303262957561401,0.000936166834890173,0.0031738384466820447
338,14,600.5109408359888,361.47904959281203,600.51,361.48,-0.0009408359887856932,0.0009504071879860021,0.0013373280004433516
338,15,621.9912642529816,518.82966399665,621.99,518.83,-0.0012642529816275783,0.0003360033500712234,0.0013081413734047657
338,16,673.728689583698,948.4780573733481,673.73,948.48,0.0013104163019761472,0.0019426266519531055,0.0023432859819841395
338,17,1501.4163254389878,260.0682494345933,1501.42,260.07,0.0036745610123034567,0.0017505654066667375,0.004070242975076412
338,18,1647.5090468787193,325.3802929032071,1647.51,325.38,0.000953121280645064,-0.0002929032070824178,0.0009971120620761002
338,19,1870.7523552285425,428.3659835074422,1870.75,428.37,-0.002355228542455734,0.00401649255780967,0.004656105019663821
338,21,1892.6609667471039,364.0504916333359,1892.66,364.05,-0.0009667471038028452,-0.0004916333359119562,0.0010845751701431799
338,22,1897.9996461456972,301.06305308027424,1898.0,301.06,0.0003538543028298591,-0.0030530802742418928,0.0030735178588380055
338,24,1717.9995469897447,192.82260224375327,1718.0,192.82,0.0004530102553417237,-0.0026022437532731146,0.002641380480524099
338,25,1870.9583614645258,243.9514686405688,1870.96,243.95,0.0016385354742851632,-0.0014686405688166815,0.002200387152495008
338,30,278.86963012251306,453.11019325555446,278.87,453.11,0.00036987748694627953,-0.0001932555544499337,0.00041732129669529985
338,31,907.050036487653,416.5379521233661,907.05,416.54,-3.648765300567902e-05,0.0020478766339238064,0.0020482016640440857
339,13,592.7397744721817,233.5242978748738,592.74,233.52,0.00022552781831564062,-0.004297874873799401,0.004303788009146179
339,14,610.1332056269916,361.359287194609,610.13,361.36,-0.0032056269916438396,0.0007128053910037124,0.0032839208174070653
339,15,629.7434481897362,520.1222479974874,629.74,520.12,-0.00344818973621841,-0.002247997487415887,0.004116248918662491
339,17,1506.5622440792408,261.301187075945,1506.56,261.3,-0.002244079240881547,-0.0011870759449834623,0.0025387085178322226
339,18,1652.3817851590395,326.2852196774053,1652.38,326.29,-0.0017851590394002415,0.004780322594740483,0.005102771492604658
339,19,1874.564266421407,430.77448763058163,1874.56,430.77,-0.004266421407010057,-0.004487630581650137,0.006192025505402511
339,21,1897.245725060328,366.03786872500194,1897.25,366.04,0.004274939672086475,0.00213127499807797,0.004776760651049105
339,22,1902.2497346092728,303.2972898102057,1902.25,303.3,0.00026539072723608115,0.002710189794299822,0.00272315276090597
339,24,1722.7496602423084,194.61695168281494,1722.75,194.62,0.0003397576915631362,0.003048317185061933,0.0030671930082275907
339,25,1875.2187710983944,245.9636014804266,1875.22,245.96,0.0012289016056001856,-0.0036014804265960265,0.0038053725730079323
339,30,293.90222259188477,452.3326449416659,293.9,452.33,-0.0022225918847880166,-0.00264494166589202,0.003454798272301467
339,31,915.5375273657397,416.9034640925246,915.54,416.9,0.002472634260243467,-0.003464092524609441,0.004256037735263255
340,13,603.0548308541363,233.89322340615536,603.05,233.89,-0.004830854136343987,-0.003223406155370867,0.005807538112583902
340,14,620.0999042202437,361.2694653959568,620.1,361.27,9.577975629326829e-05,0.0005346040431959409,0.0005431162349967503
340,15,638.0575861423022,521.0916859981155,638.06,521.09,0.0024138576977748016,-0.0016859981154766501,0.002944367271672724
340,17,1513.4216830594305,262.4758903069587,1513.42,262.48,-0.0016830594304337865,0.004109693041300488,0.004440975786928562
340,18,1659.0363388692797,327.463914758054,1659.04,327.46,0.003661130720274741,-0.003914758054008871,0.005359963504760715
340,19,1880.1731998160553,432.8308657229362,1880.17,432.83,-0.0031998160552575428,-0.0008657229362256658,0.003314860327342787
340,21,1903.184293795246,368.02840154375144,1903.18,368.03,-0.004293795245985166,0.0015984562485300557,0.004581674365656031
340,22,1908.1873009569545,305.2229673576543,1908.19,305.22,0.0026990430455953174,-0.002967357654256375,0.004011239809616266
340,24,1729.3122451817312,196.7127137621112,1729.31,196.71,-0.0022451817312685307,-0.002713762111199003,0.0035221223435027388
340,25,1881.4140783237958,247.97270111031995,1881.41,247.97,-0.00407832379573847,-0.00270111031994702,0.004891699289961611
340,30,307.4266669439136,451.7494837062494,307.43,451.75,0.0033330560864328618,0.0005162937505929222,0.0033728062666284957
340,31,924.4031455243048,417.1775980693934,924.4,417.18,-0.003145524304841274,0.002401930606595215,0.003957725835785754
341,13,614.0411231406022,234.66991755461652,614.04,234.67,-0.0011231406022034207,8.244538346957597e-05,0.0011261625342610666
341,14,630.8249281651828,361.4520990469676,630.82,361.45,-0.004928165182718658,-0.0020990469676007706,0.005356567020056261
341,15,647.5431896067266,521.5687644985867,647.54,521.57,-0.0031896067266643513,0.001235501413361817,0.0034205342876810233
341,17,1521.0662622945729,264.10691773021904,1521.07,264.11,0.003737705427056426,0.0030822697809753663,0.004844670149985548
341,18,1666.5272541519598,328.8479360685405,1666.53,328.85,0.0027458480401492125,0.0020639314595314318,0.003435039232561226
341,19,1886.3798998620414,434.62314929220213,1886.38,434.62,0.00010013795872509945,-0.003149292202124343,0.0031508838418987813
341,21,1909.6382203464345,370.0213011578136,1909.64,370.02,0.0017796535655634216,-0.0013011578136001845,0.002204581245795993
341,22,1914.8904757177158,307.4172255182407,1914.89,307.42,-0.0004757177157443948,0.002774481759331593,0.00281497004920777
341,24,1736.7341838862985,198.7845353215834,1736.73,198.78,-0.004183886298505968,-0.004535321583404084,0.0061704170380710004
341,25,1888.0605587428468,249.97952583273997,1888.06,249.98,-0.0005587428468061262,0.0004741672600232505,0.0007328220516161963
341,30,321.0700002079352,451.312112779687,321.07,451.31,-2.0793521571249585e-07,-0.002112779687024613,0.0021127796972568807
341,31,934.0523591432286,417.6331985520451,934.05,417.63,-0.002359143228659377,-0.003198552045091674,0.003974454925960227
342,13,625.7808423554516,235.7524381659624,625.78,235.75,-0.0008423554515957221,-0.002438165962388439,0.002579576703062457
342,14,642.118696123887,361.8390742852257,642.12,361.84,0.0013038761129564591,0.0009257147742687266,0.0015990749704869515
342,15,657.907392205045,521.9265733739401,657.91,521.93,0.002607794954997189,0.0034266260598769804,0.004306084147057142
342,17,1529.0496967209297,265.8301882976643,1529.05,265.83,0.0003032790702945931,-0.00018829766429462325,0.000356979277910586
342,18,1674.1454406139699,330.38595205140535,1674.15,330.39,0.0045593860302233225,0.004047948594632089,0.00609703934687808
342,19,1892.784924896531,436.4673619691516,1892.78,436.47,-0.004924896531065315,0.0026380308484021953,0.005586932306625952
342,21,1916.228665259826,371.7659758683602,1916.23,371.77,0.0013347401741157228,0.0040241316397668925,0.0042397130547445604
342,22,1921.6678567882868,309.5629191386805,1921.67,309.56,0.0021432117132462736,-0.0029191386805109687,0.0036214261118862204
342,24,1744.300637914724,201.08840149118754,1744.3,201.09,-0.0006379147239385929,0.001598508812463706,0.0017210943084391916
342,25,1894.795419057135,252.234644374555,1894.8,252.23,0.004580942865004545,-0.004644374554999331,0.006523438705127939
342,30,334.5525001559514,450.98408458476524,334.55,450.98,-0.0025001559513952998,-0.004084584765223553,0.0047890095516289885
342,31,944.0392693574215,418.2248989140338,944.04,418.22,0.0007306425784463499,-0.00489891403378806,0.004953099765589658
343,13,637.5856317665887,237.06432862447178,637.59,237.06,0.004368233411355504,-0.00432862447178195,0.00614967096305096
343,14,653.8390220929152,362.3793057139193,653.84,362.38,0.0009779070848026095,0.0006942860807157558,0.0011993062279429649
343,15,668.6805441537838,522.194930030455,668.68,522.19,-0.0005441537838350996,-0.004930030454943335,0.004959970123612726
343,17,1537.2872725406974,267.6226412232482,1537.29,267.62,0.0027274593026049843,-0.002641223248190272,0.003796721545510974
343,18,1682.1090804604773,332.039464038554,1682.11,332.04,0.0009195395225560787,0.0005359614460189732,0.001064334348389363
343,19,1899.0886936723982,438.1005214768637,1899.09,438.1,0.0013063276016964664,-0.0005214768636960798,0.0014065667144946739
343,21,1922.6714989448694,373.82448190127013,1922.67,373.82,-0.0014989448693540908,-0.004481901270139588,0.004725915225291478
343,22,1928.2508925912152,311.67218935401036,1928.25,311.67,-0.0008925912152335513,-0.002189354010340594,0.0023643159814429517
343,24,1751.975478436043,203.56630111839064,1751.98,203.57,0.004521563957041508,0.003698881609352611,0.005841769062332387
343,25,1901.5965642928513,254.67598328091623,1901.6,254.68,0.0034357071485828783,0.004016719083779208,0.005285651881160882
343,30,347.9143751169636,450.73806343857393,347.91,450.74,-0.004375116963558412,0.0019365614260777875,0.0047845499894753965
343,31,954.5294520180662,418.66867418552533,954.53,418.67,0.000547981933777919,0.0013258144746828293,0.0014345968845029236
344,13,649.1892238249416,238.54824646835385,649.19,238.55,0.0007761750584904803,0.00175353164615899,0.0019176342079509736
344,14,665.3792665696865,363.0344792854395,665.38,363.03,0.000733430313516692,-0.004479285439515479,0.004538933583281493
344,15,679.5104081153379,522.3961975228412,679.51,522.4,-0.0004081153379047464,0.003802477158728834,0.003824315712867808
344,17,1545.215454405523,269.46698091743616,1545.22,269.47,0.004545594477121995,0.0030190825638669594,0.005456857032934569
344,18,1689.331810345358,333.77959802891553,1689.33,333.78,-0.0018103453580806672,0.00040197108444317564,0.0018544355120231715
344,19,1904.8165202542987,439.82539110764776,1904.82,439.83,0.003479745701270076,0.004608892352223393,0.0057749908103728485
344,21,1928.2536242086521,375.61836142595257,1928.25,375.62,-0.003624208652126981,0.0016385740474333943,0.003977412885667557
344,22,1933.9381694434114,313.7541420155078,1933.94,313.75,0.0018305565886294062,-0.004142015507795804,0.004528490906581956
344,24,1758.7316088270322,206.174725838793,1758.73,206.17,-0.0016088270322143217,-0.004725838793007142,0.0049921815589053595
344,25,1907.4474232196385,257.0069874606872,1907.45,257.01,0.0025767803615508456,0.003012539312805984,0.00396423891092296
344,30,360.6857813377227,450.5535475789304,360.69,450.55,0.004218662277310159,-0.00354757893040869,0.005512025732657587
344,31,965.1470890135497,419.251505639144,965.15,419.25,0.002910986450274322,-0.0015056391439998151,0.0032773146546563386
345,13,660.8919178687062,239.91118485126538,702.5,248.2,41.60808213129383,8.288815148734614,42.425663874763174
345,14,677.2844499272649,363.52585946407964,714.7,369.8,37.415550072735186,6.274140535920367,37.93795232626338
345,15,690.6328060865035,522.5471481421309,734.3,520.5,43.667193913496476,-2.0471481421309363,43.7151534344183
345,17,1553.4115908041422,271.60023568807713,1583.5,278.9,30.08840919585782,7.299764311922843,30.961248795018005
345,18,1696.9988577590184,335.8346985216866,1710.5,342.1,13.501142240981608,6.265301478313404,14.884046641467298
345,19,1911.112390190724,441.86904333073585,1920.0,447.1,8.887609809276,5.230956669264174,10.312735611740385
345,21,1934.4402181564892,377.9637710694644,1934.44,377.96,-0.00021815648915435304,-0.0037710694644488285,0.003777374373749381
345,22,1939.9536270825586,316.31560651163085,1939.95,316.32,-0.003627082558523398,0.004393488369146326,0.0056972333580579855
345,24,1765.798706620274,208.88104437909476,1765.8,208.88,0.0012933797258938284,-0.0010443790947647358,0.0016623955031624706
345,25,1913.5855674147288,259.7552405955154,1913.59,259.76,0.00443258527116086,0.004759404484616425,0.006503825277042668
345,30,373.764336003292,450.1651606841978,430.9,449.1,57.13566399670799,-1.0651606841977923,57.14559184773463
345,31,976.1103167601623,419.938629229358,997.9,427.2,21.7896832398377,7.261370770641975,22.96775568402794
346,13,672.9189384015297,241.68338863844903,672.92,241.68,0.0010615984703008507,-0.0033886384490244836,0.003551036728950035
346,14,689.2133374454486,364.14439459805976,689.21,364.14,-0.0033374454485510796,-0.00439459805977549,0.00551824557527452
346,15,701.9746045648776,522.4103611065982,701.97,522.41,-0.004604564877581652,-0.0003611065982340733,0.004618702814335072
346,17,1561.8086931031066,273.70017676605784,1561.81,273.7,0.0013068968933112046,-0.00017676605784799904,0.0013187970764881153
346,18,1704.7491433192638,337.87602389126494,1704.75,337.88,0.0008566807362058171,0.0039761087350598245,0.0040673508032631235
346,19,1917.584292643043,443.6517824980519,1917.58,443.65,-0.00429264304307253,-0.0017824980519094424,0.004648019320129807
346,21,1940.580163617367,380.2228283020983,1940.58,380.22,-0.00016361736697945162,-0.002828302098293989,0.0028330307802760402
346,24,1773.0990299652055,211.66078328432107,1773.1,211.66,0.0009700347943635279,-0.0007832843210735518,0.0012467966273276274
346,25,1919.9391755610466,262.31643044663656,1919.94,262.32,0.0008244389534866059,0.003569553363433897,0.0036635243690234047
346,30,387.32325200246896,449.87387051314835,387.32,449.87,-0.00325200246896884,-0.003870513148342525,0.005055333034496521
346,31,986.8327375701217,420.7039719220185,986.83,420.7,-0.0027375701216669768,-0.003971922018536134,0.00482394596698345
347,13,685.1892038011472,243.26254147883677,685.19,243.26,0.0007961988528677466,-0.002541478836775468,0.0026632775467617907
347,14,701.4100030840864,364.8582959485448,701.41,364.86,-3.0840864155834424e-06,0.001704051455192257,0.0017040542460649154
347,15,713.7309534236582,522.3077708299486,713.73,522.31,-0.0009534236581885125,0.002229170051350593,0.0024245032047477215
347,17,1570.60651982733,275.77513257454336,1570.61,275.78,0.0034801726699242863,0.004867425456609453,0.005983596943990937
347,18,1712.811857489448,339.9070179184487,1712.81,339.91,-0.0018574894479570503,0.002982081551351712,0.003513271613209548
347,19,1924.1882194822822,445.4888368735389,1924.19,445.49,0.001780517717861585,0.001163126461108277,0.002126759626321059
347,21,1946.935122713025,382.4171212265737,1946.94,382.42,0.0048772869749882375,0.0028787734262891718,0.00566350286274304
347,24,1780.574272473904,214.4955874632408,1780.57,214.5,-0.004272473904165963,0.004412536759190289,0.006142028485198085
347,30,400.9924390018517,449.65540288486125,400.99,449.66,-0.002439001851712419,0.004597115138778918,0.005204055882852039
347,31,997.8745531775912,421.2779789415139,997.87,421.28,-0.004553177591219537,0.0020210584860933523,0.00498157641529202
348,13,697.1419028508603,244.94690610912758,697.14,244.95,-0.0019028508603469163,0.003093890872406746,0.0036322172466807068
348,14,713.3075023130648,365.64372196140863,713.31,365.64,0.002497686935157617,-0.0037219614086438924,0.0044823472370501905
348,15,725.2982150677436,522.2308281224614,725.3,522.23,0.0017849322563279202,-0.0008281224613710947,0.001967681369202646
348,17,1578.9548898704975,278.0813494309075,1578.95,278.08,-0.004889870497436277,-0.0013494309075099409,0.005072651895787923
348,18,1720.608893117086,341.9302634388365,1720.61,341.93,0.0011068829139730951,-0.00026343883649815325,0.0011378004244247191
348,19,1930.6411646117117,447.36662765515416,1930.64,447.37,-0.0011646117116015375,0.003372344845843145,0.0035677766463281147
348,24,1787.9307043554281,217.62169059743061,1787.93,217.62,-0.0007043554280699027,-0.0016905974306098415,0.0018314574091242563
348,30,414.74432925138876,449.2415521636459,414.74,449.24,-0.004329251388753619,-0.0015521636458970534,0.004599090080730054
348,31,1008.6559148831934,421.9584842061354,1008.66,421.96,0.004085116806550104,0.001515793864598436,0.004357270976553143
349,13,709.3564271381452,246.7101795818457,755.3,255.0,45.943572861854705,8.289820418154306,46.685468937109334
349,14,725.4806267347985,366.4827914710565,766.4,375.7,40.91937326520144,9.217208528943502,41.944630663327
349,15,736.9736613008077,522.173121091846,782.0,520.6,45.02633869919225,-1.5731210918460192,45.053811011100805
349,17,1586.966167402873,280.3110120731806,1613.0,284.5,26.033832597127002,4.1889879268193795,26.368694687949024
349,18,1727.9566698378144,344.1976975791274,1738.4,348.4,10.443330162185703,4.20230242087257,11.257108443685222
349,19,1936.7308734587837,449.5249707413656,1936.73,449.52,-0.0008734587836443097,-0.004970741365639242,0.00504690003574496
349,24,1794.698028266571,220.46626794807295,1850.8,216.3,56.101971733428854,-4.166267948072942,56.256457593716206
349,30,429.0582469385416,448.93116412273446,494.2,450.6,65.14175306145842,1.6688358772655647,65.16312611519858
349,31,1019.2419361623951,422.71886315460154,1040.2,425.9,20.958063837604982,3.1811368453984414,21.198114808875747
350,13,721.267320353609,248.78263468638426,721.27,248.78,0.002679646391015922,-0.002634686384254792,0.0037579352208709296
350,14,737.3604700510989,367.36209360329235,737.36,367.36,-0.00047005109888687,-0.0020936032923373205,0.0021457219720295594
350,15,748.4802459756058,522.3798408188845,748.48,522.38,-0.00024597560582151345,0.00015918111546397995,0.0002929891229715149
350,17,1594.4746255521547,282.7332590548855,1594.47,282.73,-0.0046255521547209355,-0.00325905488546141,0.005658371804900538
350,18,1734.4675023783607,346.39827318434556,1734.47,346.4,0.0024976216393497452,0.0017268156544218982,0.003036446304103637
350,19,1941.7981550940876,451.3937280560242,1941.8,451.39,0.0018449059123213374,-0.0037280560242152205,0.004159576846868636
350,24,1800.7735211999284,223.5997009610547,1800.77,223.6,-0.003521199928400165,0.0002990389452861564,0.003533875100589038
350,30,443.5436852039062,448.9483730920508,443.54,448.95,-0.0036852039061727737,0.0016269079491735283,0.004028344238661225
350,31,1029.6814521217962,423.5391473659512,1029.68,423.54,-0.0014521217960918875,0.0008526340488401729,0.001683936617550291
351,13,733.4504902652068,250.5869760147882,733.45,250.59,-0.0004902652067357849,0.003023985211797253,0.0030634696887849506
351,14,749.5203525383242,368.27157020246926,749.52,368.27,-0.00035253832425041765,-0.001570202469281412,0.0016092914790685794
351,15,760.1101844817044,522.2848806141634,760.11,522.28,-0.0001844817044229785,-0.004880614163425889,0.004884099519000426
351,17,1601.855969164116,285.04994429116414,1601.86,285.05,0.004030835883895634,5.570883587324715e-05,0.00403122083211712
351,18,1740.8506267837706,348.5487048882592,1740.85,348.55,-0.000626783770712791,0.0012951117408306345,0.0014388093398592814
351,19,1947.0986163205657,453.54529604201815,1947.1,453.55,0.0013836794341841596,0.004703957981860185,0.004903242750638637
351,24,1806.5801408999464,226.69977572079102,1806.58,226.7,-0.0001408999464729277,0.00022427920896461728,0.00026486592549791743
351,30,458.6577639029297,448.7112798190381,458.66,448.71,0.0022360970703516614,-0.0012798190381317909,0.0025764446197036463
351,31,1040.011089091347,424.4043605244634,1040.01,424.4,-0.0010890913470120722,-0.004360524463436377,0.004494473668669522
352,13,745.587867698905,252.19023201109115,745.59,252.19,0.002132301095002731,-0.00023201109115689178,0.0021448862688193183
352,14,761.6402644037432,368.95367765185193,761.64,368.95,-0.00026440374324465665,-0.0036776518519445744,0.003687144217894541
352,15,771.8326383612783,522.2136604606226,771.83,522.21,-0.0026383612782865384,-0.0036604606225409952,0.004512197048438265
352,17,1609.641976873087,287.2874582183731,1609.64,287.29,-0.0019768730869600404,0.0025417816269168725,0.003220043639592343
352,18,1747.6379700878279,350.6615286661944,1747.64,350.66,0.00202991217224735,-0.0015286661943605395,0.0025411343452912305
352,19,1953.0739622404244,455.6589720315136,1953.07,455.66,-0.00396224042447102,0.0010279684864258343,0.004093417690683044
352,24,1812.9351056749597,229.52483179059328,1812.94,229.52,0.00489432504036813,-0.0048317905932719896,0.006877544470085685
352,30,473.49332292719726,448.2834598642786,473.49,448.28,-0.0033229271972459173,-0.003459864278624991,0.004797135185160185
352,31,1050.5083168185101,425.3032703933476,1050.51,425.3,0.001683181489852359,-0.003270393347577283,0.0036781207940549416
353,13,757.6909007741788,253.64267400831835,757.69,253.64,-0.0009007741787172563,-0.002674008318365395,0.002821651042870304
353,14,773.7301983028074,369.71525823888896,773.73,369.72,-0.00019830280734822736,0.00474176111106317,0.004745905860612199
353,15,783.6244787709587,522.1602453454669,783.62,522.16,-0.00447877095871263,-0.0002453454669648636,0.00448548589327487
353,17,1616.9814826548154,289.4655936637798,1616.98,289.47,-0.0014826548153905605,0.0044063362201995915,0.0046490928348489275
353,18,1754.478477565871,352.74614649964576,1754.48,352.75,0.0015224341291286692,0.0038535003542392587,0.004143340519153339
353,19,1959.3054716803183,457.74422902363517,1959.31,457.74,0.004528319681639914,-0.004229023635161866,0.006195992256764456
353,24,1819.2013292562197,232.39362384294498,1819.2,232.39,-0.0013292562196056679,-0.0036238429449895193,0.003859942977209723
353,30,488.1199921953979,447.712594898209,488.12,447.71,7.804602091709967e-06,-0.002594898208997165,0.0025949099458113193
353,31,1060.6312376138826,425.97745279501066,1060.63,425.98,-0.0012376138824947702,0.002547204989355123,0.002831950101950847
354,13,772.0181755806341,256.98200550623875,772.02,256.98,0.0018244193659029406,-0.0020055062387314138,0.002711191858993441
354,14,787.5476487271055,371.2864436791667,787.55,371.29,0.0023512728944297123,0.0035563208332973772,0.00426332054781538
354,15,797.468359078219,521.1201840091002,797.47,521.12,0.0016409217810178234,-0.00018400910016680427,0.001651206722479927
354,16,723.2965171877736,932.8585430300111,723.3,932.86,0.00348281222636615,0.0014569699889079857,0.0037752804601385672
354,17,1623.9861119911116,293.09919524783487,1623.99,293.1,0.003888008888452532,0.0008047521651519673,0.003970420527350053
354,18,1761.8588581744032,356.5596098747343,1761.86,356.56,0.001141825596732815,0.0003901252657101395,0.0012066330910014262
354,24,1826.1509969421647,237.04521788220873,1826.15,237.05,-0.0009969421646474075,0.004782117791279461,0.004884930321849372
354,30,505.3399941465484,446.78444617365676,505.34,446.78,5.853451568782475e-06,-0.004446173656788233,0.004446177509863153
354,31,1068.9734282104118,427.48308959625797,1068.97,427.48,-0.0034282104118119605,-0.0030895962579506886,0.00461500072207999
355,13,782.7636316854755,258.2365041296791,782.76,258.24,-0.0036316854755114036,0.0034958703209326814,0.005040857932318512
355,14,798.4107365453292,371.71483275937504,798.41,371.71,-0.0007365453292322854,-0.004832759375062778,0.004888564431330641
355,15,808.1012693086643,521.3401380068251,808.1,521.34,-0.0012693086642912021,-0.00013800682506825979,0.0012767890855619564
355,17,1631.4895839933338,294.82439643587617,1631.49,294.82,0.000416006666227986,-0.00439643587617411,0.004416074043724464
355,18,1768.6441436308023,358.16970740605075,1768.64,358.17,-0.004143630802218468,0.00029259394926839377,0.004153948416174921
355,24,1832.1132477066235,239.28391341165656,1832.11,239.28,-0.0032477066235969687,-0.003913411656554899,0.005085507753077896
355,30,518.7549956099112,446.58833463024257,518.75,446.59,-0.004995609911247811,0.001665369757404278,0.005265887846720072
355,31,1079.2300711578089,428.1123171971935,1079.23,428.11,-7.115780886124412e-05,-0.0023171971934630164,0.002318289513230566
356,13,794.0727237641066,259.6773780972593,794.07,259.68,-0.0027237641065767093,0.002621902740713722,0.003780643449207786
356,14,809.5580524089969,372.2861245695313,809.56,372.29,0.0019475910030450905,0.0038754304687245167,0.004337288557735179
356,15,818.8259519814983,521.5051035051188,818.83,521.51,0.004048018501748629,0.004896494881222679,0.006353118597377127
356,17,1638.3671879950002,296.6182973269071,1638.37,296.62,0.0028120049996687158,0.001702673092893292,0.003287319239049451
356,18,1774.7331077231017,359.87728055453806,1774.73,359.88,-0.003107723101720694,0.0027194454619348107,0.0041295673499055965
356,24,1837.3349357799675,241.9629350587424,1837.33,241.96,-0.004935779967581766,-0.002935058742394858,0.005742516322109145
356,30,532.3162467074335,446.4412509726819,532.32,446.44,0.0037532925665573202,-0.0012509726819303069,0.003956278268917688
356,31,1089.1725533683566,428.8342378978951,1089.17,428.83,-0.0025533683565299725,-0.0042378978951091995,0.004947673042299739
357,13,805.3045428230799,261.00803357294444,805.3,261.01,-0.004542823079987102,0.0019664270555495023,0.004950159280352561
357,14,820.6685393067477,372.9645934271485,820.67,372.96,0.0014606932522838179,-0.004593427148506635,0.004820082753014233
357,15,829.6194639861237,521.6288276288391,829.62,521.63,0.0005360138762853239,0.0011723711609192833,0.0012890946491726845
357,17,1644.7753909962503,298.4637229951803,1644.78,298.46,0.00460900374969242,-0.0037229951803396943,0.005924829843760189
357,18,1780.2998307923262,361.6579604159035,1780.3,361.66,0.00016920767370720569,0.0020395840965079515,0.0020465909516973733
357,24,1842.0012018349757,244.4722012940568,1842.0,244.47,-0.0012018349757454416,-0.0022012940567890382,0.0025080077418899224
357,30,545.7371850305751,446.33093822951145,545.74,446.33,0.0028149694248895685,-0.000938229511461941,0.002967208701665796
357,31,1098.8794150262675,429.62567842342133,1098.88,429.63,0.0005849737326570903,0.004321576578661279,0.004360988235839728
358,13,816.22840711731,262.25602517970833,816.23,262.26,0.001592882690033548,0.003974820291659853,0.00428211064957451
358,14,831.5014044800607,373.7234450703614,831.5,373.72,-0.0014044800607280195,-0.0034450703613515543,0.0037203593960322585
358,15,840.2145979895928,521.7216207216293,840.21,521.72,-0.004597989592753038,-0.0016207216292514204,0.004875268904849108
358,17,1651.3315432471877,300.0977922463852,1651.33,300.1,-0.0015432471877829812,0.002207753614811736,0.0026936569763639853
358,18,1786.2248730942447,363.24347031192764,1786.22,363.24,-0.004873094244658205,-0.0034703119276286998,0.005982483797918966
358,24,1847.250901376232,246.6041509705426,1847.25,246.6,-0.0009013762319227681,-0.004150970542610821,0.004247709448290698
358,30,558.5528887729313,446.24820367213357,558.55,446.25,-0.002888772931328276,0.0017963278664296922,0.003401735270782665
358,31,1108.1595612697006,430.219258817566,1108.16,430.22,0.0004387302994928177,0.000741182434012444,0.0008612988309417752
359,13,826.9213053379825,263.69201888478125,867.5,268.9,40.57869466201748,5.207981115218729,40.91153294328778
359,14,841.8760533600455,374.54258380277105,876.2,382.9,34.323946639954556,8.357416197228929,35.32675640978311
359,15,850.6609484921946,521.791215541222,889.1,515.6,38.4390515078054,-6.191215541221936,38.93445557212255
359,17,1657.9986574353907,301.5733441847889,1688.1,304.7,30.10134256460924,3.126655815211109,30.263291307766732
359,18,1792.1686548206835,364.6826027339457,1807.8,365.7,15.63134517931644,1.0173972660542745,15.664419852388853
359,24,1852.188176032174,248.70311322790695,1852.19,248.7,0.0018239678261124936,-0.0031132279069652213,0.0036081916012596377
359,30,571.1646665796984,446.4361527541002,625.3,449.3,54.13533342030155,2.8638472458998194,54.21103158560133
359,31,1117.6196709522756,430.9144441131745,1133.2,436.1,15.58032904772449,5.185555886825512,16.42061640410488
360,9,42.0,341.0,42.0,341.0,0.0,0.0,0.0
360,13,838.6909790034869,267.26901416358595,838.69,267.27,-0.000979003486804686,0.0009858364140313824,0.0013893600190037095
360,14,853.4070400200342,376.4069378520783,853.41,376.41,0.002959979965794446,0.003062147921752967,0.004258900244499805
360,15,862.245711369146,521.0934116559165,862.25,521.09,0.004288630854034636,-0.003411655916465861,0.005480123237166694
360,16,774.2223878908302,917.8939072725084,774.22,917.89,-0.0023878908301639967,-0.003907272508399728,0.004579170347527771
360,17,1662.748993076543,305.1800081385917,1662.75,305.18,0.0010069234569982655,-8.138591681472462e-06,0.001006956347081588
360,18,1797.3764911155126,368.0119520504593,1797.38,368.01,0.0035088844874735514,-0.0019520504592946963,0.004015317091098182
360,24,1856.3911320241305,253.27733492093023,1856.39,253.28,-0.0011320241303565126,0.0026650790697715365,0.002895535370159332
360,30,584.8734999347738,446.07711456557513,584.87,446.08,-0.0034999347737993958,0.0028854344248543384,0.004535997711748179
360,31,1124.2147532142067,432.18583308488087,1124.21,432.19,-0.0047532142066302185,0.004166915119128589,0.006321093805990682
361,9,44.75,341.0,44.75,341.0,0.0,0.0,0.0
361,13,850.0182342526151,270.20176062268945,850.02,270.2,0.00176574738486579,-0.0017606226894599786,0.0024935228256026984
361,14,864.5552800150256,377.8052033890587,864.56,377.81,0.004719984974371982,0.0047966109412982405,0.006729467637226535
361,15,873.1842835268594,520.3200587419374,873.18,520.32,-0.004283526859467202,-5.874193732324784e-05,0.0042839296178832625
361,16,813.9167909181226,906.6704304543813,813.92,906.67,0.0032090818773440333,-0.00043045438133049174,0.0032378229522172027
361,17,1667.8117448074072,308.38500610394374,1667.81,308.39,-0.0017448074072490272,0.004993896056248559,0.005289929178070911
361,18,1802.2823683366346,371.00896403784446,1802.28,371.01,-0.0023683366346176626,0.001035962155526704,0.0025850021281530215
361,24,1860.5433490180978,257.4580011906977,1860.54,257.46,-0.0033490180978787976,0.0019988093022789144,0.003900148823672815
361,30,598.1551249510803,445.55783592418135,598.16,445.56,0.004875048919643632,0.0021640758186549647,0.005333790970576715
361,31,1130.911064910655,433.13937481366065,1130.91,433.14,-0.001064910655031781,0.0006251863393345047,0.0012348654429089412
362,9,50.5625,341.25,50.56,341.25,-0.0024999999999977263,0.0,0.0024999999999977263
362,13,860.5136756894614,272.65132046701706,860.51,272.65,-0.0036756894613745317,-0.001320467017080773,0.0039056787066600843
362,14,874.9164600112692,378.853902541794,874.92,378.85,0.0035399887307221434,-0.0039025417939910767,0.005268904313753179
362,15,883.3882126451446,519.740044056453,883.39,519.74,0.001787354855423473,-4.405645302085759e-05,0.0017878977460298571
362,16,845.687593188592,898.0028228407859,845.69,898.0,0.0024068114080364467,-0.0028228407859387517,0.003709605269649817
362,17,1672.8588086055554,311.0387545779578,1672.86,311.04,0.0011913944445041125,0.0012454220422455364,0.0017235129200868515
362,18,1807.2117762524758,373.75672302838336,1807.21,373.76,-0.0017762524757927167,0.0032769716166285434,0.0037274140947778857
362,24,1864.6575117635734,261.09350089302325,1864.66,261.09,0.0024882364266431978,-0.003500893023272056,0.004295063733551467
362,30,610.1163437133102,445.168376943136,610.12,445.17,0.0036562866897611457,0.0016230568639912235,0.004000343227958514
362,31,1137.6832986829913,434.1045311102455,1137.68,434.1,-0.003298682991271562,-0.004531110245466152,0.005604664979592682
363,9,57.671875,341.6875,66.5,339.3,8.828125,-2.3874999999999886,9.145269119365759
363,10,-32.0,407.0,-32.0,407.0,0.0,0.0,0.0
363,13,869.885256767096,274.7384903502628,902.1,272.7,32.21474323290397,-2.038490350262805,32.27917477988009
363,14,884.187345008452,379.8904269063455,910.5,385.7,26.312654991548015,5.809573093654478,26.94637178238938
363,15,892.7911594838585,519.3050330423398,920.4,517.3,27.608840516141527,-2.0050330423398464,27.681550392754602
363,16,871.265694891444,891.0021171305895,945.1,862.9,73.83430510855601,-28.102117130589477,79.0014784550562
363,17,1677.6441064541666,313.52906593346836,1710.9,310.4,33.25589354583349,-3.1290659334683824,33.402776967608574
363,18,1811.4088321893569,376.0675422712875,1832.2,371.9,20.791167810643174,-4.167542271287516,21.204741628072085
363,24,1867.9931338226802,264.32012566976744,1867.99,264.32,-0.0031338226801835845,-0.00012566976744210479,0.0031363414165683523
363,30,621.0872577849827,445.126282707352,663.0,451.1,41.91274221501726,5.973717292648018,42.336311344695254
363,31,1144.0124740122435,434.8283983326841,1159.6,435.9,15.587525987756408,1.0716016673158606,15.624317474769114
