frame,cid,orig_x,orig_y,cvat_x,cvat_y,dx,dy,dist_px
0,0,663.0,237.0,663.0,237.0,0.0,0.0,0.0
0,1,522.0,292.0,522.0,292.0,0.0,0.0,0.0
0,2,369.0,346.0,369.0,346.0,0.0,0.0,0.0
0,6,501.0,353.0,501.0,353.0,0.0,0.0,0.0
0,7,202.0,473.0,202.0,473.0,0.0,0.0,0.0
0,8,511.0,415.0,511.0,415.0,0.0,0.0,0.0
0,9,892.0,309.0,892.0,309.0,0.0,0.0,0.0
0,10,765.0,378.0,765.0,378.0,0.0,0.0,0.0
0,11,549.0,481.0,549.0,481.0,0.0,0.0,0.0
0,12,304.0,612.0,304.0,612.0,0.0,0.0,0.0
0,13,1850.0,285.0,1850.0,285.0,0.0,0.0,0.0
0,14,1854.0,427.0,1854.0,427.0,0.0,0.0,0.0
0,15,1857.0,600.0,1857.0,600.0,0.0,0.0,0.0
0,30,1513.0,473.0,1513.0,473.0,0.0,0.0,0.0
1,0,663.0,237.0,663.0,237.0,0.0,0.0,0.0
1,1,522.0,292.0,522.0,292.0,0.0,0.0,0.0
1,2,369.25,346.0,369.25,346.0,0.0,0.0,0.0
1,6,501.25,353.0,501.25,353.0,0.0,0.0,0.0
1,7,202.5,473.0,202.5,473.0,0.0,0.0,0.0
1,8,511.25,415.0,511.25,415.0,0.0,0.0,0.0
1,9,892.0,309.0,892.0,309.0,0.0,0.0,0.0
1,10,765.0,378.25,765.0,378.25,0.0,0.0,0.0
1,11,549.25,481.0,549.25,481.0,0.0,0.0,0.0
1,12,304.5,611.75,304.5,611.75,0.0,0.0,0.0
1,13,1850.25,285.25,1850.25,285.25,0.0,0.0,0.0
1,14,1854.25,427.25,1854.25,427.25,0.0,0.0,0.0
1,15,1857.0,600.25,1857.0,600.25,0.0,0.0,0.0
1,30,1513.25,473.0,1513.25,473.0,0.0,0.0,0.0
2,0,663.25,237.25,663.25,237.25,0.0,0.0,0.0
2,1,522.25,292.0,522.25,292.0,0.0,0.0,0.0
2,2,369.4375,346.0,369.44,346.0,0.0024999999999977263,0.0,0.0024999999999977263
2,6,501.4375,353.0,501.44,353.0,0.0024999999999977263,0.0,0.0024999999999977263
2,7,203.125,473.0,203.12,473.0,-0.0049999999999954525,0.0,0.0049999999999954525
2,8,511.4375,415.25,511.44,415.25,0.0024999999999977263,0.0,0.0024999999999977263
2,9,892.0,309.0,892.0,309.0,0.0,0.0,0.0
2,10,765.0,378.4375,765.0,378.44,0.0,0.0024999999999977263,0.0024999999999977263
2,11,549.4375,481.0,549.44,481.0,0.0025000000000545697,0.0,0.0025000000000545697
2,12,304.875,611.8125,304.88,611.81,0.0049999999999954525,-0.0025000000000545697,0.005590169943769811
2,13,1850.6875,285.6875,1850.69,285.69,0.0025000000000545697,0.0024999999999977263,0.0035355339059697163
2,14,1854.6875,427.4375,1854.69,427.44,0.0025000000000545697,0.0024999999999977263,0.0035355339059697163
2,15,1857.25,600.6875,1857.25,600.69,0.0,0.0025000000000545697,0.0025000000000545697
2,30,1513.4375,473.25,1513.44,473.25,0.0025000000000545697,0.0,0.0025000000000545697
3,0,663.4375,237.4375,663.44,237.44,0.0025000000000545697,0.0024999999999977263,0.0035355339059697163
3,1,522.4375,292.25,522.44,292.25,0.0025000000000545697,0.0,0.0025000000000545697
3,2,369.578125,346.25,369.58,346.25,0.0018749999999840838,0.0,0.0018749999999840838
3,6,501.578125,353.25,501.58,353.25,0.0018749999999840838,0.0,0.0018749999999840838
3,7,203.59375,473.0,203.59,473.0,-0.0037499999999965894,0.0,0.0037499999999965894
3,8,511.578125,415.4375,511.58,415.44,0.0018749999999840838,0.0024999999999977263,0.0031249999999886312
3,9,892.0,309.25,892.0,309.25,0.0,0.0,0.0
3,10,765.0,378.578125,765.0,378.58,0.0,0.0018749999999840838,0.0018749999999840838
3,11,549.578125,481.0,549.58,481.0,0.0018750000000409273,0.0,0.0018750000000409273
3,12,305.15625,611.859375,305.16,611.86,0.003750000000025011,0.0006250000000136424,0.003801726581463301
3,13,1851.015625,286.015625,1851.02,286.02,0.00437499999998181,0.00437499999998181,0.006187184335356566
3,14,1855.015625,427.828125,1855.02,427.83,0.00437499999998181,0.0018749999999840838,0.0047598581911419535
3,15,1857.4375,601.015625,1857.44,601.02,0.0025000000000545697,0.00437499999998181,0.005038911092697875
3,30,1513.828125,473.4375,1513.83,473.44,0.0018749999999272404,0.0024999999999977263,0.0031249999999545253
4,0,663.578125,237.578125,663.58,237.58,0.0018750000000409273,0.0018750000000125056,0.002651650429487336
4,1,522.578125,292.4375,522.58,292.44,0.0018750000000409273,0.0024999999999977263,0.003125000000022737
4,2,369.93359375,346.4375,369.93,346.44,-0.003593749999993179,0.0024999999999977263,0.004377789289406196
4,6,501.93359375,353.4375,501.93,353.44,-0.003593749999993179,0.0024999999999977263,0.004377789289406196
4,7,203.9453125,473.25,203.95,473.25,0.004687499999988631,0.0,0.004687499999988631
4,8,511.68359375,415.578125,511.68,415.58,-0.003593749999993179,0.0018749999999840838,0.004053475553446855
4,9,892.0,309.4375,892.0,309.44,0.0,0.0024999999999977263,0.0024999999999977263
4,10,765.25,378.68359375,765.25,378.68,0.0,-0.003593749999993179,0.003593749999993179
4,11,549.93359375,481.0,549.93,481.0,-0.003593750000050022,0.0,0.003593750000050022
4,12,305.6171875,611.89453125,305.62,611.89,0.0028125000000045475,-0.004531250000013642,0.005333140051850243
4,13,1851.26171875,286.26171875,1851.26,286.26,-0.001718750000009095,-0.001718750000009095,0.0024306795603416193
4,14,1855.26171875,428.12109375,1855.26,428.12,-0.001718750000009095,-0.0010937499999954525,0.0020372507516310595
4,15,1857.578125,601.26171875,1857.58,601.26,0.0018749999999272404,-0.001718750000009095,0.0025435657180930896
4,30,1514.12109375,473.578125,1514.12,473.58,-0.0010937500001091394,0.0018749999999840838,0.0021706943733927763
5,0,663.93359375,237.68359375,663.93,237.68,-0.003593750000050022,-0.003593749999993179,0.005082329989808858
5,1,522.93359375,292.578125,522.93,292.58,-0.003593750000050022,0.0018749999999840838,0.0040534755534972515
5,2,370.4501953125,346.578125,370.45,346.58,-0.00019531250001136868,0.0018749999999840838,0.0018851450799874808
5,6,502.4501953125,353.578125,502.45,353.58,-0.00019531250001136868,0.0018749999999840838,0.0018851450799874808
5,7,204.458984375,473.4375,204.46,473.44,0.001015625000007958,0.0024999999999977263,0.002698424381121286
5,8,512.0126953125,415.68359375,512.01,415.68,-0.002695312500009095,-0.003593749999993179,0.0044921875
5,9,892.25,309.578125,892.25,309.58,0.0,0.0018749999999840838,0.0018749999999840838
5,10,765.4375,379.0126953125,765.44,379.01,0.0025000000000545697,-0.002695312500009095,0.0036762357749440017
5,11,550.4501953125,481.25,550.45,481.25,-0.00019531249995452526,0.0,0.00019531249995452526
5,12,305.962890625,611.9208984375,305.96,611.92,-0.0028906250000204636,-0.0008984375000409273,0.003027028713478466
5,13,1851.1962890625,286.4462890625,1851.2,286.45,0.0037109375000454747,0.0037109374999886313,0.005248058141643024
5,14,1855.1962890625,428.3408203125,1855.2,428.34,0.0037109375000454747,-0.0008203125000250111,0.00380052229659833
5,15,1857.68359375,601.4462890625,1857.68,601.45,-0.0035937499999363354,0.0037109375000454747,0.005165858708025817
5,30,1514.3408203125,473.68359375,1514.34,473.68,-0.0008203125000818545,-0.003593749999993179,0.0036861838885548716
6,0,664.2001953125,238.0126953125,664.2,238.01,-0.00019531249995452526,-0.002695312500009095,0.0027023797744476557
6,1,523.2001953125,292.68359375,523.2,292.68,-0.00019531249995452526,-0.003593749999993179,0.003599053491557115
6,2,370.837646484375,346.68359375,370.84,346.68,0.002353515624974989,-0.003593749999993179,0.004295820627010907
6,6,502.837646484375,353.93359375,502.84,353.93,0.002353515624974989,-0.003593749999993179,0.004295820627010907
6,7,204.84423828125,473.578125,204.84,473.58,-0.004238281249996589,0.0018749999999840838,0.00463450676491177
6,8,512.259521484375,416.0126953125,512.26,416.01,0.00047851562499090505,-0.002695312500009095,0.0027374598948780443
6,9,892.4375,309.68359375,892.44,309.68,0.0025000000000545697,-0.003593749999993179,0.004377789289438657
6,10,765.578125,379.259521484375,765.58,379.26,0.0018750000000409273,0.00047851562499090505,0.0019350974661535563
6,11,550.837646484375,481.4375,550.84,481.44,0.0023535156250318323,0.0024999999999977263,0.0034335165351658944
6,12,306.47216796875,612.190673828125,306.47,612.19,-0.002167968749972715,-0.0006738281249454303,0.0022702715350428307
6,13,1851.397216796875,286.834716796875,1851.4,286.83,0.0027832031250909495,-0.004716796875015916,0.005476713649231256
6,14,1855.147216796875,428.755615234375,1855.15,428.76,0.0027832031250909495,0.004384765624990905,0.005193494894733017
6,15,1857.7626953125,601.834716796875,1857.76,601.83,-0.002695312500009095,-0.004716796874959073,0.005432576021771711
6,30,1514.505615234375,474.0126953125,1514.51,474.01,0.004384765624990905,-0.002695312500009095,0.005146929090128128
7,0,664.400146484375,238.259521484375,664.4,238.26,-0.00014648437502273737,0.00047851562499090505,0.0005004346865338557
7,1,523.400146484375,293.0126953125,523.4,293.01,-0.00014648437502273737,-0.002695312500009095,0.002699290118685111
7,2,371.12823486328125,346.7626953125,371.13,346.76,0.0017651367187454525,-0.002695312500009095,0.0032218654702778544
7,6,503.12823486328125,354.2001953125,503.13,354.2,0.0017651367187454525,-0.00019531250001136868,0.0017759095158605784
7,7,205.1331787109375,473.68359375,205.13,473.68,-0.0031787109375045475,-0.003593749999993179,0.004797837250956102
7,8,512.4446411132812,416.259521484375,512.44,416.26,-0.00464111328119543,0.00047851562499090505,0.004665716417898654
7,9,892.578125,310.0126953125,892.58,310.01,0.0018750000000409273,-0.002695312500009095,0.0032833419670906584
7,10,765.93359375,379.44464111328125,765.93,379.44,-0.003593750000050022,-0.004641113281252274,0.005869835734692733
7,11,551.1282348632812,481.578125,551.13,481.58,0.0017651367187454525,0.0018749999999840838,0.0025751374013445916
7,12,306.8541259765625,612.3930053710938,306.85,612.39,-0.004125976562477263,-0.0030053710937636424,0.0051045017391849095
7,13,1851.5479125976562,287.12603759765625,1851.55,287.13,0.0020874023437045253,0.0039624023437454525,0.004478602558636187
7,14,1855.1104125976562,429.06671142578125,1855.11,429.07,-0.0004125976563500444,0.003288574218743179,0.0033143562298292347
7,15,1857.822021484375,602.1260375976562,1857.82,602.13,-0.0020214843750636646,0.0039624023437454525,0.004448261616895525
7,30,1514.3792114257812,474.259521484375,1514.38,474.26,0.0007885742188591394,0.00047851562499090505,0.0009224025704700407
8,0,664.5501098632812,238.44464111328125,650.6,237.6,-13.950109863281227,-0.8446411132812557,13.97565682921061
8,1,523.5501098632812,293.259521484375,509.8,289.3,-13.750109863281239,-3.9595214843749886,14.308855007914893
8,2,371.34617614746094,347.072021484375,368.8,340.4,-2.546176147460926,-6.672021484375023,7.141350268811974
8,6,503.34617614746094,354.400146484375,498.9,349.6,-4.44617614746096,-4.800146484374977,6.542926608613934
8,7,205.34988403320312,474.0126953125,206.2,470.7,0.8501159667968636,-3.3126953125000114,3.4200361680050273
8,8,512.8334808349609,416.44464111328125,518.4,414.6,5.56651916503904,-1.8446411132812273,5.8641995576169075
8,9,892.68359375,310.259521484375,882.7,311.5,-9.983593749999955,1.240478515625,10.060364362823314
8,10,766.2001953125,379.58348083496094,759.3,379.0,-6.9001953125000455,-0.5834808349609375,6.924820953310945
8,11,551.3461761474609,481.93359375,574.4,482.6,23.05382385253904,0.6664062500000227,23.063453590343684
8,12,307.1405944824219,612.5447540283203,338.3,610.0,31.159405517578136,-2.5447540283203125,31.26314643911472
8,13,1851.6609344482422,287.3445281982422,1866.2,288.5,14.539065551757858,1.1554718017578125,14.584908028608528
8,14,1855.3328094482422,429.30003356933594,1860.9,429.3,5.5671905517579034,-3.3569335926131316e-05,5.567190551859112
8,15,1857.8665161132812,602.3445281982422,1854.5,603.5,-3.36651611328125,1.1554718017578125,3.5592900732645743
8,30,1514.534408569336,474.44464111328125,1512.3,484.5,-2.234408569335983,10.05535888671875,10.300622505238982
9,0,664.6625823974609,238.58348083496094,664.66,238.58,-0.0025823974609693323,-0.0034808349609249944,0.004334165279684032
9,1,523.6625823974609,293.44464111328125,523.66,293.44,-0.0025823974609693323,-0.004641113281252274,0.005311187168217394
9,2,371.5096321105957,347.30401611328125,371.51,347.3,0.00036788940428778005,-0.004016113281238631,0.004032928030789608
9,6,503.5096321105957,354.55010986328125,503.51,354.55,0.00036788940428778005,-0.00010986328123863132,0.000383943425978016
9,7,205.51241302490234,474.259521484375,205.51,474.26,-0.002413024902352845,0.00047851562499090505,0.002460013492388892
9,8,512.8751106262207,416.83348083496094,512.88,416.83,0.0048893737792923275,-0.003480834960953416,0.00600184871344046
9,9,892.7626953125,310.44464111328125,892.76,310.44,-0.002695312500009095,-0.004641113281252274,0.005366995617859356
9,10,766.400146484375,379.9376106262207,766.4,379.94,-0.00014648437502273737,0.0023893737792946013,0.0023938597973370054
9,11,551.5096321105957,482.2001953125,551.51,482.2,0.00036788940428778005,-0.00019531250001136868,0.00041652081154236286
9,12,307.3554458618164,612.6585655212402,307.36,612.66,0.004554138183607392,0.0014344787597337927,0.004774715060348444
9,13,1851.4957008361816,287.50839614868164,1851.5,287.51,0.004299163818359375,0.00160385131835028,0.0045885889539665995
9,14,1855.2496070861816,429.47502517700195,1855.25,429.48,0.000392913818359375,0.004974822998065065,0.004990315133409395
9,15,1857.899887084961,602.5083961486816,1857.9,602.51,0.00011291503915344947,0.00160385131835028,0.001607821152193538
9,30,1514.650806427002,474.58348083496094,1514.65,474.58,-0.0008064270018621755,-0.003480834960953416,0.0035730290419653723
10,0,664.7469367980957,238.9376106262207,664.75,238.94,0.003063201904296875,0.0023893737792946013,0.0038848826190334977
10,1,523.7469367980957,293.58348083496094,523.75,293.58,0.003063201904296875,-0.003480834960953416,0.004636746481303843
10,2,371.6322240829468,347.47801208496094,371.63,347.48,-0.0022240829467818912,0.00198791503908069,0.0029830104184815046
10,6,503.6322240829468,354.66258239746094,503.63,354.66,-0.0022240829467818912,-0.002582397460912489,0.003408125819316724
10,7,205.63430976867676,474.44464111328125,205.63,474.44,-0.00430976867676236,-0.004641113281252274,0.006333564441656707
10,8,512.9063329696655,417.1251106262207,512.91,417.13,0.003667030334440824,0.0048893737792923275,0.006111717224098356
10,9,892.822021484375,310.58348083496094,892.82,310.58,-0.002021484374949978,-0.003480834960953416,0.004025246713378259
10,10,766.3001098632812,380.2032079696655,766.3,380.2,-0.00010986328129547474,-0.0032079696655387124,0.003209850357196355
10,11,551.6322240829468,482.400146484375,551.63,482.4,-0.0022240829467818912,-0.00014648437502273737,0.002228901663665722
10,12,307.2665843963623,612.9939241409302,307.27,612.99,0.0034156036376771226,-0.003924140930166686,0.005202425419890482
10,13,1851.6217756271362,287.63129711151123,1851.62,287.63,-0.0017756271363396081,-0.0012971115112350162,0.002198942927836915
10,14,1855.1872053146362,429.60626888275146,1855.19,429.61,0.002794685363824101,0.0037311172485487987,0.004661705932938178
10,15,1857.9249153137207,602.6312971115112,1857.92,602.63,-0.004915313720630365,-0.0012971115112350162,0.005083582127279495
10,30,1514.4881048202515,474.9376106262207,1514.49,474.94,0.0018951797485442512,0.0023893737792946013,0.003049723485247936
11,0,664.8102025985718,239.20320796966553,650.9,237.2,-13.9102025985718,-2.0032079696655387,14.05370337324099
11,1,523.8102025985718,293.6876106262207,512.4,290.6,-11.4102025985718,-3.0876106262206804,11.820577935092917
11,2,371.7241680622101,347.6085090637207,370.7,341.4,-1.0241680622100944,-6.208509063720726,6.2924164685717985
11,6,503.7241680622101,354.9969367980957,503.7,350.8,-0.024168062210094376,-4.196936798095692,4.1970063834167215
11,7,205.72573232650757,474.83348083496094,207.8,471.7,2.074267673492443,-3.133480834960949,3.7578302947795974
11,8,512.9297497272491,417.3438329696655,519.2,414.2,6.2702502727509,-3.1438329696655387,7.014251508471077
11,9,892.8665161132812,310.6876106262207,885.6,310.7,-7.266516113281227,0.012389373779285506,7.266526675183843
11,10,766.2250823974609,380.40240597724915,760.0,380.4,-6.2250823974609375,-0.002405977249168245,6.2250828624127195
11,11,551.7241680622101,482.55010986328125,574.6,482.5,22.87583193778994,-0.05010986328125,22.87588682093895
11,12,307.19993829727173,613.2454431056976,340.5,610.5,33.30006170272827,-2.745443105697632,33.41304486652081
11,13,1851.4663317203522,287.7234728336334,1865.3,287.4,13.833668279647782,-0.3234728336334456,13.837449647439808
11,14,1855.1404039859772,429.7047016620636,1859.5,429.7,4.359596014022827,-0.0047016620636100015,4.359598549305875
11,15,1857.9436864852905,602.9734728336334,1852.4,604.1,-5.543686485290436,1.1265271663665999,5.65698889019183
11,30,1514.3660786151886,475.2032079696655,1513.3,486.2,-1.066078615188644,10.996792030334461,11.048346418002563
12,0,664.8576519489288,239.40240597724915,664.86,239.4,0.0023480510711806346,-0.0024059772491398235,0.0033618551956101496
12,1,523.8576519489288,293.7657079696655,523.86,293.77,0.0023480510711806346,0.004292030334454466,0.004892327485435725
12,2,371.54312604665756,347.9563817977905,371.54,347.96,-0.0031260466575417922,0.0036182022094521926,0.004781584981322923
12,6,503.54312604665756,355.2477025985718,503.54,355.25,-0.0031260466575417922,0.0022974014282226562,0.0038794614352417153
12,7,205.79429924488068,475.1251106262207,205.79,475.13,-0.004299244880684228,0.0048893737792923275,0.006510720582064698
12,8,512.9473122954369,417.50787472724915,512.95,417.51,0.002687704563186344,0.0021252727508453972,0.0034264471518554987
12,9,892.8998870849609,310.7657079696655,892.9,310.77,0.00011291503903976263,0.004292030334454466,0.004293515365981432
12,10,766.1688117980957,380.55180448293686,766.17,380.55,0.0011882019042559477,-0.0018044829368477622,0.002160551419117857
12,11,551.7931260466576,482.66258239746094,551.79,482.66,-0.0031260466575986356,-0.002582397460912489,0.004054743438444764
12,12,307.1499537229538,613.4340823292732,307.15,613.43,4.6277046180875914e-05,-0.004082329273273899,0.004082591561794081
12,13,1851.3497487902641,287.79260462522507,1851.35,287.79,0.00025120973577941186,-0.002604625225046675,0.002616711465618593
12,14,1855.1053029894829,429.7785262465477,1855.11,429.78,0.004697010517020317,0.0014737534522737405,0.004922789558277728
12,15,1857.957764863968,603.2301046252251,1857.96,603.23,0.002235136032140872,-0.00010462522504894878,0.0022375834107114276
12,30,1514.2745589613914,475.40240597724915,1514.27,475.4,-0.0045589613914671645,-0.002405977249168245,0.005154886564455461
13,0,664.8932389616966,239.55180448293686,664.89,239.55,-0.0032389616966383983,-0.0018044829368477622,0.0037076989551021286
13,1,523.8932389616966,294.07428097724915,523.89,294.07,-0.0032389616966383983,-0.004280977249152329,0.0053682063186925415
13,2,371.6573445349932,348.2172863483429,371.66,348.22,0.002655465006853319,0.002713651657131777,0.0037967617411257897
13,6,503.6573445349932,355.43577694892883,503.66,355.44,0.002655465006853319,0.0042230510711647185,0.004988552370406466
13,7,206.0957244336605,475.3438329696655,206.1,475.34,0.0042755663394871135,-0.003832969665552355,0.0057421358378568306
13,8,513.2104842215776,417.63090604543686,513.21,417.63,-0.00048422157760796836,-0.0009060454368636783,0.0010273212106652152
13,9,892.9249153137207,311.07428097724915,892.92,311.07,-0.004915313720744052,-0.004280977249152329,0.006518211041466407
13,10,766.3766088485718,380.66385336220264,766.38,380.66,0.0033911514282181088,-0.003853362202619337,0.005133060322427652
13,11,551.8448445349932,482.9969367980957,551.84,483.0,-0.00484453499313986,0.003063201904296875,0.005731729687122782
13,12,307.36246529221535,613.5755617469549,307.36,613.58,-0.0024652922153336476,0.0044382530451230195,0.005076982942607592
13,13,1851.012311592698,288.0944534689188,1851.01,288.09,-0.002311592698106324,-0.004453468918825365,0.005017653456834383
13,14,1854.8289772421122,430.0838946849108,1854.83,430.08,0.0010227578877675114,-0.003894684910790147,0.00402673617851072
13,15,1857.718323647976,603.4225784689188,1857.72,603.42,0.001676352024105654,-0.0025784689188412813,0.0030754931432460794
13,30,1514.2059192210436,475.55180448293686,1514.21,475.55,0.004080778956449649,-0.0018044829368477622,0.004461940784095751
14,0,664.9199292212725,239.66385336220264,664.92,239.66,7.077872749050584e-05,-0.0038533622026477587,0.003854012181228747
14,1,523.9199292212725,294.30571073293686,523.92,294.31,7.077872749050584e-05,0.004289267063143143,0.004289850995923958
14,2,371.7430084012449,348.4129647612572,371.74,348.41,-0.003008401244869674,-0.0029647612571466198,0.004223776433715569
14,6,503.7430084012449,355.5768327116966,503.74,355.58,-0.003008401244869674,0.003167288303359328,0.004368316981027157
14,7,206.07179332524538,475.50787472724915,206.07,475.51,-0.0017933252453872228,0.0021252727508453972,0.0027807912005810695
14,8,513.1578631661832,417.72317953407764,513.16,417.72,0.0021368338167349066,-0.0031795340776170633,0.0038308609621167484
14,9,892.9436864852905,311.30571073293686,892.94,311.31,-0.003686485290472774,0.004289267063143143,0.005655792228842635
14,10,766.2824566364288,380.747890021652,766.28,380.75,-0.0024566364288602927,0.002109978348016739,0.0032383747733551313
14,11,551.8836334012449,483.2477025985718,551.88,483.25,-0.0036334012448833164,0.0022974014282226562,0.0042987972653661085
14,12,307.2718489691615,613.6816713102162,307.27,613.68,-0.0018489691615286574,-0.001671310216238453,0.002492381351075114
14,13,1851.0092336945236,288.0708401016891,1851.01,288.07,0.0007663054764179833,-0.0008401016891070867,0.0011370993497618284
14,14,1854.6217329315841,430.0629210136831,1854.62,430.06,-0.0017329315842289361,-0.0029210136830783995,0.0033963764238301745
14,15,1857.538742735982,603.5669338516891,1857.54,603.57,0.001257264018022397,0.0030661483109497567,0.0033139067994972142
14,30,1514.1544394157827,475.66385336220264,1514.15,475.66,-0.004439415782599099,-0.003853362202619337,0.005878504295768212
15,0,664.9399469159544,239.74789002165198,664.94,239.75,5.308404570314451e-05,0.002109978348016739,0.0021106460018221105
15,1,523.9399469159544,294.47928304970264,523.94,294.48,5.308404570314451e-05,0.0007169502973738417,0.0007189128214273645
15,2,371.80725630093366,348.5597235709429,371.81,348.56,0.002743699066343197,0.0002764290571235506,0.0027575890901790907
15,6,503.80725630093366,355.68262453377247,503.81,355.68,0.002743699066343197,-0.0026245337724617457,0.003796848968479628
15,7,206.05384499393404,475.63090604543686,206.05,475.63,-0.0038449939340239325,-0.0009060454368636783,0.003950303366368503
15,8,513.1183973746374,417.79238465055823,513.12,417.79,0.0016026253625796016,-0.0023846505582127975,0.0028731457216034143
15,9,892.9577648639679,311.47928304970264,892.96,311.48,0.002235136032140872,0.0007169502973738417,0.002347307140337387
15,10,766.4618424773216,381.060917516239,766.46,381.06,-0.001842477321588376,-0.0009175162389851721,0.0020582902442000187
15,11,551.9127250509337,483.43577694892883,551.91,483.44,-0.002725050933690909,0.0042230510711647185,0.005025939010859083
15,12,307.20388672687113,614.0112534826621,307.2,614.01,-0.0038867268711442193,-0.001253482662150418,0.004083854130008347
15,13,1851.0069252708927,288.3031300762668,1851.01,288.3,0.0030747291073112137,-0.0031300762668138304,0.004387634501575766
15,14,1854.716299698688,430.2971907602623,1854.72,430.3,0.0037003013119374373,0.0028092397377008638,0.004645864580786179
15,15,1857.4040570519865,603.6752003887668,1857.4,603.68,-0.004057051986364968,0.004799611233124779,0.006284579445691294
15,30,1514.115829561837,475.747890021652,1514.12,475.75,0.0041704381628733245,0.002109978348016739,0.0046738167592931664
16,0,664.9549601869658,239.810917516239,664.95,239.81,-0.004960186965718094,-0.0009175162389851721,0.005044332540949414
16,1,523.9549601869658,294.609462287277,523.95,294.61,-0.004960186965718094,0.0005377127230303813,0.004989247408917343
16,2,371.60544222570024,348.66979267820716,371.61,348.67,0.004557774299769335,0.0002073217928568738,0.004562487138988037
16,6,503.60544222570024,355.76196840032935,503.61,355.76,0.004557774299769335,-0.00196840032936052,0.0049646657917995305
16,7,205.79038374545053,475.72317953407764,205.79,475.72,-0.000383745450534434,-0.0031795340776170633,0.0032026079250407884
16,8,513.0887980309781,418.0942884879187,513.09,418.09,0.001201969021963123,-0.004288487918699957,0.004453746530573386
16,9,892.9683236479759,311.609462287277,892.97,311.61,0.001676352024105654,0.0005377127230303813,0.0017604803552530403
16,10,766.3463818579912,381.29568813717924,766.35,381.3,0.0036181420088041705,0.004311862820770784,0.005628775406873049
16,11,551.9345437882002,483.5768327116966,551.93,483.58,-0.00454378820029433,0.003167288303359328,0.005538747729020594
16,12,307.15291504515335,614.2584401119966,307.15,614.26,-0.0029150451533723754,0.0015598880033849127,0.003306166787883507
16,13,1851.0051939531695,288.2273475572001,1851.01,288.23,0.004806046830481137,0.0026524427998992905,0.005489402421349283
16,14,1854.787224774016,430.47289307019673,1854.79,430.47,0.0027752259838962345,-0.002893070196705594,0.004008956775117308
16,15,1857.5530427889898,603.7564002915751,1857.55,603.76,-0.0030427889898874128,0.0035997084248720057,0.004713434584363568
16,30,1514.0868721713778,475.810917516239,1514.09,475.81,0.0031278286221549934,-0.0009175162389851721,0.00325962389523293
17,0,664.7162201402243,239.85818813717924,664.72,239.86,0.003779859775704608,0.001811862820773058,0.00419168066594885
17,1,523.7162201402243,294.70709671545774,523.72,294.71,0.003779859775704608,0.0029032845422420905,0.0047661725794615915
17,2,371.4540816692752,348.75234450865537,371.45,348.75,-0.004081669275194599,-0.0023445086553692818,0.004707095166572382
17,6,503.4540816692752,355.821476300247,503.45,355.82,-0.004081669275194599,-0.00147630024702039,0.0043404477293730965
17,7,205.5927878090879,475.79238465055823,205.59,475.79,-0.0027878090878914463,-0.0023846505582127975,0.0036685743546117124
17,8,513.0665985232336,418.320716365939,513.07,418.32,0.00340147676649849,-0.0007163659390130306,0.003476093259912203
17,9,892.9762427359819,311.70709671545774,892.98,311.71,0.0037572640180769667,0.0029032845422420905,0.004748272742246147
17,10,766.2597863934934,381.47176610288443,766.26,381.47,0.00021360650657697988,-0.0017661028844031534,0.0017789736192392398
17,11,551.9509078411502,483.68262453377247,551.95,483.68,-0.0009078411501377559,-0.0026245337724617457,0.0027771123629906883
17,12,307.114686283865,614.4438300839975,307.11,614.44,-0.004686283864998586,-0.0038300839973999246,0.006052338382021041
17,13,1851.0038954648771,288.1705106679001,1851.0,288.17,-0.0038954648771323264,-0.0005106679000732584,0.003928794765972995
17,14,1854.840418580512,430.60466980264755,1854.84,430.6,-0.0004185805121323938,-0.004669802647526922,0.004688524971884704
17,15,1857.6647820917424,603.8173002186813,1857.66,603.82,-0.004782091742299599,0.0026997813187108477,0.005491559031880664
17,30,1514.0651541285333,475.85818813717924,1514.07,475.86,0.004845871466613971,0.001811862820773058,0.005173520769480214
18,0,664.7871651051682,239.89364110288443,650.0,238.0,-14.787165105168242,-1.8936411028844304,14.907921668496876
18,1,523.7871651051682,294.7803225365933,511.6,290.2,-12.18716510516822,-4.5803225365933145,13.019460351330025
18,2,371.3405612519564,348.8142583814915,376.9,343.2,5.55943874804359,-5.614258381491538,7.901092099665493
18,6,503.5905612519564,355.86610722518526,501.7,348.4,-1.8905612519563988,-7.466107225185283,7.701751680323303
18,7,205.44459085681592,475.8442884879187,205.44,475.84,-0.0045908568159234164,-0.004288487918699957,0.006282284213018859
18,8,513.0499488924252,418.49053727445425,519.0,416.8,5.950051107574836,-1.6905372744542433,6.185549648905239
18,9,892.9821820519865,311.7803225365933,882.1,312.8,-10.882182051986433,1.0196774634067083,10.929850334837855
18,10,766.4448397951201,381.6038245771633,761.3,379.8,-5.144839795120106,-1.8038245771633115,5.451895048754139
18,11,551.9631808808626,483.76196840032935,576.2,482.4,24.236819119137408,-1.3619684003293742,24.27505631172213
18,12,307.08601471289876,614.5828725629981,341.2,611.2,34.11398528710123,-3.3828725629980454,34.28130421886023
18,13,1851.2529215986578,288.12788300092507,1866.2,287.2,14.947078401342196,-0.9278830009250782,14.975851214514522
18,14,1854.880313935384,430.45350235198566,1859.4,432.8,4.519686064616053,2.346497648014349,5.092505604790378
18,15,1857.7485865688068,603.862975164011,1854.5,604.5,-3.248586568806786,0.6370248359889956,3.310455457591697
18,30,1514.2988655964,475.89364110288443,1516.2,483.3,1.9011344036000537,7.406358897115581,7.6464674283903715
19,0,664.8403738288762,239.92023082716332,664.84,239.92,-0.0003738288761496733,-0.00023082716333533426,0.000439350893906869
19,1,523.8403738288762,294.835241902445,523.84,294.84,-0.0003738288761496733,0.004758097554997676,0.004772760246599255
19,2,371.2554209389673,348.86069378611865,371.26,348.86,0.004579061032700338,-0.0006937861186315786,0.004631321530578562
19,6,503.4429209389673,355.89958041888895,503.44,355.9,-0.002920938967292841,0.00041958111103213014,0.002950920663010906
19,7,205.33344314261194,476.133216365939,205.33,476.13,-0.0034431426119283515,-0.003216365939010757,0.0047117131597440584
19,8,513.0374616693189,418.6179029558407,513.04,418.62,0.0025383306810908834,0.0020970441593135547,0.003292524389078751
19,9,892.9866365389898,311.835241902445,892.99,311.84,0.003363461010167157,0.004758097554997676,0.005826865564760314
19,10,766.33362984634,381.7028684328725,766.33,381.7,-0.0036298463400044056,-0.00286843287250349,0.0046264123893252325
19,11,551.722385660647,483.821476300247,551.72,483.82,-0.0023856606469507824,-0.00147630024702039,0.0028055015847014042
19,12,307.06451103467407,614.6871544222486,307.06,614.69,-0.004511034674067105,0.0028455777514864167,0.0053335491532740375
19,13,1851.1896911989934,288.0959122506938,1851.19,288.1,0.0003088010066676361,0.004087749306222577,0.004099396596115348
19,14,1854.910235451538,430.34012676398925,1854.91,430.34,-0.0002354515379465738,-0.0001267639892716943,0.0002674070599245299
19,15,1857.811439926605,603.8972313730083,1857.81,603.9,-0.0014399266051441373,0.002768626991723977,0.003120686470554913
19,30,1514.4741491973,475.9202308271633,1514.47,475.92,-0.004149197299966545,-0.00023082716330691255,0.004155613000914544
20,0,664.8802803716571,239.9401731203725,664.88,239.94,-0.0002803716571406767,-0.00017312037249439527,0.0003295131704506018
20,1,523.6302803716571,294.87643142683373,523.63,294.88,-0.0002803716571406767,0.0035685731662624676,0.003579570184965835
20,2,371.19156570422547,348.895520339589,371.19,348.9,-0.0015657042254701992,0.004479660410993347,0.004745396413312203
20,6,503.33219070422547,355.9246853141667,503.33,355.92,-0.0021907042254838416,-0.004685314166692933,0.005172171095793937
20,7,205.25008235695896,476.34991227445425,205.25,476.35,-8.235695895564277e-05,8.772554576808034e-05,0.00012032638974360107
20,8,513.0280962519892,418.7134272168805,513.03,418.71,0.0019037480108181626,-0.003427216880538708,0.00392046834382623
20,9,892.9899774042424,311.87643142683373,892.99,311.88,2.2595757627641433e-05,0.0035685731662624676,0.0035686447022968398
20,10,766.250222384755,381.77715132465437,766.25,381.78,-0.00022238475503399968,0.002848675345603624,0.0028573425072821526
20,11,551.5417892454852,483.86610722518526,551.54,483.87,-0.0017892454852699302,0.003892774814744371,0.004284284673649371
20,12,307.04838327600555,615.0153658166864,307.05,615.02,0.0016167239944593348,0.004634183313555695,0.004908100595739516
20,13,1851.142268399245,288.07193418802035,1851.14,288.07,-0.0022683992449401558,-0.0019341880203569417,0.0029810599511813536
20,14,1854.9326765886535,430.25509507299194,1854.93,430.26,-0.0026765886534576566,0.004904927008055893,0.0055877039805428495
20,15,1857.8585799449538,603.9229235297562,1857.86,603.92,0.0014200550460827799,-0.0029235297562308915,0.0032501665448823732
20,30,1514.355611897975,475.9401731203725,1514.36,475.94,0.004388102024904583,-0.00017312037249439527,0.004391515688728016
21,0,664.9102102787429,239.95512984027937,664.91,239.96,-0.00021027874288392923,0.004870159720638867,0.004874697206416219
21,1,523.4727102787429,294.9073235701253,523.47,294.91,-0.002710278742824812,0.0026764298747252724,0.0038090533913467243
21,2,371.1436742781691,348.92164025469174,371.14,348.92,-0.0036742781691145865,-0.0016402546917220207,0.004023773790578707
21,6,503.2491430281691,355.94351398562503,503.25,355.94,0.0008569718308990559,-0.0035139856250339108,0.003616973277741964
21,7,204.93756176771922,476.5124342058407,204.94,476.51,0.002438232280780994,-0.0024342058407000877,0.003445335213000458
21,8,512.7710721889919,418.7850704126604,512.77,418.79,-0.0010721889918841043,0.00492958733963178,0.005044840985935571
21,9,892.9924830531818,311.9073235701253,892.99,311.91,-0.002483053181776995,0.0026764298747252724,0.0036508670172788814
21,10,766.1876667885663,381.8328634934908,766.19,381.83,0.00233321143377907,-0.0028634934907927345,0.0036937068869267015
21,11,551.4063419341139,483.89958041888895,551.41,483.9,0.003658065886043005,0.00041958111103213014,0.003682050289630297
21,12,306.78628745700416,615.2615243625148,306.79,615.26,0.003712542995856438,-0.001524362514828681,0.0040133099273165435
21,13,1851.1067012994338,288.05395064101526,1851.11,288.05,0.0032987005661198054,-0.003950641015251222,0.00514674555970123
21,14,1854.9495074414901,430.19132130474395,1854.95,430.19,0.0004925585099044838,-0.001321304743953533,0.0014101276935346804
21,15,1857.8939349587154,603.9421926473171,1857.89,603.94,-0.003934958715262837,-0.0021926473170879035,0.00450462011139183
21,30,1514.2667089234812,475.95512984027937,1514.27,475.96,0.003291076518735281,0.004870159720610445,0.005877894211061232
22,0,664.9326577090571,239.96634738020953,664.93,239.97,-0.002657709057189095,0.0036526197904720448,0.004517194789514062
22,1,523.3545327090571,294.930492677594,523.35,294.93,-0.004532709057116335,-0.0004926775939679828,0.004559405949031358
22,2,371.1077557086268,348.9412301910188,371.11,348.94,0.0022442913731879344,-0.0012301910188057263,0.002559338529877604
22,6,503.1868572711268,355.9576354892188,503.19,355.96,0.003142728873172018,0.0023645107812058086,0.003932894100367765
22,7,204.7031713257894,476.6343256543805,204.7,476.63,-0.0031713257894239177,-0.004325654380522792,0.005363636181025076
22,8,512.578304141744,418.8388028094953,512.58,418.84,0.001695858256084648,0.0011971905046834763,0.002075861346341499
22,9,892.9943622898863,311.930492677594,892.99,311.93,-0.004362289886330473,-0.0004926775939679828,0.00439002326462847
22,10,766.1407500914247,381.8746476201181,766.14,381.87,-0.0007500914247202672,-0.004647620118078066,0.004707760604300399
22,11,551.3047564505855,484.1746853141667,551.3,484.17,-0.00475645058554619,-0.004685314166692933,0.006676525369783012
22,12,306.5897155927531,615.4461432718861,306.59,615.45,0.00028440724685196983,0.0038567281139876286,0.0038672004379504935
22,13,1851.3300259745754,288.04046298076145,1851.33,288.04,-2.59745754647156e-05,-0.00046298076142647915,0.00046370881382783164
22,14,1854.9621305811177,430.14349097855796,1854.96,430.14,-0.002130581117626207,-0.003490978557977087,0.004089780824328012
22,15,1857.9204512190365,603.9566444854879,1857.92,603.96,-0.00045121903644940176,0.0033555145121226815,0.0033857165061357756
22,30,1514.200031692611,475.9663473802095,1514.2,475.97,-3.169261094626563e-05,0.0036526197905004665,0.003652757281225275
23,0,664.6994932817929,239.97476053515715,649.6,238.7,-15.099493281792888,-1.2747605351571565,15.153207970225406
23,1,523.2658995317929,294.9478695081955,512.1,290.2,-11.165899531792888,-4.7478695081954925,12.133407485984518
23,2,370.8308167814701,348.9559226432641,368.8,341.8,-2.0308167814700937,-7.155922643264091,7.438510985155584
23,6,503.1401429533451,355.9682266169141,498.9,351.9,-4.240142953345128,-4.068226616914103,5.876162018815573
23,7,204.52737849434206,476.7257442407854,206.4,473.0,1.8726215056579463,-3.7257442407853887,4.169877870057842
23,8,512.433728106308,418.87910210712147,518.0,417.2,5.566271893692033,-1.67910210712148,5.814014678399572
23,9,892.9957717174148,311.9478695081955,882.9,313.9,-10.095771717414777,1.9521304918044962,10.282772973628514
23,10,766.1055625685685,381.90598571508855,760.0,381.1,-6.10556256856853,-0.805985715088525,6.158531257664599
23,11,551.2285673379391,484.38101398562503,575.3,482.7,24.07143266206083,-1.681013985625043,24.130057571916314
23,12,306.4422866945648,615.5846074539145,341.8,610.9,35.3577133054352,-4.684607453914509,35.66669927518694
23,13,1851.2475194809315,288.03034723557107,1866.1,288.0,14.852480519068422,-0.030347235571070996,14.852511522433295
23,14,1854.9715979358382,430.10761823391846,1858.1,431.8,3.128402064161719,1.692381766081553,3.556832230681765
23,15,1857.9403384142774,603.9674833641159,1853.8,604.7,-4.140338414277494,0.732516635884167,4.204638249194446
23,30,1514.1500237694581,475.97476053515715,1512.4,486.3,-1.7500237694580392,10.325239464842866,10.472495079970995
24,0,664.7746199613447,239.98107040136784,664.77,239.98,-0.004619961344701551,-0.0010704013678548563,0.004742341395855228
24,1,523.1994246488447,294.9609021311466,523.2,294.96,0.0005753511553621138,-0.0009021311466312909,0.001069985774531048
24,2,370.8731125861026,348.9669419824481,370.87,348.97,-0.003112586102588466,0.0030580175519503427,0.004363446297831935
24,6,503.10510721500884,355.97616996268556,503.11,355.98,0.004892784991170629,0.003830037314457968,0.006213576329294183
24,7,204.64553387075654,476.79430818058904,204.65,476.79,0.004466129243468231,-0.004308180589021049,0.006205379150944756
24,8,512.325296079731,418.9093265803411,512.33,418.91,0.004703920269093942,0.0006734196589377461,0.00475187962126953
24,9,892.9968287880611,311.9609021311466,893.0,311.96,0.0031712119389339932,-0.0009021311466312909,0.0032970328732604085
24,10,766.0791719264264,381.9294892863164,766.08,381.93,0.0008280735736434508,0.0005107136835817983,0.0009728999485889208
24,11,551.1714255034543,484.2857604892188,551.17,484.29,-0.001425503454356658,0.004239510781246736,0.0044727521463512904
24,12,306.58171502092364,615.6884555904359,306.58,615.69,-0.0017150209236547198,0.0015444095641896638,0.002307920637832678
24,13,1851.4356396106987,288.0227604266783,1851.44,288.02,0.0043603893013823836,-0.002760426678321437,0.0051607121898046854
24,14,1855.2286984518787,430.08071367543886,1855.23,430.08,0.001301548121318774,-0.0007136754388739064,0.001484371969608795
24,15,1857.9552538107082,603.975612523087,1857.96,603.98,0.004746189291836345,0.004387476913052524,0.00646345623149959
24,30,1514.3625178270936,475.98107040136784,1514.36,475.98,-0.0025178270936976332,-0.0010704013678264346,0.0027359116144354103
25,0,664.8309649710085,239.9858028010259,664.83,239.99,-0.0009649710084431717,0.004197198974111416,0.00430669807107693
25,1,523.3995684866335,294.97067659835994,523.4,294.97,0.00043151336649316363,-0.0006765983599166248,0.0008024893308350771
25,2,370.9048344395769,348.97520648683604,370.9,348.98,-0.004834439576939076,0.004793513163974694,0.006808052179314841
25,6,503.0788304112566,355.98212747201416,503.08,355.98,0.0011695887433802454,-0.0021274720141377657,0.002427771611906932
25,7,204.73415040306742,476.8457311354418,204.73,476.85,-0.004150403067427533,0.004268864558241603,0.005953910499723955
25,8,512.4939720597982,418.93199493525583,512.49,418.93,-0.003972059798229566,-0.0019949352558228384,0.004444887593138485
25,9,892.9976215910458,311.97067659835994,893.0,311.97,0.002378408954200495,-0.0006765983599166248,0.002472774654929753
25,10,766.0593789448199,381.94711696473735,766.06,381.95,0.0006210551800904796,0.0028830352626414424,0.002949169690328318
25,11,551.1285691275907,484.2143203669141,551.13,484.21,0.0014308724092870762,-0.0043203669141007595,0.004551149978205017
25,12,306.68628626569273,615.7663416928269,306.69,615.77,0.0037137343072686235,0.003658307173054709,0.005212967856932124
25,13,1851.576729708024,288.0170703200087,1851.58,288.02,0.003270291975923101,0.0029296799912685856,0.004390653078874089
25,14,1855.171523838909,430.06053525657916,1855.17,430.06,-0.0015238389089518023,-0.0005352565791554298,0.0016151113354702803
25,15,1857.9664403580312,603.9817093923152,1857.97,603.98,0.0035596419688772585,-0.0017093923152060597,0.003948806532849881
25,30,1514.27188837032,475.9858028010259,1514.27,475.99,-0.0018883703201026947,0.004197198974111416,0.0046024364953931385
26,0,664.8732237282563,239.98935210076942,664.87,239.99,-0.003223728256330105,0.0006478992305858355,0.003288190578974226
26,1,523.5496763649751,294.97800744877,523.55,294.98,0.0003236350248698727,0.001992551230046047,0.0020186629321609236
26,2,370.9286258296827,348.98140486512705,370.93,348.98,0.0013741703173195674,-0.0014048651270286427,0.001965194668765251
26,6,503.05912280844245,355.98659560401063,503.06,355.99,0.0008771915575493949,0.0034043959893779174,0.0035155905735919225
26,7,204.80061280230058,476.8842983515813,204.8,476.88,-0.0006128023005658179,-0.0042983515813261874,0.004341814479715606
26,8,512.6204790448487,418.9489962014419,512.62,418.95,-0.0004790448487028698,0.001003798558087965,0.00111224795449946
26,9,892.9982161932844,311.97800744877,893.0,311.98,0.0017838067155935278,0.001992551230046047,0.0026743647475530674
26,10,766.0445342086149,381.96033772355304,766.04,381.96,-0.004534208614927593,-0.00033772355305927704,0.0045467686285948815
26,11,551.096426845693,484.16074027518556,551.1,484.16,0.003573154306991455,-0.0007402751855352108,0.003649032618638915
26,12,306.7647146992696,615.8247562696201,306.76,615.82,-0.004714699269584344,-0.00475626962008846,0.006697050836121491
26,13,1851.682547281018,288.0128027400065,1851.68,288.01,-0.0025472810179962835,-0.0028027400065298025,0.0037873463175219215
26,14,1855.1286428791818,430.04540144243435,1855.13,430.05,0.0013571208182838745,0.004598557565657302,0.004794633312369519
26,15,1857.9748302685234,603.9862820442364,1857.97,603.99,-0.004830268523392078,0.0037179557635909077,0.006095464631026181
26,30,1514.45391627774,475.98935210076945,1514.45,475.99,-0.003916277740017904,0.0006478992305574138,0.003969509384031814
27,0,664.9049177961922,239.99201407557706,664.9,239.99,-0.004917796192216883,-0.002014075577051244,0.005314246872159514
27,1,523.6622572737313,294.9835055865775,523.66,294.98,-0.0022572737312884783,-0.003505586577489339,0.004169463029004865
27,2,370.946469372262,348.9860536488453,370.95,348.99,0.003530627737973191,0.003946351154695549,0.005295188349842958
27,6,503.04434210633184,355.98994670300794,503.04,355.99,-0.0043421063318191955,5.329699206413352e-05,0.004342433415285424
27,7,204.85045960172545,476.913223763686,204.85,476.91,-0.0004596017254527851,-0.0032237636859804297,0.003256360859776647
27,8,512.7153592836365,418.96174715108145,512.72,418.96,0.004640716363496722,-0.0017471510814743851,0.004958708024064671
27,9,892.9986621449633,311.9835055865775,893.0,311.98,0.0013378550366951458,-0.003505586577489339,0.0037521984690956833
27,10,766.0334006564611,381.9702532926648,766.03,381.97,-0.003400656461167273,-0.0002532926647518252,0.0034100764714146514
27,11,551.0723201342698,484.37055520638916,551.07,484.37,-0.002320134269780283,-0.0005552063891514081,0.0023856397809316125
27,12,306.8235360244522,615.8685672022151,306.82,615.87,-0.0035360244522166795,0.0014327977849006857,0.003815282220110405
27,13,1851.5119104607636,288.0096020550049,1851.51,288.01,-0.0019104607636108994,0.00039794499508616354,0.0019514662560267005
27,14,1855.0964821593864,430.03405108182574,1855.1,430.03,0.003517840613540102,-0.004051081825764413,0.00536530209226945
27,15,1857.9811227013925,603.9897115331773,1857.98,603.99,-0.0011227013924326457,0.00028846682266703283,0.0011591684624547955
27,30,1514.340437208305,475.9920140755771,1514.34,475.99,-0.00043720830512938846,-0.0020140755771080876,0.0020609831470386622
28,0,664.9286883471441,239.99401055668278,664.93,239.99,0.0013116528558612117,-0.0040105566827719485,0.00421959691440019
28,1,523.7466929552984,294.98762918993316,523.75,294.99,0.003307044701614359,0.0023708100668500265,0.00406906439265257
28,2,371.2098520291965,348.98954023663396,371.21,348.99,0.00014797080348216696,0.000459763366052357,0.0004829883139859097
28,6,503.28325657974887,355.99246002725596,503.28,355.99,-0.0032565797488928183,-0.002460027255949626,0.004081304419044708
28,7,204.88784470129409,476.93491782276453,204.89,476.93,0.002155298705901032,-0.004917822764525681,0.0053693848115911455
28,8,512.7865194627274,418.9713103633111,512.79,418.97,0.0034805372725941197,-0.0013103633110631563,0.003719031018006883
28,9,892.9989966087225,311.98762918993316,893.0,311.99,0.001003391277549781,0.0023708100668500265,0.0025743998191695883
28,10,766.0250504923458,381.97768996949856,766.03,381.98,0.004949507654146146,0.002310030501462279,0.005462038716096523
28,11,551.0542401007024,484.5279164047919,551.05,484.53,-0.004240100702418204,0.0020835952080915376,0.004724385987388135
28,12,306.8676520183392,615.9014254016613,306.87,615.9,0.002347981660818732,-0.001425401661322212,0.0027467777077224893
28,13,1851.3839328455726,288.00720154125366,1851.38,288.01,-0.003932845572535371,0.0027984587463265598,0.0048268670638730755
28,14,1855.0723616195398,430.0255383113693,1855.07,430.03,-0.0023616195398972195,0.004461688630669869,0.005048159297038191
28,15,1857.9858420260443,603.992283649883,1857.99,603.99,0.004157973955670968,-0.0022836498829974516,0.004743817471631087
28,30,1514.2553279062288,475.99401055668284,1514.26,475.99,0.004672093771205255,-0.004010556682828792,0.006157355366804617
29,0,664.9465162603581,239.9955079175121,664.95,240.0,0.0034837396419789,0.0044920824879000065,0.005684650118625876
29,1,523.8100197164738,294.99072189244987,523.81,294.99,-1.9716473843800486e-05,-0.0007218924498602064,0.0007221616498444126
29,2,371.15738902189736,348.99215517747547,371.16,348.99,0.002610978102666195,-0.0021551774754584585,0.003385557059528883
29,6,503.21244243481163,356.244345020442,503.21,356.24,-0.002442434811655403,-0.004345020441974157,0.004984444848762945
29,7,204.91588352597057,476.9511883670734,204.92,476.95,0.004116474029416395,-0.0011883670734391671,0.0042845740437170675
29,8,512.8398895970455,418.9784827724833,512.84,418.98,0.00011040295453312865,0.0015172275167287808,0.0015212390180009935
29,9,892.9992474565419,311.99072189244987,893.0,311.99,0.0007525434581339141,-0.0007218924498602064,0.0010428088825596572
29,10,766.0187878692593,381.98326747712395,766.02,381.98,0.0012121307406687265,-0.003267477123927165,0.0034850635127442733
29,11,551.0406800755268,484.6459373035939,551.04,484.65,-0.0006800755268159264,0.004062696406094801,0.004119223811626356
29,12,306.9007390137544,615.926069051246,306.9,615.93,-0.0007390137544120989,0.003930948753918528,0.003999812424994939
29,13,1851.2879496341795,288.00540115594026,1851.29,288.01,0.0020503658204233943,0.004598844059728435,0.0050352126750773905
29,14,1855.0542712146548,430.019153733527,1855.05,430.02,-0.0042712146548637975,0.0008462664729904645,0.004354244087236152
29,15,1857.9893815195333,603.9942127374122,1857.99,603.99,0.0006184804667555,-0.004212737412217393,0.004257895559082467
29,30,1514.1914959296716,475.9955079175121,1514.19,476.0,-0.0014959296715915116,0.0044920824879000065,0.004734618322573193
30,0,664.9598871952685,239.99663093813407,664.96,240.0,0.00011280473154329229,0.003369061865925005,0.003370949831114167
30,1,523.8575147873553,294.9930414193374,523.86,294.99,0.0024852126447285627,-0.0030414193373644594,0.003927660050871665
30,2,371.118041766423,348.9941163831066,371.12,348.99,0.001958233576999646,-0.004116383106577359,0.004558430499876498
30,6,503.1593318261087,356.4332587653315,503.16,356.43,0.0006681738913130175,-0.0032587653315090392,0.003326560962146583
30,7,204.93691264447793,476.96339127530507,204.94,476.96,0.0030873555220694016,-0.0033912753050913125,0.004586121707344301
30,8,512.8799171977842,418.98386207936244,512.88,418.98,8.280221584300307e-05,-0.0038620793624204452,0.0038629668919863166
30,9,892.9994355924064,311.9930414193374,893.0,311.99,0.0005644075936288573,-0.0030414193373644594,0.003093345683469661
30,10,766.0140909019444,381.98745060784296,766.01,381.99,-0.004090901944437064,0.002549392157050079,0.004820257160092956
30,11,551.0305100566451,484.7344529776954,551.03,484.73,-0.0005100566451119448,-0.004452977695393656,0.004482094168677879
30,12,306.9255542603158,615.9445517884345,306.93,615.94,0.004445739684229011,-0.004551788434469017,0.006362655050534688
30,13,1851.4659622256347,288.0040508669552,1851.47,288.0,0.004037774365315272,-0.004050866955196852,0.005719540620880576
30,14,1855.0407034109912,430.01436530014524,1855.04,430.01,-0.0007034109912638087,-0.004365300145252604,0.004421609704708585
30,15,1857.9920361396498,603.9956595530591,1857.99,604.0,-0.0020361396498174145,0.004340446940886977,0.004794303319588124
30,30,1514.1436219472537,475.9966309381341,1514.14,476.0,-0.003621947253577673,0.003369061865896583,0.004946623066692813
31,0,664.9699153964514,239.99747320360055,664.97,240.0,8.460354865746922e-05,0.002526796399450859,0.0025282123733427267
31,1,523.8931360905165,294.99478106450306,523.89,294.99,-0.003136090516477452,-0.0047810645030494925,0.005717835386740309
31,2,371.33853132481727,348.99558728732995,371.34,349.0,0.001468675182707102,0.0044127126700459485,0.004650703161962047
31,6,503.36949886958155,356.5749440739986,503.37,356.57,0.0005011304184563414,-0.004944073998615295,0.004969406342822657
31,7,205.20268448335844,476.9725434564788,205.2,476.97,-0.002684483358450507,-0.00254345647874743,0.0036980564843009074
31,8,512.9099378983381,418.9878965595218,512.91,418.99,6.210166191067401e-05,0.0021034404782085403,0.0021043570186112053
31,9,892.9995766943048,311.99478106450306,893.0,311.99,0.00042330569522164296,-0.0047810645030494925,0.004799767233306941
31,10,766.2605681764583,381.99058795588223,766.26,381.99,-0.0005681764582732285,-0.000587955882224378,0.0008176286487019376
31,11,551.2728825424838,484.8008397332716,551.27,484.8,-0.002882542483803263,-0.0008397332715617267,0.0030023662565214202
31,12,307.19416569523685,615.7084138413259,307.19,615.71,-0.004165695236849842,0.0015861586741721112,0.004457456241620875
31,13,1851.599471669226,288.2530381502164,1851.6,288.25,0.0005283307739318843,-0.00303815021641185,0.003083746121873011
31,14,1855.2805275582434,430.0107739751089,1855.28,430.01,-0.0005275582434478565,-0.000773975108927516,0.0009366723917513252
31,15,1858.2440271047374,603.9967446647943,1858.24,604.0,-0.004027104737360787,0.0032553352057220764,0.005178298935682188
31,30,1514.3577164604403,475.9974732036006,1514.36,476.0,0.002283539559584824,0.0025267963994224374,0.0034057676028060174
32,0,664.9774365473386,239.99810490270042,664.98,240.0,0.0025634526614339848,0.001895097299581039,0.0031878963788511583
32,1,523.9198520678874,294.9960857983773,523.92,295.0,0.000147932112554372,0.003914201622706059,0.003916996075198385
32,2,371.50389849361295,349.24669046549747,371.5,349.25,-0.003898493612950915,0.0033095345025344614,0.005113831349749922
32,6,503.52712415218616,356.6812080554989,503.53,356.68,0.0028758478138115606,-0.0012080554989211123,0.0031192785602889446
32,7,205.65201336251883,476.97940759235905,205.65,476.98,-0.0020133625188236692,0.0005924076409655754,0.0020987080419339866
32,8,512.9324534237535,418.9909224196414,512.93,418.99,-0.002453423753536299,-0.0009224196413697427,0.002621096356336567
32,9,892.9996825207286,311.9960857983773,893.0,312.0,0.0003174792714162322,0.003914201622706059,0.0039270558222380455
32,10,766.4454261323438,381.99294096691165,766.45,381.99,0.004573867656290531,-0.002940966911637588,0.00543778923024861
32,11,551.4546619068628,484.8506297999537,551.45,484.85,-0.00466190686279333,-0.0006297999536855059,0.004704255900673539
32,12,307.64562427142766,615.5313103809945,307.65,615.53,0.0043757285723131645,-0.0013103809944823297,0.004567723600356999
32,13,1851.6996037519195,288.4397786126623,1851.7,288.44,0.00039624808050575666,0.00022138733771726038,0.0004538996525731573
32,14,1855.4603956686826,430.2580804813317,1855.46,430.26,-0.0003956686825858924,0.0019195186682736676,0.001959873879674498
32,15,1858.433020328553,604.2475584985957,1858.43,604.25,-0.0030203285530205903,0.0024415014042915573,0.0038837242017616415
32,30,1514.5182873453302,476.24810490270045,1514.52,476.25,0.0017126546697454614,0.0018950972995526172,0.0025543257021320826
33,0,664.7330774105039,240.2485786770253,664.73,240.25,-0.003077410503919964,0.0014213229746928846,0.0033897808790579304
33,1,523.9398890509156,295.24706434878294,523.94,295.25,0.00011094908450104413,0.0029356512170579663,0.00293774705643041
33,2,371.6279238702097,349.4350178491231,371.63,349.44,0.002076129790282266,0.004982150876912783,0.0053974199638735084
33,6,503.6453431141396,356.7609060416242,503.65,356.76,0.004656885860356397,-0.0009060416242050451,0.004744206713580201
33,7,205.73901002188913,476.98455569426926,205.74,476.98,0.0009899781108799743,-0.004555694269242849,0.00466201747474563
33,8,512.9493400678151,418.99319181473106,512.95,418.99,0.0006599321849307671,-0.003191814731053455,0.0032593238203770633
33,9,892.9997618905464,311.99706434878294,893.0,312.0,0.00023810945356217417,0.0029356512170579663,0.002945291866706863
33,10,766.5840695992579,381.99470572518374,766.58,381.99,-0.004069599257832124,-0.004705725183725917,0.00622137345158608
33,11,551.5909964301471,484.88797234996525,551.59,484.89,-0.0009964301470972714,0.002027650034733597,0.0022592560061665094
33,12,307.9842182035708,615.6484827857458,307.98,615.65,-0.004218203570758305,0.001517214254135979,0.004482764822886821
33,13,1851.7747028139397,288.5798339594967,1851.77,288.58,-0.004702813939729822,0.00016604050330215614,0.004705744191990674
33,14,1855.595296751512,430.4435603609988,1855.6,430.44,0.004703248487885503,-0.003560360998790202,0.0058988741960228
33,15,1858.8247652464147,604.4356688739467,1858.82,604.44,-0.004765246414763169,0.004331126053330081,0.00643942748101474
33,30,1514.8887155089976,476.4360786770253,1514.89,476.44,0.0012844910024796263,0.003921322974690611,0.004126341116205437
34,0,664.549808057878,240.43643400776898,664.55,240.44,0.00019194212200090988,0.0035659922310173897,0.0035711542069581078
34,1,523.9549167881867,295.4352982615872,523.95,295.44,-0.004916788186619669,0.004701738412791201,0.006803025075244031
34,2,371.72094290265727,349.5762633868423,371.72,349.58,-0.0009429026572433941,0.0037366131576845873,0.0038537440640522866
34,6,503.7340073356047,356.82067953121816,503.73,356.82,-0.004007335604683249,-0.0006795312181679947,0.004064541957592139
34,7,205.80425751641684,476.988416770702,205.8,476.99,-0.004257516416828366,0.0015832292980348939,0.004542362936811535
34,8,513.2120050508613,419.2448938610483,513.21,419.24,-0.0020050508612712292,-0.0048938610482878175,0.005288677047828996
34,9,892.9998214179099,311.9977982615872,893.0,312.0,0.00017858209014320892,0.0022017384127934747,0.0022089689000278495
34,10,766.6880521994434,381.9960292938878,766.69,382.0,0.0019478005566497814,0.0039707061122271625,0.004422717946937533
34,11,551.9432473226103,484.9159792624739,551.94,484.92,-0.0032473226102638364,0.004020737526104767,0.005168310593313624
34,12,308.23816365267805,615.7363620893094,308.24,615.74,0.0018363473219551452,0.0036379106905997105,0.0040751154191791305
34,13,1852.0810271104547,288.6848754696225,1852.08,288.68,-0.0010271104547427967,-0.004875469622504625,0.004982485316205893
34,14,1855.946472563634,430.5826702707491,1855.95,430.58,0.0035274363660846575,-0.0026702707490926514,0.004424155647153066
34,15,1859.3685739348111,604.57675165546,1859.37,604.58,0.0014260651887525455,0.003248344539997561,0.003547591319910426
34,30,1515.1665366317482,476.577059007769,1515.17,476.58,0.0034633682519142894,0.0029409922310037473,0.004543605941451375
35,0,664.4123560434084,240.57732550582674,664.41,240.58,-0.0023560434084402004,0.002674494173277253,0.003564247413599187
35,1,523.9661875911399,295.5764736961904,523.97,295.58,0.00381240886008527,0.003526303809564979,0.005193195535872798
35,2,371.79070717699295,349.6821975401317,371.79,349.68,-0.0007071769929325455,-0.0021975401317035903,0.0023085237555158385
35,6,503.8005055017035,356.86550964841365,503.8,356.87,-0.0005055017035147102,0.004490351586355246,0.004518715452574918
35,7,206.10319313731264,476.9913125780265,206.1,476.99,-0.0031931373126496965,-0.0013125780264999776,0.0034523885895255623
35,8,513.409003788146,419.43367039578624,513.41,419.43,0.0009962118539306175,-0.003670395786230074,0.0038031885682263196
35,9,892.9998660634324,311.9983486961904,893.0,312.0,0.0001339365676358284,0.0016513038095808952,0.0016567266750090205
35,10,766.7660391495825,381.99702197041586,766.77,382.0,0.003960850417456641,0.00297802958414195,0.004955501612701899
35,11,552.2074354919578,484.93698444685543,552.21,484.94,0.0025645080422691535,0.0030155531445643646,0.003958568209157851
35,12,308.67862273950857,615.8022715669821,308.68,615.8,0.0013772604914379372,-0.0022715669821309348,0.002656475675699537
35,13,1852.560770332841,288.7636566022169,1852.56,288.76,-0.0007703328410570975,-0.0036566022168926793,0.003736863987168326
35,14,1856.4598544227256,430.6870027030618,1856.46,430.69,0.00014557727445208002,0.002997296938190175,0.0030008301648912243
35,15,1860.0264304511084,604.682563741595,1860.03,604.68,0.003569548891618979,-0.0025637415950541254,0.004394820844570225
35,30,1515.624902473811,476.6827942558267,1515.62,476.68,-0.0049024738111711486,-0.0027942558267000095,0.005642881807575445
36,0,665.0592670325564,240.68299412937006,665.06,240.68,0.0007329674435823108,-0.0029941293700517235,0.0030825398550477687
36,1,524.474640693355,295.6823552721428,524.47,295.68,-0.00464069335498607,-0.0023552721427790857,0.005204165800737237
36,2,372.3430303827447,349.7616481550988,372.34,349.76,-0.003030382744725557,-0.0016481550987919036,0.0034495847299644855
36,6,504.35037912627763,357.14913223631027,504.35,357.15,-0.000379126277607611,0.0008677636897118646,0.0009469691418177007
36,7,206.82739485298447,477.2434844335199,206.83,477.24,0.0026051470155437073,-0.0034844335198727094,0.004350639944537907
36,8,513.8067528411095,419.57525279683966,513.81,419.58,0.0032471588904172677,0.004747203160320623,0.005751519686567543
36,9,893.4998995475743,312.2487615221428,893.5,312.25,0.0001004524257268713,0.001238477857214093,0.0012425450062850938
36,10,767.3245293621869,382.24776647781187,767.32,382.25,-0.004529362186872277,0.0022335221881348843,0.005050123086099908
36,11,552.6555766189683,484.9527383351416,552.66,484.95,0.004423381031642748,-0.0027383351416006008,0.0052023820600588
36,12,309.2589670546314,615.8517036752365,309.26,615.85,0.0010329453685926637,-0.001703675236512936,0.0019923567567091097
36,13,1853.1705777496309,288.82274245166263,1853.17,288.82,-0.0005777496307928232,-0.0027424516626410878,0.002802647990348433
36,14,1857.0948908170442,430.76525202729636,1857.09,430.77,-0.004890817044270079,0.0047479727036261465,0.00681640199481381
36,15,1860.7698228383313,604.7619228061963,1860.77,604.76,0.00017716166871650785,-0.0019228061962621723,0.0019309505237697369
36,30,1516.4686768553584,476.76209569187006,1516.47,476.76,0.0013231446416739345,-0.0020956918700676397,0.002478434214793293
37,0,665.5444502744173,241.01224559702754,665.54,241.01,-0.004450274417308719,-0.0022455970275530035,0.004984741557945341
37,1,524.8559805200163,296.0117664541071,524.86,296.01,0.004019479983753627,-0.0017664541070985251,0.00439051015854437
37,2,373.0072727870585,350.0712361163241,373.01,350.07,0.0027272129414654955,-0.0012361163240939277,0.002994273533728735
37,6,505.0127843447082,357.36184917723267,505.01,357.36,-0.002784344708231856,-0.0018491772326569844,0.003342458958915679
37,7,207.62054613973834,477.4326133251399,207.62,477.43,-0.0005461397383328404,-0.002613325139918743,0.002669782182260864
37,8,514.3550646308322,419.6814395976297,514.36,419.68,0.004935369167810677,-0.0014395976297123525,0.005141041738602175
37,9,893.8749246606807,312.4365711416071,893.87,312.44,-0.004924660680671877,0.003428858392908296,0.00600077934091675
37,10,767.7433970216402,382.4358248583589,767.74,382.44,-0.0033970216402394726,0.0041751416410988895,0.005382523919825457
37,11,553.4916824642262,485.2145537513562,553.49,485.21,-0.0016824642261781264,-0.004553751356240809,0.004854620200060369
37,12,310.1942252909736,616.1387777564274,310.19,616.14,-0.0042252909735793764,0.0012222435725561809,0.004398518291659846
37,13,1853.6279333122231,289.117056838747,1853.63,289.12,0.0020666877769599523,0.0029431612530288476,0.00359630317531295
37,14,1857.5711681127832,431.07393902047227,1857.57,431.07,-0.0011681127832616767,-0.003939020472273569,0.0041085727151177
37,15,1861.3273671287484,605.0714421046472,1861.33,605.07,0.002632871251535107,-0.0014421046471397858,0.0030019455092426656
37,30,1517.1015076415188,477.0715717689026,1517.1,477.07,-0.0015076415188559622,-0.0015717689025791515,0.0021779440838766233
38,0,666.158337705813,241.25918419777065,666.16,241.26,0.0016622941869854913,0.0008158022293400791,0.0018516898340386271
38,1,525.6419853900122,296.2588248405803,525.64,296.26,-0.001985390012237076,0.0011751594196880433,0.0023071135997978676
38,2,374.0054545902939,350.30342708724305,374.01,350.3,0.004545409706111059,-0.0034270872430397503,0.005692598384552911
38,6,506.00958825853115,357.5213868829245,506.01,357.52,0.00041174146883804497,-0.00138688292452116,0.0014467118868279464
38,7,208.71540960480377,477.82445999385493,208.72,477.82,0.004590395196231611,-0.0044599938549367835,0.006400255717052259
38,8,515.2662984731242,420.01107969822226,515.27,420.01,0.003701526875829586,-0.0010796982222700535,0.0038557813039203676
38,9,894.4061934955105,312.8274283562053,894.41,312.83,0.0038065044894892708,0.002571643794681222,0.004593781474474424
38,10,768.5575477662302,382.82686864376916,768.56,382.83,0.0024522337697590046,0.003131356230824167,0.003977290824904283
38,11,554.3687618481697,485.4109153135172,554.37,485.41,0.001238151830307288,-0.0009153135171686699,0.001539746339370537
38,12,311.3956689682302,616.3540833173206,311.4,616.35,0.004331031769766014,-0.004083317320578317,0.005952421064680943
38,13,1854.2209499841674,289.33779262906023,1854.22,289.34,-0.0009499841673914489,0.002207370939743214,0.002403113893247106
38,14,1858.1783760845874,431.30545426535423,1858.18,431.31,0.0016239154126651556,0.004545734645773791,0.004827090711523829
38,15,1861.9955253465614,605.5535815784854,1862.0,605.55,0.004474653438592213,-0.003581578485409409,0.005731511828710875
38,30,1517.826130731139,477.3036788266769,1517.83,477.3,0.003869268860853481,-0.0036788266768894573,0.005339008076053447
39,0,667.1187532793597,241.694388148328,659.4,241.8,-7.718753279359703,0.10561185167202325,7.719475762695273
39,1,526.7314890425091,296.69411863043524,518.6,292.3,-8.131489042509088,-4.39411863043523,9.242802204244303
39,2,375.0040909427204,350.7275703154323,376.9,343.3,1.8959090572795958,-7.427570315432263,7.6657205756644515
39,6,507.0071911938984,357.89104016219335,507.4,354.5,0.3928088061015842,-3.391040162193349,3.4137152985800157
39,7,209.78655720360283,478.1183449953912,216.5,474.8,6.713442796397175,-3.3183449953912145,7.488773443557698
39,8,516.4497238548431,420.2583097736667,528.0,419.5,11.550276145156886,-0.7583097736667241,11.575142018231082
39,9,895.3046451216328,313.370571267154,891.4,316.2,-3.904645121632825,2.8294287328459973,4.822024520898409
39,10,769.6681608246727,383.1201514828269,769.67,383.12,0.0018391753272908318,-0.0001514828268796009,0.0018454031893748242
39,11,555.5265713861272,485.55818648513787,585.0,483.7,29.473428613872784,-1.8581864851378782,29.531946283145714
39,12,312.29675172617266,616.5155624879905,350.4,613.0,38.10324827382732,-3.515562487990451,38.26508471993614
39,13,1855.1657124881256,289.7533444717952,1870.9,289.7,15.734287511874527,-0.0533444717951852,15.734377939372175
39,14,1859.1337820634405,431.72909069901567,1865.8,435.7,6.666217936559406,3.9709093009843173,7.759290061233058
39,15,1862.996644009921,605.9151861838641,1860.1,607.6,-2.896644009921147,1.684813816135943,3.350991512262396
39,30,1518.6195980483544,477.7277591200077,1518.6,483.3,-0.019598048354509956,5.572240879992307,5.572275343892901
40,0,668.3390649595198,242.02079111124598,668.34,242.02,0.0009350404802717094,-0.0007911112459737524,0.001224809251782861
40,1,528.0486167818818,297.02058897282643,528.05,297.02,0.0013832181181214764,-0.0005889728264492078,0.0015033899536032185
40,2,376.5030682070403,351.0456777365742,376.5,351.05,-0.003068207040314519,0.004322263425819983,0.005300552382951863
40,6,508.50539339542377,358.418280121645,508.51,358.42,0.004606604576224527,0.0017198783550043117,0.004917193028314538
40,7,211.58991790270213,478.3387587465434,211.59,478.34,8.209729787722608e-05,0.0012412534565555688,0.0012439654777082398
40,8,517.8372928911324,420.69373233025004,517.84,420.69,0.002707108867639363,-0.003732330250045379,0.0046107187635612175
40,9,896.4784838412246,313.7779284503655,896.48,313.78,0.001516158775416443,0.0020715496344791973,0.0025671103054569324
40,10,771.0011206185045,383.59011361212015,771.0,383.59,-0.0011206185045011807,-0.00011361212017391153,0.0011263629727937944
40,11,557.1449285395954,485.9186398638534,557.14,485.92,-0.004928539595425718,0.0013601361466157869,0.005112775457714718
40,12,314.2225637946295,616.6366718659929,314.22,616.64,-0.0025637946294523317,0.003328134007119843,0.004201133046138411
40,13,1855.8742843660941,290.3150083538464,1855.87,290.32,-0.004284366094225334,0.0049916461535985945,0.006578170273874285
40,14,1860.1003365475804,432.29681802426177,1860.1,432.3,-0.0003365475804457674,0.0031819757382436364,0.0031997240307056222
40,15,1863.9974830074407,606.1863896378981,1864.0,606.19,0.0025169925593218068,0.003610362101994724,0.004401132360109282
40,30,1519.7146985362658,478.0458193400058,1519.71,478.05,-0.004698536265777875,0.004180659994233338,0.00628920988902525
41,0,670.0042987196398,242.76559333343448,670.0,242.77,-0.0042987196397916705,0.004406666565529349,0.0061561108470596
41,1,530.2864625864114,297.76544172961985,530.29,297.77,0.003537413588560412,0.004558270380130125,0.0057698460772280125
41,2,378.87730115528024,351.53425830243066,378.88,351.53,0.0026988447197595633,-0.004258302430685035,0.005041517867919556
41,3,87.0,466.0,87.0,466.0,0.0,0.0,0.0
41,6,510.87904504656785,359.06371009123376,510.88,359.06,0.000954953432142247,-0.0037100912337564296,0.0038310198407678028
41,7,214.4424384270266,478.7540690599076,214.44,478.75,-0.0024384270265898067,-0.004069059907578776,0.004743751141814735
41,8,520.1279696683494,421.27029924768755,520.13,421.27,0.002030331650644257,-0.00029924768756472986,0.002052266013488668
41,9,897.8588628809184,314.58344633777415,897.86,314.58,0.001137119081590754,-0.0034463377741644763,0.0036290885714392197
41,10,772.7508404638784,384.1925852090901,772.75,384.19,-0.0008404638783758855,-0.002585209090113949,0.0027183976108109036
41,11,559.6086964046965,486.18897989789,559.61,486.19,0.001303595303511429,0.001020102109976051,0.0016552851809022654
41,12,317.1669228459721,616.7275038994946,317.17,616.73,0.003077154027891993,0.002496100505368304,0.0039622461614937324
41,13,1856.6557132745706,291.2362562653848,1856.66,291.24,0.004286725429437865,0.0037437346152273676,0.005691358693373741
41,14,1860.8252524106852,433.22261351819634,1860.83,433.22,0.004747589314774814,-0.002613518196312725,0.0054194170963510185
41,15,1864.7481122555805,606.8897922284235,1864.75,606.89,0.001887744419491355,0.00020777157646989508,0.0018991440233193317
41,30,1520.7860239021993,478.5343645050043,1520.79,478.53,0.0039760978006597725,-0.004364505004332386,0.005904088215233062
42,0,672.5032240397298,243.57419500007586,672.5,243.57,-0.003224039729843753,-0.004195000075867483,0.005290789904743825
42,1,533.2148469398086,298.5740812972149,533.21,298.57,-0.004846939808544448,-0.004081297214895585,0.006336387966654768
42,2,382.15797586646016,352.15069372682296,382.16,352.15,0.002024133539862305,-0.0006937268229876281,0.002139713413550519
42,3,88.75,466.0,88.75,466.0,0.0,0.0,0.0
42,6,513.909283784926,359.5477825684253,513.91,359.55,0.0007162150740214202,0.002217431574706552,0.002330228920248199
42,7,218.08182882026995,479.0655517949307,218.08,479.07,-0.0018288202699352496,0.004448205069309097,0.004809481460443858
42,8,523.095977251262,421.7027244357657,523.1,421.7,0.004022748738066184,-0.0027244357656854845,0.004858503643197083
42,9,899.8941471606888,315.4375847533306,899.89,315.44,-0.004147160688830809,0.002415246669386306,0.004799203918668728
42,10,775.3131303479088,384.8944389068176,775.31,384.89,-0.003130347908836484,-0.004438906817597399,0.005431663811915241
42,11,562.4565223035224,486.3917349234175,562.46,486.39,0.0034776964776028763,-0.0017349234175298989,0.00388642921652062
42,12,320.6251921344791,616.5456279246209,320.63,616.55,0.004807865520888299,0.004372075379023954,0.006498508597117801
42,13,1857.2417849559279,292.1771921990386,1857.24,292.18,-0.00178495592786021,0.0028078009614205257,0.003327132985523322
42,14,1861.618939308014,434.16696013864726,1861.62,434.17,0.0010606919859128539,0.0030398613527609086,0.0032196000579247626
42,15,1865.5610841916855,607.4173441713176,1865.56,607.42,-0.0010841916855497402,0.0026558286823501476,0.002868605515055862
42,30,1522.3395179266495,479.15077337875323,1522.34,479.15,0.0004820733504402597,-0.0007733787532515635,0.000911322890739413
43,0,675.1274180297974,244.6806462500569,675.13,244.68,0.0025819702026410596,-0.0006462500568886753,0.002661617790621886
43,1,536.4111352048565,299.43056097291117,536.41,299.43,-0.001135204856495875,-0.0005609729111597517,0.0012662466873665915
43,2,385.6184818998451,352.8630202951172,385.62,352.86,0.0015181001548967288,-0.0030202951172100256,0.003380356589968016
43,3,91.3125,466.0,91.31,466.0,-0.0024999999999977263,0.0,0.0024999999999977263
43,6,517.1819628386945,360.160836926319,517.18,360.16,-0.0019628386945669263,-0.0008369263189820231,0.0021338185031286034
43,7,222.06137161520246,479.299163846198,222.06,479.3,-0.0013716152024585426,0.000836153802026729,0.0016063877004817806
43,8,526.3219829384465,422.02704332682424,526.32,422.03,-0.0019829384464173927,0.002956673175731339,0.003560050723005146
43,9,902.1706103705167,316.32818856499796,902.17,316.33,-0.0006103705167106455,0.0018114350020255188,0.0019115043641678695
43,10,777.9848477609316,385.6708291801132,777.98,385.67,-0.004847760931625089,-0.0008291801131576904,0.0049181628389315
43,11,565.8423917276418,486.79380119256314,565.84,486.79,-0.0023917276417932953,-0.0038011925631167287,0.0044910384115939206
43,12,324.4688941008593,616.4092209434657,324.47,616.41,0.0011058991407253416,0.0007790565342702394,0.0013527534856899114
43,13,1857.681338716946,293.38289414927897,1857.68,293.38,-0.0013387169458383141,-0.002894149278972691,0.0031887714107556864
43,14,1862.2142044810105,434.87522010398544,1862.21,434.88,-0.004204481010447125,0.004779896014554197,0.0063659301344863636
43,15,1866.170813143764,607.8130081284883,1866.17,607.81,-0.0008131437639349315,-0.003008128488318107,0.0031160936736653547
43,30,1523.754638444987,479.6130800340649,1523.75,479.61,-0.0046384449869947275,-0.003080034064907977,0.005567924365360047
44,0,677.845563522348,245.76048468754266,677.85,245.76,0.004436477652006943,-0.0004846875426665065,0.004462875303072351
44,1,539.5583514036423,300.32292072968335,539.56,300.32,0.0016485963576542417,-0.002920729683353329,0.003353883097797547
44,2,389.4638614248838,353.64726522133793,389.46,353.65,-0.003861424883837117,0.0027347786620453007,0.004731766738111123
44,3,94.734375,466.25,94.73,466.25,-0.004374999999996021,0.0,0.004374999999996021
44,6,520.6364721290208,360.87062769473926,520.64,360.87,0.003527870979155523,-0.0006276947392507282,0.003583277038026894
44,7,226.54602871140185,479.72437288464846,226.55,479.72,0.003971288598165756,-0.004372884648432773,0.005907051149128502
44,8,529.9914872038348,422.5202824951182,529.99,422.52,-0.0014872038348130445,-0.0002824951181992219,0.001513796134916792
44,9,904.1279577778876,317.24614142374844,904.13,317.25,0.0020422221124363205,0.003858576251559498,0.004365693741620318
44,10,780.7386358206987,386.25312188508485,780.74,386.25,0.0013641793012766357,-0.003121885084851783,0.003406927009645442
44,11,569.3817937957314,487.0953508944224,569.38,487.1,-0.0017937957313733932,0.004649105577641421,0.0049831602219826306
44,12,328.85167057564445,616.3069157075993,328.85,616.31,-0.0016705756444252984,0.003084292400671984,0.003507660558918145
44,13,1857.7610040377094,294.28717061195925,1857.76,294.29,-0.001004037709435579,0.0028293880407659344,0.003002253887864572
44,14,1862.4106533607578,435.6564150779891,1862.41,435.66,-0.0006533607577239309,0.0035849220109298585,0.003643973943949513
44,15,1866.878109857823,608.3597560963663,1866.88,608.36,0.001890142177217058,0.00024390363375914603,0.001905813850473271
44,30,1525.0659788337402,480.2098100255487,1525.07,480.21,0.00402116625969029,0.00018997445130253254,0.004025651298885597
45,0,680.384172641761,246.820363515657,680.38,246.82,-0.004172641760987972,-0.00036351565699987987,0.0041884463585469085
45,1,542.6687635527317,301.2421905472625,542.67,301.24,0.0012364472682975247,-0.002190547262500786,0.0025154123233637263
45,2,393.34789606866286,354.48544891600346,393.35,354.49,0.0021039313371602475,0.004551083996545913,0.005013870023754228
45,3,98.80078125,466.4375,98.8,466.44,-0.0007812500000028422,0.0024999999999977263,0.0026192272834737102
45,6,524.2273540967656,361.65297077105447,524.23,361.65,0.0026459032344519073,-0.002970771054492616,0.003978226311347085
45,7,231.15952153355138,480.0432796634864,231.16,480.04,0.0004784664486123802,-0.0032796634863530016,0.0033143811980767797
45,8,533.4936154028761,422.89021187133864,533.49,422.89,-0.0036154028761075097,-0.00021187133864941643,0.0036216056412463724
45,9,906.0959683334156,318.18460606781133,906.1,318.18,0.004031666584410232,-0.004606067811323555,0.0061212903974865495
45,10,783.5539768655241,386.9398414138136,783.55,386.94,-0.003976865524123241,0.0001585861863873106,0.003980026253113525
45,11,573.0363453467985,487.3215131708168,573.04,487.32,0.0036546532014654076,-0.0015131708167928082,0.003955524736842732
45,12,333.38875293173334,615.9801867806995,333.39,615.98,0.0012470682666503308,-0.0001867806994368948,0.001260978307255282
45,13,1857.820753028282,295.46537795896944,1857.82,295.47,-0.0007530282821335277,0.004622041030586388,0.004682981409542115
45,14,1862.8079900205685,436.4923113084918,1862.81,436.49,0.0020099794314774044,-0.0023113084918122695,0.0030630318736973236
45,15,1867.6585823933672,608.7698170722747,1867.66,608.77,0.0014176066329127934,0.00018292772529093781,0.001429360387851316
45,30,1526.5494841253053,480.9073575191615,1526.55,480.91,0.0005158746946563042,0.0026424808385172582,0.0026923654437162885
46,0,683.0381294813208,247.86527263674276,683.4,251.5,0.3618705186792113,3.634727363257241,3.6526967130464167
46,1,546.0015726645488,302.1816429104469,546.8,301.0,0.7984273354511515,-1.1816429104468966,1.4261017417439186
46,2,397.0109220514971,355.1140866870026,412.2,350.7,15.18907794850287,-4.414086687002623,15.81746661782695
46,3,103.1005859375,466.828125,100.7,463.6,-2.400585937499997,-3.2281249999999773,4.0228850168688135
46,6,527.6705155725742,362.48972807829085,535.3,360.5,7.629484427425723,-1.9897280782908524,7.884671867228884
46,7,235.86964115016355,480.2824597476148,255.5,478.3,19.630358849836455,-1.9824597476147687,19.730208696926276
46,8,537.1202115521571,423.417658903504,557.9,424.6,20.77978844784286,1.1823410964960317,20.81339805042817
46,9,908.3219762500617,318.8884545508585,909.7,323.2,1.378023749938393,4.311545449141477,4.526408467582974
46,10,786.4154826491431,387.7048810603602,791.6,388.5,5.184517350856936,0.7951189396397922,5.245134344276658
46,11,576.7772590100989,487.7411348781126,576.78,487.74,0.0027409899010990557,-0.0011348781125661844,0.0029666435526211764
46,12,338.0415646988,615.7351400855246,385.2,613.3,47.15843530119997,-2.4351400855246084,47.221265625707154
46,13,1858.1155647712117,296.3490334692271,1876.4,300.5,18.284435228788425,4.150966530772905,18.749695858209435
46,14,1863.3559925154264,437.11923348136884,1869.7,441.8,6.3440074845736945,4.680766518631174,7.883908051611565
46,15,1868.4939367950253,609.077362804206,1865.4,611.6,-3.093936795025229,2.5226371957940046,3.992009934007483
46,30,1528.1621130939789,481.18051813937115,1530.7,493.4,2.5378869060211855,12.219481860628832,12.480248670999742
47,0,686.0285971109906,248.89895447755708,688.3,251.5,2.271402889009323,2.6010455224429165,3.4532171802567304
47,1,549.7511794984116,303.13623218283516,553.4,301.8,3.648820501588375,-1.3362321828351469,3.8857956069839834
47,2,401.25819153862284,355.835565015252,414.6,352.4,13.341808461377184,-3.4355650152519956,13.777044675622536
47,3,108.075439453125,467.12109375,107.2,464.1,-0.8754394531249972,-3.0210937499999773,3.145377828238878
47,6,531.7528866794307,363.3672960587181,541.0,361.8,9.24711332056927,-1.5672960587181137,9.378993639998
47,7,241.15223086262267,480.7118448107111,260.9,478.1,19.747769137377304,-2.6118448107110908,19.919741946581286
47,8,541.3401586641178,424.063244177628,562.2,424.6,20.859841335882265,0.5367558223720152,20.866745969868724
47,9,910.7414821875462,319.91634091314387,912.7,323.8,1.958517812453806,3.8836590868561416,4.349551692372344
47,10,789.8116119868573,388.2786607952702,795.3,390.5,5.4883880131426395,2.2213392047298157,5.920874162256575
47,11,581.0829442575741,488.05585115858446,617.6,487.3,36.517055742425896,-0.7558511585844485,36.52487742716426
47,12,343.28117352410004,615.5513550641434,388.4,613.4,45.11882647589994,-2.151355064143445,45.17008779241396
47,13,1857.8366735784089,297.5117751019203,1876.5,301.1,18.663326421591137,3.588224898079716,19.00513380742322
47,14,1863.2669943865699,437.8394251110266,1869.7,442.1,6.4330056134301685,4.2605748889733945,7.71596135338784
47,15,1868.870452596269,609.3080221031545,1866.0,610.7,-2.870452596268933,1.3919778968455603,3.1901568257271693
47,30,1529.6215848204843,481.6353886045284,1530.3,493.1,0.6784151795156959,11.46461139547165,11.484666368901436
48,0,689.021447833243,249.92421585816783,689.02,249.92,-0.0014478332429916918,-0.004215858167839315,0.004457542057103814
48,1,553.5633846238087,304.1021741371264,553.56,304.1,-0.0033846238087562597,-0.002174137126360165,0.0040227541027283
48,2,405.6936436539671,356.62667376143895,405.69,356.63,-0.0036436539671171886,0.0033262385610441925,0.004933566377081205
48,3,113.55657958984375,467.5908203125,113.56,467.59,0.0034204101562522737,-0.0008203125000250111,0.0035174021997336313
48,6,535.814665009573,364.27547204403857,535.81,364.28,-0.004665009573045609,0.004527955961407315,0.006501130632824664
48,7,246.614173146967,481.0338836080333,246.61,481.03,-0.004173146966991226,-0.003883608033333985,0.005700663730188295
48,8,545.7551189980884,424.54743313322103,545.76,424.55,0.004881001911599014,0.002566866778977328,0.005514796888558152
48,9,913.0561116406597,320.9372556848579,913.06,320.94,0.0038883593402943006,0.0027443151420811773,0.004759265064934917
48,10,793.108708990143,388.9589955964526,793.11,388.96,0.0012910098570273476,0.0010044035473697477,0.0016357056388331935
48,11,585.5622081931806,488.2918883689383,585.56,488.29,-0.002208193180649687,-0.0018883689382960256,0.002905521359444642
48,12,348.96088014307503,615.4135162981075,348.96,615.41,-0.0008801430750509098,-0.0035162981075700372,0.003624776436397243
48,13,1857.3775051838065,298.38383132644026,1857.38,298.38,0.0024948161935753888,-0.003831326440263183,0.004571998483331523
48,14,1863.2002457899275,438.62956883326996,1863.2,438.63,-0.00024578992747592565,0.00043116673003851247,0.0004963037754649104
48,15,1869.1528394472016,609.4810165773658,1869.15,609.48,-0.0028394472014952044,-0.0010165773658172839,0.003015939314835588
48,30,1530.966188615363,481.9765414533963,1530.97,481.98,0.0038113846369469684,0.003458546603724244,0.005146668578885557
49,0,692.7660858749323,250.94316189362587,697.2,255.4,4.4339141250677585,4.456838106374136,6.2867320902758355
49,1,557.9225384678565,304.8266306028448,561.6,303.7,3.677461532143525,-1.1266306028447843,3.846169501681095
49,2,410.7702327404753,357.2200053210792,428.6,354.2,17.829767259524715,-3.020005321079225,18.083722865277668
49,3,119.41743469238281,467.693115234375,121.3,464.0,1.8825653076171847,-3.693115234375,4.145256599031777
49,6,540.6109987571797,364.95660403302895,550.3,363.1,9.689001242820268,-1.8566040330289297,9.865278689364635
49,7,252.46062986022525,481.275412706025,274.0,477.6,21.539370139774746,-3.6754127060249857,21.850700780016872
49,8,550.3163392485662,424.91057484991575,569.2,424.5,18.88366075143381,-0.4105748499157471,18.888123651718956
49,9,915.7920837304947,321.7029417636434,921.1,326.5,5.307916269505313,4.797058236356577,7.154421209788788
49,10,796.8315317426072,389.4692466973395,802.5,390.8,5.66846825739276,1.3307533026605256,5.822579903926713
49,11,590.1716561448854,488.46891627670374,624.7,488.5,34.5283438551146,0.031083723296262633,34.52835784648445
49,12,354.4706601073063,615.0601372235807,398.7,613.2,44.2293398926937,-1.8601372235806366,44.26843816799929
49,13,1857.283128887855,299.5378734948302,1878.4,304.7,21.11687111214519,5.162126505169795,21.738670511839693
49,14,1863.1501843424458,439.47217662495245,1871.3,443.3,8.1498156575542,3.827823375047558,9.003983953932618
49,15,1869.3646295854012,609.8607624330243,1866.8,611.2,-2.564629585401235,1.3392375669757257,2.893247685752876
49,16,1856.0,1031.0,1859.4,1061.1,3.400000000000091,30.09999999999991,30.291417926534823
49,30,1532.2246414615224,482.4824060900472,1534.4,494.1,2.175358538477667,11.617593909952802,11.819503924763515
50,0,696.3245644061992,251.9573714202194,696.32,251.96,-0.004564406199165205,0.002628579780605378,0.00526718479018775
50,1,562.1919038508923,305.6199729521336,562.19,305.62,-0.001903850892290393,2.7047866410612187e-05,0.0019040430160981898
50,2,415.57767455535645,357.9150039908094,415.58,357.92,0.0023254446435316822,0.004996009190620043,0.005510698741801273
50,3,125.06307601928711,467.76983642578125,125.06,467.77,-0.0030760192871071013,0.0001635742187318101,0.0030803654295697776
50,6,545.2082490678847,365.4674530247717,545.21,365.47,0.0017509321153283963,0.002546975228312931,0.0030907678796907537
50,7,258.09547239516894,481.45655952951876,258.1,481.46,0.004527604831082499,0.003440470481223201,0.005686478931519029
50,8,554.7372544364247,425.1829311374368,554.74,425.18,0.002745563575331289,-0.0029311374368035104,0.0040161780363446265
50,9,918.5940627978711,322.5272063227326,918.59,322.53,-0.0040627978710290336,0.0027936772673911037,0.004930614486570195
50,10,800.6236488069554,390.1019350230046,800.62,390.1,-0.0036488069554252434,-0.001935023004591585,0.004130146029652981
50,11,594.878742108664,488.6016872075278,594.88,488.6,0.0012578913359675425,-0.001687207527766077,0.0021045094095424534
50,12,359.60299508047973,614.5451029176855,359.6,614.55,-0.0029950804797067576,0.004897082314414547,0.005740376492362866
50,13,1857.4623466658911,300.65340512112266,1857.46,300.65,-0.0023466658910820115,-0.0034051211226824307,0.004135419043398841
50,14,1863.6126382568343,440.35413246871434,1863.61,440.35,-0.0026382568344160973,-0.004132468714317383,0.004902825389421411
50,15,1870.0234721890508,610.1455718247682,1870.02,610.15,-0.003472189050853558,0.004428175231737441,0.005627151383056997
50,16,1856.25,1031.0,1856.25,1031.0,0.0,0.0,0.0
50,30,1533.918481096142,482.8618045675354,1533.92,482.86,0.0015189038581411296,-0.0018045675353732804,0.0023587142514512444
51,0,699.4934233046495,252.96802856516456,699.49,252.97,-0.003423304649459169,0.0019714348354398226,0.0039503885927076095
51,1,566.1439278881693,306.4649797141002,566.14,306.46,-0.003927888169300786,-0.004979714100215915,0.006342385827937487
51,2,420.18325591651734,358.436252993107,420.18,358.44,-0.00325591651733248,0.0037470068929792433,0.004963975526115376
51,3,130.79730701446533,467.82737731933594,130.8,467.83,0.0026929855346793374,0.002622680664046584,0.0037590723530621204
51,6,549.6561868009135,366.1005897685788,549.66,366.1,0.0038131990864940235,-0.0005897685787772389,0.003858537838320596
51,7,263.5716042963767,481.5924196471391,263.57,481.59,-0.0016042963766835783,-0.0024196471391064733,0.0029031808662269387
51,8,559.3029408273185,425.6371983530776,559.3,425.64,-0.0029408273185254075,0.002801646922364398,0.004061734948883204
51,9,921.1955470984033,323.39540474204944,921.2,323.4,0.004452901596778247,0.004595257950541054,0.006398806784284163
51,10,803.9677366052166,390.82645126725345,803.97,390.83,0.00226339478342652,0.003548732746537553,0.004209092544954357
51,11,599.409056581498,488.7012654056458,599.41,488.7,0.0009434185019472352,-0.0012654056458245577,0.0015783820571398522
51,12,365.2022463103598,613.9088271882641,365.2,613.91,-0.002246310359794279,0.0011728117358416057,0.002534047671265658
51,13,1857.8467599994183,301.740053840842,1857.85,301.74,0.0032400005816271005,-5.384084198567507e-05,0.003240447901943445
51,14,1864.2094786926257,441.01559935153574,1864.21,441.02,0.0005213073743561836,0.0044006484642409305,0.004431418315210628
51,15,1870.767604141788,610.3591788685762,1870.77,610.36,0.0023958582119121274,0.0008211314237769329,0.002532665273323877
51,16,1856.9375,1029.75,1856.94,1029.75,0.0025000000000545697,0.0,0.0025000000000545697
51,30,1535.6888608221066,483.39635342565157,1535.69,483.4,0.0011391778934921604,0.003646574348408649,0.0038203704992439145
52,0,702.620067478487,253.97602142387342,708.1,256.7,5.479932521512978,2.7239785761265694,6.119617612525485
52,1,570.1079459161269,307.0987347855752,573.6,305.4,3.492054083873086,-1.6987347855751977,3.8833157992130785
52,2,424.637441937388,358.82718974483026,440.2,354.5,15.56255806261197,-4.327189744830264,16.152949716381002
52,3,136.347980260849,467.87053298950195,137.0,464.1,0.652019739151001,-3.7705329895019304,3.826493011252589
52,6,553.7421401006851,366.5754423264341,562.0,364.2,8.257859899314894,-2.375442326434097,8.592728109449736
52,7,268.6787032222825,481.6943147353543,286.3,477.9,17.621296777717532,-3.7943147353543054,18.02517474088185
52,8,563.2272056204888,425.97789876480823,583.6,426.0,20.37279437951122,0.02210123519176932,20.3728063676667
52,9,923.6466603238025,324.2965535565371,928.9,328.2,5.25333967619747,3.903446443462883,6.544804954350708
52,10,807.2258024539125,391.36983845044006,811.9,393.6,4.674197546087498,2.2301615495599663,5.178971252766914
52,11,603.5567924361235,488.7759490542344,635.3,490.2,31.743207563876467,1.4240509457656003,31.7751341073406
52,12,370.1516847327698,613.4316203911981,413.7,611.4,43.54831526723018,-2.0316203911980892,43.59567918989226
52,13,1858.6350699995637,302.8050403806315,1882.5,305.1,23.86493000043629,2.2949596193685124,23.9750229109433
52,14,1864.9071090194693,441.7616995136518,1875.7,445.6,10.792890980530728,3.838300486348203,11.455088229303273
52,15,1871.575703106341,610.7693841514322,1871.58,610.77,0.004296893658874978,0.000615848567804278,0.004340802296136807
52,30,1537.2666456165798,483.7972650692387,1541.9,492.3,4.633354383420283,8.502734930761335,9.683205778312724
53,0,705.7150506088653,254.98201606790508,705.72,254.98,0.0049493911346871755,-0.002016067905088903,0.005344249470416736
53,1,573.8309594370952,307.82405108918135,573.83,307.82,-0.0009594370951617748,-0.004051089181359657,0.004163153023238723
53,2,428.728081453041,359.3703923086227,428.73,359.37,0.0019185469590183857,-0.00039230862267913835,0.001958246279043343
53,3,141.26098519563675,468.15289974212646,141.26,468.15,-0.0009851956367583625,-0.002899742126487581,0.003062534055780349
53,6,557.5566050755139,367.18158174482556,557.56,367.18,0.0033949244860878025,-0.0015817448255575073,0.003745320942111167
53,7,273.5090274167119,481.7707360515157,273.51,481.77,0.0009725832881031238,-0.0007360515157301961,0.0012197090169815926
53,8,567.1704042153666,426.23342407360616,567.17,426.23,-0.00040421536664325686,-0.0034240736061406096,0.0034478500725668598
53,9,926.2349952428519,324.9724151674028,926.23,324.97,-0.004995242851919102,-0.002415167402773477,0.005548466881316718
53,10,810.4193518404344,391.77737883783004,810.42,391.78,0.0006481595655714045,0.0026211621699303578,0.002700111468720455
53,11,607.4175943270926,488.8319617906758,607.42,488.83,0.0024056729073436145,-0.0019617906758071513,0.0031041721590161454
53,12,374.86376354957736,613.0737152933985,374.86,613.07,-0.0037635495773429284,-0.0037152933984998526,0.005288450667072042
53,13,1859.9763024996728,303.85378028547365,1859.98,303.85,0.003697500327234593,-0.0037802854736241898,0.005287917069318881
53,14,1866.180331764602,442.32127463523886,1866.18,442.32,-0.0003317646019240783,-0.0012746352388717241,0.0013171039227272156
53,15,1873.1817773297557,611.0770381135742,1873.18,611.08,-0.0017773297556686884,0.0029618864258509348,0.003454225276386204
53,16,1858.453125,1028.8125,1858.45,1028.81,-0.0031249999999545253,-0.0025000000000545697,0.00400195264839411
53,30,1539.4499842124349,484.097948801929,1539.45,484.1,1.5787565189384622e-05,0.0020511980710011812,0.0020512588265973594
54,0,709.286287956649,255.7365120509288,709.29,255.74,0.0037120433510153816,0.0034879490712000916,0.005093628820703672
54,1,577.8732195778214,308.368038316886,577.87,308.37,-0.0032195778213690573,0.001961683114018342,0.003770130234842853
54,2,433.2960610897808,359.777794231467,433.3,359.78,0.003938910219233094,0.0022057685329741616,0.004514468798899587
54,3,146.19573889672756,468.11467480659485,146.2,468.11,0.004261103272426681,-0.00467480659483499,0.006325410484498068
54,6,561.6674538066354,367.6361863086192,561.67,367.64,0.00254619336453743,0.0038136913807989004,0.004585558046475288
54,7,278.3817705625339,481.82805203863677,278.38,481.83,-0.0017705625339203834,0.00194796136321429,0.002632383930793197
54,8,571.127803161525,426.42506805520463,571.13,426.43,0.0021968384750152836,0.004931944795373511,0.005399090548408995
54,9,929.1762464321389,325.47931137555213,929.18,325.48,0.0037535678610538525,0.0006886244478891967,0.0038162121688615656
54,10,813.8145138803258,392.08303412837256,813.81,392.08,-0.004513880325816899,-0.003034128372576106,0.005438846438084845
54,11,611.3131957453195,488.8739713430068,611.31,488.87,-0.003195745319544585,-0.003971343006810457,0.005097485009799778
54,12,379.397822662183,612.8052864700489,379.4,612.81,0.0021773378169882562,0.0047135299510046025,0.005192125245822238
54,13,1861.4822268747546,304.6403352141052,1861.48,304.64,-0.002226874754569508,-0.0003352141052346269,0.0022519635141110207
54,14,1867.8852488234515,442.7409559764292,1867.89,442.74,0.004751176548552394,-0.000955976429168004,0.004846397582600817
54,15,1874.886332997317,611.3077785851806,1874.89,611.31,0.0036670026831870928,0.0022214148193597794,0.004287375943181631
54,16,1859.83984375,1028.609375,1859.84,1028.61,0.00015624999991814548,0.0006249999998999556,0.0006442352538858495
54,30,1541.837488159326,484.57346160144675,1541.84,484.57,0.0025118406738329213,-0.0034616014467587775,0.004276918066426324
55,0,712.7147159674867,256.3023840381966,712.71,256.3,-0.004715967486617956,-0.002384038196566962,0.005284315230711349
55,1,581.6549146833661,308.7760287376645,581.65,308.78,-0.004914683366109784,0.003971262335483061,0.006318626205619586
55,2,437.4720458173356,360.08334567360026,437.47,360.08,-0.0020458173355564213,-0.003345673600279042,0.0039215941159262396
55,3,150.89680417254567,468.08600610494614,150.9,468.09,0.0031958274543342213,0.003993895053838514,0.005115125689457894
55,6,565.5005903549766,367.9771397314644,565.5,367.98,-0.0005903549765662319,0.002860268535641808,0.002920557325980616
55,7,282.78632792190047,481.8710390289776,282.79,481.87,0.003672078099555165,-0.0010390289775727979,0.0038162466882355295
55,8,575.0958523711438,426.5688010414035,575.1,426.57,0.004147628856230767,0.0011989585964897742,0.004317444480839895
55,9,932.1321848241041,326.10948353166407,932.13,326.11,-0.002184824104119798,0.0005164683359453193,0.002245038063814733
55,10,817.1108854102444,392.5622755962794,817.11,392.56,-0.0008854102443365264,-0.002275596279389447,0.0024417800325883493
55,11,615.2348968089896,488.9054785072551,615.23,488.91,-0.004896808989542478,0.004521492744913758,0.0066650307517949064
55,12,383.54836699663724,612.3539648525367,383.55,612.35,0.0016330033627696139,-0.0039648525366828835,0.004287978034045599
55,13,1863.3616701560659,305.48025141057894,1863.36,305.48,-0.0016701560659839743,-0.0002514105789259702,0.0016889726356394757
55,14,1869.9139366175887,443.3057169823219,1869.91,443.31,-0.0039366175885788834,0.0042830176781194496,0.00581731883858813
55,15,1876.9147497479876,611.7308339388854,1876.91,611.73,-0.004749747987489172,-0.0008339388854210483,0.004822401892135779
55,16,1861.6298828125,1028.20703125,1861.63,1028.21,0.00011718750010913936,0.00296875000003638,0.0029710620109479093
55,30,1544.3781161194945,484.93009620108506,1544.38,484.93,0.0018838805056020647,-9.620108505714597e-05,0.0018863351791645257
56,0,716.0360369756149,256.97678802864743,716.04,256.98,0.003963024385029712,0.0032119713525844418,0.0051012079203031175
56,1,585.2411860125246,309.33202155324835,585.24,309.33,-0.0011860125246130337,-0.002021553248368946,0.0023437796919783265
56,2,441.3540343630017,360.5625092552002,441.35,360.56,-0.004034363001665042,-0.0025092552002092816,0.004751046883475376
56,3,155.42260312940925,468.0645045787096,155.42,468.06,-0.002603129409266103,-0.004504578709600082,0.0052026447190220895
56,6,569.1254427662325,368.2328547985983,569.13,368.23,0.004557233767513935,-0.0028547985982640967,0.005377569585641818
56,7,287.08974594142535,481.9032792717332,287.09,481.9,0.0002540585746260149,-0.0032792717332199572,0.0032890984873725545
56,8,578.8218892783578,426.6766007810526,578.82,426.68,-0.0018892783577939554,0.0033992189473792678,0.0038889667220806663
56,9,935.0991386180781,326.8321126487481,935.1,326.83,0.0008613819219362995,-0.0021126487480955802,0.00228150466759735
56,10,820.3331640576832,392.9217066972095,820.33,392.92,-0.0031640576831932776,-0.0017066972094994526,0.0035950071470704516
56,11,618.9261726067422,488.92910888044133,618.93,488.93,0.0038273932577794767,0.0008911195586733811,0.003929762488693946
56,12,387.66127524747793,612.0154736394026,387.66,612.02,-0.001275247477906305,0.004526360597424173,0.004702573379312704
56,13,1865.7712526170494,306.3601885579342,1865.77,306.36,-0.0012526170494311373,-0.00018855793416605593,0.001266729476669166
56,14,1872.1854524631915,443.9792877367414,1872.19,443.98,0.004547536808559016,0.0007122632586060718,0.004602978380870288
56,15,1879.4360623109906,612.048125454164,1879.44,612.05,0.003937689009489986,0.0018745458359035183,0.004361114172589551
56,16,1863.972412109375,1027.9052734375,1863.97,1027.91,-0.002412109374972715,0.0047265625000818545,0.005306473848424327
56,30,1547.5335870896208,485.4475721508138,1547.53,485.45,-0.0035870896208507475,0.002427849186176445,0.004331473608234591
57,0,719.2770277317112,257.7325910214856,719.28,257.73,0.002972268288772284,-0.002591021485557121,0.003943066207795648
57,1,588.6808895093934,309.9990161649363,588.68,310.0,-0.0008895093934597753,0.000983835063721017,0.001326332685889975
57,2,445.2655257722513,360.92188194140016,445.27,360.92,0.004474227748687554,-0.0018819414001427504,0.004853907434294246
57,3,159.81695234705694,468.0483784340322,159.82,468.05,0.003047652943052981,0.0016215659678096017,0.0034521970756690276
57,6,572.8440820746744,368.6746410989487,572.84,368.67,-0.004082074674329306,-0.004641098948695799,0.006180868312655266
57,7,291.317309456069,481.6774594537999,291.32,481.68,0.00269054393100987,0.002540546200123117,0.0037004596524829255
57,8,582.3664169587684,426.75745058578946,582.37,426.76,0.003583041231649986,0.002549414210534451,0.004397464870192694
57,9,938.3243539635586,327.62408448656106,938.32,327.62,-0.004353963558514806,-0.004084486561055201,0.005969927062897456
57,10,823.7498730432624,393.4412800229071,823.75,393.44,0.00012695673763118975,-0.0012800229071103786,0.001286303485168745
57,11,622.6946294550567,488.696831660331,622.69,488.7,-0.004629455056601728,0.003168339669002762,0.005609833364661721
57,12,391.74595643560843,611.511605229552,391.75,611.51,0.004043564391565724,-0.0016052295519557447,0.004350537312012198
57,13,1868.8284394627872,307.52014141845063,1868.83,307.52,0.001560537212753843,-0.00014141845065296366,0.0015669318972356832
57,14,1875.1390893473936,444.9844658025561,1875.14,444.98,0.0009106526065352227,-0.00446580255606932,0.00455770563327478
57,15,1882.327046733243,612.536094090623,1882.33,612.54,0.002953266757003803,0.0039059093769537867,0.004896724680743167
57,16,1866.4793090820312,1027.678955078125,1866.48,1027.68,0.0006909179687681899,0.0010449218750636646,0.0012526888538473256
57,30,1551.1501903172157,486.08567911311036,1551.15,486.09,-0.0001903172155834909,0.004320886889615849,0.0043250762022652945
58,0,722.9577707987834,258.29944326611417,722.96,258.3,0.002229201216664478,0.0005567338858440962,0.0022976707083534526
58,1,592.260667132045,310.49926212370224,592.26,310.5,-0.0006671320450095664,0.000737876297762341,0.0009947495143392154
58,2,449.19914432918847,361.1914114560501,449.2,361.19,0.000855670811517939,-0.0014114560501070628,0.0016505698164778126
58,3,164.3627142602927,467.78628382552415,164.36,467.79,-0.002714260292691506,0.0037161744758691384,0.004601865021008661
58,6,576.6330615560057,369.0059808242115,576.63,369.01,-0.0030615560057185576,0.00401917578847133,0.00505241518432378
58,7,295.48798209205177,481.5080945903499,295.49,481.51,0.0020179079482431916,0.001905409650078127,0.0027753447393421052
58,8,586.0248127190763,426.8180879393421,586.02,426.82,-0.004812719076312533,0.0019120606579008381,0.005178633107973063
58,9,941.7432654726689,328.2180633649208,941.74,328.22,-0.0032654726688861047,0.0019366350792324738,0.0037965599141006464
58,10,827.3124047824467,393.83096001718036,827.31,393.83,-0.002404782446774334,-0.0009600171803754165,0.0025893264766981236
58,11,626.5209720912925,488.5226237452482,626.52,488.52,-0.000972091292510413,-0.00262374524822917,0.0027980351335499193
58,12,395.80946732670634,610.8837039221639,395.81,610.88,0.0005326732936623557,-0.003703922163936113,0.0037420288927636942
58,13,1872.1213295970904,308.64010606383795,1872.12,308.64,-0.0013295970904891874,-0.00010606383796130103,0.001333820812838214
58,14,1878.3543170105452,445.73834935191707,1878.35,445.74,-0.004317010545264566,0.0016506480829434622,0.004621819894981888
58,15,1885.2452850499321,613.1520705679673,1885.25,613.15,0.004714950067864265,-0.0020705679672801125,0.005149563656231442
58,16,1868.8594818115234,1027.5092163085938,1868.86,1027.51,0.0005181884764624556,0.000783691406240905,0.0009395166402753749
58,30,1554.6126427379118,486.56425933483274,1554.61,486.56,-0.0026427379118558747,-0.004259334832738659,0.005012583853477287
59,0,726.4683280990876,258.7245824495856,726.47,258.72,0.0016719009124699369,-0.0045824495855981695,0.004877919317256759
59,1,595.9455003490338,310.8744465927767,595.95,310.87,0.004499650966295121,-0.004446592776673697,0.006326060870719418
59,2,453.1493582468913,361.3935585920376,453.15,361.39,0.0006417531086526651,-0.003558592037620656,0.0036159956226027835
59,3,169.02203569521953,467.5897128691431,169.02,467.59,-0.0020356952195186295,0.000287130856861495,0.0020558451195878103
59,6,580.7247961670043,369.25448561815864,580.72,369.25,-0.004796167004315066,-0.0044856181586396815,0.006566885730572643
59,7,299.8659865690388,481.38107094276245,299.87,481.38,0.004013430961208542,-0.0010709427624533419,0.004153859227373806
59,8,590.0186095393072,426.86356595450656,590.02,426.86,0.0013904606927326313,-0.0035659545065414022,0.0038274550919321633
59,9,945.0574491045016,328.66354752369057,945.06,328.66,0.0025508954983024523,-0.0035475236905426755,0.004369438428244669
59,10,830.984303586835,393.87322001288527,830.98,393.87,-0.004303586835021633,-0.003220012885265078,0.0053748807082431745
59,11,630.6407290684693,488.39196780893616,630.64,488.39,-0.0007290684693543881,-0.0019678089361718776,0.0020985263501525652
59,12,400.3571004950297,610.412777941623,400.36,610.41,0.0028995049702871256,-0.0027779416229805065,0.004015481133489151
59,13,1875.3409971978178,309.23007954787846,1875.34,309.23,-0.000997197817923734,-7.954787844255407e-05,0.0010003656096830638
59,14,1881.765737757909,446.3037620139378,1881.77,446.3,0.0042622420910447545,-0.003762013937773645,0.005685020361500628
59,15,1888.433963787449,613.6140529259754,1888.43,613.61,-0.003963787449038136,-0.004052925975429389,0.005669022834974518
59,16,1871.8946113586426,1027.3819122314453,1871.89,1027.38,-0.004611358642478081,-0.0019122314452033606,0.0049921195528133955
59,30,1558.459482053434,486.92319450112456,1558.46,486.92,0.0005179465661058202,-0.0031945011245397836,0.00323621786658852
60,0,729.6012460743157,259.04343683718923,729.6,259.04,-0.0012460743156452736,-0.003436837189212838,0.003655755881519886
60,1,599.2091252617753,311.1558349445825,599.21,311.16,0.0008747382247520363,0.004165055417502117,0.0042559198292150754
60,2,456.8620186851685,361.5451689440282,456.86,361.55,-0.0020186851684798057,0.004831055971806109,0.00523585633990886
60,3,173.51652677141465,467.44228465185734,173.52,467.44,0.003473228585363586,-0.002284651857337394,0.004157276862974361
60,6,584.2935971252532,369.44086421361897,584.29,369.44,-0.0035971252532362996,-0.000864213618967824,0.0036994831080408757
60,7,304.1494899267791,481.2858032070718,304.15,481.29,0.0005100732208802583,0.0041967929282122896,0.004227676143338304
60,8,593.5139571544804,426.8976744658799,593.51,426.9,-0.003957154480417557,0.00232553412007519,0.0045898998382887
60,9,948.2930868283762,328.9976606427679,948.29,329.0,-0.0030868283762401916,0.002339357232074235,0.003873125570339759
60,10,834.2382276901262,394.15491500966397,834.24,394.15,0.001772309873786071,-0.004915009663989167,0.005224787295749609
60,11,634.480546801352,488.2939758567021,634.48,488.29,-0.000546801352015791,-0.003975856702084002,0.004013281479546703
60,12,405.0178253712723,609.8095834562172,405.02,609.81,0.0021746287276869225,0.0004165437827623464,0.0022141632338739635
60,13,1879.2557478983633,309.92255966090886,1879.26,309.92,0.004252101636666339,-0.0025596609088438527,0.004963086972520621
60,14,1885.8243033184317,446.72782151045334,1885.82,446.73,-0.004303318431766456,0.0021784895466794296,0.004823314859116338
60,15,1892.3254728405868,614.2105396944816,1892.33,614.21,0.00452715941310089,-0.000539694481517472,0.004559215117211339
60,16,1875.170958518982,1026.786434173584,1875.17,1026.79,-0.0009585189818608342,0.003565826415979245,0.003692407976846941
60,30,1562.3446115400754,487.19239587584343,1562.34,487.19,-0.004611540075529774,-0.0023958758434332594,0.005196780053587432
61,0,732.7009345557367,259.2825776278919,739.7,259.8,6.999065444263351,0.5174223721081148,7.018165216368117
61,1,602.4068439463315,311.3668762084369,608.4,307.9,5.993156053668486,-3.466876208436929,6.923665945743572
61,2,460.64651401387636,361.6588767080211,478.1,356.7,17.453485986123667,-4.958876708021137,18.144272685152462
61,3,177.88739507856098,467.581713488893,180.4,463.6,2.5126049214390207,-3.9817134888929786,4.708208342763931
61,6,587.7201978439399,369.5806481602142,597.7,367.1,9.979802156060146,-2.480648160214173,10.283485127566271
61,7,308.1121174450843,481.2143524053039,326.0,478.2,17.887882554915677,-3.014352405303896,18.140084418817295
61,8,596.8854678658603,427.17325584940994,617.8,425.7,20.914532134139677,-1.4732558494099521,20.96635727034579
61,9,951.2198151212822,329.24824548207596,958.7,331.2,7.480184878717864,1.95175451792403,7.730621677332053
61,10,837.4286707675947,394.366186257248,845.4,393.9,7.97132923240531,-0.46618625724801177,7.984949552617495
61,11,638.110410101014,488.22048189252655,670.0,488.7,31.889589898985946,0.4795181074734387,31.893194909586924
61,12,409.26336902845424,609.6071875921629,448.1,610.1,38.83663097154579,0.49281240783716385,38.83975758535766
61,13,1882.9418109237724,310.6919197456816,1911.6,311.6,28.658189076227472,0.9080802543184063,28.67257244959173
61,14,1889.3682274888238,447.29586613284,1908.3,450.1,18.931772511176177,2.804133867160033,19.138316988697827
61,15,1895.7441046304402,614.9079047708611,1900.8,618.6,5.055895369559721,3.6920952291388858,6.2604828223520865
61,16,1878.1282188892365,1026.589825630188,1888.9,1054.0,10.77178111076364,27.41017436981201,29.450788228529703
61,30,1566.0084586550565,487.6442969068826,1569.0,498.0,2.991541344943471,10.355703093117427,10.779142181607405
62,0,736.2757009168025,259.7119332209189,736.28,259.71,0.0042990831974520916,-0.0019332209189428795,0.004713752163622229
62,1,605.8051329597486,311.7751571563277,605.81,311.78,0.004867040251383514,0.004842843672292929,0.006865946085053025
62,2,464.48488551040725,361.74415753101584,464.48,361.74,-0.004885510407234506,-0.004157531015835048,0.006415081923625533
62,3,182.16554630892074,467.43628511666975,182.17,467.44,0.004453691079248756,0.003714883330246721,0.005799631228511423
62,6,591.540148382955,369.68548612016065,591.54,369.69,-0.0001483829549897564,0.0045138798393509205,0.004516318047417629
62,7,312.33408808381324,480.9107643039779,312.33,480.91,-0.004088083813257981,-0.0007643039778599814,0.004158916906454673
62,8,600.6641008993952,427.12994188705744,600.66,427.13,-0.004100899395211854,5.8112942554089386e-05,0.004101311127400755
62,9,954.6648613409616,329.68618411155694,954.66,329.69,-0.004861340961610949,0.003815888443057247,0.006180100367703936
62,10,841.071503075696,394.524639692936,841.07,394.52,-0.0015030756959504288,-0.004639692935995754,0.004877087972149545
62,11,642.0828075757605,488.1653614193949,642.08,488.17,-0.0028075757604710816,0.004638580605103471,0.005422076325617969
62,12,413.4475267713407,608.9553906941221,413.45,608.96,0.002473228659312099,0.004609305877920633,0.005230923501397857
62,13,1886.4563581928294,311.5189398092612,1886.46,311.52,0.0036418071706521005,0.0010601907387695064,0.0037929887780990983
62,14,1893.026170616618,447.72189959963,1893.03,447.72,0.003829383382026208,-0.0018995996299508988,0.004274652715794356
62,15,1899.0580784728302,615.1809285781459,1899.06,615.18,0.0019215271697703429,-0.0009285781459311693,0.0021341330879930125
62,16,1881.3461641669273,1025.942369222641,1881.35,1025.94,0.003835833072571404,-0.0023692226409366413,0.004508528727085963
62,30,1570.0063439912924,487.98322268016193,1570.01,487.98,0.003656008707594083,-0.0032226801619117396,0.004873609247363111
63,0,740.2067756876019,260.03394991568916,740.21,260.03,0.003224312398174334,-0.003949915689190675,0.005098825785681971
63,1,609.6038497198115,312.0813678672458,609.6,312.08,-0.003849719811455543,-0.0013678672457899665,0.004085511403584419
63,2,468.6136641328054,361.8081181482619,468.61,361.81,-0.0036641328053974576,0.0018818517381191668,0.0041191303912175405
63,3,186.87415973169055,467.0772138375023,186.87,467.08,-0.004159731690549506,0.00278616249767083,0.005006602560698144
63,6,595.6551112872162,369.76411459012047,595.66,369.76,0.004888712783781557,-0.004114590120479988,0.006389785954307135
63,7,317.00056606285995,480.4330732279834,317.0,480.43,-0.0005660628599457596,-0.003073227983406923,0.0031249251830092442
63,8,604.7480756745464,426.8474564152931,604.75,426.85,0.0019243254536149834,0.002543584706927504,0.0031894908077538
63,9,958.4986460057212,330.0146380836677,958.5,330.01,0.0013539942788156623,-0.004638083667714454,0.004831678860994914
63,10,844.803627306772,394.64347976970197,844.8,394.64,-0.003627306772045813,-0.0034797697019826046,0.005026544697639276
63,11,646.0621056818204,487.8740210645462,646.06,487.87,-0.002105681820466998,-0.004021064546179787,0.004539036903748335
63,12,417.83564507850554,607.9665430205916,417.84,607.97,0.004354921494439168,0.0034569794083836314,0.005560220126282476
63,13,1890.592268644622,312.3892048569459,1890.59,312.39,-0.0022686446220632206,0.000795143054062919,0.0024039552611562634
63,14,1897.0196279624633,448.5414246997225,1897.02,448.54,0.00037203753663561656,-0.0014246997224631741,0.001472474525366243
63,15,1902.7935588546227,615.6356964336094,1902.79,615.64,-0.003558854622724539,0.004303566390603919,0.005584454306736108
63,16,1884.5096231251955,1025.7067769169807,1884.51,1025.71,0.0003768748044876702,0.0032230830192929716,0.003245042182701531
63,30,1574.2547579934694,488.4874170101215,1574.25,488.49,-0.0047579934694113035,0.002582989878533226,0.005413902341894034
64,0,743.6550817657014,260.5254624367669,743.66,260.53,0.0049182342985432115,0.0045375632331001725,0.006691674581877792
64,1,613.2028872898586,312.56102590043434,613.2,312.56,-0.0028872898585632356,-0.001025900434342475,0.003064133552661533
64,2,472.4602480996041,362.1060886111964,472.46,362.11,-0.0002480996041072103,0.003911388803601312,0.003919249390699176
64,3,191.15561979876793,466.80791037812673,191.16,466.81,0.004380201232066838,0.0020896218732673333,0.004853110590810509
64,6,599.2413334654121,370.07308594259035,599.24,370.07,-0.0013334654121308631,-0.0030859425903599913,0.0033617215346228584
64,7,321.250424547145,480.32480492098756,321.25,480.32,-0.0004245471449735305,-0.0048049209875671295,0.004823640323974027
64,8,608.5610567559098,426.88559231146985,608.56,426.89,-0.0010567559098717538,0.004407688530136511,0.0045325987282954835
64,9,961.8739845042909,330.5109785627508,961.87,330.51,-0.003984504290883706,-0.0009785627507881145,0.0041029086635337945
64,10,848.352720480079,394.98260982727646,848.35,394.98,-0.002720480079005938,-0.002609827276444321,0.003769908523179433
64,11,650.0465792613653,487.6555157984096,650.05,487.66,0.003420738634645204,0.004484201590400971,0.005639992616121845
64,12,422.1267338088792,607.2249072654438,422.13,607.22,0.003266191120815165,-0.004907265443762299,0.005894850173942966
64,13,1893.9442014834665,313.0419036427094,1893.94,313.04,-0.004201483466431455,-0.0019036427094079045,0.004612626029040154
64,14,1900.2647209718475,448.90606852479186,1900.26,448.91,-0.00472097184751874,0.003931475208162283,0.006143620471469504
64,15,1906.095169140967,615.9767723252071,1906.1,615.98,0.004830859032836088,0.0032276747929245175,0.005809912526365121
64,16,1887.3822173438966,1025.0300826877356,1887.38,1025.03,-0.002217343896518287,-8.2687735584841e-05,0.002218885129303238
64,30,1578.1910684951022,488.8655627575911,1578.19,488.87,-0.0010684951021175948,0.004437242408926068,0.004564077341459203
65,0,746.991311324276,260.89409682757514,746.99,260.89,-0.0013113242760027788,-0.0040968275751538386,0.004301577331325695
65,1,616.652165467394,312.9207694253258,616.65,312.92,-0.00216546739397927,-0.0007694253257568562,0.0022981001645497124
65,2,476.09518607470307,362.3295664583973,476.1,362.33,0.004813925296957677,0.00043354160266062536,0.004833408226699521
65,3,195.36671484907595,466.60593278359505,195.37,466.61,0.003285150924057234,0.004067216404962437,0.00522823735867354
65,6,602.9310000990591,370.3048144569428,602.93,370.3,-0.0010000990591834125,-0.00481445694276772,0.004917234363129731
65,7,325.1878184103587,480.24360369074066,325.19,480.24,0.0021815896412817892,-0.0036036907406469254,0.004212590689489354
65,8,612.1707925669324,426.9141942336024,612.17,426.91,-0.0007925669324322371,-0.004194233602390796,0.00426846082959761
65,9,965.1554883782181,330.8832339220631,965.16,330.88,0.004511621781830399,-0.003233922063088812,0.005550944335193707
65,10,851.7645403600593,395.23695737045733,851.76,395.24,-0.004540360059309023,0.0030426295426764227,0.005465570784660644
65,11,653.784934446024,487.4916368488072,653.78,487.49,-0.004934446023980854,-0.0016368488072089349,0.005198849063133279
65,12,426.3450503566594,606.6686804490828,426.35,606.67,0.004949643340637522,0.0013195509171737285,0.00512251733257501
65,13,1897.2081511125998,313.78142773203206,1897.21,313.78,0.0018488874002287048,-0.00142773203208435,0.0023359801741804588
65,14,1903.4485407288857,449.4295513935939,1903.45,449.43,0.001459271114299554,0.000448606406109775,0.001526669542707848
65,15,1909.3213768557252,616.2325792439053,1909.32,616.23,-0.0013768557253115432,-0.0025792439053020644,0.0029237357629171997
65,16,1890.2866630079225,1024.5225620158017,1890.29,1024.52,0.0033369920774930506,-0.002562015801686357,0.004207070369430725
65,30,1581.6433013713267,489.1491720681933,1581.64,489.15,-0.0033013713266427658,0.0008279318066684027,0.003403604517694766
66,0,750.243483493207,261.17057262068136,750.24,261.17,-0.0034834932069998104,-0.0005726206813392309,0.0035302435281310595
66,1,619.9891241005455,313.19057706899434,619.99,313.19,0.0008758994545132737,-0.0005770689943460638,0.0010489082317592076
66,2,479.82138955602727,362.497174843798,479.82,362.5,-0.0013895560272771945,0.0028251562019931953,0.0031483922116856715
66,3,199.77503613680696,466.7044495876963,199.78,466.7,0.004963863193040652,-0.004449587696285562,0.006666240954703002
66,6,606.4482500742944,370.4786108427071,606.45,370.48,0.0017499257056670103,0.0013891572929196627,0.0022342779504408287
66,7,329.39086380776905,480.1827027680555,329.39,480.18,-0.000863807769064806,-0.002702768055485194,0.002837449386975552
66,8,615.8780944251993,427.18564567520184,615.88,427.19,0.0019055748007303919,0.0043543247981574495,0.004753036899607196
66,9,968.1166162836636,331.1624254415473,968.12,331.16,0.003383716336429643,-0.0024254415473023982,0.004163208251433201
66,10,854.8234052700445,395.427718027843,854.82,395.43,-0.0034052700444817674,0.002281972156993106,0.0040991780884875725
66,11,657.588700834518,487.6187276366054,657.59,487.62,0.001299165482009812,0.001272363394605236,0.0018184442684825804
66,12,430.75878776749454,606.2515103368121,430.76,606.25,0.0012122325054519933,-0.0015103368120890082,0.001936653023446793
66,13,1900.1561133344499,314.336070799024,1900.16,314.34,0.0038866655502260983,0.003929200975960612,0.005526734063513837
66,14,1906.5864055466643,449.5721635451954,1906.59,449.57,0.003594453335608705,-0.002163545195401184,0.004195357266599841
66,15,1912.491032641794,616.424434432929,1912.49,616.42,-0.001032641793926814,-0.004434432929087961,0.004553080767693895
66,16,1892.9649972559419,1024.1419215118513,1892.96,1024.14,-0.004997255941816547,-0.001921511851151081,0.00535394945270637
66,30,1584.982476028495,489.36187905114497,1584.98,489.36,-0.0024760284950389178,-0.0018790511449537917,0.0031083034461900343
67,0,753.4326126199053,261.627929465511,753.43,261.63,-0.002612619905335123,0.002070534489007514,0.003333601031905725
67,1,622.9918430754092,313.39293280174576,622.99,313.39,-0.0018430754091696144,-0.002932801745771485,0.0034638494545643885
67,2,483.11604216702045,362.62288113284853,483.12,362.62,0.0039578329795517675,-0.0028811328485289778,0.004895443635146903
67,3,203.5812771026052,466.7783371907722,203.58,466.78,-0.0012771026052007528,0.0016628092277528594,0.0020966462725292056
67,6,609.5861875557208,370.60895813203035,609.59,370.61,0.0038124442792195623,0.0010418679696613253,0.003952242432893025
67,7,333.04314785582676,480.1370270760416,333.04,480.14,-0.0031478558267394874,0.002972923958395768,0.004329812140075052
67,8,619.1585708188994,427.3892342564014,619.16,427.39,0.001429181100547794,0.00076574359860615,0.001621395040380135
67,9,970.8374622127477,331.6218190811605,970.84,331.62,0.0025377872523222322,-0.0018190811604767987,0.0031224061885749012
67,10,857.3675539525334,395.5707885208823,857.37,395.57,0.0024460474666057053,-0.0007885208822813183,0.00257000260518971
67,11,661.1915256258885,487.71404572745405,661.19,487.71,-0.0015256258884619456,-0.004045727454069947,0.004323822959391445
67,12,434.8190908256209,606.188632752609,434.82,606.19,0.0009091743791032059,0.001367247391044657,0.0016419389391619046
67,13,1905.1170850008375,315.252053099268,1905.12,315.25,0.0029149991623853566,-0.002053099267982361,0.0035654504232841377
67,14,1911.1898041599982,449.9291226588965,1911.19,449.93,0.0001958400018793327,0.0008773411034894707,0.0008989330999625162
67,15,1916.8682744813455,617.0683258246968,1916.87,617.07,0.001725518654438929,0.0016741753032647466,0.002404220782889612
67,30,1588.7368570213712,489.5214092883587,1588.74,489.52,0.003142978628829951,-0.0014092883587295546,0.003444475045537773
68,0,756.574459464929,261.72094709913324,756.57,261.72,-0.004459464928913803,-0.0009470991332136691,0.004558927968321749
68,1,625.7438823065569,313.04469960130933,625.74,313.04,-0.003882306556874937,-0.004699601309312129,0.0060957818750380505
68,2,486.08703162526535,362.2171608496364,486.09,362.22,0.002968374734621193,0.002839150363627141,0.004107556859304758
68,3,206.4359578269539,466.8337528930792,206.44,466.83,0.0040421730460877825,-0.003752893079195019,0.005515738336649814
68,6,611.9396406667906,370.4567185990228,611.94,370.46,0.00035933320941694546,0.003281400977186877,0.0033010169233848034
68,7,336.0323608918701,480.10277030703116,336.03,480.1,-0.00236089187012567,-0.0027703070311417832,0.0036398367366159545
68,8,621.8689281141745,427.29192569230105,621.87,427.29,0.0010718858254676888,-0.0019256923010289029,0.00220391244405955
68,9,973.6280966595608,331.71636431087035,973.63,331.72,0.0019033404391848308,0.003635689129680486,0.00410377146964998
68,10,859.2756654644,395.67809139066173,859.28,395.68,0.0043345355999235835,0.0019086093382725267,0.0047361364500134485
68,11,663.8936442194164,487.78553429559054,663.89,487.79,-0.003644219416401029,0.004465704409483351,0.005763926702149612
68,12,438.1143181192157,606.3914745644568,438.11,606.39,-0.004318119215668048,-0.001474564456771077,0.004562947939424054
68,13,1912.3378137506281,316.689039824451,1912.34,316.69,0.0021862493717890175,0.0009601755489825337,0.0023878072368832
68,14,1917.3923531199987,450.69684199417236,1917.39,450.7,-0.0023531199985882267,0.00315800582762904,0.003938295892273057
68,15,1921.9012058610092,618.5512443685226,1921.9,618.55,-0.0012058610091116861,-0.0012443685226344314,0.0017327878674030619
68,30,1593.0526427660284,490.39105696626905,1593.05,490.39,-0.0026427660284298327,-0.0010569662690613768,0.002846294077384893
69,0,759.9308445986967,261.5407103243499,759.93,261.54,-0.0008445986967444696,-0.0007103243498818301,0.0011035885286543627
69,1,628.5579117299177,312.783524700982,628.56,312.78,0.0020882700822539846,-0.0035247009820409403,0.004096875510585772
69,2,488.815273718949,361.9128706372273,488.82,361.91,0.004726281050977832,-0.002870637227260886,0.005529764069412744
69,3,208.57696837021544,466.62531466980937,208.58,466.63,0.0030316297845729423,0.004685330190625336,0.005580600160009229
69,6,613.954730500093,370.0925389492671,613.95,370.09,-0.004730500092932743,-0.0025389492671479275,0.005368788923992793
69,7,338.27427066890255,479.82707773027334,338.27,479.83,-0.004270668902563557,0.002922269726639115,0.005174772770910319
69,8,624.4016960856309,427.2189442692258,624.4,427.22,-0.0016960856308969596,0.001055730774226049,0.001997817292692971
69,9,976.7210724946706,331.78727323315275,976.72,331.79,-0.0010724946705522598,0.0027267668472745754,0.0029301027725591347
69,10,860.9567490983001,395.7585685429963,860.96,395.76,0.0032509016999711093,0.0014314570037186058,0.003552102337541825
69,11,666.4202331645623,487.83915072169293,666.42,487.84,-0.0002331645623598888,0.0008492783070437326,0.0008807038980017899
69,12,440.5857385894118,606.5436059233425,440.59,606.54,0.004261410588185299,-0.0036059233425476123,0.005582320606470711
69,13,1919.7533603129712,318.0167798683383,1919.75,318.02,-0.0033603129711536894,0.003220131661691994,0.0046541326993044555
69,14,1923.794264839999,451.5226314956293,1923.79,451.52,-0.00426483999899574,-0.002631495629316305,0.005011350064019156
69,15,1926.9259043957568,620.163433276392,1926.93,620.16,0.004095604243275375,-0.0034332763920019715,0.005344283010976621
69,30,1597.5394820745214,491.2932927247018,1597.54,491.29,0.0005179254785616649,-0.003292724701793759,0.003333209078822708
70,0,764.9481334490225,261.4055327432624,764.95,261.41,0.0018665509775246392,0.004467256737598291,0.004841528199991766
70,1,632.6684337974383,312.0876435257365,632.67,312.09,0.0015662025616620667,0.002356474263478958,0.0028294807683735047
70,2,493.1114552892118,361.18465297792045,493.11,361.18,-0.0014552892117762894,-0.004652977920443391,0.004875250785143895
70,3,211.68272627766157,466.46898600235704,211.68,466.47,-0.002726277661565746,0.0010139976429854869,0.0029087421865700842
70,6,616.9660478750698,369.5694042119503,616.97,369.57,0.0039521249302651995,0.0005957880496794132,0.003996780562473315
70,7,341.2057030016769,479.37030829770504,341.21,479.37,0.004296998323070511,-0.0003082977050326008,0.004308043879001136
70,8,627.5512720642232,426.91420820191934,627.55,426.91,-0.0012720642232579848,-0.004208201919311705,0.004396261000190009
70,9,980.2908043710029,331.84045492486456,980.29,331.84,-0.0008043710029141948,-0.00045492486458442727,0.0009241046167757994
70,10,862.4675618237251,395.3189264072472,862.47,395.32,0.0024381762749499103,0.0010735927527889544,0.002664076753130357
70,11,668.8151748734217,487.8793630412697,668.82,487.88,0.004825126578339223,0.0006369587302970103,0.0048669870475579816
70,12,442.6893039420588,606.9077044425069,442.69,606.91,0.0006960579411838808,0.0022955574930847433,0.002398766529185918
70,13,1919.5650202347283,319.0125849012537,1919.57,319.01,0.004979765271627912,-0.002584901253726457,0.005610684151868471
70,14,1921.3456986299993,451.64197362172195,1921.35,451.64,0.004301370000575844,-0.001973621721958807,0.0047325433524946685
70,15,1920.9444282968175,620.372574957294,1920.94,620.37,-0.004428296817422961,-0.002574957293973057,0.005122520646028025
70,30,1600.404611555891,492.21996954352636,1600.4,492.22,-0.004611555890960517,3.0456473666617967e-05,0.004611656462947002
71,0,769.2111000867669,261.3041495574468,769.21,261.3,-0.0011000867668826686,-0.004149557446794461,0.00429290320167107
71,1,636.5013253480787,311.5657326443024,636.5,311.57,-0.0013253480786943328,0.004267355697606945,0.004468430617073204
71,2,497.08359146690884,360.88848973344034,497.08,360.89,-0.003591466908858365,0.0015102665596486986,0.0038960928683256226
71,3,215.26204470824618,466.3517395017678,215.26,466.35,-0.00204470824618852,-0.001739501767758611,0.002684529420972448
71,6,619.9745359063023,369.17705315896274,619.97,369.18,-0.004535906302294279,0.002946841037271497,0.00540909586549733
71,7,344.40427725125767,479.0277312232788,344.4,479.03,-0.0042772512576902955,0.0022687767211664323,0.004841717270960782
71,8,630.9134540481674,426.6856561514395,630.91,426.69,-0.003454048167441215,0.004343848560495189,0.005549726935581619
71,9,983.4681032782521,331.8803411936484,983.47,331.88,0.001896721747925767,-0.00034119364840989874,0.0019271654041025732
71,10,864.3506713677938,395.23919480543543,864.35,395.24,-0.0006713677937568718,0.0008051945645775049,0.0010483668257433212
71,11,671.6113811550663,487.6595222809523,671.61,487.66,-0.0013811550662694572,0.00047771904775117946,0.0014614392925010884
71,12,445.5169779565441,606.9307783318802,445.52,606.93,0.003022043455871426,-0.0007783318802694339,0.0031206645390075274
71,13,1919.9237651760463,320.00943867594026,1919.92,320.01,-0.003765176046272245,0.0005613240597313052,0.0038067880633751504
71,14,1920.0092739724996,451.73148021629146,1920.01,451.73,0.0007260275003773131,-0.0014802162914406836,0.00164868317173147
71,15,1917.208321222613,620.7794312179705,1917.21,620.78,0.0016787773870419187,0.0005687820295179336,0.0017725141783201147
71,30,1603.5534586669182,492.9149771576448,1603.55,492.91,-0.003458666918277231,-0.0049771576447597,0.006060897216780305
72,0,773.1583250650751,261.2281121680851,778.1,261.2,4.94167493492489,-0.02811216808510153,4.94175489643703
72,1,640.125994011059,311.1742994832268,646.1,307.7,5.97400598894103,-3.474299483226787,6.910825164555476
72,2,501.06269360018166,360.41636730008025,517.0,355.9,15.93730639981834,-4.516367300080276,16.564881794655978
72,3,219.19653353118463,466.26380462632585,220.7,463.3,1.5034664688153612,-2.963804626325839,3.323334061734176
72,6,623.2309019297268,368.88278986922205,636.2,364.4,12.969098070273276,-4.482789869222074,13.721986363787353
72,7,348.0532079384433,478.7707984174591,367.0,477.3,18.94679206155672,-1.4707984174590933,19.003793763579655
72,8,634.4350905361256,426.5142421135796,654.3,427.0,19.86490946387437,0.4857578864204015,19.870847710456268
72,9,986.3510774586891,331.66025589523633,995.8,332.2,9.448922541310822,0.5397441047636562,9.464325696546949
72,10,866.2630035258453,394.92939610407655,879.7,394.9,13.43699647415474,-0.029396104076568008,13.437028629030369
72,11,674.7085358662997,487.4946417107142,702.6,488.0,27.89146413370031,0.505358289285823,27.896041986669736
72,12,448.8877334674081,606.9480837489102,487.2,608.9,38.31226653259188,1.9519162510897559,38.36195698756293
72,13,1920.1928238820346,320.5070790069552,1920.0,314.7,-0.19282388203464507,-5.8070790069552345,5.810279480584656
72,14,1919.0069554793747,451.7986101622186,1919.01,451.8,0.003044520625280711,0.0013898377814030027,0.0033467528884539525
72,15,1914.4062409169596,621.0845734134779,1920.0,621.1,5.593759083040368,0.01542658652215323,5.593780354882407
72,30,1606.4150940001887,493.43623286823356,1605.7,498.6,-0.7150940001886283,5.163767131766463,5.213046174763601
73,0,776.8687437988063,261.1710841260638,776.87,261.17,0.0012562011936552153,-0.0010841260638017047,0.0016593284066618536
73,1,643.5944955082942,310.88072461242007,643.59,310.88,-0.004495508294212414,-0.000724612420071935,0.00455353247299886
73,2,504.7970202001362,360.0622754750602,504.8,360.06,0.0029797998637945966,-0.0022754750601734486,0.0037492657918240012
73,3,222.64740014838847,466.19785346974436,222.65,466.2,0.0025998516115350867,0.0021465302556293864,0.003371471568964203
73,6,626.4231764472951,368.66209240191654,626.42,368.66,-0.0031764472951181233,-0.0020924019165136087,0.0038036775887150404
73,7,351.53990595383243,478.57809881309436,351.54,478.58,9.404616758956763e-05,0.001901186905627128,0.0019035115790996227
73,8,637.5763179020942,426.38568158518467,637.58,426.39,0.003682097905880255,0.0043184148153159185,0.0056750816298647
73,9,989.2633080940168,331.74519192142725,989.26,331.75,-0.003308094016801988,0.004808078572750674,0.005836189303453519
73,10,868.447252644384,394.6970470780574,868.45,394.7,0.002747355616065761,0.0029529219426081,0.004033325040244645
73,11,677.7814018997248,487.62098128303563,677.78,487.62,-0.0014018997247831066,-0.0009812830356281665,0.0017112098744334605
73,12,452.1658001005561,606.9610628116827,452.17,606.96,0.004199899443904087,-0.0010628116826865153,0.00433228854207113
73,13,1920.644617911526,321.1303092552164,1920.64,321.13,-0.0046179115258837555,-0.000309255216393467,0.0046282551409528635
73,14,1918.505216609531,451.84895762166394,1918.51,451.85,0.004783390468901416,0.0010423783360806738,0.0048956487796314825
73,15,1912.5546806877196,621.3134300601084,1912.55,621.31,-0.004680687719655907,-0.0034300601084851223,0.005802943208127974
73,30,1609.0613205001414,493.82717465117514,1609.06,493.83,-0.0013205001414462458,0.002825348824842422,0.0031187043151921293
74,0,780.1515578491047,261.1283130945479,780.15,261.13,-0.0015578491047563148,0.001686905452118026,0.002296202046331196
74,1,646.9458716312207,310.660543459315,646.95,310.66,0.004128368779333869,-0.0005434593149971079,0.004163985687443671
74,2,508.3477651501022,359.7967066062951,508.35,359.8,0.0022348498978317366,0.003293393704893788,0.003980074893927569
74,3,226.48555011129136,466.14839010230827,226.49,466.15,0.004449888708649041,0.001609897691707829,0.004732153853915617
74,6,629.5673823354713,368.4965693014374,629.57,368.5,0.002617664528770547,0.003430698562624457,0.0043153053440952525
74,7,355.1549294653743,478.43357410982077,355.15,478.43,-0.004929465374345909,-0.0035741098207608957,0.006088833212343292
74,8,640.9322384265706,426.28926118888853,640.93,426.29,-0.0022384265706705264,0.0007388111114892126,0.002357200748927367
74,9,991.9474810705126,331.80889394107044,991.95,331.81,0.002518929487450805,0.001106058929565279,0.002751067450721677
74,10,871.0854394832879,394.772785308543,871.09,394.77,0.00456051671210389,-0.0027853085430251667,0.005343805419476635
74,11,681.0860514247936,487.4657359622767,681.09,487.47,0.003948575206436544,0.00426403772331696,0.005811476909250822
74,12,455.87435007541706,606.9707971087621,455.87,606.97,-0.004350075417050903,-0.0007971087620717299,0.004422503647551024
74,13,1920.9834634336444,321.5977319414123,1920.98,321.6,-0.0034634336443559732,0.0022680585877310477,0.00413998337753154
74,14,1918.3789124571483,451.88671821624797,1918.38,451.89,0.0010875428517920227,0.003281783752015599,0.003457289986315511
74,15,1911.4160105157898,621.4850725450813,1911.42,621.49,0.0039894842102512484,0.004927454918743024,0.0063400154763288115
74,30,1611.7959903751062,494.1203809883814,1611.8,494.12,0.004009624893797081,-0.0003809883813801207,0.004027684686728083
75,0,782.8636683868285,261.0962348209109,782.86,261.1,-0.003668386828508119,0.0037651790891004566,0.005256770443587127
75,1,649.9594037234156,310.49540759448627,649.96,310.5,0.0005962765844742535,0.004592405513733411,0.004630953915529857
75,2,511.7608238625767,359.5975299547213,511.76,359.6,-0.0008238625766807672,0.0024700452786987626,0.0026038189691445757
75,3,230.61416258346853,466.1112925767312,230.61,466.11,-0.004162583468513503,-0.0012925767312026437,0.004358652972925055
75,6,632.6755367516034,368.37242697607803,632.68,368.37,0.004463248396518793,-0.00242697607802711,0.005080432967016042
75,7,359.1161970990307,478.3251805823656,359.12,478.33,0.0038029009692763793,0.004819417634394085,0.006139123888376248
75,8,644.449178819928,426.2169458916664,644.45,426.22,0.0008211800720800966,0.0030541083336288466,0.0031625803427458793
75,9,994.2106108028845,331.8566704558028,994.21,331.86,-0.0006108028844664659,0.0033295441971858963,0.0033851063092149455
75,10,873.564079612466,394.82958898140726,873.56,394.83,-0.00407961246605737,0.0004110185927288512,0.00410026513249808
75,11,684.5645385685953,487.3493019717075,684.56,487.35,-0.004538568595307879,0.0006980282925042047,0.004591932968963209
75,12,460.15576255656276,606.9780978315716,460.16,606.98,0.004237443437261845,0.0019021684283870854,0.004644800492372743
75,13,1920.9875975752334,321.9482989560592,1920.99,321.95,0.0024024247666147858,0.001701043940784075,0.002943670370086013
75,14,1918.0341843428612,451.91503866218596,1918.03,451.92,-0.004184342861208279,0.004961337814052058,0.006490269492500873
75,15,1910.5620078868424,621.8638044088109,1910.56,621.86,-0.002007886842420703,-0.0038044088108790675,0.004301759636737095
75,30,1614.5969927813296,494.34028574128604,1614.6,494.34,0.0030072186702909676,-0.00028574128606351223,0.0030207635149921623
76,0,785.6477512901214,261.0721761156832,785.65,261.07,0.0022487098785859416,-0.0021761156831985318,0.003129245210064659
76,1,652.9695527925617,310.3715556958647,652.97,310.37,0.0004472074383556901,-0.0015556958646811836,0.0016186982783418268
76,2,515.0706178969325,359.448147466041,515.07,359.45,-0.000617896932453732,0.0018525339589814394,0.001952864226800004
76,3,234.4606219376014,466.08346943254844,234.46,466.08,-0.0006219376013802957,-0.0034694325484565525,0.003524736669355656
76,6,635.7566525637026,368.2793202320585,635.76,368.28,0.0033474362974175165,0.0006797679414489721,0.003415759684095189
76,7,362.8371478242731,478.2438854367742,362.84,478.24,0.002852175726900441,-0.003885436774169193,0.0048199092629619454
76,8,647.586884114946,426.1627094187498,647.59,426.16,0.0031158850540577987,-0.0027094187497596067,0.004129126981778313
76,9,996.6579581021633,331.8925028418521,996.66,331.89,0.002041897836647877,-0.0025028418521060303,0.0032301028020731513
76,10,875.9230597093494,394.87219173605547,875.92,394.87,-0.0030597093494861838,-0.0021917360554652987,0.0037637120293879753
76,11,687.6734039264464,487.51197647878064,687.67,487.51,-0.0034039264464809094,-0.0019764787806479944,0.003936138161117307
76,12,463.86682191742204,606.9835733736787,463.87,606.98,0.003178082577960595,-0.0035733736787051384,0.004782176107171228
76,13,1921.4906981814252,322.2112242170444,1921.49,322.21,-0.0006981814251503238,-0.00122421704440967,0.0014093135471739725
76,14,1918.2756382571458,451.9362789966395,1918.28,451.94,0.004361742854143813,0.003721003360510622,0.005733294579437372
76,15,1910.4215059151318,622.1478533066081,1910.42,622.15,-0.0015059151317018404,0.0021466933918645736,0.002622226706935081
76,30,1617.4477445859973,494.7552143059645,1617.45,494.76,0.002255414002775069,0.004785694035490451,0.005290534918629943
77,0,788.485813467591,261.05413208676237,788.49,261.05,0.004186532408994026,-0.0041320867623539925,0.005882278013081193
77,1,655.9771645944213,310.27866677189854,655.98,310.28,0.0028354055787076504,0.0013332281014299951,0.003133212722782974
77,2,518.3029634226993,359.33611059953074,518.3,359.34,-0.0029634226993948687,0.0038894004692338058,0.00488971472637872
77,3,238.34546645320103,465.8126020744113,238.35,465.81,0.004533546798967336,-0.002602074411299782,0.005227220850544588
77,6,638.8174894227769,368.2094901740439,638.82,368.21,0.0025105772231199808,0.00050982595610094,0.0025618197631299263
77,7,366.37786086820483,478.1829140775806,366.38,478.18,0.00213913179516112,-0.002914077580612684,0.003614931947201594
77,8,650.6901630862095,426.12203206406235,650.69,426.12,-0.00016308620945437724,-0.0020320640623481268,0.0020385979165105043
77,9,999.2434685766225,331.91937713138907,999.24,331.92,-0.003468576622481123,0.0006228686109466253,0.003524058610824334
77,10,878.6922947820121,394.90414380204163,878.69,394.9,-0.002294782012086216,-0.004143802041653544,0.004736783702408897
77,11,691.0050529448348,487.3839823590855,691.01,487.38,0.00494705516518934,-0.003982359085512144,0.0063507903991068424
77,12,467.65011643806656,606.7376800302591,467.65,606.74,-0.00011643806658412359,0.002319969740938177,0.0023228898859434985
77,13,1922.3680236360688,322.4084181627833,1922.37,322.41,0.0019763639311349834,0.0015818372167473171,0.002531446892308473
77,14,1919.2067286928593,452.20220924747963,1919.21,452.2,0.0032713071407215466,-0.002209247479640908,0.0039474326891329615
77,15,1911.0661294363488,622.610889979956,1911.07,622.61,0.0038705636511622288,-0.0008899799560140309,0.003971564842704323
77,30,1620.335808439498,495.0664107294734,1620.34,495.07,0.004191560502022185,0.003589270526617838,0.005518336919340823
78,0,791.1143601006933,261.0405990650718,791.11,261.04,-0.004360100693247659,-0.0005990650717535573,0.004401063168764318
78,1,658.982873445816,310.2090000789239,658.98,310.21,-0.002873445816021558,0.0009999210760724964,0.003042455096790383
78,2,521.7272225670245,359.25208294964807,521.73,359.25,0.002777432975562988,-0.002082949648070098,0.0034717161707345863
78,3,242.50909983990078,465.6094515558085,242.51,465.61,0.0009001600992064596,0.0005484441915086791,0.001054077433305064
78,6,641.8631170670827,368.1571176305329,641.86,368.16,-0.0031170670827123104,0.002882369467101853,0.004245487126704032
78,7,370.2833956511536,478.1371855581855,370.28,478.14,-0.0033956511536530343,0.002814441814507518,0.0044103888133081364
78,8,654.0176223146572,426.0915240480468,654.02,426.09,0.002377685342821678,-0.0015240480468037276,0.0028242007787045347
78,9,1001.6826014324669,331.93953284854183,1001.68,331.94,-0.002601432466917686,0.0004671514581673364,0.002643043958166664
78,10,881.2692210865091,394.9281078515312,881.27,394.93,0.0007789134908762207,0.0018921484688121382,0.002046199417040553
78,11,694.5037897086261,487.2879867693141,694.5,487.29,-0.003789708626072752,0.002013230685918188,0.004291268957459185
78,12,471.7375873285499,606.5532600226943,471.74,606.55,0.0024126714500880553,-0.003260022694348663,0.004055703575674426
78,13,1923.0260177270516,322.8063136220875,1923.03,322.81,0.003982272948405807,0.0036863779125155816,0.005426590084895617
78,14,1919.9050465196444,452.4016569356097,1919.91,452.4,0.004953480355652573,-0.0016569356097306809,0.005223256000679033
78,15,1911.5495970772615,622.958167484967,1911.55,622.96,0.00040292273843078874,0.0018325150330156248,0.0018762883785209624
78,30,1623.0018563296235,495.54980804710505,1623.0,495.55,-0.001856329623478814,0.00019195289496565238,0.0018662276347998629
79,0,793.8357700755199,261.28044929880383,793.84,261.28,0.004229924480114278,-0.0004492988038578005,0.00425371961024914
79,1,661.987155084362,310.1567500591929,661.99,310.16,0.002844915637979284,0.003249940807108942,0.004319219864388822
79,2,525.0454169252683,359.1890622122361,525.05,359.19,0.004583074731613124,0.0009377877639167309,0.004678035900429009
79,3,246.3818248799256,465.4570886668564,246.38,465.46,-0.0018248799256070924,0.002911333143572392,0.003435992930107228
79,6,644.897337800312,368.1178382228997,644.9,368.12,0.0026621996879612198,0.002161777100297968,0.0034293712849374457
79,7,374.21254673836523,478.1028891686391,374.21,478.1,-0.0025467383652539866,-0.0028891686390579707,0.003851385689069927
79,8,657.2632167359928,426.0686430360351,657.26,426.07,-0.003216735992850772,0.0013569639648949305,0.003491237839180398
79,9,1004.2619510743501,332.2046496364064,1004.26,332.2,-0.001951074350131421,-0.004649636406384161,0.0050424011969808355
79,10,883.9519158148819,394.9460808886484,883.95,394.95,-0.0019158148818405607,0.003919111351592619,0.004362313657643601
79,11,697.8778422814696,487.2159900769856,697.88,487.22,0.002157718530384045,0.004009923014450578,0.004553595484689334
79,12,475.5531904964124,606.4149450170207,475.55,606.41,-0.0031904964124009894,-0.004945017020759224,0.0058849350627803885
79,13,1923.5195132952886,323.1047352165656,1923.52,323.1,0.000486704711420316,-0.00473521656556386,0.004760163589511303
79,14,1920.4287848897334,452.8012427017073,1920.43,452.8,0.00121511026668486,-0.001242701707269589,0.0017380450205485769
79,15,1911.912197807946,623.2186256137253,1911.91,623.22,-0.0021978079460041045,0.0013743862747332969,0.002592160758844646
79,30,1625.5013922472176,495.9123560353288,1625.5,495.91,-0.0013922472176091105,-0.002356035328773487,0.0027366502855441914
80,0,796.6268275566399,261.46033697410286,796.63,261.46,0.0031724433600857083,-0.00033697410287913954,0.0031902897076853537
80,1,664.9903663132716,310.3675625443947,664.99,310.37,-0.00036631327157010674,0.0024374556053317065,0.002464827629042516
80,2,528.2840626939512,359.3917966591771,528.28,359.39,-0.004062693951254914,-0.0017966591771028106,0.004442236637126732
80,3,249.5363686599442,465.5928165001423,249.54,465.59,0.003631340055790133,-0.0028165001423303693,0.004595574355021674
80,6,647.923003350234,368.33837866717477,647.92,368.34,-0.0030033502340529594,0.0016213328252092651,0.0034130386400518563
80,7,377.4094100537739,478.0771668764793,377.41,478.08,0.0005899462261140798,0.0028331235207019745,0.002893894509698133
80,8,660.1974125519946,426.3014822770263,660.2,426.3,0.0025874480054426385,-0.0014822770262981066,0.0029819511001289486
80,9,1006.6964633057626,332.40348722730477,1006.7,332.4,0.003536694237482152,-0.003487227304788121,0.0049667857216412386
80,10,886.4639368611614,395.2095606664863,886.46,395.21,-0.003936861161378147,0.0004393335136683163,0.003961298996566637
80,11,700.9083817111023,487.41199255773915,700.91,487.41,0.0016182888977027687,-0.001992557739129097,0.0025669330533130974
80,12,478.66489287230934,606.5612087627655,478.66,606.56,-0.004892872309312679,-0.0012087627656001132,0.005039970918441893
80,14,1921.0715886673001,453.1009320262805,1921.07,453.1,-0.0015886673002114549,-0.0009320262804521917,0.0018418840295237647
80,15,1912.1841483559597,623.663969210294,1912.18,623.66,-0.0041483559596144914,-0.003969210294030745,0.005741383764033606
80,30,1627.8760441854133,496.4342670264966,1627.88,496.43,0.00395581458678862,-0.004267026496620474,0.00581858953423515
81,0,799.7201206674799,261.59525273057716,799.72,261.6,-0.00012066747990502336,0.00474726942286452,0.004748802755850263
81,1,667.9927747349536,310.525671908296,667.99,310.53,-0.002774734953618463,0.004328091703996506,0.005141160555850734
81,2,531.4630470204634,359.5438474943828,531.46,359.54,-0.003047020463327499,-0.0038474943827964125,0.0049079065526542445
81,3,252.40227649495816,465.6946123751067,252.4,465.69,-0.0022764949581528526,-0.0046123751067170815,0.005143581769502529
81,6,650.9422525126755,368.5037840003811,650.94,368.5,-0.0022525126754544544,-0.003784000381074293,0.00440368848092748
81,7,380.30705754033045,478.3078751573595,380.31,478.31,0.0029424596695548644,0.00212484264051227,0.003629466235398268
81,8,663.148059413996,426.47611170776975,663.15,426.48,0.0019405860040251355,0.0038882922302718725,0.0043456519081733706
81,9,1009.522347479322,332.80261542047856,1009.52,332.8,-0.0023474793219975254,-0.002615420478548458,0.003514410824991382
81,10,889.097952645871,395.4071704998647,889.1,395.41,0.002047354128990264,0.002829500135305807,0.0034925248667960923
81,11,703.9312862833267,487.55899441830434,703.93,487.56,-0.0012862833267490714,0.0010055816956651142,0.0016327030787407074
81,12,481.498669654232,606.6709065720742,481.5,606.67,0.0013303457679967323,-0.0009065720742000849,0.0016098735317242345
81,14,1921.803691500475,453.3256990197103,1921.8,453.33,-0.0036915004750426306,0.004300980289656309,0.005667945589828119
81,15,1912.6381112669696,623.9979769077205,1912.64,624.0,0.0018887330304551142,0.0020230922795008155,0.0027677093112731268
81,30,1630.4070331390599,497.07570026987247,1630.41,497.08,0.0029668609402051516,0.004299730127513612,0.005223977699795743
82,0,802.54009050061,261.94643954793287,802.54,261.95,-9.050060998561094e-05,0.003560452067119968,0.0035616020668607293
82,1,670.9945810512152,310.644253931222,670.99,310.64,-0.00458105121515473,-0.004253931222024221,0.006251556692343365
82,2,534.3472852653475,359.9078856207871,534.35,359.91,0.0027147346524998284,0.002114379212912354,0.00344098586011033
82,3,255.0517073712186,466.02095928133,255.05,466.02,-0.0017073712186004286,-0.0009592813300400849,0.0019584016820531447
82,6,653.7066893845066,368.6278380002858,653.71,368.63,0.0033106154934330334,0.002161999714189733,0.003954038152258439
82,7,382.98029315524786,478.48090636801965,382.98,478.48,-0.00029315524784578884,-0.0009063680196277346,0.0009525980192838044
82,8,665.861044560497,426.85708378082734,665.86,426.86,-0.0010445604970072964,0.0029162191726754827,0.003097650867187619
82,9,1012.1417606094915,333.1019615653589,1012.14,333.1,-0.001760609491498144,-0.0019615653588971327,0.002635808118732961
82,10,891.5734644844033,395.80537787489857,891.57,395.81,-0.0034644844032527544,0.004622125101434449,0.005776390969601349
82,11,706.448464712495,487.91924581372825,706.45,487.92,0.0015352875050211878,0.0007541862717630465,0.0017105275956821122
82,12,483.62400224067403,607.0031799290556,483.62,607.0,-0.004002240674026325,-0.0031799290555909465,0.005111739352844804
82,14,1922.6027686253562,453.74427426478275,1922.6,453.74,-0.0027686253563388163,-0.004274264782736736,0.005092605010866812
82,15,1913.2285834502272,624.4984826807904,1913.23,624.5,0.0014165497727844922,0.00151731920959719,0.002075781983395279
82,30,1632.555274854295,497.55677520240437,1632.56,497.56,0.004725145704924216,0.0032247975956352093,0.0057206923938959
83,0,805.1550678754575,262.20982966094965,805.16,262.21,0.004932124542506244,0.00017033905032803887,0.004935065135827398
83,1,673.7459357884113,310.7331904484165,673.75,310.73,0.004064211588683975,-0.003190448416489744,0.00516689238671322
83,2,537.2604639490106,359.93091421559035,537.26,359.93,-0.000463949010622855,-0.0009142155903418825,0.0010252018484581866
83,3,258.03878052841395,466.0157194609975,258.04,466.02,0.001219471586068721,0.0042805390024796,0.00445085667045997
83,6,656.5300170383799,368.7208785002143,656.53,368.72,-1.7038379951372917e-05,-0.0008785002142985832,0.0008786654271757959
83,7,385.9852198664359,478.61067977601476,385.99,478.61,0.004780133564111111,-0.0006797760147492227,0.004828226622785008
83,8,668.6457834203727,426.8928128356205,668.65,426.89,0.004216579627268402,-0.0028128356204888405,0.0050686870075973105
83,9,1014.3563204571186,333.32647117401916,1014.36,333.33,0.003679542881400266,0.003528825980822603,0.0050982005275383175
83,10,893.9300983633025,396.1040334061739,893.93,396.1,-9.836330252710468e-05,-0.004033406173903131,0.00403460539618981
83,11,709.0863485343713,488.1894343602962,709.09,488.19,0.003651465628763617,0.0005656397037796523,0.003695016848748326
83,12,486.2180016805055,607.0023849467917,486.22,607.0,0.001998319494532552,-0.0023849467917216316,0.0031114710349884568
83,14,1923.4520764690171,454.0582056985871,1923.45,454.06,-0.002076469017083582,0.0017943014129286894,0.0027443106856451125
83,15,1913.9214375876704,625.1238620105928,1913.92,625.12,-0.0014375876703525137,-0.00386201059279756,0.004120896034702905
83,30,1634.4164561407213,498.16758140180326,1634.42,498.17,0.003543859278806849,0.0024185981967548287,0.004290519295531849
84,0,807.3663009065931,262.4073722457122,807.37,262.41,0.003699093406908105,0.002627754287800599,0.004537442520857476
84,1,676.3094518413085,310.7998928363124,676.31,310.8,0.0005481586914584113,0.00010716368763041828,0.0005585355914961441
84,2,539.945347961758,359.9481856616928,539.95,359.95,0.004652038242056733,0.0018143383072128927,0.004993323872790392
84,3,261.02908539631045,466.01178959574816,261.03,466.01,0.0009146036895231191,-0.0017895957481641744,0.0020097643769199894
84,6,659.147512778785,368.7906588751607,659.15,368.79,0.002487221215005775,-0.0006588751606955157,0.0025730110473444036
84,7,388.9889148998269,478.45800983201104,388.99,478.46,0.0010851001730998178,0.0019901679889358093,0.002266762230549569
84,8,671.2343375652795,426.9196096267153,671.23,426.92,-0.004337565279456612,0.0003903732846879393,0.0043550963083433146
84,9,1016.5172403428389,333.49485338051437,1016.52,333.49,0.0027596571610501996,-0.004853380514362016,0.005583100398857659
84,10,896.1975737724769,396.3280250546304,896.2,396.33,0.002426227523187663,0.001974945369568104,0.0031284164056358988
84,11,711.8147614007785,488.14207577022216,711.81,488.14,-0.004761400778534153,-0.002075770222177198,0.005194204403862367
84,12,489.1635012603791,607.0017887100938,489.16,607.0,-0.0035012603790960384,-0.0017887100938196454,0.003931705487693607
84,14,1924.339057351763,454.5436542739403,1924.34,454.54,0.0009426482370145095,-0.0036542739402989355,0.0037738976840256903
84,15,1914.9410781907527,625.5928965079446,1914.94,625.59,-0.0010781907526506984,-0.0028965079445697484,0.003090672025960883
84,30,1636.312342105541,498.62568605135243,1636.31,498.63,-0.002342105540947159,0.004313948647563848,0.004908728073417118
85,0,809.2747256799448,262.5555291842842,809.27,262.56,-0.004725679944840522,0.004470815715819754,0.006505401148729324
85,1,678.2320888809813,310.84991962723427,678.23,310.85,-0.0020888809813186526,8.037276575123542e-05,0.0020904266396095513
85,2,542.2090109713185,359.96113924626957,542.21,359.96,0.00098902868148798,-0.0011392462695880567,0.0015086615908069495
85,3,263.52181404723285,466.0088421968111,263.52,466.01,-0.0018140472328695978,0.0011578031889030171,0.0021520398665721414
85,6,661.3606345840888,368.84299415637054,661.36,368.84,-0.0006345840887433951,-0.0029941563705619956,0.0030606648521298878
85,7,391.4916861748702,478.59350737400825,391.49,478.59,-0.0016861748702012846,-0.0035073740082793847,0.003891639516560098
85,8,673.4257531739596,426.9397072200365,673.43,426.94,0.004246826040343876,0.0002927799635017436,0.0042569063325343355
85,9,1018.1379302571293,333.6211400353858,1018.14,333.62,0.0020697428707308063,-0.0011400353857879963,0.0023629465147966817
85,10,898.1481803293576,396.4960187909728,898.15,396.5,0.0018196706423623255,0.003981209027188015,0.0043773538313504725
85,11,714.1110710505839,488.3565568276666,714.11,488.36,-0.001071050583846045,0.003443172333390976,0.003605909742434773
85,12,491.6226259452843,607.2513415325703,491.62,607.25,-0.002625945284307818,-0.0013415325703363123,0.0029487791157446195
85,14,1924.7542930138222,454.90774070545524,1924.75,454.91,-0.00429301382223457,0.0022592945447854618,0.0048512245379898076
85,15,1915.4558086430645,626.1946723809584,1915.46,626.19,0.004191356935507429,-0.004672380958368194,0.006276831747063793
85,30,1637.7342565791557,498.9692645385143,1637.73,498.97,-0.004256579155708096,0.0007354614857035813,0.0043196492572617476
86,0,810.9560442599586,262.6666468882131,810.96,262.67,0.003955740041419631,0.003353111786907448,0.0051856762269532645
86,1,680.174066660736,311.13743972042573,680.17,311.14,-0.004066660736043559,0.0025602795742543094,0.004805492798914818
86,2,544.4067582284889,360.2208544347022,544.41,360.22,0.003241771511056868,-0.00085443470214841,0.003352482839648157
86,3,266.1413605354246,466.0066316476083,266.14,466.01,-0.0013605354246237766,0.003368352391703411,0.003632747510679801
86,6,663.2704759380665,368.88224561727793,663.27,368.88,-0.0004759380665291246,-0.0022456172779357075,0.002295498639105425
86,7,393.86876463115266,478.69513053050616,393.87,478.7,0.0012353688473467628,0.004869469493826273,0.0050237306197983556
86,8,675.5693148804697,427.20478041502736,675.57,427.2,0.0006851195303170243,-0.004780415027369145,0.004829260461470117
86,9,1019.6034476928469,333.9658550265393,1019.6,333.97,-0.0034476928468620827,0.004144973460711299,0.005391418269463516
86,10,899.8611352470182,396.6220140932296,899.86,396.62,-0.0011352470181691388,-0.002014093229604441,0.002312002882740497
86,11,716.333303287938,488.51741762074994,716.33,488.52,-0.0033032879379106816,0.002582379250043232,0.0041928980182923655
86,12,494.21696945896326,607.1885061494278,494.22,607.19,0.003030541036764589,0.0014938505722739137,0.0033787229107752072
86,14,1924.8157197603666,455.18080552909146,1924.82,455.18,0.004280239633317251,-0.0008055290914512625,0.004355379252808427
86,15,1915.5918564822985,626.6460042857188,1915.59,626.65,-0.0018564822985354112,0.003995714281131768,0.004405934536646645
86,30,1639.3006924343667,499.47694840388573,1639.3,499.48,-0.0006924343667833455,0.003051596114289623,0.0031291698894515426
87,0,812.467033194969,262.99998516615983,812.47,263.0,0.002966805031064723,1.4833840168648749e-05,0.002966842114970917
87,1,681.880549995552,311.35307979031927,681.88,311.35,-0.0005499955519780997,-0.003079790319247877,0.003128514586465698
87,2,546.3050686713667,360.4156408260266,546.31,360.42,0.004931328633233534,0.004359173973398356,0.006581823441820855
87,3,268.35602040156846,466.00497373570624,268.36,466.0,0.003979598431556042,-0.004973735706244042,0.0063698705286693415
87,6,664.9528569535498,369.16168421295845,664.95,369.16,-0.002856953549780883,-0.001684212958423359,0.0033164373769041305
87,7,395.90157347336446,478.77134789787965,395.9,478.77,-0.0015734733644876542,-0.0013478978796683805,0.002071870440632477
87,8,677.4269861603523,427.4035853112705,677.43,427.4,0.003013839647678651,-0.0035853112705126478,0.004683768389703401
87,9,1021.2025857696351,334.22439126990446,1021.2,334.22,-0.002585769635061297,-0.004391269904431283,0.005096023545782433
87,10,901.6458514352637,396.7165105699222,901.65,396.72,0.004148564736283333,0.0034894300778205434,0.005420951174760043
87,11,718.2499774659534,488.63806321556245,718.25,488.64,2.2534046593136736e-05,0.001936784437532424,0.0019369155223508457
87,12,496.4127270942224,607.3913796120709,496.41,607.39,-0.002727094222393589,-0.001379612070877556,0.003056202277978922
87,14,1925.111789820275,455.3856041468186,1925.11,455.39,-0.0017898202750075143,0.004395853181392795,0.004746259770512896
87,15,1915.6938923617238,626.9845032142891,1915.69,626.98,-0.0038923617237287544,-0.004503214289115931,0.005952261647646765
87,30,1640.7255193257752,499.8577113029143,1640.73,499.86,0.0044806742248511,0.0022886970857030065,0.00503135924570592
88,0,814.1002748962267,263.2499888746199,814.1,263.25,-0.0002748962266423405,1.1125380126486561e-05,0.000275121263273408
88,1,683.410412496664,311.76480984273945,683.41,311.76,-0.00041249666401199647,-0.004809842739462056,0.0048274983869678175
88,2,547.978801503525,360.56173061951995,547.98,360.56,0.0011984964750126892,-0.0017306195199466856,0.0021050980317881486
88,3,270.01701530117634,466.2537303017797,270.02,466.25,0.0029846988236386096,-0.0037303017796830318,0.00477740289648425
88,6,666.7146427151624,369.37126315971886,666.71,369.37,-0.004642715162390232,-0.0012631597188601518,0.004811483820448637
88,7,397.6761801050234,478.82851092340974,397.68,478.83,0.003819894976629712,0.001489076590246441,0.004099871549707488
88,8,679.3202396202641,427.55268898345287,679.32,427.55,-0.0002396202640966294,-0.002688983452856064,0.0026996388426416334
88,9,1022.9019393272263,334.6682934524283,1022.9,334.67,-0.0019393272262959727,0.001706547571700412,0.0025832720927400203
88,10,903.2343885764478,397.0373829274416,903.23,397.04,-0.0043885764478091005,0.0026170725583938292,0.005109664569632998
88,11,720.187483099465,488.72854741167185,720.19,488.73,0.0025169005350562657,0.0014525883281635288,0.002905994004550497
88,12,498.3095453206668,607.5435347090531,498.31,607.54,0.00045467933318832365,-0.0035347090531558933,0.0035638324015714895
88,14,1926.0838423652062,455.53920311011393,1926.08,455.54,-0.0038423652063102054,0.0007968898860895024,0.003924130969936529
88,15,1916.770419271293,627.2383774107168,1916.77,627.24,-0.0004192712929125264,0.0016225892832153477,0.001675883169873675
88,30,1642.2941394943314,500.1432834771857,1642.29,500.14,-0.004139494331411697,-0.0032834771857324085,0.0052836195689143625
89,0,815.57520617217,263.6874916559649,815.58,263.69,0.0047938278299852755,0.002508344035106802,0.005410413575873587
89,1,685.057809372498,312.0736073820546,685.06,312.07,0.0021906275019318855,-0.0036073820546107527,0.004220432932786402
89,2,549.4841011276437,360.92129796463996,549.48,360.92,-0.004101127643707514,-0.0012979646399458034,0.00430162296773341
89,3,271.51276147588226,466.44029772633473,271.51,466.44,-0.0027614758822664953,-0.00029772633473612586,0.002777479076201102
89,6,668.2859820363718,369.77844736978915,668.29,369.78,0.0040179636281436615,0.0015526302108241907,0.004307515790876378
89,7,399.25713507876753,478.8713831925573,399.26,478.87,0.002864921232458073,-0.0013831925572844739,0.003181351178149977
89,8,680.9901797151981,427.9145167375897,680.99,427.91,-0.00017971519810089376,-0.004516737589653985,0.004520311494379755
89,9,1024.6764544954196,335.00122008932124,1024.68,335.0,0.0035455045804155816,-0.0012200893212366282,0.003749562732045368
89,10,904.9257914323359,397.2780371955812,904.93,397.28,0.004208567664022667,0.001962804418781161,0.004643774646668813
89,11,721.8906123245988,489.0464105587539,721.89,489.05,-0.0006123245988192139,0.003589441246106162,0.003641295081913476
89,12,499.7321589905001,607.6576510317898,499.73,607.66,-0.0021589905001064835,0.002348968210185376,0.003190437529871339
89,14,1927.3128817739048,455.90440233258545,1927.31,455.9,-0.002881773904846341,-0.004402332585470958,0.0052616682745829525
89,15,1918.0778144534697,627.6787830580377,1918.08,627.68,0.0021855465301996446,0.001216941962297824,0.002501511817935103
89,30,1643.9706046207484,500.60746260788926,1643.97,500.61,-0.0006046207483905164,0.0025373921107529895,0.002608433432751509
90,0,817.4314046291275,264.01561874197364,817.43,264.02,-0.001404629127591761,0.004381258026342039,0.0046009134831537235
90,1,686.7933570293735,312.30520553654094,686.79,312.31,-0.0033570293735465384,0.004794463459063536,0.0058529074890305375
90,2,551.3630758457327,360.94097347347997,551.36,360.94,-0.003075845732723792,-0.0009734734799735634,0.003226217225750151
90,3,273.3845711069117,466.330223294751,273.38,466.33,-0.0045711069117260195,-0.00022329475103788354,0.004576557542986918
90,6,669.9644865272788,369.8338355273419,669.96,369.83,-0.0044865272788001676,-0.0038355273418915203,0.005902558514222072
90,7,401.19285130907565,478.903537394418,401.19,478.9,-0.0028513090756518977,-0.0035373944180037142,0.0045434703381246715
90,8,682.7426347863986,427.9358875531923,682.74,427.94,-0.00263478639863024,0.004112446807710057,0.004884088258073512
90,9,1026.5073408715648,335.25091506699096,1026.51,335.25,0.0026591284351979994,-0.0009150669909558928,0.0028121720489357746
90,10,906.6943435742519,397.4585278966859,906.69,397.46,-0.00434357425183407,0.0014721033140858708,0.004586253966859937
90,11,723.6679592434491,489.28480791906543,723.67,489.28,0.002040756550854894,-0.00480791906545619,0.00522309994541884
90,12,501.2991192428751,607.4932382738423,501.3,607.49,0.0008807571248894419,-0.0032382738422711554,0.00335591278053842
90,14,1927.9846613304285,456.4283017494391,1927.98,456.43,-0.004661330428461952,0.0016982505609348664,0.004961053953649453
90,15,1918.5583608401023,628.2590872935282,1918.56,628.26,0.0016391598976497335,0.0009127064718086331,0.0018761338634928075
90,30,1645.7279534655613,501.2055969559169,1645.73,501.21,0.002046534438704839,0.004403044083062468,0.0048554196941352394
91,0,818.8235534718457,264.26171405648023,818.82,264.26,-0.0035534718456347036,-0.0017140564802389235,0.003945269544044811
91,1,688.3450177720301,312.4789041524057,688.35,312.48,0.004982227969890118,0.0010958475943425583,0.005101321151817613
91,2,553.2723068842995,360.95573010511,553.27,360.96,-0.0023068842995144223,0.004269894890001069,0.004853217236329257
91,3,275.2884283301838,466.24766747106327,275.29,466.25,0.001571669816200938,0.0023325289367335245,0.0028126210643910628
91,6,671.7233648954591,370.12537664550644,671.72,370.13,-0.003364895459071704,0.004623354493560328,0.005718210229049458
91,7,403.14463848180674,478.9276530458135,403.14,478.93,-0.00463848180675086,0.0023469541865210886,0.005198433170214616
91,8,684.306976089799,427.9519156648942,684.31,427.95,0.0030239102009090857,-0.0019156648942271204,0.0035796375361391315
91,9,1027.8805056536735,335.4381863002432,1027.88,335.44,-0.0005056536733718531,0.0018136997567808066,0.0018828681433231606
91,10,908.2707576806889,397.59389592251443,908.27,397.59,-0.0007576806889346699,-0.003895922514459471,0.003968915754341068
91,11,725.5009694325868,489.4636059392991,725.5,489.46,-0.0009694325867712905,-0.003605939299120564,0.0037339788121032746
91,12,503.22433943215634,607.3699287053817,503.22,607.37,-0.00433943215631416,7.12946183512031e-05,0.0043400177835878975
91,14,1928.2384959978212,456.8212263120793,1928.24,456.82,0.0015040021787626756,-0.0012263120793249982,0.0019405833838362307
91,15,1918.6687706300768,628.6943154701462,1918.67,628.69,0.0012293699232941435,-0.004315470146138978,0.004487163133931841
91,30,1647.295965099171,501.6541977169377,1647.3,501.65,0.004034900828855825,-0.004197716937710538,0.005822478182685047
92,0,820.1176651038843,264.44628554236016,820.12,264.45,0.0023348961157125814,0.0037144576398304707,0.004387360872924024
92,1,689.7587633290226,312.60917811430426,689.1,311.7,-0.6587633290225767,-0.9091781143042681,1.122752852231858
92,2,554.9542301632246,360.9667975788325,558.6,359.3,3.6457698367754574,-1.6667975788324725,4.008721974837309
92,3,277.2163212476379,466.18575060329744,269.2,463.9,-8.016321247637904,-2.2857506032974584,8.335830022607563
92,6,673.2925236715944,370.3440324841298,677.3,369.5,4.007476328405573,-0.8440324841297979,4.095394652166911
92,7,405.108478861355,478.9457397843601,410.2,478.0,5.091521138644964,-0.9457397843601143,5.178610937789209
92,8,685.9802320673493,427.9639367486707,695.0,429.6,9.019767932650666,1.6360632513293467,9.16694695747846
92,9,1029.1603792402552,335.5786397251824,1036.2,336.0,7.039620759744821,0.4213602748175731,7.052219857762845
92,10,909.7030682605167,397.6954219418858,919.9,398.2,10.196931739483261,0.5045780581141912,10.2094082059839
92,11,727.1257270744401,489.5977044544743,746.1,492.8,18.974272925559944,3.2022955455257147,19.24260195021793
92,12,505.16825457411727,607.2774465290363,530.2,609.5,25.031745425882775,2.222553470963703,25.1302213081679
92,14,1928.178871998366,457.3659197340595,1920.0,459.7,-8.178871998366049,2.334080265940486,8.505402862505047
92,15,1918.7515779725577,629.0207366026096,1920.0,622.1,1.2484220274423024,-6.920736602609622,7.032435757353474
92,30,1648.4719738243784,502.24064828770327,1647.8,510.2,-0.6719738243784832,7.959351712296723,7.987667275286986
93,0,821.5882488279133,264.58471415677013,821.59,264.58,0.0017511720867560143,-0.0047141567701487475,0.005028904227659609
93,1,691.3190724967669,312.7068835857282,691.32,312.71,0.0009275032331288457,0.0031164142718012044,0.0032515073675067527
93,2,556.4656726224184,360.97509818412436,556.47,360.98,0.004327377581603287,0.004901815875655302,0.006538653960303226
93,3,278.9122409357284,466.13931295247306,278.91,466.14,-0.0022409357283663667,0.0006870475269238341,0.002343891474219968
93,6,674.7193927536957,370.5080243630973,674.72,370.51,0.0006072463042983145,0.0019756369026708853,0.0020668549163593876
93,7,406.58135914601627,478.9593048382701,406.58,478.96,-0.001359146016284285,0.0006951617298796009,0.0015266066042928812
93,8,687.485174050512,428.222952561503,687.49,428.22,0.0048259494880085185,-0.0029525615029797336,0.005657508982731501
93,9,1030.6202844301915,335.9339797938868,1030.62,335.93,-0.0002844301916411496,-0.003979793886799143,0.0039899448511628395
93,10,911.0273011953875,398.02156645641435,911.03,398.02,0.0026988046124643006,-0.0015664564143662574,0.0031204698419256957
93,11,728.5942953058301,489.6982783408557,728.59,489.7,-0.00429530583005544,0.001721659144266141,0.004627500662641063
93,12,506.62619093058794,607.2080848967772,506.63,607.21,0.0038090694120569424,0.001915103222813741,0.004263405931869425
93,14,1928.8841539987745,457.77443980054466,1928.88,457.77,-0.004153998774427237,-0.004439800544673744,0.006080093312970473
93,15,1919.3136834794182,629.5155524519572,1919.31,629.52,-0.0036834794182141195,0.004447548042776361,0.005774833696065271
93,30,1649.6039803682838,502.6804862157775,1649.6,502.68,-0.003980368283919233,-0.00048621577747098854,0.004009954794993562
94,0,822.941186620935,264.9385356175776,822.94,264.94,-0.0011866209349591372,0.0014643824223981028,0.0018848037357538934
94,1,692.4893043725751,313.03016268929616,692.49,313.03,0.000695627424875056,-0.0001626892961894555,0.0007143985731599147
94,2,557.5992544668138,361.2313236380933,557.6,361.23,0.0007455331862047387,-0.001323638093253976,0.0015191568495865103
94,3,279.9341807017963,466.3544847143548,279.93,466.35,-0.004180701796315134,-0.004484714354759944,0.006131144293971762
94,6,676.0395445652719,370.631018272323,676.04,370.63,0.00045543472811004904,-0.0010182723229945623,0.0011154816517296088
94,7,407.9360193595122,478.9694786287026,407.94,478.97,0.003980640487782239,0.0005213712974523332,0.004014639052614612
94,8,688.613880537884,428.41721442112726,688.61,428.42,-0.0038805378840152116,0.0027855788727606523,0.004776821529599757
94,9,1031.9652133226436,336.2004848454151,1031.97,336.2,0.004786677356378277,-0.0004848454150874204,0.004811169835975012
94,10,912.2704758965406,398.26617484231076,912.27,398.27,-0.0004758965405926574,0.0038251576892207595,0.003854647696580423
94,11,729.9457214793725,489.7737087556418,729.95,489.77,0.004278520627508442,-0.0037087556418100576,0.00566220868307352
94,12,507.96964319794097,607.406063672583,507.97,607.41,0.0003568020590591914,0.003936327417022767,0.003952465210897371
94,14,1929.663115499081,458.08082985040846,1929.66,458.08,-0.003115499080877271,-0.0008298504084791603,0.0032241256525452214
94,15,1919.9852626095635,629.8866643389679,1919.99,629.89,0.004737390436503119,0.0033356610321106928,0.005793919456552101
94,30,1650.952985276213,503.26036466183314,1650.95,503.26,-0.002985276212939425,-0.00036466183314587397,0.003007466096250341
95,0,823.9558899657013,265.2039017131832,823.96,265.2,0.004110034298719256,-0.0039017131832110863,0.005667075762745005
95,1,693.6169782794314,313.27262201697215,693.62,313.27,0.0030217205686540183,-0.0026220169721682396,0.004000720959697773
95,2,558.6994408501104,361.42349272856995,558.7,361.42,0.0005591498896819758,-0.0034927285699382082,0.0035372024910081084
95,3,281.20063552634724,466.5158635357661,281.2,466.52,-0.000635526347252835,0.00413646423390901,0.00418500060889613
95,6,677.0296584239538,370.97326370424224,677.03,370.97,0.0003415760461393802,-0.0032637042422152263,0.003281530066287657
95,7,409.2020145196342,478.97710897152695,409.2,478.98,-0.002014519634201406,0.0028910284730727653,0.003523682021508242
95,8,689.710410403413,428.56291081584544,689.71,428.56,-0.000410403412956839,-0.002910815845439174,0.002939605389746453
95,9,1033.2239099919827,336.6503636340613,1033.22,336.65,-0.003909991982709471,-0.00036363406132977616,0.003926864784457382
95,10,913.4528569224054,398.6996311317331,913.45,398.7,-0.002856922405385376,0.00036886826688942165,0.0028806369831533736
95,11,730.9592911095294,490.08028156673134,730.96,490.08,0.0007088904706051835,-0.0002815667313598169,0.0007627617737691697
95,12,509.2272323984557,607.3045477544372,509.23,607.3,0.00276760154429212,-0.004547754437226104,0.005323691269155062
95,14,1929.9973366243107,458.56062238780635,1930.0,458.56,0.002663375689280656,-0.0006223878063451593,0.002735130096309561
95,15,1920.2389469571726,630.1649982542259,1920.24,630.16,0.0010530428273796133,-0.004998254225938581,0.0051079785143839955
95,30,1651.9647389571596,503.69527349637485,1651.96,503.7,-0.004738957159588608,0.004726503625136047,0.00669309730086455
96,0,824.716917474276,265.40292628488737,824.72,265.4,0.003082525724039442,-0.002926284887394104,0.004250306822048969
96,1,694.4627337095735,313.45446651272914,694.46,313.45,-0.002733709573476517,-0.004466512729152328,0.005236688265669147
96,2,559.7745806375827,361.56761954642747,559.77,361.57,-0.004580637582762392,0.0023804535725275855,0.005162247560469629
96,3,282.40047664476043,466.63689765182454,282.4,466.64,-0.0004766447604538371,0.003102348175445968,0.0031387504566883014
96,6,678.0222438179653,371.22994777818167,678.02,371.23,-0.0022438179653363477,5.2221818350517424e-05,0.0022444255790464475
96,7,410.4015108897256,479.23283172864524,410.4,479.23,-0.0015108897256368437,-0.0028317286452193002,0.003209591077254314
96,8,690.7828078025598,428.92218311188407,690.78,428.92,-0.0028078025598006207,-0.002183111884050959,0.0035566462732618555
96,9,1034.167932493987,336.987772725546,1034.17,336.99,0.0020675060129633493,0.002227274454014605,0.00303896900397909
96,10,914.3396426918041,399.02472334879985,914.34,399.02,0.00035730819593027263,-0.004723348799871019,0.004736844206021763
96,11,732.219468332147,490.3102111750485,732.22,490.31,0.000531667853010731,-0.00021117504849144098,0.0005720713303692144
96,12,510.6704242988418,607.2284108158278,510.67,607.23,-0.0004242988417786364,0.0015891841721895617,0.0016448513125120199
96,14,1930.2480024682332,458.9204667908548,1930.25,458.92,0.001997531766846805,-0.00046679085477308035,0.0020513475721247003
96,15,1920.4292102178795,630.3737486906695,1920.43,630.37,0.0007897821205915534,-0.0037486906694539357,0.0038309838857997157
96,30,1652.9735542178696,504.02145512228117,1652.97,504.02,-0.0035542178695777693,-0.0014551222811860498,0.0038405527619901317
97,0,825.787688105707,265.80219471366553,825.79,265.8,0.0023118942929158948,-0.002194713665517156,0.003187730116434708
97,1,695.5970502821801,313.59084988454686,695.6,313.59,0.0029497178198880647,-0.0008498845468807303,0.00306971317226738
97,2,561.080935478187,361.9257146598206,561.08,361.93,-0.0009354781869888029,0.004285340179421837,0.004386258073996449
97,3,283.80035748357034,466.7276732388684,283.8,466.73,-0.00035748357032616696,0.002326761131598687,0.002354062842528114
97,6,679.266682863474,371.42246083363625,679.27,371.42,0.0033171365259931918,-0.002460833636234838,0.0041302659620541336
97,7,411.5511331672942,479.42462379648396,411.55,479.42,-0.001133167294199211,-0.004623796483940623,0.004760626223675246
97,8,691.8371058519199,429.19163733391304,691.84,429.19,0.002894148080144987,-0.0016373339130382192,0.0033252000620401716
97,9,1035.1259493704904,337.2408295441595,1035.13,337.24,0.004050629509720238,-0.0008295441595009834,0.004134699860640263
97,10,915.504732018853,399.2685425115999,915.5,399.27,-0.004732018853019326,0.0014574884000921884,0.004951391204675069
97,11,733.4146012491103,490.48265838128634,733.41,490.48,-0.004601249110351091,-0.0026583812863236744,0.005313989503093003
97,12,511.7528182241314,607.4213081118709,511.75,607.42,-0.002818224131374336,-0.0013081118709123984,0.0031070152753861005
97,14,1930.1860018511748,459.4403500931411,1930.19,459.44,0.00399814882530336,-0.0003500931410940211,0.0040134473008519396
97,15,1920.3219076634095,630.7803115180021,1920.32,630.78,-0.0019076634096109046,-0.00031151800214956893,0.0019329312326183672
97,30,1653.9801656634022,504.5160913417109,1653.98,504.52,-0.00016566340218560072,0.003908658289105915,0.003912167427887013
98,0,826.8407660792802,266.10164603524913,826.6,265.1,-0.2407660792802062,-1.0016460352491094,1.0301762397096057
98,1,696.6977877116351,313.6931374134101,695.5,313.5,-1.197787711635101,-0.19313741341011337,1.2132590253539435
98,2,562.3107016086403,361.9442859948654,563.8,360.9,1.4892983913596254,-1.0442859948654473,1.8189400588195546
98,3,285.1002681126778,466.7957549291513,276.4,465.3,-8.700268112677804,-1.4957549291513033,8.827907342091818
98,6,680.4500121476055,371.5668456252272,683.8,370.5,3.349987852394406,-1.066845625227188,3.5157613968038954
98,7,412.91334987547066,479.56846784736297,418.3,479.4,5.386650124529353,-0.16846784736299014,5.389283902309027
98,8,692.87782938894,429.39372800043475,701.6,430.8,8.72217061106005,1.4062719995652628,8.834809624728816
98,9,1036.0944620278678,337.4306221581196,1042.0,337.4,5.9055379721321515,-0.030622158119626874,5.905617364582862
98,10,916.6285490141397,399.4514068836999,924.7,399.6,8.071450985860338,0.14859311630010552,8.072818648486884
98,11,734.5609509368328,490.6119937859647,752.5,492.6,17.939049063167204,1.9880062140352948,18.048868385518333
98,12,513.0646136680986,607.5659810839031,535.5,610.6,22.43538633190144,3.0340189160968976,22.639607563844912
98,14,1930.3895013883812,459.8302625698558,1930.39,459.83,0.0004986116189229506,-0.000262569855806305,0.0005635214953336825
98,15,1920.4914307475572,631.0852336385016,1920.49,631.09,-0.001430747557151335,0.004766361498468541,0.0049764686783278144
98,30,1654.7351242475515,504.8870685062832,1653.4,510.2,-1.3351242475514482,5.312931493716803,5.478119915931713
99,0,828.3805745594602,266.32623452643685,828.38,266.33,-0.0005745594602331039,0.0037654735631349467,0.0038090562778740284
99,1,698.0233407837263,313.7698530600576,698.02,313.77,-0.0033407837263439433,0.00014693994239678432,0.003344013644241915
99,2,563.7330262064802,361.9582144961491,563.73,361.96,-0.0030262064801718225,0.00178550385089693,0.0035136803585701557
99,3,286.5752010845083,466.5968161968635,286.58,466.6,0.0047989154916763255,0.003183803136550978,0.005759009663871287
99,6,681.8375091107041,371.6751342189204,681.84,371.68,0.0024908892959274453,0.004865781079615772,0.005466292619254183
99,7,414.185012406603,479.4263508855222,414.19,479.43,0.004987593397004275,0.0036491144778096896,0.006179977699474403
99,8,694.158372041705,429.29529600032606,694.16,429.3,0.0016279582949891847,0.004703999673949966,0.004977736548145701
99,9,1037.320846520901,337.5729666185897,1037.32,337.57,-0.0008465209009500541,-0.002966618589709924,0.003085032170425098
99,10,917.7214117606047,399.5885551627749,917.72,399.59,-0.0014117606046966102,0.0014448372250512875,0.002020055101195817
99,11,735.6707132026246,490.7089953394735,735.67,490.71,-0.0007132026246381429,0.0010046605264619757,0.0012320717337970179
99,12,514.048460251074,607.4244858129273,514.05,607.42,0.0015397489260067232,-0.00448581292732797,0.004742714873795555
99,14,1930.7921260412859,460.12269692739187,1930.79,460.12,-0.0021260412859192,-0.002696927391866666,0.0034341620384649445
99,15,1920.8685730606678,631.5639252288762,1920.87,631.56,0.0014269393320773816,-0.00392522887625546,0.004176550920127652
99,30,1655.5513431856637,505.4153013797124,1655.55,505.42,-0.0013431856636998418,0.004698620287626909,0.004886837457340684
100,0,829.5354309195952,266.49467589482765,829.54,266.49,0.0045690804047353595,-0.004675894827641969,0.0065376209881045835
100,1,699.2675055877947,314.0773897950432,699.27,314.08,0.002494412205237495,0.0026102049567953145,0.003610437946581635
100,2,564.7997696548601,362.2186608721118,564.8,362.22,0.000230345139812016,0.001339127888229541,0.0013587944599788178
100,3,287.68140081338123,466.6976121476476,287.68,466.7,-0.0014008133812239976,0.0023878523523990225,0.0027684141644403124
100,6,682.8781318330281,371.7563506641903,682.88,371.76,0.0018681669719171623,0.003649335809711829,0.0040997194644276855
100,7,415.38875930495226,479.56976316414165,415.39,479.57,0.0012406950477270584,0.00023683585834533005,0.001263097551756244
100,8,695.3687790312788,429.47147200024455,695.37,429.47,0.0012209687212134668,-0.0014720002445187674,0.0019124720489578297
100,9,1038.2406348906757,337.92972496394225,1038.24,337.93,-0.0006348906756556971,0.00027503605775791584,0.0006919038973019036
100,10,918.7910588204536,399.6914163720812,918.79,399.69,-0.0010588204536361445,-0.0014163720812234715,0.001768392101743151
100,11,736.7530349019685,490.78174650460517,736.75,490.78,-0.0030349019684763334,-0.001746504605193877,0.0035015579809885974
100,12,515.0363451883054,607.3183643596955,515.04,607.32,0.003654811694559612,0.00163564030458474,0.004004118845472967
100,15,1920.901429795501,631.9229439216572,1920.9,631.92,-0.0014297955008260033,-0.0029439216572200166,0.0032727648705691234
100,30,1656.6635073892478,505.8114760347843,1656.66,505.81,-0.003507389247715764,-0.0014760347842752708,0.0038053197000229425
101,0,830.1515731896964,266.62100692112074,830.15,266.62,-0.0015731896963870895,-0.0010069211207337503,0.001867837242427245
101,1,700.200629190846,314.3080423462824,700.2,314.31,-0.0006291908459843398,0.0019576537176249076,0.0020562804280547706
101,2,565.8498272411451,362.41399565408386,565.85,362.41,0.0001727588548874337,-0.003995654083837508,0.003999387100497946
101,3,289.0110506100359,466.7732091107357,289.01,466.77,-0.0010506100359179982,-0.0032091107357246074,0.003376710405367115
101,6,683.6585988747711,371.8172629981427,683.66,371.82,0.0014011252288810283,0.002737001857269661,0.003074789598282212
101,7,416.5415694787142,479.6773223731062,416.54,479.68,-0.0015694787142024325,0.0026776268937851455,0.003103699279352948
101,8,696.2765842734591,429.6036040001834,696.28,429.6,0.0034157265408794046,-0.003604000183372591,0.0049654813587221985
101,9,1038.9304761680069,338.1972937229567,1038.93,338.2,-0.00047616800679861626,0.0027062770432735306,0.002747848504857553
101,10,919.5932941153402,399.7685622790609,919.59,399.77,-0.0032941153401679912,0.0014377209390659118,0.0035941949547789766
101,11,737.8147761764764,490.8363098784539,737.81,490.84,-0.00477617647641182,0.003690121546071623,0.006035632424080483
101,12,516.527258891229,607.4887732697716,516.53,607.49,0.002741108770919709,0.0012267302283817116,0.003003089134081505
101,14,1930.8440945309644,460.5920226955439,1930.84,460.59,-0.00409453096449397,-0.002022695543928421,0.004566889650804781
101,15,1920.9260723466257,632.1922079412429,1920.93,632.19,0.00392765337437595,-0.0022079412428865908,0.004505714766969428
101,30,1657.497630541936,506.1086070260882,1657.5,506.11,0.0023694580640949425,0.0013929739118339057,0.002748582877876235
102,0,830.8636798922723,266.7157551908406,830.86,266.72,-0.003679892272316465,0.00424480915944514,0.005617829824404064
102,1,700.9004718931345,314.48103175971175,700.9,314.48,-0.0004718931345450983,-0.001031759711736413,0.0011345533187969636
102,2,566.8873704308588,362.5604967405629,566.89,362.56,0.0026295691411633015,-0.0004967405628804045,0.0026760764292091967
102,3,290.25828795752693,466.8299068330518,290.26,466.83,0.0017120424730592276,9.316694820427074e-05,0.001714575606322583
102,6,684.4939491560783,371.86294724860704,684.49,371.86,-0.00394915607830626,-0.002947248607028996,0.004927687904327712
102,7,417.90617710903564,479.7579917798297,417.91,479.76,0.0038228909643862607,0.0020082201702962266,0.004318268585668418
102,8,697.2074382050944,429.70270300013755,697.21,429.7,0.0025617949056595535,-0.002703000137557865,0.003724111019062278
102,9,1039.6978571260051,338.39797029221756,1039.7,338.4,0.002142873994898764,0.0020297077824125154,0.0029515458051670687
102,10,920.4449705865052,399.8264217092957,920.44,399.83,-0.00497058650512372,0.00357829070429716,0.006124613830224523
102,11,738.8610821323573,490.8772324088404,738.86,490.88,-0.0010821323572827168,0.002767591159567928,0.0029716277130887037
102,12,517.8954441684218,607.6165799523287,517.9,607.62,0.004555831578159086,0.00342004767128401,0.0056966944311948745
102,14,1930.6330708982232,460.94401702165794,1930.63,460.94,-0.0030708982230862603,-0.004017021657944042,0.005056370130532955
102,15,1920.9445542599692,632.3941559559322,1920.94,632.39,-0.004554259969154373,-0.004155955932219513,0.006165488916314143
102,30,1658.373222906452,506.58145526956616,1658.37,506.58,-0.0032229064520379325,-0.0014552695661791404,0.0035362318234011406
103,0,831.3977599192042,266.78681639313044,830.5,266.2,-0.8977599192041907,-0.586816393130448,1.0725326809827957
103,1,701.6753539198509,314.61077381978384,701.1,313.4,-0.5753539198508406,-1.2107738197838671,1.3405242913732462
103,2,567.9155278231441,362.67037255542215,568.2,361.8,0.2844721768559566,-0.8703725554221364,0.9156816065845302
103,3,291.44371596814517,466.8724301247888,281.0,465.7,-10.44371596814517,-1.172430124788832,10.509319465160566
103,6,685.3704618670588,371.8972104364553,687.8,370.7,2.429538132941161,-1.1972104364552933,2.708499283472805
103,7,419.17963283177676,479.81849383487224,421.9,480.1,2.72036716822322,0.28150616512778015,2.7348936452724755
103,8,698.1555786538208,429.7770272501032,705.6,431.9,7.444421346179183,2.122972749896803,7.741215826745349
103,9,1040.2733928445039,338.5484777191632,1045.3,338.5,5.0266071554960945,-0.04847771916320198,5.026840915022058
103,10,921.0837279398788,400.1198162819718,929.1,401.3,8.016272060121196,1.1801837180282178,8.10268173817648
103,11,739.895811599268,491.1579243066303,755.4,494.4,15.504188400732005,3.2420756933696566,15.839536381060249
103,12,519.1715831263164,607.7124349642465,541.0,611.6,21.828416873683636,3.8875650357534823,22.17189538849869
103,14,1930.7248031736674,461.2080127662434,1930.72,461.21,-0.004803173667369265,0.001987233756551632,0.005198035713814193
103,15,1921.2084156949768,632.7956169669492,1921.21,632.8,0.0015843050232433598,0.004383033050771701,0.004660579484445172
103,30,1659.029917179839,506.93609145217465,1658.0,513.9,-1.0299171798390034,6.963908547825326,7.03965564923471
104,0,832.0483199394032,266.8401122948478,832.05,266.84,0.001680060596754629,-0.00011229484783825683,0.0016838092949079883
104,1,702.2565154398882,314.7080803648379,702.26,314.71,0.0034845601118149716,0.001919635162096256,0.003978336125619388
104,2,568.686645867358,362.7527794165666,568.69,362.75,0.0033541326420163387,-0.002779416566625059,0.004356071880842801
104,3,292.3327869761089,467.1543225935916,292.33,467.15,-0.0027869761088936684,-0.004322593591609802,0.0051431557617643885
104,6,686.027846400294,372.1729078273415,686.03,372.17,0.002153599705934539,-0.002907827341459779,0.0036184874659368903
104,7,420.13472462383254,480.1138703761542,420.13,480.11,-0.004724623832544239,-0.003870376154168298,0.006107526662553312
104,8,699.1166839903656,430.0827704375774,699.12,430.08,0.0033160096344317935,-0.0027704375773964784,0.004321023520636626
104,9,1040.9550446333778,338.6613582893724,1040.96,338.66,0.0049553666221981985,-0.0013582893723764755,0.005138152233975446
104,10,921.8127959549091,400.3398622114788,921.81,400.34,-0.002795954909174725,0.00013778852115819973,0.0027993480545836394
104,11,740.9218586994509,491.36844322997274,740.92,491.37,-0.001858699450963286,0.001556770027264065,0.002424519863147955
104,12,520.3786873447373,608.034326223185,520.38,608.03,0.0013126552627227284,-0.004326223184989431,0.00452098118610261
104,15,1921.4063117712326,633.0967127252119,1921.41,633.1,0.0036882287674870895,0.003287274788135619,0.0049405674748991555
104,30,1659.7724378848793,507.202068589131,1659.77,507.2,-0.002437884879327612,-0.0020685891309994986,0.003197240009405529
105,0,832.2862399545525,267.13008422113586,832.29,267.13,0.0037600454475068545,-8.422113586448177e-05,0.0037609885624717504
105,1,702.4423865799162,315.03106027362844,702.44,315.03,-0.002386579916105802,-0.0010602736284681669,0.0026115022234692105
105,2,569.0149844005185,363.06458456242495,569.01,363.06,-0.004984400518537768,-0.00458456242495231,0.0067721828945683515
105,3,292.9995902320817,467.6157419451937,293.0,467.62,0.0004097679183132641,0.004258054806314249,0.004277726087590773
105,6,686.5208848002205,372.6296808705061,686.52,372.63,-0.000884800220546822,0.00031912949390289214,0.0009405929322286133
105,7,420.85104346787443,480.33540278211564,420.85,480.34,-0.001043467874410453,0.004597217884338534,0.004714152891136299
105,8,699.5875129927742,430.312077828183,699.59,430.31,0.0024870072257954234,-0.002077828183018937,0.003240767640437436
105,9,1041.2162834750334,338.9960187170293,1041.22,339.0,0.003716524966648649,0.003981282970698885,0.005446390724186035
105,10,922.3595969661818,400.75489665860914,922.36,400.75,0.0004030338182019477,-0.004896658609141014,0.004913217051290248
105,11,741.6913940245881,491.7763324224795,741.69,491.78,-0.001394024588080356,0.003667577520445775,0.003923573552343805
105,12,521.284015508553,608.2757446673887,521.28,608.28,-0.004015508553038671,0.004255332611251106,0.005850825973476213
105,15,1921.3047338284246,633.3225345439089,1921.3,633.32,-0.004733828424605235,-0.002534543908836895,0.005369640991669991
105,30,1660.5793284136594,507.40155144184826,1660.58,507.4,0.0006715863405588607,-0.0015514418482780457,0.0016905620430536232
106,0,832.4646799659143,267.5975631658519,832.46,267.6,-0.0046799659143061945,0.002436834148113576,0.005276385280140205
106,1,702.8317899349371,315.2732952052213,702.83,315.27,-0.0017899349370509299,-0.0032952052213204297,0.0037499659371110212
106,2,569.5112383003889,363.29843842181873,569.51,363.3,-0.0012383003888771782,0.0015615781812812202,0.001992966198746716
106,3,293.7496926740613,467.96180645889524,293.75,467.96,0.00030732593870652636,-0.001806458895259766,0.0018324145199340083
106,6,686.8906636001655,372.9722606528796,686.89,372.97,-0.0006636001654669599,-0.0022606528795563463,0.002356038331915289
106,7,421.6382826009058,480.75155208658674,421.64,480.75,0.0017173990941614647,-0.0015520865867415523,0.002314828810380945
106,8,700.1906347445806,430.7340583711373,700.19,430.73,-0.0006347445805658936,-0.004058371137261929,0.004107709455440886
106,9,1041.662212606275,339.247014037772,1041.66,339.25,-0.0022126062749521225,0.0029859622280241638,0.0037163956941026256
106,10,922.7696977246363,401.06617249395686,922.77,401.07,0.0003022753636514608,0.0038275060431374186,0.003839423512159616
106,11,742.5185455184411,492.08224931685965,742.52,492.08,0.001454481558880616,-0.0022493168596611213,0.0026786083962161314
106,12,522.2130116314147,608.4568085005416,522.21,608.46,-0.0030116314146653167,0.003191499458466751,0.0043881194800498066
106,15,1920.9785503713183,633.4919009079317,1920.98,633.49,0.0014496286817120563,-0.0019009079317129363,0.0023905803227859523
106,30,1661.1844963102444,507.80116358138616,1661.18,507.8,-0.004496310244348933,-0.0011635813861516908,0.00464442972340371
107,0,832.8485099744357,267.94817237438895,832.85,267.95,0.0014900255642942284,0.0018276256110425493,0.0023580482514971965
107,1,703.3738424512028,315.704971403916,703.37,315.7,-0.0038424512027859237,-0.0049714039159880485,0.006283254581957689
107,2,569.8834287252917,363.72382881636406,569.88,363.72,-0.00342872529165561,-0.0038288163640345374,0.0051396490031068755
107,3,294.31226950554594,468.2213548441714,294.31,468.22,-0.00226950554593941,-0.0013548441713737702,0.002643153070057657
107,6,687.417997700124,373.2291954896597,687.42,373.23,0.002002299875925928,0.0008045103403446774,0.002157878977341986
107,7,422.2287119506794,481.06366406494004,422.23,481.06,0.0012880493206353094,-0.0036640649400396796,0.003883869582931057
107,8,700.6429760584355,431.05054377835296,700.64,431.05,-0.00297605843547899,-0.0005437783529487206,0.0030253295206508126
107,9,1042.2466594547063,339.68526052832897,1042.25,339.69,0.003340545293667674,0.00473947167103006,0.005798433804014814
107,10,923.3272732934772,401.54962937046764,923.33,401.55,0.002726706522821587,0.00037062953236954854,0.002751780280447961
107,11,743.1389091388309,492.56168698764475,743.14,492.56,0.0010908611691320402,-0.001686987644745841,0.0020089562971466655
107,12,522.909758723561,608.8426063754061,522.91,608.84,0.00024127643894189532,-0.0026063754061169675,0.002617519260215647
107,15,1920.7339127784887,633.8689256809488,1920.73,633.87,-0.00391277848871141,0.001074319051213024,0.004057585110077422
107,30,1661.8883722326832,508.3508726860396,1661.89,508.35,0.0016277673169042828,-0.0008726860395995573,0.0018469454138370543
108,0,833.3863824808268,268.21112928079174,833.39,268.21,0.003617519173189976,-0.0011292807917584469,0.003789686012723438
108,1,704.030381838402,316.02872855293697,704.03,316.03,-0.0003818384020632948,0.0012714470630044161,0.001327545931149957
108,2,570.4125715439687,364.0428716122731,570.41,364.04,-0.002571543968770129,-0.0028716122730543248,0.00385473675237029
108,3,294.9842021291595,468.41601613312855,294.98,468.42,-0.0042021291594664945,0.003983866871465125,0.0057904304436195335
108,6,688.063498275093,373.4218966172448,688.06,373.42,-0.003498275093079428,-0.00189661724476764,0.003979332305803308
108,7,422.92153396300955,481.29774804870505,422.92,481.3,-0.001533963009535455,0.002251951294965693,0.0027247618518910477
108,8,701.2322320438266,431.28790783376473,701.23,431.29,-0.002232043826552399,0.002092166235286186,0.0030592775617328755
108,9,1042.9349945910299,340.01394539624675,1042.93,340.01,-0.004994591029799267,-0.003945396246763266,0.006364910926236515
108,10,923.9954549701079,401.9122220278507,924.0,401.91,0.004545029892142338,-0.0022220278506779323,0.0050591209206398485
108,11,743.8541818541231,492.92126524073353,743.85,492.92,-0.004181854123089579,-0.0012652407335167482,0.00436906603527016
108,12,523.6823190426708,609.1319547815547,523.68,609.13,-0.0023190426708197265,-0.0019547815546729908,0.0030330067318706114
108,30,1662.4162791745125,509.01315451452973,1662.42,509.01,0.0037208254875622515,-0.0031545145297400268,0.004878063573512938
109,0,833.7897868606201,268.4083469605938,833.79,268.41,0.0002131393798663339,0.0016530394062215237,0.0016667236344910373
109,1,704.5227863788016,316.2715464147027,704.52,316.27,-0.0027863788016020408,-0.0015464147027159925,0.003186738969353062
109,2,571.0594286579766,364.2821537092048,571.06,364.28,0.000571342023363286,-0.002153709204833376,0.0022282044445348513
109,3,295.7381515968696,468.5620120998464,295.74,468.56,0.0018484031303955817,-0.0020120998464108197,0.002732240824741229
109,6,688.5476237063198,373.5664224629336,688.55,373.57,0.0023762936801858814,0.0035775370664055117,0.004294827483845738
109,7,423.69115047225716,481.4733110365288,423.69,481.47,-0.0011504722571658021,-0.003311036528771183,0.003505217441096244
109,8,701.9241740328699,431.4659308753236,701.92,431.47,-0.004174032869968869,0.004069124676448155,0.005829264621893559
109,9,1043.4512459432724,340.26045904718507,1043.45,340.26,-0.0012459432723517239,-0.00045904718507472353,0.0013278173654699464
109,10,924.4965912275809,402.184166520888,924.5,402.18,0.0034087724191067537,-0.004166520888020386,0.0053832727699395936
109,11,744.3906363905924,493.1909489305501,744.39,493.19,-0.0006363905923763014,-0.0009489305501233503,0.001142568236484134
109,12,524.5117392820031,609.348966086166,524.51,609.35,-0.0017392820030863732,0.001033913834021405,0.002023383231728727
109,30,1663.0622093808843,509.5098658858973,1663.06,509.51,-0.002209380884323764,0.00013411410270691704,0.002213447646672525
110,0,834.5923401454651,268.8062602204453,834.59,268.81,-0.0023401454650411324,0.00373977955467808,0.004411601966988948
110,1,705.3920897841012,316.453659811027,705.39,316.45,-0.002089784101258374,-0.0036598110270347206,0.004214429302227907
110,2,572.0445714934824,364.4616152819036,572.04,364.46,-0.004571493482444566,-0.001615281903639243,0.0048484727789539625
110,3,296.8036136976522,468.9215090748848,296.8,468.92,-0.003613697652212977,-0.001509074884779693,0.003916135560662121
110,6,689.4107177797398,373.9248168472002,689.41,373.92,-0.0007177797398298935,-0.004816847200174834,0.004870033337128443
110,7,424.7683628541929,481.6049832773966,424.77,481.6,0.001637145807080742,-0.004983277396604535,0.005245312193297147
110,8,702.6931305246525,431.8494481564927,702.69,431.85,-0.0031305246524198083,0.0005518435073099681,0.0031787915716461074
110,9,1044.0884344574542,340.6953442853888,1044.09,340.7,0.00156554254567709,0.004655714611203621,0.004911883753032026
110,10,925.1224434206856,402.388124890666,925.12,402.39,-0.002443420685608544,0.0018751093339801628,0.0030799902047310567
110,11,745.2929772929442,493.3932116979126,745.29,493.39,-0.0029772929442515306,-0.00321169791260445,0.004379415115939311
110,12,525.3838044615023,609.5117245646245,525.38,609.51,-0.003804461502340928,-0.0017245646245100943,0.0041770863609585365
110,30,1664.0466570356632,510.13239941442293,1664.05,510.13,0.0033429643367526296,-0.0023994144229391168,0.004114924073395304
111,0,835.1942551090988,269.10469516533396,835.19,269.1,-0.004255109098721732,-0.004695165333941986,0.006336444662038408
111,1,706.0440673380759,316.59024485827024,706.04,316.59,-0.0040673380759699285,-0.00024485827026410334,0.004074701780100169
111,2,572.7834286201119,364.59621146142774,572.78,364.6,-0.003428620111890268,0.003788538572280231,0.005109643860907878
111,3,297.60271027323915,469.1911318061636,297.6,469.19,-0.002710273239131311,-0.0011318061635847698,0.0029371016704703642
111,6,690.0580383348049,374.19361263540014,690.06,374.19,0.001961665195040041,-0.0036126354001453365,0.004110871546498958
111,7,425.5762721406447,481.9537374580475,425.58,481.95,0.003727859355308283,-0.003737458047510245,0.005278780922699727
111,8,703.2698478934893,432.13708611736956,703.27,432.14,0.00015210651065444836,0.002913882630423359,0.0029178499574972023
111,9,1044.8163258430907,341.0215082140416,1044.82,341.02,0.0036741569092555437,-0.0015082140416211587,0.003971666978634221
111,10,925.5918325655142,402.7910936679995,925.59,402.79,-0.0018325655141779862,-0.0010936679994983933,0.0021341054465234947
111,11,745.9697329697082,493.54490877343443,745.97,493.54,0.00026703029186592175,-0.004908773434408431,0.004916031103148956
111,12,526.2878533461268,609.6337934234684,526.29,609.63,0.0021466538731829132,-0.0037934234684371404,0.004358690682090307
111,30,1665.0349927767475,510.5992995608172,1665.03,510.6,-0.00499277674748555,0.0007004391828218104,0.005041669832413114
112,0,835.1456913318241,269.5785213740005,835.15,269.58,0.004308668175895036,0.0014786259994821194,0.0045553217555201475
112,1,706.033050503557,316.9426836437027,706.03,316.94,-0.003050503557005868,-0.0026836437027100146,0.004062944187950478
112,2,573.0875714650839,364.94715859607084,573.09,364.95,0.002428534916134595,0.00284140392915333,0.003737827995974781
112,3,298.20203270492937,469.6433488546227,298.2,469.64,-0.002032704929376905,-0.0033488546226863036,0.003917488559498367
112,6,690.2935287511036,374.6452094765501,690.29,374.65,-0.0035287511036585784,0.004790523449855755,0.0059498906943900665
112,7,426.1822041054835,482.4653030935356,426.18,482.47,-0.0022041054834858187,0.004696906464403128,0.005188353430297915
112,8,703.702385920117,432.6028145880272,703.7,432.6,-0.002385920116921625,-0.0028145880271495116,0.003689785978468762
112,9,1045.112244382318,341.5161311605312,1045.11,341.52,-0.0022443823181674816,0.0038688394687937944,0.004472714033492359
112,10,925.9438744241356,403.0933202509996,925.94,403.09,-0.0038744241355743725,-0.003320250999649943,0.00510247284000588
112,11,746.4772997272811,493.90868158007584,746.48,493.91,0.0027002727189255893,0.0013184199241891292,0.003004946564096051
112,12,527.2158900095951,609.9753450676013,527.22,609.98,0.004109990404913333,0.004654932398693745,0.006209703436146397
112,30,1666.0262445825606,511.1994746706129,1666.03,511.2,0.0037554174393790163,0.0005253293870737252,0.0037919824774008785
113,0,835.109268498868,269.9338910305004,835.11,269.93,0.0007315011320088161,-0.003891030500369652,0.003959193385140095
113,1,706.0247878776677,317.457012732777,706.02,317.46,-0.004787877667695284,0.0029872672229771524,0.005643362297627972
113,2,573.065678598813,365.4603689470531,573.07,365.46,0.004321401187098672,-0.00036894705311851794,0.004337122334897028
113,3,298.651524528697,470.232511640967,298.65,470.23,-0.001524528697018468,-0.002511640966986306,0.0029381164195921056
113,6,690.4701465633277,375.2339071074126,690.47,375.23,-0.0001465633276893641,-0.003907107412601363,0.003909855386408543
113,7,426.88665307911265,482.84897732015173,426.89,482.85,0.003346920887338456,0.0010226798482904087,0.0034996790564567103
113,8,704.0267894400877,433.20211094102035,704.03,433.2,0.003210559912304234,-0.0021109410203621337,0.0038423647590959524
113,9,1045.5841832867386,341.8870983703984,1045.58,341.89,-0.004183286738680181,0.002901629601581135,0.005091104230202851
113,10,926.4579058181017,403.56999018824973,926.46,403.57,0.002094181898314673,9.811750260269037e-06,0.002094204883403727
113,11,747.1079747954608,494.4315111850569,747.11,494.43,0.0020252045392226137,-0.0015111850568700902,0.00252688220971919
113,12,528.1619175071963,610.481508800701,528.16,610.48,-0.0019175071963672963,-0.0015088007010035653,0.002439941270495915
113,30,1667.5196834369203,511.8996060029597,1667.52,511.9,0.0003165630796502228,0.0003939970403052939,0.0005054165125586665
114,0,835.081951374151,270.45041827287525,835.08,270.45,-0.0019513741509626925,-0.000418272875265302,0.001995698693497611
114,1,706.0185909082508,317.84275954958275,706.02,317.84,0.0014090917492239896,-0.002759549582776799,0.003098492126427745
114,2,573.2992589491097,365.8452767102898,573.3,365.85,0.0007410508902694346,0.004723289710227618,0.004781069138666708
114,3,299.2386433965228,470.67438373072525,299.24,470.67,0.0013566034772338753,-0.004383730725237456,0.004588841691084359
114,6,690.8526099224957,375.6754303305595,690.85,375.68,-0.002609922495707906,0.004569669440513735,0.005262468453983101
114,7,427.6649898093345,483.3867329901138,427.66,483.39,-0.004989809334460915,0.003267009886201322,0.00596418903043913
114,8,704.5200920800658,433.6515832057653,704.52,433.65,-9.208006576955086e-05,-0.0015832057653142328,0.0015858812168117605
114,9,1045.9381374650538,342.4153237777988,1045.94,342.42,0.0018625349462126906,0.00467622220122621,0.005033496846239641
114,10,926.8434293635763,404.1774926411873,926.84,404.18,-0.0034293635762878694,0.002507358812692928,0.004248221128185163
114,11,747.8309810965956,495.07363338879264,747.83,495.07,-0.0009810965955239226,-0.003633388792650294,0.0037635175897430574
114,12,529.3714381303972,610.8611316005258,529.37,610.86,-0.0014381303972186288,-0.0011316005258095174,0.0018299559528624145
114,30,1668.8897625776904,512.6747045022198,1668.89,512.67,0.0002374223097376671,-0.004704502219851747,0.004710489410852251
115,0,835.0614635306133,270.83781370465647,839.8,271.4,4.738536469386645,0.5621862953435084,4.7717692004516845
115,1,706.0139431811881,318.38206966218706,706.8,318.9,0.7860568188118577,0.5179303378129134,0.9413485843339949
115,2,573.4744442118323,366.3839575327173,576.8,366.7,3.3255557881676623,0.3160424672826707,3.340539498545341
115,3,299.6789825473921,471.2557877980439,290.6,470.3,-9.078982547392059,-0.9557877980439002,9.129154090644938
115,6,691.1394574418719,376.2565727479196,697.5,376.3,6.360542558128145,0.043427252080391554,6.3606908083935805
115,7,428.2487423570009,483.7900497425853,431.7,484.1,3.45125764299911,0.30995025741469817,3.465147685226592
115,8,704.8900690600493,434.23868740432397,714.9,436.5,10.009930939950664,2.2613125956760314,10.262175796484128
115,9,1046.4536030987904,342.8114928333491,1055.9,343.4,9.44639690120971,0.5885071666508566,9.464711041568243
115,10,927.3825720226822,404.6331194808905,938.8,406.0,11.417427977317743,1.3668805191094862,11.498957516695109
115,11,748.6232358224466,495.5552250415945,765.0,499.2,16.376764177553355,3.644774958405492,16.777448835404464
115,12,530.278578597798,611.3958487003944,549.5,614.6,19.221421402202054,3.2041512996056554,19.486652515806703
115,30,1669.9173219332679,513.2560283766649,1669.4,518.5,-0.5173219332677945,5.243971623335142,5.269426948823195
116,0,835.29609764796,271.1283602784923,835.3,271.13,0.0039023520399723566,0.0016397215076722205,0.004232852237746939
116,1,706.5104573858911,318.7865522466403,706.51,318.79,-0.00045738589108168526,0.003447753359694161,0.0034779599023914815
116,2,573.8558331588742,366.78796814953796,573.86,366.79,0.004166841125766041,0.002031850462060447,0.004635836630808991
116,3,300.2592369105441,471.69184084853293,300.26,471.69,0.0007630894559156332,-0.0018408485329359792,0.0019927440475239573
116,6,691.6045930814039,376.69242956093973,691.6,376.69,-0.004593081403868382,-0.0024295609397313456,0.005196071895425409
116,7,428.93655676775063,484.342537306939,428.94,484.34,0.0034432322493671563,-0.0025373069390184355,0.004277122259869726
116,8,705.667551795037,434.67901555324295,705.67,434.68,0.002448204963002354,0.0009844467570587767,0.002638719946935047
116,9,1047.0902023240928,343.35861962501184,1047.09,343.36,-0.00020232409292475495,0.0013803749881731164,0.0013951237029567508
116,10,928.0369290170116,405.2248396106679,928.04,405.22,0.003070982988333526,-0.004839610667886518,0.005731733414191112
116,11,749.467426866835,496.1664187811959,749.47,496.17,0.0025731331650149514,0.0035812188041290938,0.004409778045202239
116,12,531.2089339483484,611.7968865252958,531.21,611.8,0.0010660516516054486,0.003113474704150576,0.003290925532016217
116,30,1670.937991449951,513.9420212824987,1670.94,513.94,0.0020085500491404673,-0.0020212824986174383,0.0028495361445539393
117,0,835.47207323597,271.5962702088692,835.47,271.6,-0.0020732359699877634,0.003729791130808735,0.004267276563185307
117,1,706.8828430394183,319.3399141849802,706.88,319.34,-0.0028430394182805685,8.581501975868377e-05,0.002844334254533615
117,2,574.3918748691557,367.3409761121535,574.39,367.34,-0.0018748691556993435,-0.0009761121535234452,0.002113747687698072
117,3,301.19442768290804,472.2688806363997,301.19,472.27,-0.004427682908044517,0.0011193636003099527,0.004566984870118185
117,6,692.2034448110529,377.2693221707048,692.2,377.27,-0.003444811052872865,0.0006778292951707954,0.0035108653838315696
117,7,429.952417575813,484.75690298020425,429.95,484.76,-0.002417575813012718,0.0030970197957458367,0.003928893537232294
117,8,706.5006638462777,435.2592616649322,706.5,435.26,-0.0006638462776891174,0.0007383350678082934,0.0009928900003309399
117,9,1047.8176517430697,343.76896471875887,1047.82,343.77,0.002348256930190473,0.0010352812411156265,0.002566343285375808
117,10,928.7776967627588,405.66862970800094,928.78,405.67,0.002303237241221723,0.001370291999080564,0.0026800376773647907
117,11,750.6005701501263,496.6248140858969,750.6,496.62,-0.0005701501262365127,-0.0048140858968963585,0.004847730828866629
117,12,532.6567004612614,612.0976648939718,532.66,612.1,0.003299538738588126,0.002335106028226619,0.004042236515903543
117,30,1672.203493587463,514.706515961874,1672.2,514.71,-0.003493587463026415,0.0034840381260892173,0.004933930991193392
118,0,835.8540549269775,271.94720265665194,835.85,271.95,-0.004054926977460127,0.002797343348049708,0.004926211789946903
118,1,707.4121322795637,319.75493563873516,707.41,319.75,-0.002132279563738848,-0.004935638735162229,0.005376536604727261
118,2,574.7939061518667,367.75573208411515,574.79,367.76,-0.003906151866772234,0.004267915884838658,0.0057855966335673935
118,3,302.145820762181,472.70166047729975,302.15,472.7,0.004179237818959791,-0.0016604772997652617,0.004497022749604401
118,6,692.9025836082897,377.7019916280286,692.9,377.7,-0.0025836082896830703,-0.0019916280286338406,0.003262148678242455
118,7,430.9643131818598,485.31767723515316,430.96,485.32,-0.004313181859799897,0.0023227648468377993,0.0048988543854060745
118,8,707.3754978847082,435.69444624869914,707.38,435.69,0.004502115291757036,-0.0044462486991392325,0.006327572172237141
118,9,1048.3632388073024,344.3267235390691,1048.36,344.33,-0.003238807302523128,0.003276460930862868,0.004607067285632793
118,10,929.5832725720691,406.2514722810007,929.58,406.25,-0.003272572069022317,-0.0014722810007015141,0.0035885009811858293
118,11,751.7004276125947,497.21861056442265,751.7,497.22,-0.00042761259464896284,0.001389435577380027,0.001453748174475823
118,12,533.992525345946,612.5732486704788,533.99,612.57,-0.002525345945969093,-0.0032486704787970666,0.004114757833291054
118,30,1673.1526201905972,515.5298869714054,1673.15,515.53,-0.002620190597099281,0.00011302859456918668,0.002622627352163813
119,0,836.8905411952331,272.460401992489,836.89,272.46,-0.0005411952331542125,-0.00040199248900307794,0.0006741589142062369
119,1,708.5590992096728,320.0662017290514,708.56,320.07,0.0009007903271367468,0.0037982709486072963,0.0039036246505648182
119,2,575.8454296139,368.06679906308636,575.85,368.07,0.0045703860999992685,0.0032009369136289934,0.00557982313591562
119,3,303.35936557163575,473.0262453579748,303.36,473.03,0.0006344283642647497,0.0037546420251715062,0.0038078650299830266
119,6,693.9269377062172,378.02649372102144,693.93,378.03,0.003062293782704728,0.003506278978534283,0.004655280387571026
119,7,432.22323488639483,485.7382579263649,432.22,485.74,-0.0032348863948072903,0.0017420736351141386,0.0036741407890102822
119,8,708.5316234135312,436.0208346865244,708.53,436.02,-0.001623413531206097,-0.0008346865243993307,0.0018254240842382034
119,9,1049.522429105477,344.74504265430187,1049.52,344.75,-0.0024291054769491893,0.004957345698130666,0.005520491806797576
119,10,930.6874544290517,406.68860421075055,930.69,406.69,0.00254557094831398,0.001395789249443169,0.0029031291879214162
119,11,752.7753207094461,497.66395792331696,752.78,497.66,0.0046792905538950436,-0.0039579233169320105,0.006128696196621715
119,12,534.9943940094595,612.9299365028592,534.99,612.93,-0.004394009459474546,6.349714078623947e-05,0.004394468229130781
119,30,1674.114465142948,516.1474152285541,1674.11,516.15,-0.004465142947992717,0.002584771445867773,0.005159316328098373
120,0,838.4179058964248,273.0953014943667,843.7,274.2,5.2820941035752185,1.10469850563328,5.3963762755549665
120,1,709.9193244072546,320.5496512967885,711.6,320.8,1.6806755927453878,0.2503487032115004,1.6992189150458927
120,2,577.1340722104251,368.3000992973148,583.8,368.6,6.66592778957488,0.2999007026852496,6.672670659286111
120,3,304.2695241787268,473.2696840184811,297.6,472.7,-6.6695241787267605,-0.5696840184810981,6.69381002505551
120,6,695.1952032796629,378.5198702907661,699.9,378.2,4.704796720337072,-0.3198702907661186,4.715657873786993
120,7,433.1674261647961,486.05369344477367,437.3,485.8,4.132573835203914,-0.25369344477365985,4.140353471303278
120,8,709.6487175601484,436.2656260148933,720.5,439.9,10.851282439851616,3.634373985106663,11.443732120818458
120,9,1050.8918218291078,345.3087819907264,1058.1,346.3,7.208178170892097,0.9912180092736094,7.276011660603196
120,10,931.7655908217888,407.2664531580629,944.0,408.9,12.234409178211195,1.6335468419370613,12.34298356252251
120,11,753.8314905320846,497.9979684424877,768.8,501.7,14.968509467915396,3.702031557512271,15.419510801056227
120,12,535.7457955070946,613.1974523771444,554.3,618.1,18.554204492905342,4.90254762285565,19.190973856449194
120,30,1675.085848857211,516.8605614214156,1675.4,520.4,0.3141511427891146,3.539438578584395,3.5533528381075854
121,0,839.8134294223187,273.57147612077506,839.81,273.57,-0.0034294223187316675,-0.0014761207750666472,0.0037336135288481916
121,1,711.4394933054409,320.9122384725914,711.44,320.91,0.0005066945591352123,-0.0022384725913866532,0.0022951032479273143
121,2,578.6005541578188,368.4750744729861,578.6,368.48,-0.0005541578187830964,0.004925527013938336,0.004956602390060629
121,3,305.45214313404506,473.45226301386083,305.45,473.45,-0.002143134045070383,-0.0022630138608406014,0.0031167700058708898
121,6,696.6464024597472,378.8899027180746,696.65,378.89,0.0035975402528265477,9.728192537750147e-05,0.003598855324087432
121,7,434.3755696235971,486.29027008358025,434.38,486.29,0.00443037640292232,-0.0002700835802329493,0.0044386011548552505
121,8,710.7365381701113,436.69921951117,710.74,436.7,0.0034618298886925913,0.0007804888300029234,0.0035487221632588667
121,9,1052.168866371831,345.7315864930448,1052.17,345.73,0.0011336281691001204,-0.0015864930447833103,0.0019498905115218931
121,10,932.8241931163416,407.6998398685472,932.82,407.7,-0.004193116341525638,0.00016013145278748198,0.004196172867714243
121,11,754.8736178990634,498.2484763318658,754.87,498.25,-0.0036178990634425645,0.0015236681342116754,0.003925653858463667
121,12,536.559346630321,613.6480892828583,536.56,613.65,0.0006533696789574606,0.0019107171416408164,0.002019339479320163
121,30,1675.8143866429082,517.6454210660617,1675.81,517.65,-0.004386642908229987,0.004578933938319096,0.006341078143014394
122,0,841.360072066739,273.9286070905813,841.36,273.93,-7.206673899418092e-05,0.0013929094187119517,0.0013947724773617103
122,1,713.0796199790807,321.18417885444353,713.08,321.18,0.00038002091935140925,-0.004178854443523505,0.004196098230416065
122,2,580.4504156183641,368.85630585473956,580.45,368.86,-0.0004156183640589006,0.0036941452604537517,0.003717451792542294
122,3,307.0891073505338,473.5891972603956,307.09,473.59,0.0008926494661523066,0.0008027396043530644,0.001200505702534941
122,6,698.2348018448104,379.16742703855596,698.23,379.17,-0.004801844810344846,0.002572961444059274,0.005447737528116724
122,7,435.7816772176978,486.4677025626852,435.78,486.47,-0.0016772176978179232,0.002297437314837225,0.0028445170805393547
122,8,712.0524036275835,437.0244146333775,712.05,437.02,-0.002403627583589696,-0.004414633377507471,0.005026570741409719
122,9,1053.3766497788733,346.04868986978363,1053.38,346.05,0.003350221126765973,0.0013101302163818218,0.003597279914338853
122,10,933.8681448372562,408.0248799014104,933.87,408.02,0.0018551627438228024,-0.00487990141039063,0.0052206385223649236
122,11,755.9052134242976,498.68635724889936,755.91,498.69,0.004786575702382834,0.003642751100642272,0.0060150596452464376
122,12,537.4195099727408,613.9860669621437,537.42,613.99,0.000490027259161252,0.003933037856313604,0.003963447173095283
122,30,1676.1107899821811,518.4840657995462,1676.11,518.48,-0.0007899821812316077,-0.004065799546197013,0.004141835075968053
123,0,843.0200540500542,274.19645531793594,843.02,274.2,-5.405005424563569e-05,0.003544682064045901,0.0035450941233672014
123,1,714.5597149843105,321.3881341408327,714.56,321.39,0.0002850156894282918,0.001865859167310191,0.0018875021524373855
123,2,581.8378117137731,368.8922293910547,581.84,368.89,0.0021882862268967074,-0.0022293910546977713,0.0031239047817742892
123,3,308.56683051290037,473.6918979452967,308.57,473.69,0.003169487099626167,-0.0018979452967187171,0.0036942989624600487
123,6,699.4261013836078,379.37557027891694,699.43,379.38,0.003898616392120857,0.004429721083056393,0.0059009862435518146
123,7,436.83625791327336,486.6007769220139,436.84,486.6,0.0037420867266177993,-0.0007769220138698074,0.0038218870843033334
123,8,713.2893027206876,437.2683109750331,713.29,437.27,0.0006972793123622978,0.0016890249668790602,0.0018272941137619989
123,9,1054.5324873341551,346.2865174023377,1054.53,346.29,-0.0024873341551483463,0.0034825976622983035,0.004279639900366986
123,10,934.9011086279421,408.2686599260578,934.9,408.27,-0.0011086279421306244,0.0013400739421740582,0.0017392107648490174
123,11,756.9289100682232,499.0147679366745,756.93,499.01,0.0010899317767325556,-0.004767936674511475,0.004890927459090242
123,12,538.0646324795556,614.2395502216077,538.06,614.24,-0.004632479555652935,0.00044977839229431993,0.004654263361233148
123,30,1676.833092486636,519.1130493496596,1676.83,519.11,-0.0030924866359782754,-0.0030493496595909164,0.0043430412086637475
124,0,844.0150405375407,274.39734148845196,844.02,274.4,0.004959462459282804,0.002658511548020215,0.005627073087848804
124,1,715.6697862382329,321.5411006056245,715.67,321.54,0.00021376176709964056,-0.0011006056244582396,0.0011211720803082248
124,2,583.1283587853299,369.16917204329104,583.13,369.17,0.0016412146701441088,0.0008279567089743978,0.0018382322773338388
124,3,309.92512288467526,473.76892345897255,309.93,473.77,0.004877115324745773,0.0010765410274302667,0.0049945164405186095
124,6,700.3195760377059,379.5316777091877,700.32,379.53,0.00042396229412133835,-0.0016777091877315797,0.0017304485388001532
124,7,438.127193434955,486.7005826915104,438.13,486.7,0.0028065650449775603,-0.0005826915104307773,0.0028664153132471914
124,8,714.2169770405158,437.45123323127484,714.22,437.45,0.0030229594842694496,-0.001233231274852642,0.003264834363456941
124,9,1055.3993655006163,346.4648880517533,1055.4,346.46,0.0006344993837501534,-0.004888051753312084,0.004929060702713719
124,10,935.6758314709566,408.45149494454336,935.68,408.45,0.004168529043340641,-0.0014949445433671826,0.004428486600738197
124,11,757.9466825511674,499.26107595250585,757.95,499.26,0.0033174488326039864,-0.0010759525058574582,0.0034875694332595726
124,12,539.0484743596667,614.4296626662058,539.05,614.43,0.0015256403332841728,0.00033733379416389653,0.0015624892048358133
124,30,1677.624819364977,519.8347870122448,1677.62,519.83,-0.004819364977038276,-0.004787012244719335,0.006792772998783045
125,0,844.7612804031555,274.54800611633897,844.76,274.55,-0.0012804031555333495,0.001993883661043583,0.0023696000283753207
125,1,716.5023396786746,321.65582545421836,716.5,321.66,-0.0023396786746161524,0.004174545781665984,0.0047854914882046184
125,2,584.0962690889974,369.3768790324683,584.1,369.38,0.0037309110026626513,0.003120967531685892,0.004864168504855352
125,3,311.1938421635065,473.8266925942294,311.19,473.83,-0.0038421635064764814,0.0033074057705562154,0.005069630493596965
125,6,701.2396820282795,379.64875828189076,701.24,379.65,0.00031797172050573863,0.0012417181092132523,0.0012817838654740174
125,7,439.3453950762163,486.77543701863283,439.35,486.78,0.004604923783745107,0.004562981367143948,0.006482755742043982
125,8,715.1627327803868,437.58842492345616,715.16,437.59,-0.0027327803868502087,0.0015750765438156122,0.003154196373346357
125,9,1056.0495241254623,346.84866603881494,1056.05,346.85,0.00047587453764208476,0.001333961185082444,0.0014163011752034332
125,10,936.5068736032174,408.5886212084075,936.51,408.59,0.0031263967825907457,0.0013787915924581284,0.0034169318251359637
125,11,758.9600119133756,499.44580696437936,758.96,499.45,-1.19133756015799e-05,0.004193035620630781,0.00419305254491245
125,12,540.28635576975,614.5722469996543,540.29,614.57,0.003644230249960856,-0.0022469996542895387,0.004281287371936982
125,30,1678.2186145237326,520.3760902591836,1678.22,520.38,0.0013854762673872756,0.003909740816425256,0.0041479654939638785
126,0,845.3209603023666,274.66100458725424,845.32,274.66,-0.0009603023665931687,-0.0010045872542150391,0.0013897396110839442
126,1,717.126754759006,321.9918690906638,717.13,321.99,0.003245240994033338,-0.0018690906637743865,0.00374500854722163
126,2,584.822201816748,369.5326592743512,584.82,369.53,-0.0022018167479700423,-0.0026592743512310335,0.0034524972218318447
126,3,312.1453816226299,474.1200194456721,312.15,474.12,0.004618377370093185,-1.944567208056469e-05,0.004618418307900608
126,6,702.1797615212097,379.98656871141804,702.18,379.99,0.00023847879026561714,0.003431288581964509,0.0034395658833821694
126,7,440.2590463071622,487.0815777639746,440.26,487.08,0.0009536928378111043,-0.0015777639746374916,0.0018436022316530463
126,8,715.8720495852901,437.9413186925921,715.87,437.94,-0.0020495852901376566,-0.0013186925921218062,0.002437160235615539
126,9,1056.7871430940968,347.13649952911123,1056.79,347.14,0.0028569059031724464,0.003500470888752716,0.004518319132441488
126,10,937.1301552024131,408.94146590630567,937.13,408.94,-0.0001552024131115104,-0.0014659063056683408,0.0014740994152477773
126,11,759.9700089350317,499.83435522328455,759.97,499.83,-8.935031701184926e-06,-0.004355223284562726,0.004355232449960489
126,12,541.4647668273125,614.9291852497407,541.46,614.93,-0.004766827312437272,0.0008147502592237288,0.004835954984437208
126,30,1678.9139608927994,520.7820676943877,1678.91,520.78,-0.003960892799341309,-0.0020676943877333542,0.0044681127838202385
127,0,845.990720226775,274.9957534404407,845.99,275.0,-0.0007202267750017199,0.0042465595593057515,0.0043072026534817735
127,1,717.8450660692545,322.2439018179978,717.85,322.24,0.004933930745551152,-0.0039018179978143053,0.006290298585119992
127,2,585.616651362561,369.8994944557634,585.62,369.9,0.003348637438989499,0.0005055442366028728,0.0033865834808792963
127,3,313.1090362169724,474.34001458425405,313.11,474.34,0.0009637830276005843,-1.4584254074634373e-05,0.000963893367939557
127,6,702.8848211409072,380.23992653356356,702.88,380.24,-0.0048211409072109745,7.346643644723372e-05,0.004821700629909256
127,7,441.19428473037163,487.311183322981,441.19,487.31,-0.004284730371637124,-0.0011833229809781187,0.0044451285285062965
127,8,716.6540371889675,438.2059890194441,716.65,438.21,-0.004037188967572547,0.004010980555904098,0.0056909454205545
127,9,1057.5903573205726,347.6023746468334,1057.59,347.6,-0.00035732057267523487,-0.002374646833402494,0.002401379931423899
127,10,937.8476164018098,409.20609942972925,937.85,409.21,0.0023835981902493586,0.003900570270729986,0.004571213052293955
127,11,760.7275067012738,500.1257664174634,760.73,500.13,0.0024932987262218376,0.004233582536585345,0.004913222937366047
127,12,542.3485751204844,615.1968889373055,542.35,615.2,0.001424879515639077,0.0031110626945292097,0.00342184054616506
127,30,1679.6854706695995,521.3365507707908,1679.69,521.34,0.004529330400600884,0.003449229209195437,0.005693155189819995
128,0,846.7430401700813,275.2468150803305,846.74,275.25,-0.0030401700812490162,0.0031849196694793136,0.004402993007484553
128,1,718.6337995519409,322.4329263634984,718.63,322.43,-0.00379955194091508,-0.00292636349837494,0.004795852195004843
128,2,586.2124885219207,370.1746208418225,586.21,370.17,-0.002488521920668063,-0.0046208418224864545,0.005248325494677841
128,3,313.5817771627293,474.50501093819054,313.58,474.51,-0.001777162729297288,0.004989061809453688,0.005296134921332036
128,6,703.4136158556804,380.4299449001727,703.41,380.43,-0.0036158556804366526,5.509982730700358e-05,0.003616275472459927
128,7,441.8957135477787,487.48338749223575,441.9,487.48,0.0042864522212653355,-0.0033874922357313153,0.005463403361672143
128,8,717.2405278917256,438.40449176458304,717.24,438.4,-0.0005278917255964188,-0.004491764583065105,0.004522678271072485
128,9,1058.4427679904295,347.9517809851251,1058.44,347.95,-0.002767990429447309,-0.001780985125094503,0.003291455458200791
128,10,938.6357123013573,409.40457457229695,938.64,409.4,0.0042876986426563235,-0.004574572296974111,0.006269854172983601
128,11,761.2956300259553,500.34432481309756,761.3,500.34,0.004369974044607261,-0.004324813097582592,0.006148225880655579
128,12,543.0114313403633,615.3976667029791,543.01,615.4,-0.0014313403632968402,0.0023332970208684856,0.002737336337244015
128,30,1680.5141030021996,521.7524130780931,1680.51,521.75,-0.004103002199599359,-0.0024130780931272966,0.004759997156873946
129,0,847.057280127561,275.43511131024786,847.06,275.44,0.002719872439001847,0.004888689752135633,0.005594371598050832
129,1,718.9753496639557,322.5746947726238,718.98,322.57,0.004650336044278447,-0.004694772623793142,0.006608064415078961
129,2,586.6593663914405,370.38096563136685,586.66,370.38,0.0006336085594966789,-0.0009656313668529037,0.001154947506736849
129,3,313.93633287204693,474.6287582036429,313.94,474.63,0.003667127953065119,0.0012417963570783286,0.0038716773647354164
129,6,703.8102118917603,380.5724586751295,703.81,380.57,-0.00021189176038660662,-0.0024586751295032627,0.0024677887896976964
129,7,442.421785160834,487.8625406191768,442.42,487.86,-0.0017851608340038183,-0.0025406191767842756,0.0031050837355384186
129,8,717.6803959187941,438.80336882343727,717.68,438.8,-0.00039591879419731413,-0.0033688234372561965,0.003392008703262023
129,9,1059.0820759928222,348.21383573884384,1059.08,348.21,-0.002075992822256012,-0.003835738843861236,0.0043614950047391335
129,10,939.226784226018,409.8034309292227,939.23,409.8,0.0032157739819922426,-0.0034309292227021615,0.004702390629716963
129,11,761.9717225194665,500.7582436098232,761.97,500.76,-0.001722519466511585,0.0017563901768085088,0.0024600771869396254
129,12,543.7585735052725,615.5482500272343,543.76,615.55,0.001426494727525096,0.0017499727656513642,0.0022577182924754767
129,30,1681.3855772516497,522.0643098085699,1681.39,522.06,0.004422748350407346,-0.004309808569928464,0.006175366619113373
130,0,847.5429600956707,275.32633348268587,847.54,275.33,-0.002960095670687224,0.0036665173141159357,0.004712272869256743
130,1,719.2315122479667,322.6810210794678,719.23,322.68,-0.001512247966729774,-0.0010210794678187085,0.0018246909854765197
130,2,586.9945247935804,370.5357242235251,586.99,370.54,-0.004524793580344522,0.004275776474912618,0.006225433431347826
130,3,314.2022496540352,474.9715686527322,314.2,474.97,-0.002249654035210824,-0.0015686527321463473,0.0027425562295439894
130,6,704.1076589188202,380.67934400634715,704.11,380.68,0.0023410811797930364,0.0006559936528560684,0.0024312525090925056
130,7,442.8163388706255,488.1469054643826,442.82,488.15,0.0036611293745067996,0.003094535617378824,0.004793747905772965
130,8,718.0102969390956,439.10252661757795,718.01,439.1,-0.0002969390956195639,-0.0025266175779279365,0.0025440065274290858
130,9,1059.8115569946167,348.41037680413285,1059.81,348.41,-0.0015569946167488524,-0.00037680413282714653,0.0016019405704021993
130,10,939.6700881695135,410.10257319691704,939.67,410.1,-8.816951356038771e-05,-0.0025731969170124103,0.002574707019612843
130,11,762.4787918896,501.0686827073674,762.48,501.07,0.001208110400057194,0.0013172926326205925,0.0017873977225796292
130,12,544.0689301289543,615.9111875204258,544.07,615.91,0.0010698710457290872,-0.0011875204257876248,0.0015983831881474081
130,30,1682.2891829387372,522.5482323564274,1682.29,522.55,0.0008170612627509399,0.001767643572520683,0.0019473450918011024
131,0,847.907220071753,275.2447501120144,847.91,275.24,0.002779928246923191,-0.004750112014392016,0.005503777358079887
131,1,719.4236341859751,322.76076580960085,719.42,322.76,-0.0036341859751019,-0.0007658096008640314,0.003713996775227851
131,2,587.2458935951853,370.65179316764386,587.25,370.65,0.004106404814706366,-0.0017931676438820432,0.0044808493281195145
131,3,314.40168724052637,475.2286764895491,314.4,475.23,-0.0016872405263939072,0.0013235104509021767,0.002144402132892353
131,6,704.3307441891152,380.7595080047604,704.33,380.76,-0.0007441891151529489,0.0004919952395994187,0.00089211924926022
131,7,442.8622541529691,488.36017909828695,442.86,488.36,-0.002254152969101142,-0.00017909828693518648,0.0022612566869974343
131,8,718.2577227043217,439.32689496318346,718.26,439.33,0.0022772956782546316,0.0031050368165210784,0.003850627122709829
131,9,1060.3586677459625,348.55778260309967,1060.36,348.56,0.0013322540373792435,0.002217396900334734,0.002586841671561555
131,10,940.0025661271352,410.32692989768776,940.0,410.33,-0.0025661271351964388,0.003070102312221934,0.004001316868419939
131,11,762.8590939172,501.30151203052554,762.86,501.3,0.0009060828000428955,-0.001512030525532282,0.0017627315027181545
131,12,544.3016975967157,616.4333906403193,544.3,616.43,-0.0016975967157577543,-0.0033906403193668666,0.0037918697742232344
131,30,1683.466887204053,523.1611742673206,1683.47,523.16,0.0031127959471177746,-0.001174267320607214,0.0033269208509729966
132,0,848.1804150538148,275.1835625840108,848.18,275.18,-0.000415053814890598,-0.003562584010808223,0.003586680150685539
132,1,719.5677256394813,322.82057435720066,719.57,322.82,0.0022743605187542926,-0.0005743572006622344,0.002345762554740111
132,2,587.1844201963889,370.73884487573287,587.18,370.74,-0.004420196388991826,0.0011551242671430373,0.004568637454405757
132,3,314.0512654303948,475.42150736716184,314.05,475.42,-0.0012654303947670087,-0.0015073671618210938,0.001968113270250665
132,6,704.4980581418364,380.8196310035703,704.5,380.82,0.0019418581636045928,0.00036899642969956403,0.001976606053994783
132,7,442.8966906147268,488.5201343237152,442.9,488.52,0.0033093852731553852,-0.00013432371520138986,0.003312110165233525
132,8,718.4432920282413,439.4951712223876,718.44,439.5,-0.003292028241276057,0.004828777612374324,0.005844188837736731
132,9,1061.019000809472,348.66833695232475,1061.02,348.67,0.000999190528091276,0.0016630476752652612,0.0019401312537126226
132,10,940.5019245953514,410.49519742326584,940.5,410.5,-0.001924595351397329,0.004802576734164177,0.005173858381725891
132,11,763.1443204379,501.47613402289414,763.14,501.48,-0.004320437899991703,0.003865977105874663,0.0057975824815893525
132,12,544.2262731975368,616.8250429802395,544.23,616.83,0.0037268024632339802,0.004957019760581716,0.006201701500940244
132,30,1684.6001654030397,523.6208807004905,1684.6,523.62,-0.00016540303977308213,-0.0008807004904838323,0.0008960979407992402
133,0,847.8853112903612,275.1376719380081,847.89,275.14,0.004688709638799082,0.0023280619918750745,0.0052348706493074645
133,1,719.425794229611,322.8654307679005,719.43,322.87,0.004205770388921337,0.0045692320995271984,0.006210184099016491
133,2,586.6383151472917,370.80413365679965,586.64,370.8,0.0016848527083084264,-0.0041336567996381746,0.004463837719484116
133,3,313.5384490727961,475.81613052537136,313.54,475.82,0.0015509272039366806,0.003869474628629632,0.004168717919638997
133,6,704.3735436063773,381.1147232526777,704.37,381.11,-0.0035436063773204296,-0.004723252677706569,0.005904766042346495
133,7,442.4225179610451,488.8901007427864,442.42,488.89,-0.002517961045100492,-0.0001007427864010424,0.0025199755819561836
133,8,718.3324690211809,439.6213784167907,718.33,439.62,-0.0024690211809001994,-0.0013784167907147094,0.002827737335867328
133,9,1061.2642506071038,348.75125271424355,1061.26,348.75,-0.004250607103813309,-0.0012527142435487804,0.00443136025696153
133,10,940.6264434465136,410.6213980674494,940.63,410.62,0.003556553486419034,-0.00139806744937232,0.0038214742305494893
133,11,763.3582403284249,501.8571005171706,763.36,501.86,0.0017596715750869407,0.002899482829434419,0.003391672851315996
133,12,544.1697048981525,617.3687822351797,544.17,617.37,0.0002951018474277589,0.0012177648203532954,0.0012530108770658658
133,30,1685.7001240522798,523.9656605253679,1685.7,523.97,-0.00012405227971612476,0.004339474632161,0.0043412474072864835
134,0,847.4139834677709,275.10325395350606,847.41,275.1,-0.003983467770922289,-0.0032539535060323033,0.0051435618885551
134,1,718.8193456722083,322.89907307592534,718.82,322.9,0.0006543277917216983,0.0009269240746334617,0.0011346070241076834
134,2,586.2287363604687,370.85310024259974,586.23,370.85,0.001263639531316585,-0.00310024259971442,0.0033478782896321103
134,3,313.15383680459706,476.1120978940285,313.15,476.11,-0.0038368045970855746,-0.0020978940285090175,0.004372897079862593
134,6,704.030157704783,381.3360424395083,704.03,381.34,-0.00015770478307786107,0.0039575604916990414,0.003960701433340159
134,7,442.06688847078385,489.1675755570898,442.07,489.17,0.003111529216141662,0.002424442910239577,0.00394455795849346
134,8,718.2493517658856,439.966033812593,718.25,439.97,0.0006482341143509984,0.003966187407002053,0.004018812015318718
134,9,1061.1981879553277,348.8134395356827,1061.2,348.81,0.0018120446723060013,-0.0034395356826735224,0.003887661457330998
134,10,940.7198325848851,410.71604855058706,940.72,410.72,0.00016741511490181438,0.0039514494129662125,0.00395499434688959
134,11,763.5186802463187,502.1428253878779,763.52,502.14,0.0013197536812867838,-0.0028253878779196384,0.0031184237107816596
134,12,544.3772786736145,617.7765866763848,544.38,617.78,0.0027213263855401237,0.0034133236151774327,0.004365363146241652
134,30,1686.7750930392099,524.224245394026,1686.78,524.22,0.004906960790094672,-0.004245394025929272,0.006488577242425529
135,0,847.3104876008282,275.07744046512954,847.31,275.08,-0.00048760082825083373,0.0025595348704428034,0.0026055658350392064
135,1,718.8645092541562,322.924304806944,718.86,322.92,-0.0045092541562326005,-0.0043048069439919345,0.006234158794139123
135,2,586.1715522703515,370.8898251819498,586.17,370.89,-0.001552270351567131,0.00017481805019770036,0.0015620834148755533
135,3,312.86537760344777,476.3340734205214,312.87,476.33,0.004622396552235841,-0.004073420521422122,0.006161112288415515
135,6,704.0226182785873,381.5020318296312,704.02,381.5,-0.002618278587306122,-0.0020318296312211714,0.0033141687360564646
135,7,442.0501663530879,489.37568166781733,442.05,489.38,-0.000166353087877269,0.004318332182663198,0.004321535165849169
135,8,718.4370138244142,440.2245253594448,718.44,440.22,0.002986175585874662,-0.00452535944475585,0.005421819135116447
135,9,1061.3986409664958,348.860079651762,1061.4,348.86,0.0013590335042863444,-7.965176200741553e-05,0.001361365663208716
135,10,941.0398744386639,410.7870364129403,941.04,410.79,0.00012556133606267394,0.0029635870596962377,0.0029662457601339837
135,11,763.639010184739,502.3571190409084,763.64,502.36,0.0009898152609366662,0.002880959091612567,0.0030462533608234606
135,12,544.5329590052108,618.0824400072886,544.53,618.08,-0.0029590052108687814,-0.0024400072885555346,0.003835276705291645
135,30,1687.8313197794073,524.4181840455194,1687.83,524.42,-0.001319779407367605,0.0018159544805484984,0.002244884932359731
136,0,847.4828657006211,275.05808034884717,847.48,275.06,-0.0028657006211005864,0.0019196511528321025,0.003449246381218063
136,1,718.8983819406171,322.943228605208,718.9,322.94,0.0016180593828494239,-0.003228605207993951,0.0036113720045867223
136,2,586.1286642027636,370.9173688864623,586.13,370.92,0.0013357972363792214,0.002631113537688634,0.0029507817108228736
136,3,312.6490332025858,476.50055506539104,312.65,476.5,0.000966797414150733,-0.0005550653910404435,0.0011148070812205242
136,6,704.0169637089405,381.6265238722234,704.02,381.63,0.003036291059515861,0.003476127776593785,0.004615466143013379
136,7,442.0376247648159,489.531761250863,442.04,489.53,0.0023752351841039854,-0.0017612508630122647,0.002956982715922929
136,8,718.5777603683107,440.4183940195836,718.58,440.42,0.002239631689349153,0.0016059804164001434,0.002755925108161998
136,9,1061.7989807248719,348.8950597388215,1061.8,348.9,0.0010192751281010715,0.004940261178489891,0.005044313858044499
136,10,941.2799058289979,410.84027730970524,941.28,410.84,9.417100204700546e-05,-0.00027730970526818055,0.0002928631937653864
136,11,763.7292576385543,502.5178392806813,763.73,502.52,0.000742361445759343,0.0021607193186810036,0.002284690020609186
136,12,544.6497192539082,618.3118300054664,544.65,618.31,0.00028074609178929677,-0.0018300054664450727,0.0018514152357787844
136,30,1688.8734898345556,524.8136380341396,1688.87,524.81,-0.0034898345556939603,-0.0036380341396125004,0.005041253576949064
137,0,847.6121492754659,275.0435602616354,847.61,275.04,-0.0021492754658538615,-0.0035602616353571648,0.004158707484341428
137,1,718.9237864554628,322.957421453906,718.92,322.96,-0.0037864554628868063,0.002578546093957357,0.004581063733576305
137,2,586.0964981520727,370.93802666484675,586.1,370.94,0.0035018479272821423,0.0019733351532522647,0.004019575914555089
137,3,312.4867749019394,476.6254162990433,312.49,476.63,0.003225098060624987,0.004583700956686698,0.005604602747829466
137,6,704.0127227817054,381.7198929041675,704.01,381.72,-0.0027227817054154,0.00010709583250445576,0.002724887104576007
137,7,441.7782185736119,489.89882093814725,441.78,489.9,0.0017814263880495673,0.0011790618527243169,0.0021362740527818584
137,8,718.683320276233,440.56379551468774,718.68,440.56,-0.0033202762330120095,-0.0037955146877379775,0.005042833133104756
137,9,1062.0992355436538,348.9212948041161,1062.1,348.92,0.000764456346132647,-0.001294804116071191,0.0015036326692837501
137,10,941.4599293717484,410.88020798227893,941.46,410.88,7.062825159209751e-05,-0.00020798227893692456,0.00021964739532886186
137,11,763.7969432289157,502.888379460511,763.8,502.89,0.003056771084288812,0.0016205394890107527,0.0034597684456025997
137,12,544.4872894404311,618.7338725040997,544.49,618.73,0.0027105595688681206,-0.003872504099717844,0.004726882818381903
137,30,1689.9051173759167,525.1102285256047,1689.91,525.11,0.004882624083393239,-0.00022852560471164907,0.004887969096847943
138,0,847.7091119565994,275.03267019622655,847.71,275.03,0.0008880434006641735,-0.002670196226574717,0.0028139951972021996
138,1,718.9428398415971,322.9680660904295,718.94,322.97,-0.002839841597051418,0.0019339095705390719,0.003435797800128256
138,2,586.0723736140545,370.95351999863504,586.07,370.95,-0.0023736140544770024,-0.003519998635056254,0.004245519293373738
138,3,312.1150811764545,476.9690622242825,312.12,476.97,0.004918823545494888,0.0009377757175457191,0.005007419332164352
138,6,704.009542086279,381.78991967812567,704.01,381.79,0.0004579137209930195,8.032187434992011e-05,0.0004649049143349178
138,7,441.58366393020896,490.1741157036104,441.58,490.17,-0.003663930208972488,-0.004115703610409582,0.005510299518625067
138,8,718.7624902071748,440.67284663601583,718.76,440.67,-0.002490207174787429,-0.002846636015817694,0.003782124849857977
138,9,1062.3244266577403,348.94097110308707,1062.32,348.94,-0.004426657740395967,-0.0009711030870676041,0.004531924531180959
138,10,941.5949470288114,410.9101559867092,941.59,410.91,-0.004947028811329801,-0.00015598670916006085,0.004949487439479135
138,11,763.8477074216868,503.1662845953832,763.85,503.17,0.0022925783132450306,0.0037154046167984234,0.004365792801873271
138,12,544.3654670803234,619.0504043780747,544.37,619.05,0.004532919676648817,-0.0004043780747906567,0.004550921052086205
138,30,1690.9288380319376,525.3326713942035,1690.93,525.33,0.001161968062433516,-0.0026713942035030414,0.002913162674590135
139,0,847.7818339674495,274.7745026471699,847.78,274.77,-0.0018339674495564395,-0.004502647169942975,0.004861817370390216
139,1,718.9571298811978,322.7260495678221,718.96,322.73,0.002870118802206889,0.003950432177930452,0.0048829802714336085
139,2,586.0542802105409,370.96513999897627,586.05,370.97,-0.004280210540969165,0.004860001023757832,0.006476095446019208
139,3,311.83631088234085,477.2267966682119,311.84,477.23,0.003689117659121166,0.0032033317881428047,0.0048857879249682755
139,6,704.0071565647092,381.84243975859425,704.01,381.84,0.002843435290742491,-0.0024397585942779187,0.003746671356149722
139,7,441.4377479476567,490.38058677770783,441.44,490.38,0.0022520523432945083,-0.0005867777078378822,0.0023272403905384947
139,8,718.8218676553811,440.75463497701185,718.82,440.75,-0.0018676553810337282,-0.004634977011846786,0.004997114019376824
139,9,1062.4933199933052,348.7057283273153,1062.49,348.71,-0.003319993305240132,0.0042716726846947495,0.0054101333691514986
139,10,941.6962102716085,410.9326169900319,941.7,410.93,0.0037897283915526714,-0.002616990031867772,0.004605505195810301
139,11,763.8857805662651,503.3747134465374,763.89,503.37,0.004219433734874656,-0.00471344653738015,0.006326152013960715
139,12,544.2741003102425,619.5378032835561,544.27,619.54,-0.004100310242506566,0.0021967164439047338,0.004651677892946342
139,30,1691.9466285239532,525.4995035456527,1691.95,525.5,0.0033714760468228633,0.0004964543472851801,0.003407831811172417
140,0,847.8363754755871,274.5808769853775,847.84,274.58,0.0036245244128849663,-0.0008769853774879266,0.0037291125716350736
140,1,718.9678474108983,322.7945371758666,718.97,322.79,0.0021525891016835885,-0.004537175866573762,0.005021912452931286
140,2,585.7907101579057,370.97385499923223,585.79,370.97,-0.0007101579057007257,-0.0038549992322032267,0.003919865218514115
140,3,311.3772331617556,477.4200975011589,311.38,477.42,0.002766838244383507,-9.750115890483357e-05,0.002768555642672004
140,6,704.0053674235319,381.8818298189457,704.01,381.88,0.004632576468111438,-0.0018298189456800174,0.0049808635904699675
140,7,441.07831096074256,490.5354400832809,441.08,490.54,0.0016890392574282487,0.004559916719131252,0.004862683836992334
140,8,718.6164007415358,440.8159762327589,718.62,440.82,0.0035992584641917347,0.004023767241108089,0.0053986446727554175
140,9,1062.6199899949788,348.5292962454865,1062.62,348.53,1.000502106762724e-05,0.0007037545134949141,0.0007038256287682531
140,10,941.7721577037064,410.9494627425239,941.77,410.95,-0.002157703706416214,0.0005372574760826865,0.002223585141227789
140,11,763.9143354246988,503.531035084903,763.91,503.53,-0.004335424698865609,-0.0010350849030373865,0.004457275858192969
140,12,543.9555752326819,619.903352462667,543.96,619.9,0.004424767318141676,-0.003352462667066902,0.005551357649599961
140,30,1692.709971392965,525.8746276592395,1692.71,525.87,2.8607035119421198e-05,-0.0046276592395315674,0.004627747659464614
141,0,847.6272816066903,274.4356577390331,847.63,274.44,0.0027183933096921464,0.004342260966893718,0.005122976916870482
141,1,718.7258855581738,322.5959028819,718.73,322.6,0.004114441826231996,0.004097118100048647,0.005806462629449493
141,2,585.3430326184292,370.9803912494242,585.34,370.98,-0.0030326184291880054,-0.0003912494241831155,0.0030577525486825035
141,3,310.7829248713167,477.56507312586916,310.78,477.57,-0.002924871316736244,0.004926874130831038,0.005729656265476883
141,6,703.7540255676489,381.9113723642092,703.75,381.91,-0.0040255676489096,-0.0013723642092031696,0.004253066942648495
141,7,440.8087332205569,490.65158006246065,440.81,490.65,0.0012667794430853974,-0.0015800624606754354,0.0020251734585115077
141,8,718.4623005561518,440.86198217456916,718.46,440.86,-0.002300556151794808,-0.0019821745691501746,0.0030367045674788017
141,9,1062.7149924962341,348.3969721841149,1062.71,348.4,-0.004992496234081045,0.003027815885104701,0.005838894388615518
141,10,941.8291182777798,410.96209705689296,941.83,410.96,0.0008817222202424091,-0.002097056892978344,0.002274880587208302
141,11,763.9357515685241,503.64827631367723,763.94,503.65,0.004248431475957659,0.001723686322748108,0.004584786204954019
141,12,543.7166814245114,620.4275143470003,543.72,620.43,0.003318575488606257,0.002485652999666854,0.0041462530202980965
141,30,1693.7824785447237,526.1559707444296,1693.78,526.16,-0.002478544723771847,0.004029255570344503,0.00473054800196441
142,0,847.7204612050177,274.3267433042748,847.72,274.33,-0.00046120501770019473,0.003256695725156078,0.0032891909513741687
142,1,718.5444141686303,322.446927161425,718.54,322.45,-0.004414168630319182,0.0030728385750080633,0.0053784032579336696
142,2,585.0072744638219,370.98529343706815,585.01,370.99,0.0027255361781044485,0.004706562931858116,0.005438775789614522
142,3,310.08719365348753,477.67380484440184,310.09,477.67,0.0028063465124432696,-0.0038048444018272676,0.0047278347760913554
142,6,703.5655191757367,381.9335292731569,703.57,381.93,0.004480824263396244,-0.0035292731569143143,0.005703819342822529
142,7,440.3565499154177,490.7386850468455,440.36,490.74,0.0034500845823117743,0.0013149531545195714,0.00369217895336702
142,8,718.3467254171139,440.89648663092686,718.35,440.9,0.003274582886092503,0.0035133690731186107,0.0048027757934174095
142,9,1063.0362443721756,348.29772913808614,1063.04,348.3,0.0037556278243755514,0.0022708619138711583,0.004388798717997263
142,10,941.8718387083348,410.9715727926697,941.87,410.97,-0.0018387083348443412,-0.0015727926696627037,0.0024196125975806094
142,11,763.951813676393,503.9862072352579,763.95,503.99,-0.0018136763929987865,0.0037927647421156507,0.004204103524838166
142,12,543.2875110683835,620.8206357602502,543.29,620.82,0.002488931616426271,-0.0006357602501338988,0.0025688463727705883
142,30,1695.0868589085428,526.3669780583223,1695.09,526.37,0.0031410914571097237,0.0030219416777299557,0.004358736863533864
143,0,847.7903459037633,273.99505747820615,847.79,274.0,-0.00034590376333198947,0.004942521793850574,0.004954611094341828
143,1,718.4083106264727,322.3351953710687,718.41,322.34,0.0016893735272560662,0.004804628931253774,0.005092979685963256
143,2,584.7554558478664,370.9889700778011,584.76,370.99,0.004544152133576063,0.0010299221988816498,0.0046594053642962955
143,3,309.06539524011566,478.0053536333014,309.07,478.01,0.0046047598843301785,0.0046463666985800955,0.006541600499114156
143,6,703.4241393818024,381.7001469548677,703.42,381.7,-0.004139381802474418,-0.00014695486771643118,0.004141989550904482
143,7,439.5174124365633,491.0540137851341,439.52,491.05,0.002587563436691198,-0.004013785134077352,0.004775558149728837
143,8,718.0100440628355,440.92236497319516,718.01,440.92,-4.406283551361412e-05,-0.0023649731951422837,0.002365383636371699
143,9,1063.5271832791318,348.2232968535646,1063.53,348.22,0.0028167208681679767,-0.003296853564563662,0.004336261047878586
143,10,941.9038790312511,410.9786795945023,941.9,410.98,-0.003879031251130982,0.0013204054977222768,0.0040976034612522
143,11,763.7138602572948,504.2396554264434,763.71,504.24,-0.0038602572947183944,0.0003445735566174335,0.0038756054130092456
143,12,542.4656333012877,621.3654768201876,542.47,621.37,0.004366698712374273,0.004523179812395028,0.006287067142945831
143,30,1696.065144181407,526.7752335437417,1696.07,526.78,0.0048558185928868625,0.004766456258266771,0.0068042692090331215
144,0,847.8427594278224,273.74629310865464,847.84,273.75,-0.0027594278224114532,0.0037068913453595087,0.004621199557842059
144,1,718.3062329698546,322.00139652830154,718.31,322.0,0.0037670301453545108,-0.0013965283015409113,0.004017562372012956
144,2,584.5665918858998,370.9917275583508,584.57,370.99,0.0034081141002388904,-0.0017275583508080672,0.0038209553223891315
144,3,308.2990464300867,478.25401522497606,308.3,478.25,0.0009535699132925401,-0.004015224976058107,0.004126902856610217
144,6,703.3181045363518,381.5251102161508,703.32,381.53,0.0018954636482249043,0.004889783849193918,0.005244308203526921
144,7,438.88805932742247,491.2905103388506,438.89,491.29,0.0019406725775183986,-0.0005103388505744988,0.0020066528836691225
144,8,717.7575330471266,440.94177372989634,717.76,440.94,0.002466952873419359,-0.0017737298963425019,0.0030384164008330416
144,9,1063.895387459349,348.16747264017346,1063.9,348.17,0.004612540651123709,0.002527359826558495,0.005259570224949042
144,10,942.1779092734383,410.9840096958767,942.18,410.98,0.0020907265616187942,-0.004009695876675323,0.004522034783024721
144,11,763.535395192971,504.4297415698326,763.54,504.43,0.004604807028954383,0.0002584301674346534,0.0046120531138906014
144,12,541.8492249759657,621.7741076151407,541.85,621.77,0.0007750240342829784,-0.0041076151406969075,0.004180091434143366
144,30,1697.2988581360553,527.0814251578063,1697.3,527.08,0.0011418639446674206,-0.0014251578062385306,0.0018261785347588727
145,0,848.1320695708669,273.55971983149095,848.13,273.56,-0.0020695708668654333,0.000280168509050327,0.0020884486985419644
145,1,718.229674727391,321.75104739622617,718.23,321.75,0.0003252726090750002,-0.0010473962261698944,0.001096741138468597
145,2,584.1749439144248,370.99379566876314,584.17,370.99,-0.004943914424870854,-0.0037956687631321984,0.006232927979678862
145,3,307.47428482256504,478.44051141873206,307.47,478.44,-0.0042848225650118366,-0.0005114187320600649,0.004315235049581487
145,6,703.2385784022639,381.3938326621131,703.24,381.39,0.0014215977361118348,-0.00383266211309774,0.004087815920084114
145,7,438.16604449556684,491.4678827541379,438.17,491.47,0.003955504433179158,0.0021172458621094847,0.00448650703348604
145,8,717.568149785345,440.95633029742226,717.57,440.96,0.0018502146550645193,0.0036697025777243653,0.004109745889805399
145,9,1064.4215405945117,348.1256044801301,1064.42,348.13,-0.001540594511652671,0.004395519869888176,0.004657684658273475
145,10,942.3834319550788,410.9880072719075,942.38,410.99,-0.003431955078781357,0.00199272809248896,0.0039685363691627975
145,11,763.1515463947283,504.57230617737446,763.15,504.57,-0.0015463947282796653,-0.0023061773744643688,0.002776650993218721
145,12,541.1369187319743,622.3305807113555,541.14,622.33,0.0030812680256531166,-0.0005807113554965326,0.003135512450033467
145,30,1698.4741436020415,527.5610688683547,1698.47,527.56,-0.004143602041494887,-0.001068868354764163,0.004279242624355021
146,0,848.3490521781501,273.41978987361824,848.35,273.42,0.000947821849877073,0.00021012638177353438,0.0009708343604455055
146,1,718.1722560455432,321.56328554716964,718.17,321.56,-0.0022560455432767412,-0.003285547169639358,0.003985544090493047
146,2,583.8812079358186,370.99534675157236,583.88,371.0,-0.0012079358185701494,0.00465324842764403,0.0048074764556008355
146,3,306.60571361692377,478.58038356404904,306.61,478.58,0.004286383076248512,-0.00038356404905925956,0.0043035103411146105
146,6,702.9289338016979,381.2953744965848,702.93,381.3,0.0010661983020554544,0.004625503415184085,0.004746794777867015
146,7,437.3745333716751,491.60091206560344,437.37,491.6,-0.0045333716751088105,-0.0009120656034156127,0.0046242104633778015
146,8,717.1761123390088,440.9672477230667,717.18,440.97,0.003887660991154007,0.0027522769333359065,0.004763290490817609
146,9,1064.8161554458839,348.0942033600976,1064.82,348.09,0.003844554116085419,-0.0042033600976196794,0.005696387667791814
146,10,942.5375739663091,410.99100545393065,942.54,410.99,0.002426033690881013,-0.001005453930645217,0.0026261334840292617
146,11,762.8636597960462,504.92922963303084,762.86,504.93,-0.003659796046235897,0.0007703669691636605,0.003739996305776559
146,12,540.3526890489808,622.7479355335166,540.35,622.75,-0.002689048980755615,0.002064466483375327,0.003390133667258992
146,30,1699.6056077015312,527.9208016512661,1699.61,527.92,0.004392298468701483,-0.000801651266101544,0.004464855046986364
147,0,848.2617891336126,273.31484240521365,848.26,273.31,-0.001789133612646765,-0.004842405213651091,0.005162352887695468
147,1,717.8791920341574,321.4224641603772,717.88,321.42,0.000807965842568592,-0.0024641603772010967,0.002593240283376268
147,2,583.4109059518639,370.99651006367924,583.41,371.0,-0.0009059518639560338,0.0034899363207614442,0.003605607341735278
147,3,305.7042852126928,478.6852876730368,305.7,478.69,-0.0042852126928210055,0.004712326963215219,0.006369385624293714
147,6,702.6967003512734,381.2215308724386,702.7,381.22,0.003299648726624582,-0.0015308724385931782,0.0036374788167574876
147,7,436.5309000287563,491.70068404920255,436.53,491.7,-0.0009000287563480924,-0.0006840492025617095,0.0011304755962774273
147,8,716.8820842542566,441.2254357923,716.88,441.23,-0.0020842542566015254,0.004564207700013867,0.00501757986832571
147,9,1065.112116584413,348.07065252007317,1065.11,348.07,-0.0021165844129882316,-0.0006525200731744007,0.0022148842008557156
147,10,942.4031804747318,411.243254090448,942.4,411.24,-0.0031804747318346926,-0.003254090447967428,0.004550222430100733
147,11,762.3977448470347,505.1969222247731,762.4,505.2,0.002255152965290108,0.0030777752268704717,0.00381554914055557
147,12,539.5145167867356,623.3109516501374,539.51,623.31,-0.004516786735621281,-0.0009516501374946529,0.004615950649571325
147,30,1700.7042057761485,528.4406012384495,1700.7,528.44,-0.004205776148410223,-0.0006012384494624712,0.004248533945215498
148,0,848.1963418502095,273.2361318039102,848.2,273.24,0.0036581497905672222,0.003868196089797493,0.0053240023365276265
148,1,717.6593940256181,321.3168481202829,717.66,321.32,0.0006059743818696006,0.003151879717108841,0.003209602888614782
148,2,582.8081794638979,370.99738254775946,582.81,371.0,0.0018205361020591226,0.0026174522405426615,0.003188323686582406
148,3,304.5282139095196,478.7639657547776,304.53,478.76,0.0017860904803796984,-0.003965754777595976,0.004349405724938556
148,6,702.272525263455,381.166148154329,702.27,381.17,-0.002525263455027016,0.003851845671022147,0.004605830065326666
148,7,435.6481750215672,491.7755130369019,435.65,491.78,0.0018249784327508678,0.004486963098088381,0.00484390174586693
148,8,716.4115631906925,441.419076844225,716.41,441.42,-0.0015631906925364092,0.000923155775012674,0.0018154287995324162
148,9,1065.3340874383098,348.0529893900549,1065.33,348.05,-0.004087438309852587,-0.0029893900548927377,0.005063951504224954
148,10,942.5523853560488,411.432440567836,942.55,411.43,-0.0023853560488760195,-0.002440567836003993,0.0034126668225958755
148,11,762.048308635276,505.39769166857985,762.05,505.4,0.0016913647239107377,0.002308331420124432,0.002861661855360155
148,12,538.6358875900517,623.4832137376031,538.64,623.48,0.0041124099483340615,-0.003213737603118716,0.005219197731917827
148,30,1702.0281543321114,528.8304509288371,1702.03,528.83,0.0018456678885740985,-0.00045092883704000997,0.001899954412870958
149,0,848.1472563876571,273.17709885293266,848.15,273.18,0.002743612342896995,0.00290114706734812,0.003993001752376191
149,1,717.2445455192136,321.23763609021216,717.24,321.24,-0.004545519213593252,0.0023639097878458415,0.005123457270849323
149,2,582.3561345979234,370.99803691081956,582.36,371.0,0.0038654020765989117,0.001963089180435418,0.004335326094322984
149,3,303.6461604321397,478.8229743160832,303.65,478.82,0.0038395678602682892,-0.0029743160832254034,0.004856834104284242
149,6,701.9543939475913,381.12461111574675,701.95,381.12,-0.004393947591211145,-0.004611115746740779,0.006369392739041219
149,7,434.98613126617545,491.8316347776764,434.99,491.83,0.003868733824560877,-0.0016347776764291666,0.004199952315997477
149,8,716.0586723930194,441.56430763316877,716.06,441.56,0.0013276069805669977,-0.004307633168764369,0.00450757626796144
149,9,1065.7505655787322,348.0397420425412,1065.75,348.04,-0.0005655787322211836,0.00025795745881396215,0.0006216279859358637
149,10,942.6642890170366,411.574330425877,942.66,411.57,-0.004289017036626319,-0.004330425877014932,0.006094936867334341
149,11,761.786231476457,505.5482687514349,761.79,505.55,0.0037685235429307795,0.0017312485651359566,0.004147166657841093
149,12,538.2269156925388,623.8624103032023,538.23,623.86,0.0030843074612221244,-0.0024103032022821935,0.003914398298880974
149,30,1703.0211157490835,529.1228381966278,1703.02,529.12,-0.001115749083510309,-0.002838196627749312,0.00304963212783471
150,0,848.1104422907429,272.8828241396995,848.11,272.88,-0.00044229074285340175,-0.0028241396994985735,0.002858563650419159
150,1,717.1834091394102,321.1782270676591,717.18,321.18,-0.0034091394102233608,0.0017729323408843811,0.0038425929531622073
150,2,582.0171009484426,370.7485276831147,582.02,370.75,0.0028990515573923403,0.0014723168853265634,0.0032514945706915563
150,3,302.98462032410475,478.8672307370624,302.98,478.87,-0.0046203241047351185,0.002769262937590611,0.005386669847903188
150,6,701.7157954606935,381.09345833681004,701.72,381.09,0.0042045393065563985,-0.0034583368100697953,0.005444101787463336
150,7,434.48959844963156,491.87372608325734,434.49,491.87,0.0004015503684513533,-0.003726083257333812,0.003747657820424214
150,8,715.7940042947646,441.6732307248766,715.79,441.67,-0.004004294764627048,-0.0032307248765732766,0.005145090843719768
150,9,1066.0629241840493,347.77980653190593,1066.06,347.78,-0.0029241840493341442,0.00019346809403941734,0.0029305771202600144
150,10,942.7482167627775,411.68074781940777,942.75,411.68,0.0017832372225257132,-0.0007478194077634726,0.0019336930621039448
150,11,761.5896736073428,505.6612015635761,761.59,505.66,0.0003263926572572018,-0.0012015635761031263,0.0012451052943944743
150,12,537.6701867694042,624.1468077274017,537.67,624.15,-0.0001867694041948198,0.003192272598312229,0.0031977315635116086
150,30,1703.7658368118127,529.3421286474709,1703.77,529.34,0.004163188187249034,-0.0021286474708404057,0.00467581821049163
151,0,848.0828317180572,272.6621181047746,848.08,272.66,-0.002831718057109356,-0.0021181047745812975,0.0035362402337883203
151,1,716.8875568545576,321.13367030074437,716.89,321.13,0.0024431454423847754,-0.0036703007443747993,0.004409089158409444
151,2,581.512825711332,370.561395762336,581.51,370.56,-0.002825711331979619,-0.0013957623360170146,0.0031516340254416765
151,3,301.98846524307856,478.9004230527968,301.99,478.9,0.0015347569214441137,-0.00042305279680476815,0.0015919963809019637
151,6,701.28684659552,381.07009375260753,701.29,381.07,0.003153404479917299,-9.375260754040937e-05,0.0031547978327276563
151,7,433.86719883722367,492.15529456244303,433.87,492.16,0.0028011627763362412,0.00470543755699282,0.005476098565793928
151,8,715.3455032210734,441.7549230436574,715.35,441.75,0.00449677892663658,-0.004923043657413473,0.006667636730344707
151,9,1066.297193138037,347.58485489892945,1066.3,347.58,0.0028068619628811575,-0.0048548989294658895,0.005607897796322443
151,10,942.811162572083,411.7605608645558,942.81,411.76,-0.0011625720831034414,-0.0005608645558368153,0.001290791578220707
151,11,761.4422552055071,505.9959011726821,761.44,506.0,-0.002255205507026403,0.004098827317875475,0.004678283580618481
151,12,537.0026400770531,624.6101057955512,537.0,624.61,-0.0026400770531154194,-0.00010579555123513273,0.0026421959702201767
151,30,1704.8243776088595,529.7565964856032,1704.82,529.76,-0.004377608859613247,0.0034035143968367265,0.005545031070899356
152,0,847.8121237885429,272.49658857858094,847.81,272.5,-0.002123788542917282,0.0034114214190594794,0.004018491492269767
152,1,716.6656676409182,321.1002527255583,716.67,321.1,0.004332359081786308,-0.00025272555825495147,0.004339724118112991
152,2,580.884619283499,370.42104682175204,580.88,370.42,-0.0046192834989824405,-0.0010468217520269718,0.004736413814742994
152,3,300.99134893230894,478.9253172895976,300.99,478.93,-0.0013489323089288519,0.004682710402391876,0.004873129906614558
152,6,700.9651349466401,381.05257031445564,700.97,381.05,0.0048650533599357,-0.0025703144556246116,0.005502295938589135
152,7,433.15039912791775,492.3664709218323,433.15,492.37,-0.00039912791777396706,0.003529078167730404,0.003551576524404052
152,8,715.0091274158051,441.81619228274303,715.01,441.82,0.0008725841948944435,0.003807717256961496,0.0039064195737454985
152,9,1066.4728948535278,347.4386411741971,1066.47,347.44,-0.002894853527777741,0.001358825802924457,0.0031979031426828
152,10,942.8583719290623,411.82042064841687,942.86,411.82,0.0016280709377269886,-0.00042064841687761145,0.001681535033501496
152,11,761.0816914041303,506.2469258795116,761.08,506.25,-0.0016914041302698024,0.0030741204884066065,0.003508712685463861
152,12,536.2519800577899,624.9575793466635,536.25,624.96,-0.0019800577898649863,0.0024206533365713767,0.003127329759884485
152,30,1705.8682832066447,530.0674473642024,1705.87,530.07,0.0017167933551718306,0.0025526357976559666,0.0030762524180952483
153,0,847.6090928414071,272.1224414339357,847.61,272.12,0.0009071585928950299,-0.002441433935700843,0.0026045222930616277
153,1,716.2492507306886,321.0751895441687,716.25,321.08,0.0007492693114272697,0.004810455831261606,0.004868458668363683
153,2,580.1634644626242,370.31578511631403,580.16,370.32,-0.003464462624265252,0.004214883685961013,0.005455982566056381
153,3,299.9935116992317,479.1939879671982,299.99,479.19,-0.003511699231694365,-0.003987967198213482,0.005313747629301705
153,6,700.47385120998,381.03942773584174,700.47,381.04,-0.00385120997998456,0.0005722641582792676,0.0038934951620342045
153,7,432.3627993459383,492.5248531913742,432.36,492.52,-0.002799345938285569,-0.004853191374195376,0.005602660457029349
153,8,714.5068455618539,441.8621442120573,714.51,441.86,0.0031544381461117155,-0.0021442120572601198,0.003814200488194661
153,9,1066.854671140146,347.3289808806478,1066.85,347.33,-0.004671140146001562,0.001019119352179132,0.004781020238147242
153,10,942.8937789467967,411.8653154863126,942.89,411.87,-0.0037789467967286328,0.0046845136873798765,0.006018729714794892
153,11,760.8112685530978,506.4351944096337,760.81,506.44,-0.0012685530978160386,0.00480559036628847,0.004970203791651125
153,12,535.6889850433424,625.2181845099976,535.69,625.22,0.0010149566576274083,0.0018154900024001108,0.0020799377312018153
153,30,1706.9012124049837,530.3005855231518,1706.9,530.3,-0.0012124049835620099,-0.0005855231518125947,0.001346388950294287
154,0,847.4568196310554,271.84183107545175,847.46,271.84,0.003180368944640577,-0.0018310754517756322,0.003669820695092548
154,1,715.9369380480164,320.8063921581265,715.94,320.81,0.0030619519836818654,0.0036078418734746265,0.004732026303220452
154,2,579.6225983469682,370.2368388372355,579.62,370.24,-0.0025983469681705174,0.003161162764513392,0.004091986924557174
154,3,298.9951337744238,479.3954909753987,299.0,479.4,0.004866225576222405,0.004509024601304645,0.006634112918382652
154,6,700.105388407485,381.0295708018813,700.11,381.03,0.004611592515061602,0.00042919811869523983,0.004631522055443947
154,7,431.5220995094537,492.64363989353063,431.52,492.64,-0.0020995094537283876,-0.003639893530646532,0.004201995342779112
154,8,714.1301341713904,441.89660815904296,714.13,441.9,-0.00013417139041393966,0.003391840957021941,0.003394493635247697
154,9,1067.1410033551094,347.24673566048585,1067.14,347.25,-0.0010033551093329152,0.003264339514146286,0.0034150598734196853
154,10,942.9203342100975,411.89898661473444,942.92,411.9,-0.0003342100975487483,0.0010133852655371811,0.0010670736083848232
154,11,760.6084514148233,506.57639580722525,760.61,506.58,0.0015485851766925407,0.0036041927747305635,0.0039227951268058685
154,12,535.2667387825068,625.6636383824982,535.27,625.66,0.0032612174932182825,-0.003638382498252213,0.00488603793903209
154,30,1708.1759093037376,530.7254391423638,1708.18,530.73,0.004090696262437632,0.00456085763619285,0.006126599243392687
155,0,847.0926147232915,271.6313733065888,847.09,271.63,-0.0026147232914581764,-0.0013733065887890916,0.0029534300190973565
155,1,715.2027035360122,320.6047941185949,715.2,320.6,-0.00270353601217721,-0.004794118594872998,0.005503878638818819
155,2,578.7169487602262,370.1776291279266,578.72,370.18,0.0030512397738675645,0.002370872073413466,0.0038640779684322173
155,3,297.74635033081785,479.546618231549,297.75,479.55,0.003649669182152593,0.003381768450992695,0.004975584688786224
155,6,699.5790413056137,381.022178101411,699.58,381.02,0.0009586943863268971,-0.002178101411004718,0.002379752231429871
155,7,430.6415746320903,492.98272992014796,430.64,492.98,-0.0015746320902962907,-0.0027299201479422663,0.0031514965070474047
155,8,713.5976006285428,441.92245611928223,713.6,441.92,0.0023993714572725366,-0.002456119282214786,0.003433584907708183
155,9,1067.1057525163321,347.1850517453644,1067.11,347.19,0.0042474836677683925,0.004948254635621652,0.006521222389008858
155,10,942.9402506575732,411.92423996105083,942.94,411.92,-0.0002506575731331395,-0.004239961050814145,0.004247363762546126
155,11,760.2063385611175,506.93229685541894,760.21,506.93,0.0036614388825455535,-0.002296855418933319,0.00432223084831199
155,12,534.7000540868801,625.9977287868737,534.7,626.0,-5.408688002717099e-05,0.002271213126277871,0.0022718570499853145
155,30,1709.381931977803,531.0440793567728,1709.38,531.04,-0.0019319778029966983,-0.004079356772876963,0.004513722400822751
156,0,847.0694610424687,271.4735299799416,847.07,271.47,0.0005389575313756723,-0.0035299799415611233,0.0035708869498277916
156,1,714.9020276520091,320.4535955889462,714.9,320.45,-0.0020276520091329076,-0.003595588946211592,0.004127908979163628
156,2,578.2877115701697,370.13322184594495,578.29,370.13,0.0022884298302869865,-0.003221845944949564,0.003951860622685886
156,3,296.80976274811337,479.65996367366176,296.81,479.66,0.00023725188663092922,3.632633826100573e-05,0.0002400167922487681
156,6,699.1842809792103,381.0166335760582,699.18,381.02,-0.004280979210307123,0.0033664239417703357,0.005446062169568607
156,7,429.7311809740677,492.987047440111,429.73,492.99,-0.0011809740676653746,0.002952559889024542,0.0031799857934863033
156,8,713.1982004714071,441.94184208946166,713.2,441.94,0.0017995285929828242,-0.0018420894616610894,0.002575188680800998
156,9,1067.329314387249,347.13878880902325,1067.33,347.14,0.0006856127508854115,0.0012111909767327234,0.0013917788711916236
156,10,942.9551879931798,411.94317997078815,942.96,411.94,0.004812006820202441,-0.0031799707881532413,0.005767809276595643
156,11,759.9047539208382,507.19922264156423,759.9,507.2,-0.0047539208381977005,0.0007773584357551044,0.0048170581762617265
156,12,533.77504056516,626.4982965901553,533.78,626.5,0.004959434839975074,0.0017034098447084034,0.005243815312442658
156,30,1710.5364489833523,531.2830595175797,1710.54,531.28,0.003551016647634242,-0.003059517579686144,0.004687255812539368
157,0,847.0520957818514,271.3551474849562,847.05,271.36,-0.0020957818514943938,0.0048525150438081255,0.005285754801297299
157,1,714.6765207390068,320.34019669170965,714.68,320.34,0.00347926099311735,-0.00019669170967517857,0.003484816306045826
157,2,577.7157836776273,370.0999163844587,577.72,370.1,0.004216322372712966,8.361554131397497e-05,0.004217151397494418
157,3,295.60732206108503,479.9949727552463,295.61,479.99,0.002677938914985134,-0.004972755246285487,0.005647977653271266
157,6,698.8882107344077,381.01247518204366,698.89,381.01,0.0017892655922651102,-0.0024751820436677008,0.0030541770592025
157,7,428.79838573055076,493.24028558008325,428.8,493.24,0.0016142694492486953,-0.0002855800832435307,0.001639335791936194
157,8,712.8986503535552,442.20638156709623,712.9,442.21,0.0013496464447371181,0.0036184329037496354,0.0038619428018459257
157,9,1067.4969857904368,347.10409160676744,1067.5,347.1,0.003014209563161785,-0.004091606767417488,0.005081998153269297
157,10,942.9663909948849,411.9573849780911,942.97,411.96,0.0036090051150949876,0.0026150219088663107,0.004456821457567331
157,11,759.4285654406286,507.3994169811732,759.43,507.4,0.0014345593713187554,0.0005830188267736958,0.0015485062293097303
157,12,532.58128042387,627.1237224426164,532.58,627.12,-0.0012804238699573034,-0.0037224426164357283,0.003936504073338844
157,30,1711.4023367375144,531.4622946381847,1711.4,531.46,-0.002336737514269771,-0.0022946381847077646,0.0032750124594136455
158,0,846.7890718363885,271.01636061371715,846.79,271.02,0.0009281636114337743,0.0036393862828276724,0.0037558780871087935
158,1,714.2573905542552,320.2551475187822,714.26,320.26,0.0026094457448380126,0.00485248121776749,0.0055096080680969925
158,2,577.0368377582205,370.074937288344,577.04,370.07,0.003162241779477881,-0.004937288344024182,0.0058631552310946435
158,3,294.20549154581374,480.24622956643475,294.21,480.25,0.004508454186236577,0.0037704335652506415,0.005877272192043073
158,6,698.4161580508057,381.0093563865328,698.42,381.01,0.0038419491942249806,0.000643613467218529,0.003895486093697555
158,7,427.8487892979131,493.4302141850624,427.85,493.43,0.0012107020869507323,-0.00021418506241843716,0.0012295018439636633
158,8,712.4239877651664,442.40478617532216,712.42,442.4,-0.003987765166471036,-0.004786175322180952,0.006229746803648901
158,9,1067.6227393428276,347.07806870507557,1067.62,347.08,-0.0027393428276809573,0.0019312949244181254,0.0033517009432003798
158,10,942.7247932461637,411.96803873356833,942.72,411.97,-0.004793246163671938,0.0019612664316923656,0.0051789743001524014
158,11,758.8214240804715,507.54956273587993,758.82,507.55,-0.0014240804714518163,0.0004372641200802718,0.0014896996676780196
158,12,531.6859603179025,627.5927918319624,531.69,627.59,0.004039682097527475,-0.002791831962326796,0.00491053532264594
158,30,1712.3017525531359,531.8467209786386,1712.3,531.85,-0.001752553135929702,0.0032790213614362074,0.00371798649580818
159,0,846.5918038772913,270.7622704602879,846.59,270.76,-0.0018038772913087087,-0.002270460287888909,0.002899821236038496
159,1,713.9430429156914,320.19136063908667,713.94,320.19,-0.003042915691366943,-0.0013606390866698348,0.003333267860364793
159,2,576.2776283186654,370.056202966258,576.28,370.06,0.002371681334579989,0.003797033741989253,0.004476866939121603
159,3,292.9041186593603,480.43467217482606,292.9,480.43,-0.004118659360301535,-0.004672174826055198,0.0062283683683147205
159,6,697.8121185381043,381.0070172898996,697.81,381.01,-0.002118538104355139,0.002982710100411623,0.0036585192691445784
159,7,426.6365919734348,493.57266063879683,426.64,493.57,0.003408026565182354,-0.002660638796839976,0.0043236146771236115
159,8,711.8179908238749,442.5535896314916,711.82,442.55,0.0020091761251705975,-0.0035896314915930816,0.004113665390791077
159,9,1067.7170545071208,346.8085515288067,1067.72,346.81,0.0029454928792347346,0.001448471193327805,0.003282376745518863
159,10,942.5435949346228,411.97602905017624,942.54,411.98,-0.003594934622810797,0.003970949823781211,0.005356491150489455
159,11,758.3660680603537,507.9121720519099,758.37,507.91,0.003931939646349747,-0.00217205190989489,0.004491988299385364
159,12,530.5144702384268,628.1945938739718,530.51,628.19,-0.0044702384268475726,-0.004593873971771245,0.00640989154833231
159,30,1713.226314414852,532.1350407339789,1713.23,532.14,0.0036855851481050195,0.00495926602104646,0.006178823298285709
160,0,846.4438529079684,270.3217028452159,846.44,270.32,-0.0038529079683939926,-0.001702845215902471,0.004212431796745896
160,1,713.4572821867686,319.893520479315,713.46,319.89,0.0027178132314702452,-0.0035204793150001024,0.004447503048734012
160,2,575.708221238999,370.0421522246935,575.71,370.04,0.0017787610009918353,-0.002152224693475091,0.002792142874183452
160,3,291.4280889945202,480.57600413111953,291.43,480.58,0.0019110054798261444,0.003995868880451781,0.00442932388222949
160,6,697.1090889035783,381.0052629674247,697.11,381.01,0.0009110964217597939,0.004737032575292233,0.004823854714761138
160,7,425.4774439800761,493.9294954790976,425.48,493.93,0.002556019923929398,0.0005045209023819552,0.0026053366754537404
160,8,711.1134931179062,442.6651922236187,711.11,442.67,-0.003493117906145926,0.0048077763813125785,0.005942775987612554
160,9,1067.7877908803407,346.606413646605,1067.79,346.61,0.0022091196592555207,0.003586353395007791,0.004212142013606988
160,10,942.407696200967,411.73202178763216,942.41,411.73,0.0023037990329157765,-0.002021787632145333,0.0030651452190001535
160,11,757.7745510452653,508.18412903893244,757.77,508.18,-0.004551045265316134,-0.0041290389324331045,0.006144995973351383
160,12,529.3858526788201,628.6459454054789,529.39,628.65,0.004147321179857499,0.0040545945211079015,0.005800000836163113
160,30,1714.169735811139,532.3512805504843,1714.17,532.35,0.00026418886113788176,-0.0012805504842390292,0.0013075187559014759
161,0,846.3328896809763,269.9912771339119,846.33,269.99,-0.0028896809762954945,-0.0012771339119126424,0.0031593238475536773
161,1,713.0929616400764,319.67014035948625,713.09,319.67,-0.002961640076364347,-0.00014035948623813965,0.0029649642033765687
161,2,575.0311659292493,370.03161416852015,575.03,370.03,-0.0011659292492822715,-0.0016141685201773726,0.0019912134556253707
161,3,290.0710667458901,480.68200309833964,290.07,480.68,-0.001066745890113907,-0.0020030983396281954,0.0022694382019116856
161,6,696.5818166776837,381.00394722556854,696.58,381.0,-0.0018166776836778809,-0.003947225568538215,0.0043452166223670674
161,7,424.3580829850571,494.19712160932323,424.36,494.2,0.0019170149429328376,0.002878390676755771,0.0034583347408055133
161,8,710.5851198384296,442.748894167714,710.59,442.75,0.004880161570440578,0.0011058322859867076,0.005003882692303611
161,9,1067.8408431602556,346.45481023495375,1067.84,346.45,-0.000843160255726616,-0.004810234953765757,0.004883572414459197
161,10,942.0557721507253,411.5490163407241,942.06,411.55,0.004227849274684559,0.0009836592759029372,0.004340771251807752
161,11,757.080913283949,508.3880967791993,757.08,508.39,-0.000913283948989374,0.0019032208006706242,0.002111003786729658
161,12,528.2893895091152,629.2344590541092,528.29,629.23,0.0006104908848101331,-0.004459054109133831,0.004500651360483231
161,30,1715.1273018583543,532.5134604128632,1715.13,532.51,0.0026981416458511376,-0.00346041286320542,0.00438798650008336
162,0,846.2496672607323,269.74345785043397,846.25,269.74,0.000332739267719262,-0.0034578504339606297,0.003473822828516743
162,1,712.5697212300573,319.5026052696147,712.57,319.5,0.0002787699427244661,-0.0026052696147189636,0.002620141684402677
162,2,574.2733744469369,370.0237106263901,574.27,370.02,-0.00337444693695943,-0.003710626390102334,0.005015539884925526
162,3,288.80330005941755,480.7615023237547,288.8,480.76,-0.003300059417540524,-0.0015023237547211465,0.0036259300632110027
162,6,695.9363625082628,380.7529604191764,695.94,380.75,0.00363749173720862,-0.0029604191764178722,0.004689928340429484
162,7,423.2685622387928,494.14784120699244,423.27,494.15,0.0014377612071712065,0.0021587930075384065,0.0025937510555647247
162,8,709.9388398788221,442.8116706257855,709.94,442.81,0.001160121177917972,-0.0016706257854934847,0.0020339301026853175
162,9,1067.8806323701917,346.3411076762153,1067.88,346.34,-0.0006323701916244318,-0.0011076762153265918,0.0012754758552224197
162,10,941.791829113044,411.41176225554307,941.79,411.41,-0.0018291130439820336,-0.0017622555430421016,0.0025399210866969535
162,11,756.3106849629618,508.5410725843995,756.31,508.54,-0.0006849629618272957,-0.0010725843994805473,0.0012726396006270855
162,12,526.9670421318364,629.6758442905818,526.97,629.68,0.0029578681636621695,0.004155709418114384,0.005100872948957933
162,30,1716.0954763937657,532.6350953096473,1716.1,532.64,0.004523606234215549,0.004904690352645957,0.00667225605155948
163,0,845.9372504455492,269.5575933878255,845.94,269.56,0.0027495544508155945,0.0024066121745249802,0.0036540158506185626
163,1,712.177290922543,319.376953952211,712.18,319.38,0.0027090774569842324,0.0030460477889846516,0.004076457751617014
163,2,573.7050308352027,370.01778296979256,573.71,370.02,0.00496916479733045,0.002217030207418702,0.0054413069867114815
163,3,287.60247504456316,480.82112674281603,287.6,480.82,-0.002475044563141182,-0.00112674281604086,0.0027194475473953186
163,6,695.4522718811971,380.5647203143823,695.45,380.56,-0.0022718811970889874,-0.004720314382325341,0.005238588745232246
163,7,422.2014216790946,494.36088090524436,422.2,494.36,-0.0014216790946193214,-0.0008809052443439214,0.0016724728690146926
163,8,709.4541299091165,442.8587529693391,709.45,442.86,-0.00412990911650013,0.0012470306609202453,0.0043140740350422905
163,9,1067.9104742776437,346.25583075716145,1067.91,346.26,-0.0004742776436614804,0.004169242838543141,0.004196132163078322
163,10,941.5938718347829,411.3088216916573,941.59,411.31,-0.0038718347828989863,0.0011783083427303609,0.004047161367750785
163,11,755.7330137222214,508.65580443829964,755.73,508.66,-0.0030137222213397763,0.004195561700385042,0.0051657777351658265
163,12,525.9752815988772,630.0068832179363,525.98,630.01,0.004718401122772775,0.003116782063671053,0.005654877504226327
163,30,1717.0716072953242,532.9763214822356,1717.07,532.98,-0.0016072953242201038,0.0036785177644560463,0.004014335711257657
164,0,846.202937834162,269.16819504086914,846.2,269.17,-0.0029378341619121784,0.0018049591308795243,0.00344800623941483
164,1,712.1329681919073,319.0327154641583,712.13,319.03,-0.0029681919072572782,-0.0027154641583138073,0.0040229229166607846
164,2,573.528773126402,369.76333722734444,573.53,369.76,0.0012268735979432677,-0.003337227344445637,0.0035556019425472722
164,3,286.9518562834224,480.86584505711204,286.95,480.87,-0.0018562834223985192,0.004154942887964808,0.0045507514265801085
164,6,695.3392039108978,380.42354023578673,695.34,380.42,0.0007960891022094074,-0.0035402357867155843,0.003628639866974717
164,7,421.65106625932094,494.27066067893327,421.65,494.27,-0.001066259320964491,-0.0006606789332863627,0.0012543546517759894
164,8,709.0905974318374,442.6440647270043,709.09,442.64,-0.0005974318373773713,-0.00406472700433369,0.0041083975489321425
164,9,1068.1828557082329,345.9418730678711,1068.18,345.94,-0.00285570823280068,-0.0018730678710880966,0.0034151797552380864
164,10,941.6954038760872,411.231616268743,941.7,411.23,0.004596123912847361,-0.0016162687429641664,0.004872030343884395
164,11,755.299760291666,508.74185332872474,755.3,508.74,0.00023970833399289404,-0.0018533287247350927,0.0018687662901801963
164,12,524.9814611991579,630.2551624134522,524.98,630.26,-0.0014611991579158712,0.004837586547751016,0.005053448979269074
164,30,1718.0537054714932,533.4822411116767,1718.05,533.48,-0.003705471493276491,-0.002241111676653418,0.004330485023033448
165,0,846.4022033756214,268.8761462806518,846.4,268.88,-0.002203375621434134,0.0038537193481715804,0.004439145970071523
165,1,712.0997261439304,318.77453659811874,712.1,318.77,0.000273856069611611,-0.004536598118761503,0.004544856393552335
165,2,573.3965798448015,369.5725029205083,573.4,369.57,0.003420155198455177,-0.0025029205083342276,0.004238168549333549
165,3,286.2138922125668,480.89938379283404,286.21,480.9,-0.0038922125668250374,0.0006162071659332469,0.003940689018014265
165,6,695.2544029331734,380.31765517684005,695.25,380.32,-0.004402933173423662,0.0023448231599445535,0.004988388134562799
165,7,420.9882996944907,494.2029955091999,420.99,494.2,0.0017003055093027797,-0.0029955091999340766,0.0034444323468251015
165,8,708.817948073878,442.48304854525327,708.82,442.48,0.0020519261220215412,-0.0030485452532502677,0.003674782846829061
165,9,1068.3871417811747,345.70640480090333,1068.39,345.71,0.0028582188253949425,0.0035951990966509584,0.0045929153484907505
165,10,941.7715529070654,411.17371220155724,941.77,411.17,-0.0015529070653883537,-0.003712201557220851,0.004023923552351111
165,11,754.9748202187495,508.80638999654354,754.97,508.81,-0.004820218749500782,0.003610003456458344,0.006022178488610253
165,12,524.2360958993685,630.4413718100892,524.24,630.44,0.0039041006315301274,-0.0013718100891537688,0.004138099160462205
165,30,1719.04027910362,533.8616808337575,1719.04,533.86,-0.00027910361995964195,-0.001680833757518485,0.0017038488639219988
166,0,846.3016525317161,268.65710971048884,846.3,268.66,-0.001652531716104022,0.0028902895111855287,0.0033293594776170965
166,1,711.8247946079478,318.5809024485891,711.82,318.58,-0.004794607947701479,-0.000902448589101823,0.004878798912451103
166,2,573.0474348836011,369.4293771903813,573.05,369.43,0.0025651163988413828,0.0006228096187328447,0.0026396427714353954
166,3,285.1604191594251,480.92453784462555,285.16,480.92,-0.00041915942506420834,-0.0045378446255313065,0.004557162326391668
166,6,694.9408021998801,380.23824138263,694.94,380.24,-0.0008021998800131769,0.0017586173700010477,0.001932940687543867
166,7,420.24122477086803,494.15224663189997,420.24,494.15,-0.0012247708680206415,-0.00224663189999319,0.002558792405260545
166,8,708.3634610554085,442.36228640893995,708.36,442.36,-0.0034610554084792966,-0.0022864089399377008,0.0041480803248238616
166,9,1068.790356335881,345.5298036006775,1068.79,345.53,-0.00035633588095151936,0.00019639932247628167,0.0004068758458333916
166,10,941.828664680299,411.1302841511679,941.83,411.13,0.0013353197010701479,-0.0002841511679321229,0.0013652181475146228
166,11,754.4811151640622,508.85479249740763,754.48,508.85,-0.0011151640621847037,-0.004792497407606788,0.004920530691653704
166,12,523.1770719245263,630.8310288575669,523.18,630.83,0.002928075473619174,-0.0010288575668937483,0.0031035743703292616
166,30,1720.030209327715,534.1462606253182,1720.03,534.15,-0.0002093277150834183,0.0037393746817997453,0.003745229112242266
167,0,846.226239398787,268.24283228286663,846.23,268.24,0.003760601213002701,-0.002832282866620517,0.004707860206058536
167,1,711.6185959559608,318.4356768364418,711.62,318.44,0.0014040440391909215,0.004323163558183296,0.00454544638234702
167,2,572.5355761627009,369.32203289278596,572.54,369.32,0.004423837299100342,-0.0020328927859623036,0.00486857161066046
167,3,284.1203143695688,480.94340338346916,284.12,480.94,-0.00031436956879815625,-0.0034033834691626907,0.003417871744807902
167,6,694.45560164991,380.17868103697253,694.46,380.18,0.004398350090013992,0.001318963027472364,0.004591856594250865
167,7,419.430918578151,494.114184973925,419.43,494.11,-0.0009185781510154811,-0.004184973924964197,0.004284599464611979
167,8,707.7725957915563,442.27171480670495,707.77,442.27,-0.0025957915563594725,-0.0017148067049674864,0.003111060243625729
167,9,1068.8427672519106,345.3973527005081,1068.84,345.4,-0.0027672519106545224,0.0026472994918549375,0.0038296054283171936
167,10,941.6214985102242,411.09771311337596,941.62,411.1,-0.001498510224223537,0.002286886624062845,0.00273411472389511
167,11,754.1108363730466,508.8910943730557,754.11,508.89,-0.0008363730465816843,-0.001094373055707365,0.0013773787634875905
167,12,522.3828039433947,631.1232716431753,522.38,631.12,-0.0028039433947242287,-0.0032716431752533026,0.004308798861283635
167,30,1721.0226569957863,534.3596954689887,1721.02,534.36,-0.00265699578631029,0.0003045310113520827,0.002674390724136202
168,0,846.1696795490902,267.93212421215,846.17,267.93,0.00032045090972587786,-0.0021242121499653877,0.002148247202629324
168,1,711.2139469669706,318.07675762733135,711.21,318.08,-0.003946966970602261,0.003242372668637472,0.005107986764798092
168,2,571.9016821220257,368.99152466958947,571.9,368.99,-0.0016821220257270397,-0.0015246695894575168,0.0022702757247639754
168,3,283.0902357771766,480.7075525376019,283.09,480.71,-0.00023577717661282804,0.0024474623980950128,0.002458793010218735
168,6,694.0917012374325,379.8840107777294,694.09,379.88,-0.0017012374324849588,-0.004010777729376969,0.004356666936564498
168,7,418.32318893361327,494.08563873044375,418.32,494.09,-0.003188933613273548,0.004361269556227398,0.005402774262537887
168,8,707.3294468436673,442.2037861050287,707.33,442.2,0.0005531563327849653,-0.003786105028723341,0.0038263001995431935
168,9,1069.132075438933,345.04801452538106,1069.13,345.05,-0.0020754389329340484,0.0019854746189480466,0.002872204071236115
168,10,941.4661238826682,411.073284835032,941.47,411.07,0.0038761173318562214,-0.0032848350319909514,0.005080789973784705
168,11,753.583127279785,508.91832077979177,753.58,508.92,-0.003127279784962411,0.0016792202082456242,0.003549599887482394
168,12,521.287102957546,631.3424537323815,521.29,631.34,0.0028970424539238593,-0.0024537323814683987,0.003796532309845888
168,30,1721.7669927468396,534.5197716017415,1721.77,534.52,0.003007253160376422,0.00022839825851406204,0.003015914013211622
169,0,845.8772596618177,267.44909315911246,845.88,267.45,0.0027403381823205564,0.0009068408875236855,0.0028864881341811675
169,1,710.660460225228,317.8075682204985,710.66,317.81,-0.00046022522803923493,0.002431779501478104,0.002474946222513302
169,2,571.1762615915193,368.74364350219207,571.18,368.74,0.003738408480671751,-0.003643502192062442,0.005220230473065561
169,3,282.06767683288246,480.5306644032014,282.07,480.53,0.0023231671175381052,-0.0006644032014264667,0.0024163064934060096
169,6,693.5687759280744,379.66300808329703,693.57,379.66,0.0012240719256624288,-0.0030080832970043048,0.003247601761440466
169,7,417.49239170020996,494.0642290478328,417.49,494.06,-0.002391700209955161,-0.004229047832779997,0.004858505476609114
169,8,706.7470851327505,442.15283957877153,706.75,442.15,0.002914867249501185,-0.0028395787715567167,0.004069356052508819
169,9,1069.0990565792,344.7860108940358,1069.1,344.79,0.0009434208000129729,0.00398910596419455,0.00409914737469509
169,10,941.3495929120011,410.804963626274,941.35,410.8,0.0004070879989512832,-0.00496362627399094,0.00498029180136499
169,11,753.1873454598388,508.9387405848438,753.19,508.94,0.002654540161302066,0.001259415156198429,0.0029381473760905718
169,12,520.4653272181595,631.5068402992861,520.47,631.51,0.0046727818405543076,0.0031597007139225752,0.00564079770342608
169,30,1722.5752445601297,534.6398287013061,1722.58,534.64,0.004755439870223199,0.00017129869388554653,0.004758524099112595
170,0,845.6579447463632,267.08681986933436,845.66,267.09,0.0020552536367404173,0.0031801306656120687,0.003786462539323606
170,1,710.245345168921,317.3556761653739,710.25,317.36,0.0046548310790512915,0.004323834626120515,0.006353188038185281
170,2,570.6321961936394,368.55773262664405,570.63,368.56,-0.002196193639406374,0.002267373355948621,0.003156619780245116
170,3,280.80075762466186,480.39799830240105,280.8,480.4,-0.0007576246618441473,0.0020016975989278762,0.00214027764689259
170,6,692.9265819460558,379.4972560624728,692.93,379.5,0.0034180539441877045,0.0027439375272138022,0.004383182168086254
170,7,416.3692937751575,494.0481717858746,416.37,494.05,0.0007062248425313555,0.0018282141253962436,0.0019598776534536003
170,8,706.0603138495628,442.11462968407864,706.06,442.11,-0.0003138495628718374,-0.004629684078622631,0.0046403099267146725
170,9,1069.0742924344,344.58950817052687,1069.07,344.59,-0.004292434399985723,0.0004918294731055539,0.004320519564681553
170,10,941.2621946840009,410.6037227197055,941.26,410.6,-0.002194684000869529,-0.003722719705478994,0.004321490468488192
170,11,752.640509094879,508.95405543863285,752.64,508.95,-0.0005090948790211769,-0.004055438632860842,0.004087268048555881
170,12,519.3489954136196,631.6301302244646,519.35,631.63,0.0010045863804180044,-0.00013022446455579484,0.0010129917111655904
170,30,1723.4314334200972,534.7298715259795,1723.43,534.73,-0.0014334200971006794,0.00012847402047100331,0.001439165990672412
171,0,845.4934585597724,266.5651149020008,845.49,266.57,-0.003458559772411718,0.004885097999192567,0.0059854672466783925
171,1,709.9340088766908,317.0167571240304,709.93,317.02,-0.004008876690818397,0.0032428759695903864,0.005156290999966337
171,2,569.9741471452296,368.168299469983,569.97,368.17,-0.004147145229580929,0.0017005300169898874,0.004482255670298101
171,3,279.6005682184964,480.2984987268008,279.6,480.3,-0.0005682184963688997,0.001501273199210118,0.001605208235177703
171,6,692.4449364595419,379.1229420468546,692.44,379.12,-0.004936459541795557,-0.00294204685457089,0.005746674908351339
171,7,415.2769703313681,494.03612883940593,415.28,494.04,0.003029668631882032,0.0038711605940875415,0.00491576813572672
171,8,705.5452353871722,442.085972263059,705.55,442.09,0.004764612827784731,0.004027736940997784,0.006238926210861048
171,9,1069.0557193258,344.44213112789515,1069.06,344.44,0.0042806741998902,-0.00213112789515435,0.004781827862973594
171,10,940.9466460130006,410.4527920397791,940.95,410.45,0.003353986999400149,-0.002792039779137667,0.004364025082470578
171,11,751.9803818211592,508.96554157897464,751.98,508.97,-0.00038182115918061754,0.00445842102539018,0.004474740823471149
171,12,518.2617465602148,631.9725976683484,518.26,631.97,-0.001746560214769488,-0.002597668348357729,0.003130232169005234
171,30,1724.3235750650729,534.7974036444847,1724.32,534.8,-0.0035750650729369227,0.0025963555152657136,0.004418387968182986
172,0,845.3700939198293,266.1738361765006,842.8,266.7,-2.5700939198293327,0.5261638234994166,2.6234006796338276
172,1,709.7005066575181,316.5125678430228,704.0,318.1,-5.700506657518076,1.5874321569772292,5.91740796340875
172,2,569.2306103589221,367.87622460248724,563.6,368.7,-5.630610358922127,0.8237753975127475,5.690551723651095
172,3,278.4504261638723,480.2238740451006,257.7,479.6,-20.750426163872305,-0.6238740451005924,20.759802619641317
172,6,691.8337023446563,378.8422065351409,691.83,378.84,-0.0037023446562898243,-0.0022065351409423783,0.0043100061812219505
172,7,414.20772774852605,494.0270966295544,404.5,494.4,-9.707727748526054,0.372903370445556,9.714887285151196
172,8,704.9089265403791,441.81447919729425,706.9,443.8,1.9910734596209068,1.9855208027057643,2.811879510146925
172,9,1069.29178949435,344.08159834592135,1073.9,344.5,4.6082105056500495,0.41840165407865015,4.627165872164
172,10,940.7099845097505,410.33959402983436,949.2,411.2,8.490015490249561,0.8604059701656297,8.533502297308775
172,11,751.4852863658693,508.974156184231,762.3,511.0,10.814713634130612,2.025843815769008,11.002821190682873
172,12,517.1963099201611,632.2294482512613,530.3,636.6,13.103690079838884,4.370551748738762,13.813341966985087
172,30,1725.2426812988047,534.8480527333635,1741.6,531.3,16.357318701195254,-3.5480527333635337,16.73769856614703
173,0,845.027570439872,265.88037713237543,845.03,265.88,0.0024295601280073242,-0.00037713237543357536,0.002458656390023449
173,1,709.0253799931386,316.1344258822671,709.03,316.13,0.004620006861387083,-0.004425882267128145,0.006397882246629981
173,2,568.4229577691916,367.65716845186546,568.42,367.66,-0.0029577691916529147,0.0028315481345657645,0.0040946383759074495
173,3,277.33781962290425,480.16790553382543,277.34,480.17,0.0021803770957262714,0.0020944661745829762,0.0030233810272673168
173,6,691.1252767584922,378.63165490135566,691.13,378.63,0.004723241507804232,-0.0016549013556641512,0.005004768609838405
173,7,413.15579581139457,494.02032247216584,413.16,494.02,0.004204188605456238,-0.000322472165862564,0.004216537694365386
173,8,704.1816949052843,441.61085939797067,704.18,441.61,-0.0016949052843528989,-0.0008593979706574828,0.0019003338640611498
173,9,1069.2188421207625,343.811198759441,1069.22,343.81,0.001157879237553061,-0.0011987594410243219,0.0016666458910642664
173,10,940.5324883823129,410.25469552237575,940.53,410.25,-0.0024883823128902804,-0.00469552237575499,0.005314129930319823
173,11,750.863964774402,508.9806171381732,750.86,508.98,-0.003964774401993054,-0.0006171381731974179,0.004012517362394439
173,12,516.3972324401208,632.422086188446,516.4,632.42,0.002767559879202963,-0.002086188446014603,0.003465771186512281
173,30,1726.1820109741034,534.8860395500226,1726.18,534.89,-0.002010974103313856,0.003960449977398639,0.0044417542556602395
174,0,844.770677829904,265.41028284928154,844.77,265.41,-0.0006778299040206548,-0.0002828492815183381,0.0007344774297690094
174,1,708.5190349948539,315.85081941170034,708.52,315.85,0.0009650051460994291,-0.0008194117003199608,0.0012659662185933833
174,2,567.8172183268937,367.2428763388991,567.82,367.24,0.0027816731063694533,-0.0028763388991137617,0.004001378604088102
174,3,276.2533647171782,480.1259291503691,276.25,480.13,-0.00336471717821496,0.004070849630920748,0.005281395498061324
174,6,690.5939575688692,378.22374117601674,690.59,378.22,-0.003957568869168426,-0.003741176016717418,0.00544598469904871
174,7,412.11684685854596,494.0152418541244,412.12,494.02,0.003153141454049546,0.0047581458755985295,0.005708086649896004
174,8,703.6362711789632,441.458144548478,703.64,441.46,0.0037288210368160435,0.0018554515219761925,0.004164949780610282
174,9,1069.4141315905717,343.60839906958074,1069.41,343.61,-0.0041315905716601264,0.0016009304192721174,0.004430916255040445
174,10,940.3993662867347,409.94102164178184,940.4,409.94,0.0006337132653015942,-0.001021641781846938,0.0012022247847364466
174,11,750.3979735808015,508.9854628536299,750.4,508.99,0.002026419198500662,0.004537146370125811,0.004969111787029739
174,12,515.5479243300906,632.5665646413345,515.55,632.57,0.002075669909345379,0.0034353586655697654,0.00401373824927176
174,30,1727.1365082305774,535.164529662517,1727.14,535.16,0.0034917694226805907,-0.004529662517029465,0.005719291583697132
175,0,844.328008372428,264.8077121369612,844.33,264.81,0.001991627572010657,0.00228786303881634,0.0030332981505244425
175,1,707.8892762461404,315.38811455877527,707.89,315.39,0.0007237538595745718,0.001885441224715123,0.00201958120933632
175,2,566.8629137451703,366.93215725417434,566.86,366.93,-0.0029137451703036277,-0.0021572541743353213,0.003625418112460256
175,3,274.9400235378837,480.0944468627768,274.94,480.09,-2.353788369191534e-05,-0.00444686277683104,0.0044469250710950994
175,6,689.945468176652,377.91780588201254,689.95,377.92,0.004531823348088437,0.0021941179874716,0.005035034915591541
175,7,411.08763514390944,494.0114313905933,411.09,494.01,0.0023648560905371596,-0.001431390593324977,0.002764312456942943
175,8,702.9772033842223,441.3436084113585,702.98,441.34,0.0027966157776972977,-0.003608411358527519,0.004565270237391854
175,9,1069.5605986929288,343.2062993021856,1069.56,343.21,-0.0005986929288610554,0.003700697814394971,0.00374881281695098
175,10,940.299524715051,409.7057662313364,940.3,409.71,0.00047528494894777396,0.004233768663596038,0.0042603629985652714
175,11,749.7984801856011,508.9890971402224,749.8,508.99,0.0015198143988754964,0.0009028597776250535,0.0017677645728666608
175,12,514.410943247568,632.9249234810009,514.41,632.92,-0.000943247567988692,-0.00492348100090112,0.005013021159016873
175,30,1728.352381172933,535.3733972468877,1728.35,535.37,-0.00238117293315554,-0.0033972468877436768,0.004148646882283024
176,0,844.246006279321,264.3557841027209,844.25,264.36,0.003993720678977297,0.0042158972790957705,0.005807201970792647
176,1,707.4169571846053,315.04108591908147,707.42,315.04,0.003042815394678655,-0.001085919081447173,0.003230780985697497
176,2,566.1471853088777,366.69911794063074,566.15,366.7,0.00281469112223931,0.0008820593692462353,0.002949663513773707
176,3,273.70501765341277,480.0708351470826,273.71,480.07,0.004982346587212305,-0.0008351470826255536,0.005051855912902117
176,6,689.459101132489,377.6883544115094,689.46,377.69,0.0008988675110686017,0.001645588490589489,0.0018750798070522909
176,7,410.0657263579321,493.758573542945,410.07,493.76,0.004273642067914807,0.0014264570550039934,0.004505418543756153
176,8,702.4829025381667,441.2577063085189,702.48,441.26,-0.0029025381667224792,0.0022936914810998132,0.0036994254175142585
176,9,1069.6704490196967,342.9047244766392,1069.67,342.9,-0.00044901969658894814,-0.004724476639239583,0.004745766345138094
176,10,939.9746435362882,409.5293246735023,939.97,409.53,-0.004643536288199357,0.0006753264976850915,0.00469238693399211
176,11,749.0988601392008,508.9918228551668,749.1,508.99,0.001139860799185044,-0.0018228551667789361,0.002149903160742695
176,12,513.308207435676,633.1936926107506,513.31,633.19,0.0017925643239777855,-0.0036926107505905748,0.004104712049702758
176,30,1729.5142858796999,535.5300479351658,1729.51,535.53,-0.004285879699864381,-4.793516586687474e-05,0.0042861477554835044
177,0,843.9345047094907,264.0168380770407,843.93,264.02,-0.004504709490788628,0.003161922959293406,0.005503650097608668
177,1,706.812717888454,314.7808144393111,706.81,314.78,-0.0027178884540717263,-0.0008144393111138015,0.0028372925545780297
177,2,565.3603889816583,366.52433845547307,565.36,366.52,-0.0003889816582614003,-0.004338455473089198,0.004355858425435955
177,3,272.52876324005956,480.053126360312,272.53,480.05,0.0012367599404115026,-0.0031263603119668915,0.0033620981470576347
177,6,688.8443258493667,377.51626580863206,688.84,377.52,-0.004325849366637158,0.0037341913679256322,0.005714644163473821
177,7,409.04929476844904,493.81893015720874,409.05,493.82,0.0007052315509668006,0.001069842791252995,0.0012813723652689872
177,8,701.862176903625,441.19327973138917,701.86,441.19,-0.0021769036250134377,-0.0032797313891705926,0.003936438412792395
177,9,1069.5028367647724,342.6785433574794,1069.5,342.68,-0.002836764772382594,0.0014566425206226086,0.0031888935082120032
177,10,939.7309826522162,409.3969935051267,939.73,409.4,-0.0009826522161802131,0.003006494873261545,0.003163007556252725
177,11,748.5741451044006,508.99386714137506,748.57,508.99,-0.004145104400549826,-0.0038671413750535066,0.005668921670486219
177,12,512.4811555767569,633.395269458063,512.48,633.4,-0.0011555767569007003,0.004730541936964983,0.004869639068603909
177,30,1730.385714409775,535.3975359513744,1730.39,535.4,0.00428559022520858,0.00246404862559757,0.004943462269271669
178,0,843.700878532118,263.51262855778054,843.7,263.51,-0.0008785321180084793,-0.0026285577805538196,0.0027714860071958664
178,1,706.3595384163405,314.3356108294833,706.36,314.34,0.0004615836595576184,0.004389170516674312,0.004413374819705851
178,2,564.7702917362437,366.3932538416048,564.77,366.39,-0.00029173624375289364,-0.0032538416048168983,0.003266893819082043
178,3,271.14657243004467,480.03984477023397,271.15,480.04,0.0034275699553063532,0.00015522976605097938,0.003431083222363899
178,6,688.383244387025,377.13719935647407,688.38,377.14,-0.00324438702500629,0.0028006435259158025,0.004285983122608308
178,7,408.0369710763368,493.86419761790654,408.04,493.86,0.0030289236632370375,-0.0041976179065272845,0.005176328297830015
178,8,701.1466326777188,441.1449597985419,701.15,441.14,0.003367322281178531,-0.004959798541904092,0.005994869550006518
178,9,1069.3771275735794,342.25890751810954,1069.38,342.26,0.002872426420708507,0.0010924818904527456,0.0030731661561574394
178,10,939.5482369891622,409.047745128845,939.55,409.05,0.0017630108377488796,0.002254871155003002,0.0028622807583611673
178,11,747.9306088283005,508.99540035603127,747.93,509.0,-0.0006088283005283301,0.0045996439687314705,0.0046397625519644875
178,12,511.3608666825677,633.7964520935473,511.36,633.8,-0.0008666825676755252,0.0035479064526953152,0.0036522293014253225
178,30,1731.5392858073312,535.5481519635308,1731.54,535.55,0.0007141926687381783,0.0018480364691413342,0.001981239500755961
179,0,843.5256588990885,263.1344714183354,843.53,263.13,0.004341100911460671,-0.004471418335413091,0.006232073415305138
179,1,706.0196538122553,314.00170812211246,706.02,314.0,0.00034618774463979207,-0.0017081221124612966,0.0017428502820431905
179,2,564.0777188021827,366.0449403812036,564.08,366.04,0.002281197817296743,-0.004940381203596189,0.005441620155660073
179,3,269.8599293225335,480.0298835776755,269.86,480.03,7.067746651046036e-05,0.00011642232448139112,0.00013619640931385662
179,6,687.7874332902687,376.8528995173556,687.79,376.85,0.002566709731240735,-0.0028995173555586007,0.003872363585671085
179,7,407.0277283072526,493.8981482134299,407.03,493.9,0.0022716927473993564,0.0018517865700573566,0.0029308192437664297
179,8,700.609974508289,441.1087198489064,700.61,441.11,2.5491710971436987e-05,0.0012801510936242266,0.0012804048773085623
179,9,1069.2828456801844,341.94418063858217,1069.28,341.94,-0.0028456801844640722,-0.004180638582170104,0.0050572358721915215
179,10,939.4111777418716,408.78580884663376,939.41,408.79,-0.0011777418716292232,0.004191153366264189,0.004353486241592632
179,11,747.1979566212253,508.99655026702345,747.2,509.0,0.0020433787747151655,0.003449732976548603,0.004009495532662848
179,12,510.0206500119258,634.0973390701604,510.02,634.1,-0.0006500119258134873,0.0026609298396351733,0.00273917197619292
179,30,1732.9044643554985,535.6611139726481,1732.9,535.66,-0.004464355498384975,-0.0011139726481133039,0.004601239515250725
180,0,843.1442441743163,262.60085356375157,843.14,262.6,-0.004244174316340832,-0.0008535637515478811,0.004329155426343995
180,1,705.5147403591915,313.75128109158436,705.51,313.75,-0.004740359191487187,-0.0012810915843601833,0.00491041759037208
180,2,563.308289101637,365.7837052859027,563.31,365.78,0.0017108983629441354,-0.0037052859027539853,0.004081215116784747
180,3,268.64494699190016,480.0224126832566,268.64,480.02,-0.004946991900169451,-0.002412683256636683,0.005503977594176519
180,6,687.3405749677015,376.6396746380167,687.34,376.64,-0.0005749677014819099,0.00032536198330035404,0.0006606423222323336
180,7,406.02079623043943,493.9236111600724,406.02,493.92,-0.0007962304394482089,-0.0036111600724098025,0.0036978994011831446
180,8,699.9574808812167,441.0815398866798,699.96,441.08,0.002519118783311569,-0.0015398866798363997,0.0029524922406622394
180,9,1069.2121342601383,341.70813547893664,1069.21,341.71,-0.0021342601382912108,0.0018645210633394527,0.0028339910256624493
180,10,939.0583833064037,408.58935663497533,939.06,408.59,0.0016166935962473872,0.0006433650246435718,0.001740004810074367
180,11,746.648467465919,509.2474127002676,746.65,509.25,0.0015325340809795307,0.0025872997323972413,0.0030071216494559397
180,12,509.0154875089444,634.5730043026203,509.02,634.57,0.004512491055606915,-0.0030043026202974943,0.005421107798343324
180,30,1733.9283482666237,535.495835479486,1733.93,535.5,0.0016517333763204078,0.00416452051399574,0.004480117661171652
181,0,842.8581831307372,262.2006401728137,842.86,262.2,0.0018168692628250938,-0.0006401728136893325,0.0019263528102571234
181,1,705.1360552693936,313.31346081868827,705.14,313.31,0.003944730606349367,-0.0034608186882678638,0.005247681921547222
181,2,562.7312168262278,365.58777896442706,562.73,365.59,-0.0012168262277327813,0.0022210355729157527,0.00253252148750126
181,3,267.2337102439251,480.0168095124425,267.23,480.02,-0.0037102439250702446,0.0031904875575037295,0.0048933751989916705
181,6,686.7554312257762,376.4797559785125,686.76,376.48,0.004568774223798755,0.00024402148750368724,0.004575286263657328
181,7,404.7655971728296,493.94270837005433,404.77,493.94,0.004402827170395085,-0.0027083700543357736,0.0051691542290390165
181,8,699.4681106609125,441.06115491500987,699.47,441.06,0.0018893390874836768,-0.001154915009863089,0.002214369180489268
181,9,1069.1591006951037,341.2811016092025,1069.16,341.28,0.000899304896393005,-0.0011016092025215585,0.0014220731808724254
181,10,938.7937874798027,408.4420174762315,938.79,408.44,-0.0037874798027814904,-0.0020174762315150474,0.004291295096029388
181,11,745.9863505994392,509.4355595252007,745.99,509.44,0.0036494005607892177,0.004440474799309868,0.005747690048740857
181,12,507.7616156317083,634.9297532269652,507.76,634.93,-0.0016156317083186877,0.00024677303474618384,0.0016343692200976505
181,30,1735.446261199968,535.6218766096144,1735.45,535.62,0.0037388000321243453,-0.0018766096144418043,0.0041833347135064895
182,0,842.8936373480528,261.6504801296103,842.89,261.65,-0.0036373480528482105,-0.00048012961030963197,0.0036688997397387063
182,1,704.8520414520452,312.9850956140162,704.85,312.99,-0.0020414520452050056,0.004904385983820703,0.005312299721511265
182,2,562.2984126196708,365.4408342233203,562.3,365.44,0.0015873803291697186,-0.00083422332028249,0.0017932386504696206
182,3,265.6752826829438,480.01260713433186,265.68,480.01,0.004717317056190495,-0.0026071343318676554,0.00538982649377777
182,6,686.3165734193321,376.3598169838844,686.32,376.36,0.0034265806679059096,0.00018301611561355458,0.0034314646977990004
182,7,403.5741978796222,493.95703127754075,403.57,493.96,-0.004197879622211076,0.0029687224592294115,0.0051415470787019085
182,8,698.8510829956845,440.7958661862574,698.85,440.8,-0.001082995684441812,0.004133813742612347,0.004273323731140702
182,9,1069.3693255213277,340.96082620690186,1069.37,340.96,0.0006744786721810669,-0.000826206901876958,0.001066554885571416
182,10,938.8453406098521,408.33151310717363,938.85,408.33,0.004659390147935483,-0.0015131071736504964,0.004898919255267516
182,11,745.2397629495795,509.5766696439005,745.24,509.58,0.0002370504205373436,0.0033303560994681902,0.0033387819112876945
182,12,506.32121172378123,635.4473149202239,506.32,635.45,-0.0012117237812390158,0.0026850797761426293,0.0029458322977166116
182,30,1736.834695899976,535.7164074572108,1736.83,535.72,-0.004695899976013607,0.003592542789192521,0.005912515562508379
183,0,842.9202280110396,261.2378600972077,842.92,261.24,-0.00022801103966685332,0.002139902792293924,0.0021520160303021194
183,1,704.6390310890339,312.4888217105121,704.64,312.49,0.0009689109660939721,0.0011782894878820116,0.0015255014183770553
183,2,561.7238094647531,365.0806256674902,561.72,365.08,-0.003809464753089742,-0.0006256674902260784,0.003860502753963386
183,3,264.25646201220786,480.0094553507489,264.26,480.01,0.0035379877921286607,0.0005446492510827738,0.00357966484799296
183,6,685.7374300644991,376.0198627379133,685.74,376.02,0.0025699355009010105,0.00013726208669595508,0.002573598523320111
183,7,402.18064840971664,493.96777345815553,402.18,493.97,-0.000648409716632159,0.002226541844493113,0.002319035089407185
183,8,698.1383122467633,440.59689963969305,698.14,440.6,0.0016877532366379455,0.003100360306973471,0.0035299780482091524
183,9,1069.7769941409958,340.4706196551764,1069.78,340.47,0.0030058590041335265,-0.0006196551763650859,0.003069065149247673
183,10,938.8840054573891,408.24863483038024,938.88,408.25,-0.00400545738909841,0.001365169619759854,0.004231710881735461
183,11,744.4298222121846,509.6825022329254,744.43,509.68,0.00017778781534616428,-0.00250223292539431,0.00250854103418958
183,12,504.7409087928359,635.8354861901679,504.74,635.84,-0.0009087928359008401,0.00451380983213312,0.004604387431488179
183,30,1738.626021924982,536.0373055929081,1738.63,536.04,0.003978075018039817,0.0026944070918943908,0.004804675891879002
184,0,842.9401710082798,260.6783950729058,842.94,260.68,-0.00017100827972171828,0.0016049270942062321,0.0016140120227094473
184,1,704.2292733167754,311.8666162828841,704.23,311.87,0.0007266832245704791,0.003383717115923446,0.0034608683923930757
184,2,560.7928570985648,364.81046925061764,560.79,364.81,-0.002857098564845728,-0.00046925061764113707,0.002895377065495979
184,3,262.69234650915587,480.0070915130617,262.69,480.01,-0.0023465091558705353,0.002908486938281385,0.0037370311062041857
184,6,685.0530725483743,375.764897053435,685.05,375.76,-0.0030725483743481163,-0.004897053435001908,0.005781149181432117
184,7,400.88548630728747,493.97583009361665,400.89,493.98,0.004513692712521333,0.004169906383367561,0.00614504199734369
184,8,697.6037341850725,440.4476747297698,697.6,440.45,-0.0037341850725169934,0.0023252702301874706,0.004398979404271499
184,9,1070.0827456057468,340.10296474138227,1070.08,340.1,-0.0027456057468953077,-0.002964741382243119,0.004040797245713942
184,10,938.9130040930418,407.93647612278517,938.91,407.94,-0.003004093041795386,0.0035238772148318276,0.00463058156487653
184,11,743.8223666591384,509.76187667469407,743.82,509.76,-0.002366659138374416,-0.001876674694074154,0.003020427682403512
184,12,503.30568159462695,636.1266146426259,503.31,636.13,0.0043184053730556116,0.00338535737409984,0.005487191405118628
184,30,1740.4695164437367,536.277979194681,1740.47,536.28,0.0004835562633616064,0.002020805318920793,0.002077854854607224
185,0,843.2051282562098,260.0087963046793,843.21,260.01,0.004871743790204164,0.001203695320668885,0.005018243714925871
185,1,704.1719549875816,311.3999622121631,704.17,311.4,-0.0019549875815982887,3.7787836902225536e-05,0.0019553527469030425
185,2,560.3446428239236,364.35785193796323,560.34,364.36,-0.0046428239235183355,0.0021480620367810843,0.005115660709884335
185,3,261.2692598818669,480.00531863479625,261.27,480.01,0.0007401181330806139,0.004681365203737187,0.004739509998056344
185,6,684.7898044112808,375.3236727900762,684.79,375.32,0.0001955887191797956,-0.0036727900762230092,0.0036779942755627844
185,7,399.6641147304656,493.9818725702125,399.66,493.98,-0.004114730465573757,-0.0018725702124697818,0.004520788206159403
185,8,696.9528006388044,440.3357560473273,696.95,440.34,-0.002800638804387745,0.00424395267265254,0.005084752894719375
185,9,1070.3120592043101,339.5772235560367,1070.31,339.58,-0.0020592043101714808,0.0027764439632846916,0.0034567272776846033
185,10,938.9347530697813,407.70235709208885,938.93,407.7,-0.004753069781372687,-0.002357092088857371,0.005305426982058297
185,11,743.1167749943538,509.82140750602053,743.12,509.82,0.0032250056461862187,-0.0014075060205414047,0.003518768906278628
185,12,501.7292611959702,636.5949609819694,501.73,636.59,0.0007388040298224041,-0.004960981969361455,0.005015692723324594
185,30,1742.1021373328026,536.4584843960108,1742.1,536.46,-0.002137332802703895,0.0015156039892190165,0.002620161628917324
186,0,843.1538461921574,259.25659722850946,843.15,259.26,-0.003846192157425321,0.0034027714905278117,0.005135372228825181
186,1,703.8789662406862,310.7999716591223,703.88,310.8,0.0010337593138274315,2.8340877690880006e-05,0.0010341477284572314
186,2,559.5084821179427,364.0183889534724,559.51,364.02,0.0015178820573282792,0.0016110465275573915,0.0022134671567280726
186,3,259.4519449114002,479.75398897609716,259.45,479.75,-0.0019449114001872658,-0.003988976097161867,0.004437861045403192
186,6,684.3423533084606,374.99275459255716,684.34,374.99,-0.002353308460556036,-0.002754592557153046,0.0036229602352837904
186,7,398.2480860478492,493.73640442765935,398.25,493.74,0.0019139521508009238,0.003595572340657327,0.004073248493825965
186,8,696.2146004791033,440.0018170354955,696.21,440.0,-0.004600479103260113,-0.0018170354954918366,0.004946314382589348
186,9,1070.7340444032325,339.18291766702754,1070.73,339.18,-0.004044403232455807,-0.002917667027531934,0.0049869808893002595
186,10,938.951064802336,407.27676781906666,938.95,407.28,-0.0010648023359181025,0.0032321809333097917,0.0034030570962339146
186,11,742.3375812457654,509.8660556295154,742.34,509.87,0.0024187542346680857,0.003944370484589399,0.004626924525797326
186,12,500.04694589697766,636.946220736477,500.05,636.95,0.0030541030223503185,0.0037792635230289306,0.0048590511468419835
186,30,1743.576602999602,536.593863297008,1743.58,536.59,0.0033970003978538443,-0.0038632970080243467,0.005144382905191744
187,0,843.1153846441181,258.6924479213821,843.12,258.69,0.004615355881924188,-0.0024479213820995938,0.0052243496255278115
187,1,703.4092246805146,310.34997874434174,703.41,310.35,0.0007753194853421519,2.125565828237086e-05,0.0007756107963149019
187,2,558.881361588457,363.76379171510433,558.88,363.76,-0.0013615884570299386,-0.0037917151043416197,0.004028774821060312
187,3,257.5889586835501,479.56549173207287,257.59,479.57,0.001041316449857277,0.0045082679271217785,0.004626966571249273
187,6,683.7567649813454,374.7445659444179,683.76,374.74,0.0032350186545500037,-0.0045659444178909325,0.0055958193432736805
187,7,396.6860645358869,493.5523033207445,396.69,493.55,0.00393546411311263,-0.0023033207444882464,0.004559952218783358
187,8,695.6609503593274,439.7513627766216,695.66,439.75,-0.0009503593274757804,-0.0013627766215904558,0.0016614279917208912
187,9,1071.0505333024244,338.63718825027064,1071.05,338.64,-0.0005333024244009721,0.002811749729346502,0.0028618784069823935
187,10,938.963298601752,406.9575758643,938.96,406.96,-0.0032986017519078814,0.002424135699982344,0.00409355681646397
187,11,741.753185934324,509.8995417221366,741.75,509.9,-0.0031859343240512317,0.0004582778634016904,0.003218725853074753
187,12,498.53520942273326,637.4596655523578,498.54,637.46,0.004790577266760465,0.0003344476422171283,0.004802237579939872
187,30,1745.4324522497016,536.445397472756,1745.43,536.45,-0.0024522497014913824,0.004602527244060184,0.005215053751475704
188,0,843.0865384830886,258.26933594103656,843.09,258.27,0.003461516911443141,0.0006640589634230309,0.003524638085691825
188,1,703.0569185103859,310.0124840582563,703.06,310.01,0.003081489614032762,-0.002484058256300159,0.003958045434565496
188,2,558.1610211913428,363.32284378632824,558.16,363.32,-0.0010211913428292974,-0.002843786328242004,0.0030215811158010703
188,3,255.9417190126626,479.42411879905467,255.94,479.42,-0.0017190126625905577,-0.004118799054651845,0.00446312784790528
188,6,683.0675737360091,374.3084244583134,683.07,374.31,0.002426263990969346,0.0015755416865772531,0.002892937704136955
188,7,395.26454840191514,493.41422749055835,395.26,493.41,-0.004548401915144495,-0.0042274905583212785,0.006209640601708417
188,8,694.9957127694956,439.5635220824662,695.0,439.56,0.0042872305043601955,-0.003522082466190568,0.00554846017343223
188,9,1071.2878999768182,338.227891187703,1071.29,338.23,0.002100023181810684,0.0021088122970240875,0.00297610259705916
188,10,938.972473951314,406.718181898225,938.97,406.72,-0.0024739513139593328,0.0018181017750293904,0.0030701676123961264
188,11,741.0648894507431,509.92465629160245,741.06,509.92,-0.004889450743121415,-0.004656291602429974,0.006751872337083281
188,12,496.90140706704994,637.8447491642684,496.9,637.84,-0.0014070670499677362,-0.004749164268332606,0.004953221066206524
188,30,1747.324339187276,536.334048104567,1747.32,536.33,-0.0043391872761731065,-0.004048104567004884,0.00593428149004649
189,0,842.8149038623164,257.7020019557774,842.81,257.7,-0.004903862316496088,-0.002001955777416242,0.005296762459642744
189,1,702.5426888827894,309.50936304369225,702.54,309.51,-0.002688882789470881,0.0006369563077441853,0.0027632958570315653
189,2,557.370765893507,362.9921328397462,557.37,362.99,-0.0007658935070367079,-0.002132839746195714,0.0022661858368353605
189,3,254.20628925949694,479.318089099291,254.21,479.32,0.003710740503066745,0.001910900708992358,0.004173863510074034
189,6,682.5506803020069,373.9813183437351,682.55,373.98,-0.0006803020069128252,-0.0013183437350789973,0.0014835231796071335
189,7,393.94841130143635,493.31067061791873,393.95,493.31,0.001588698563637081,-0.0006706179187290218,0.0017244394796637455
189,8,694.2467845771217,439.4226415618497,694.25,439.42,0.0032154228782701466,-0.002641561849657137,0.004161345130083194
189,9,1071.4659249826136,337.6709183907773,1071.47,337.67,0.004075017386412583,-0.0009183907772580824,0.00417722495435876
189,10,938.7293554634855,406.2886364236688,938.73,406.29,0.0006445365145282267,0.001363576331243621,0.0015082333140757794
189,11,740.5486670880573,509.69349221870186,740.55,509.69,0.0013329119426543912,-0.003492218701865113,0.0037379467236073813
189,12,495.67605530028743,637.8835618732013,495.68,637.88,0.003944699712576494,-0.003561873201306298,0.005314846801610094
189,30,1749.743254390457,536.2505360784253,1749.74,536.25,-0.0032543904569592996,-0.0005360784252843587,0.003298247614173793
190,0,842.6111778967373,257.02650146683305,842.61,257.03,-0.0011778967373174964,0.00349853316691906,0.003691500378411996
190,1,701.907016662092,308.8820222827692,701.91,308.88,0.002983337907949135,-0.0020222827691895873,0.003604154917809087
190,2,556.2780744201302,362.4940996298096,556.28,362.49,0.001925579869748617,-0.00409962980961609,0.004529329134725578
190,3,252.4047169446227,479.23856682446825,252.4,479.24,-0.0047169446226860146,0.0014331755317584793,0.0049298639614413
190,6,681.9130102265051,373.48598875780135,681.91,373.49,-0.0030102265051255017,0.004011242198657783,0.005015129867556076
190,7,392.21130847607725,493.23300296343905,392.21,493.23,-0.0013084760772699155,-0.0030029634390302817,0.003275652463394162
190,8,693.4350884328413,439.0669811713873,693.44,439.07,0.004911567158728758,0.0030188286127099673,0.005765138172465537
190,9,1071.5994437369602,337.2531887930829,1071.6,337.25,0.0005562630396980239,-0.003188793082927077,0.0032369476200670376
190,10,938.5470165976142,405.9664773177516,938.55,405.97,0.0029834023857802094,0.003522682248444653,0.004616273390840941
190,11,739.661500316043,509.52011916402637,739.66,509.52,-0.0015003160430069329,-0.0001191640263868976,0.0015050409609338605
190,12,494.0070414752156,638.162671404901,494.01,638.16,0.0029585247843897378,-0.0026714049009797236,0.003986135101175929
190,30,1752.0574407928427,536.187902058819,1752.06,536.19,0.0025592071572191344,0.0020979411810913007,0.003309214177547353
191,0,842.458383422553,256.2698761001248,842.46,256.27,0.0016165774470664473,0.0001238998751773579,0.0016213185440970067
191,1,701.180262496569,308.1615167120769,701.18,308.16,-0.0002624965690074532,-0.0015167120768637687,0.0015392595534363563
191,2,555.2085558150977,361.8705747223572,555.21,361.87,0.0014441849023114628,-0.0005747223572143412,0.0015543409600040712
191,3,250.55353770846702,478.9289251183512,250.55,478.93,-0.0035377084670074055,0.0010748816488330704,0.003697397971078308
191,6,681.1847576698788,372.864491568351,681.18,372.86,-0.004757669878813431,-0.004491568350999842,0.006542905236014964
191,7,390.65848135705795,492.9247522225793,390.66,492.92,0.0015186429420737113,-0.0047522225792704376,0.004988977433145801
191,8,692.576316324631,438.80023587854043,692.58,438.8,0.00368367536907499,-0.00023587854042261824,0.0036912197049974783
191,9,1071.9495828027202,336.6898915948122,1071.95,336.69,0.00041719727983036137,0.00010840518780241837,0.00043105133689658176
191,10,938.4102624482107,405.4748579883137,938.41,405.47,-0.0002624482107194126,-0.004857988313688111,0.004865072406371777
191,11,738.7461252370322,509.3900893730198,738.75,509.39,0.003874762967825518,-8.937301981859491e-05,0.003875793543715082
191,12,492.5052811064117,638.3720035536758,492.51,638.37,0.00471889358829003,-0.0020035536757632144,0.0051266152605075645
191,30,1754.293080594632,536.1409265441142,1754.29,536.14,-0.003080594632137945,-0.0009265441142360942,0.003216915802936513
192,0,842.0937875669147,255.45240707509362,842.09,255.45,-0.0037875669146387736,-0.0024070750936289187,0.004487724773115542
192,1,700.6351968724267,307.62113753405765,700.64,307.62,0.004803127573268284,-0.0011375340576478266,0.004935992120880949
192,2,554.4064168613234,361.40293104176794,554.41,361.4,0.0035831386766176365,-0.0029310417679653256,0.0046292427697659675
192,3,249.16515328135026,478.6966938387634,249.17,478.7,0.004846718649730519,0.0033061612365941073,0.005866973989375026
192,6,680.6385682524091,372.39836867626326,680.64,372.4,0.001431747590913801,0.0016313237367171496,0.0021705110684040007
192,7,389.49386101779345,492.6935641669345,389.49,492.69,-0.003861017793440169,-0.0035641669344954607,0.005254592690039101
192,8,691.9322372434732,438.6001769089053,691.93,438.6,-0.0022372434732460533,-0.00017690890530275283,0.0022442270650175934
192,9,1071.9621871020402,336.26741869610913,1071.96,336.27,-0.0021871020401249552,0.00258130389084954,0.0033832743179993126
192,10,938.307696836158,405.1061434912353,938.31,405.11,0.002303163841929745,0.0038565087647270957,0.004491906447733467
192,11,738.0595939277741,509.2925670297649,738.06,509.29,0.0004060722258145688,-0.0025670297648616724,0.0025989491080557485
192,12,491.12896082980876,638.5290026652568,491.13,638.53,0.0010391701912340068,0.0009973347431468937,0.0014403302663754597
192,30,1756.219810445974,536.1056949080856,1756.22,536.11,0.00018955402606479765,0.004305091914375225,0.004309262943940218
193,0,841.820340675186,254.58930530632023,834.8,254.2,-7.020340675186048,-0.38930530632023874,7.031126639252119
193,1,699.9763976543201,306.96585315054324,689.2,306.3,-10.776397654320022,-0.6658531505432279,10.796948958947727
193,2,553.3048126459926,360.80219828132596,545.6,360.4,-7.704812645992547,-0.4021982813259797,7.715303063869121
193,3,247.37386496101269,478.52252037907255,217.9,476.8,-29.47386496101268,-1.7225203790725345,29.524156079324793
193,6,679.7289261893068,371.79877650719743,674.1,371.6,-5.628926189306753,-0.19877650719740814,5.632434832687996
193,7,387.8703957633451,492.52017312520087,376.1,493.5,-11.77039576334505,0.9798268747991301,11.811108209238867
193,8,691.1991779326049,438.200132681679,693.1,440.1,1.9008220673950973,1.8998673183210144,2.6874933226187663
193,9,1071.9716403265302,335.70056402208183,1075.8,335.9,3.8283596734697767,0.19943597791814227,3.833550899458331
193,10,937.9807726271185,404.82960761842645,945.6,405.6,7.6192273728814826,0.770392381573572,7.658076140993445
193,11,737.2946954458306,509.21942527232363,751.1,509.9,13.805304554169425,0.6805747276763441,13.82206988093038
193,12,489.59672062235654,638.8967519989426,506.3,640.5,16.70327937764347,1.603248001057409,16.78004607027359
193,30,1757.9148578344805,536.0792711810642,1773.1,533.4,15.185142165519437,-2.679271181064223,15.419696386398716
194,0,841.8652555063895,253.69197897974016,841.87,253.69,0.00474449361047391,-0.001978979740158593,0.005140678985482942
194,1,699.4822982407401,306.2243898629074,699.48,306.22,-0.0022982407400604643,-0.004389862907373754,0.00495507889390367
194,2,552.4786094844944,360.3516487109945,552.48,360.35,0.0013905155055908835,-0.0016487109944591793,0.002156798858155124
194,3,245.7803987207595,478.3918902843044,245.78,478.39,-0.0003987207595059772,-0.0018902843044088513,0.0019318781005942063
194,6,679.0466946419801,371.34908238039804,679.05,371.35,0.003305358019815685,0.0009176196019780036,0.0034303669443798775
194,7,386.6527968225088,492.39012984390064,386.65,492.39,-0.0027968225087988685,-0.00012984390065184925,0.002799834920894531
194,8,690.3993834494537,437.90009951125927,690.4,437.9,0.0006165505462831788,-9.95112592931946e-05,0.0006245294763645697
194,9,1072.2287302448976,335.0254230165614,1072.23,335.03,0.0012697551023848064,0.004576983438596471,0.004749847936220551
194,10,937.735579470339,404.3722057138198,937.74,404.37,0.004420529661047112,-0.002205713819819266,0.004940268812437133
194,11,736.4710215843729,509.1645689542427,736.47,509.16,-0.001021584372892903,-0.004568954242699874,0.004681770765727874
194,12,488.1975404667674,639.1725639992069,488.2,639.17,0.0024595332325816344,-0.002563999206927292,0.0035529418311164686
194,30,1759.9361433758604,536.0594533857982,1759.94,536.06,0.0038566241396438272,0.0005466142017667153,0.0038951683968804934
195,0,841.6489416297921,253.01898423480512,841.65,253.02,0.0010583702078292845,0.0010157651948929924,0.0014669445892659346
195,1,698.8617236805551,305.66829239718055,698.86,305.67,-0.00172368055507377,0.0017076028194651371,0.0024263103768860047
195,2,551.6089571133708,359.76373653324583,551.61,359.76,0.0010428866291931627,-0.0037365332458421108,0.003879341853798561
195,3,244.08529904056962,478.2939177132283,244.09,478.29,0.0047009594303801805,-0.003917713228304365,0.006119435963004381
195,6,678.2850209814851,370.7618117852985,678.29,370.76,0.00497901851485949,-0.0018117852985142235,0.005298414039995919
195,7,385.2395976168816,492.29259738292546,385.24,492.29,0.0004023831183985749,-0.0025973829254439806,0.002628366457585413
195,8,689.5495375870903,437.67507463344447,689.55,437.68,0.0004624129096555407,0.004925366555539767,0.004947025510894984
195,9,1072.1715476836732,334.519067262421,1072.17,334.52,-0.001547683673152278,0.000932737578978049,0.001807020792182525
195,10,937.3016846027542,404.0291542853649,937.3,404.03,-0.0016846027542669617,0.0008457146350906442,0.0018849720644323444
195,11,735.6032661882797,509.12342671568206,735.6,509.12,-0.0032661882796674035,-0.0034267156820533273,0.004733958834196482
195,12,486.64815535007557,639.6294229994052,486.65,639.63,0.001844649924407804,0.0005770005948306789,0.0019327863384380269
195,30,1761.9521075318953,536.2945900393486,1761.95,536.29,-0.002107531895262582,-0.004590039348613573,0.005050757558165904
196,0,841.4867062223441,252.01423817610385,841.49,252.01,0.003293777655926533,-0.00423817610385413,0.005367597966871313
196,1,698.3962927604164,305.0012192978854,698.4,305.0,0.00370723958360486,-0.0012192978854272951,0.003902603318767385
196,2,550.9567178350281,359.3228023999344,550.96,359.32,0.0032821649718925983,-0.002802399934410005,0.0043157910393229115
196,3,242.8139742804272,477.9704382849212,242.81,477.97,-0.003974280427200938,-0.00043828492118791473,0.003998374492987515
196,6,677.7137657361138,370.3213588389739,677.71,370.32,-0.003765736113791718,-0.0013588389738856677,0.00400340003442896
196,7,383.9296982126612,491.96944803719407,383.93,491.97,0.00030178733879893116,0.0005519628059573733,0.0006290775286239987
196,8,688.9121531903177,437.25630597508336,688.91,437.26,-0.0021531903176992273,0.003694024916626404,0.004275751235618182
196,9,1072.1286607627549,333.88930044681575,1072.13,333.89,0.0013392372452472046,0.0006995531842335367,0.0015109371451614397
196,10,936.9762634520657,403.52186571402365,936.98,403.52,0.0037365479342952312,-0.0018657140236655323,0.004176443377251533
196,11,734.7024496412098,509.0925700367616,734.7,509.09,-0.0024496412097505527,-0.002570036761596839,0.003550469125688508
196,12,485.2361165125567,639.9720672495539,485.24,639.97,0.00388348744331779,-0.002067249553874717,0.004399431263288718
196,30,1763.9640806489215,536.4709425295114,1763.96,536.47,-0.004080648921444663,-0.0009425295113487664,0.004188085182974533
197,0,841.1150296667581,251.26067863207788,841.12,251.26,0.004970333241885783,-0.0006786320778928712,0.005016448348437371
197,1,697.7972195703123,304.25091447341407,697.8,304.25,0.00278042968761838,-0.0009144734140704713,0.0029269524889945424
197,2,550.2175383762711,358.7421017999508,550.22,358.74,0.002461623728891027,-0.002101799950764871,0.003236843279442886
197,3,241.36048071032042,477.7278287136909,241.36,477.73,-0.00048071032040297723,0.002171286309135212,0.0022238630012615308
197,6,677.0353243020854,369.7410191292304,677.04,369.74,0.004675697914535704,-0.0010191292303716182,0.004785475459783633
197,7,382.4472736594959,491.97708602789555,382.45,491.98,0.002726340504068503,0.0029139721044657563,0.003990509487487668
197,8,688.1841148927383,436.94222948131255,688.18,436.94,-0.004114892738357412,-0.0022294813125540713,0.004680056535044676
197,9,1071.846495572066,333.16697533511183,1071.85,333.17,0.0035044279338762863,0.0030246648881870897,0.004629212981659435
197,10,936.7321975890493,403.14139928551776,936.73,403.14,-0.002197589049274029,-0.001399285517777571,0.0026052634396066697
197,11,733.7768372309074,509.0694275275712,733.78,509.07,0.003162769092568851,0.0005724724288143079,0.0032141613236832635
197,12,483.6770873844175,640.4790504371654,483.68,640.48,0.0029126155824883426,0.0009495628346485319,0.003063494590871618
197,30,1765.973060486691,536.3532068971335,1765.97,536.35,-0.003060486691083497,-0.003206897133509301,0.004432918678614507
198,0,840.8362722500685,250.4455089740584,840.84,250.45,0.003727749931499602,0.004491025941575799,0.005836560079336294
198,1,697.0979146777343,303.68818585506057,697.1,303.69,0.0020853222657706283,0.001814144939430662,0.0027639990617546574
198,2,549.4131537822034,358.30657634996305,549.41,358.31,-0.0031537822034124474,0.003423650036950221,0.004654860015303395
198,3,239.2703605327403,477.54587153526813,239.27,477.55,-0.0003605327403022329,0.004128464731877557,0.004144177228254924
198,6,676.2764932265641,369.3057643469228,676.28,369.31,0.0035067734359017777,0.004235653077216739,0.0054989287066920575
198,7,380.8354552446219,491.9828145209217,380.84,491.98,0.0045447553780491035,-0.002814520921674557,0.005345683255192927
198,8,687.3880861695537,436.7066721109844,687.39,436.71,0.0019138304462558153,0.003327889015565688,0.0038389571861299127
198,9,1071.8848716790494,332.6252315013339,1071.88,332.63,-0.004871679049301747,0.004768498666123833,0.006817025472171154
198,10,936.549148191787,402.6060494641383,936.55,402.61,0.0008518082129285176,0.003950535861690696,0.004041325379886743
198,11,732.8326279231806,509.0520706456784,732.83,509.05,-0.0026279231805119707,-0.0020706456783727845,0.0033456768774100167
198,12,481.75781553831314,641.109287827874,481.76,641.11,0.002184461686852046,0.0007121721259863989,0.0022976209431402024
198,30,1768.2297953650184,536.2649051728501,1768.23,536.26,0.00020463498162826,-0.004905172850158124,0.0049094394960763465
199,0,841.1272041875513,249.58413173054382,841.13,249.58,0.0027958124486531233,-0.004131730543804224,0.0049887638283094265
199,1,696.8234360083006,303.01613939129544,696.82,303.02,-0.003436008300582216,0.003860608704542301,0.005168215611916522
199,2,548.8098653366526,357.7299322624723,548.81,357.73,0.00013466334735312557,6.773752772915032e-05,0.00015074013992034756
199,3,237.45277039955522,477.4094036514511,237.45,477.41,-0.0027703995552315064,0.0005963485489246523,0.0028338569631213687
199,6,675.707369919923,368.7293232601921,675.71,368.73,0.0026300800769831767,0.0006767398079432496,0.0027157499846265118
199,7,379.12659143346644,491.73711089069127,379.13,491.74,0.0034085665335510384,0.0028891093087395348,0.004468252277064219
199,8,686.7910646271653,436.2800040832383,686.79,436.28,-0.0010646271653058648,-4.083238309249282e-06,0.0010646349956404265
199,9,1072.1636537592872,331.9689236260004,1072.16,331.97,-0.003653759287089997,0.0010763739996377808,0.0038090074711258624
199,10,936.4118611438403,402.20453709810374,936.41,402.2,-0.001861143840301338,-0.0045370981037535785,0.004903989763180173
199,11,731.8744709423854,509.0390529842588,731.87,509.04,-0.004470942385410126,0.0009470157412465596,0.004570138359812048
199,12,479.8183616537349,641.5819658709055,479.82,641.58,0.0016383462651106129,-0.0019658709054510837,0.002559067584355864
199,30,1770.4223465237637,536.4486788796376,1770.42,536.45,-0.0023465237636628444,0.0013211203624905465,0.0026928670196691095
200,0,841.0954031406635,248.93809879790786,830.9,249.7,-10.19540314066353,0.7619012020921332,10.22383189623153
200,1,696.3675770062255,302.2621045434716,684.5,303.2,-11.867577006225474,0.9378954565283948,11.904580290210495
200,2,547.8573990024895,357.29744919685425,535.9,357.8,-11.957399002489524,0.5025508031457662,11.96795505566761
200,3,235.33957779966642,477.3070527385883,203.4,476.1,-31.93957779966641,-1.2070527385882883,31.962377983101895
200,6,675.0305274399423,368.29699244514404,669.8,368.3,-5.230527439942307,0.0030075548559693743,5.23052830461471
200,7,377.3449435750998,491.5528331680184,364.4,491.9,-12.944943575099842,0.3471668319815535,12.949598023558368
200,8,685.843298470374,435.9600030624287,685.84,435.96,-0.0032984703739202814,-3.0624287319369614e-06,0.003298471795559201
200,9,1072.3727403194653,331.4766927195003,1077.6,331.8,5.227259680534644,0.32330728049970503,5.237248453660306
200,10,936.3088958578802,401.90340282357784,944.7,403.0,8.391104142119843,1.096597176422165,8.462455559188353
200,11,730.9058532067891,509.02928973819405,746.7,509.6,15.794146793210984,0.5707102618059707,15.804454534352885
200,12,477.86377124030116,641.9364744031791,499.4,643.0,21.536228759698815,1.0635255968209094,21.56247286108835
200,30,1772.5667598928228,536.3365091597282,1785.5,532.2,12.933240107177198,-4.136509159728121,13.578637917641501
201,0,840.8215523554976,248.2035740984309,840.82,248.2,-0.0015523554975516163,-0.00357409843090295,0.003896663596535074
201,1,695.7756827546691,301.6965784076037,695.78,301.7,0.004317245330867081,0.00342159239630746,0.005508711444009628
201,2,546.8930492518671,356.72308689764066,546.89,356.72,-0.003049251867082603,-0.0030868976406281945,0.004338994583152029
201,3,233.25468334974983,476.98028955394125,233.25,476.98,-0.004683349749825538,-0.00028955394122931466,0.004692292229185258
201,6,674.2728955799566,367.72274433385803,674.27,367.72,-0.002895579956657457,-0.002744333858004211,0.00398945505170627
201,7,375.50870768132484,491.4146248760138,375.51,491.41,0.001292318675155002,-0.0046248760137928,0.004802037661359016
201,8,685.1324738527804,435.7200022968215,685.13,435.72,-0.002473852780440211,-2.296821492109302e-06,0.002473853846669348
201,9,1072.529555239599,330.85751953962523,1072.53,330.86,0.00044476040102381376,0.0024804603747838883,0.0025200189454033656
201,10,936.2316718934102,401.4275521176834,936.23,401.43,-0.0016718934101618288,0.002447882316630512,0.00296434738366051
201,11,730.1793899050917,508.7719673036455,730.18,508.77,0.0006100949082110674,-0.001967303645528773,0.002059732854215777
201,12,476.1478284302259,642.2023558023843,476.15,642.2,0.0021715697740773976,-0.002355802384272465,0.0032039850432594706
201,30,1775.175069919617,536.2523818697962,1775.18,536.25,0.004930080383019231,-0.0023818697961814905,0.005475307873443529
202,0,840.8661642666232,247.40268057382318,840.87,247.4,0.0038357333768317403,-0.002680573823170107,0.0046795647831401836
202,1,695.3317620660018,301.02243380570275,695.33,301.02,-0.0017620660017882983,-0.0024338057027648574,0.0030047107670238314
202,2,545.9197869389003,356.29231517323046,545.92,356.29,0.00021306109965735232,-0.002315173230442724,0.0023249563692993897
202,3,231.19101251231237,476.73521716545594,231.19,476.74,-0.0010125123123714275,0.0047828345440734665,0.004888832934217141
202,6,673.7046716849675,367.29205825039355,673.7,367.29,-0.0046716849674339755,-0.00205825039353158,0.005105000990932469
202,7,373.63153076099366,491.31096865701033,373.63,491.31,-0.0015307609936598965,-0.000968657010332663,0.0018114981709560865
202,8,684.3493553895853,435.2900017226161,684.35,435.29,0.0006446104147244114,-1.722616104871122e-06,0.0006446127164254692
202,9,1072.8971664296992,330.39313965471894,1072.9,330.39,0.002833570300936117,-0.003139654718950169,0.004229249626656395
202,10,936.1737539200576,401.07066408826256,936.17,401.07,-0.0037539200576475196,-0.0006640882625674749,0.0038122078930310508
202,11,729.3845424288188,508.57897547773416,729.38,508.58,-0.00454242881880873,0.0010245222658227249,0.004656533629977411
202,12,474.1108713226694,642.4017668517882,474.11,642.4,-0.0008713226694112564,-0.0017668517882611923,0.0019700173694441707
202,30,1777.6313024397127,536.1892864023471,1777.63,536.19,-0.0013024397126173426,0.0007135976529752952,0.0014851164315751798
203,0,840.6496231999674,246.55201043036737,840.65,246.55,0.00037680003254081385,-0.0020104303673633694,0.0020454360235753087
203,1,694.7488215495014,300.26682535427705,694.75,300.27,0.0011784504986280808,0.0031746457229360203,0.0033863137840242654
203,2,544.9398402041752,355.71923637992285,544.94,355.72,0.00015979582485670107,0.000763620077179894,0.000780160450108733
203,3,229.14325938423428,476.55141287409197,229.14,476.55,-0.003259384234297613,-0.0014128740919545635,0.003552435613280594
203,6,672.7785037637257,366.7190436877952,672.78,366.72,0.001496236274306284,0.0009563122048348305,0.0017757409782020587
203,7,371.97364807074524,490.98322649275775,371.97,490.98,-0.003648070745214227,-0.0032264927577330127,0.004870182304369259
203,8,683.512016542189,434.9675012919621,683.51,434.97,-0.002016542189039683,0.0024987080379332838,0.003210916420433481
203,9,1073.1728748222745,329.7948547410392,1073.17,329.79,-0.0028748222744070517,-0.004854741039196142,0.005642084159872322
203,10,936.1303154400432,400.5529980661969,936.13,400.55,-0.0003154400432094917,-0.0029980661968807,0.0030146149574595276
203,11,728.5384068216141,508.4342316083006,728.54,508.43,0.001593178385860483,-0.004231608300585776,0.004521584476570072
203,12,472.33315349200205,642.5513251388412,472.33,642.55,-0.0031534920020703794,-0.0013251388412527376,0.003420600057843433
203,30,1780.4734768297844,536.1419648017603,1780.47,536.14,-0.00347682978440389,-0.0019648017603230983,0.0039935937834345075
204,0,840.4872173999756,245.91400782277555,840.49,245.91,0.002782600024374915,-0.004007822775548675,0.00487908867472789
204,1,694.061616162126,299.7001190157078,694.06,299.7,-0.001616162126083509,-0.00011901570780992188,0.0016205384156175579
204,2,543.9548801531314,355.2894272849421,543.95,355.29,-0.004880153131352927,0.0005727150578991314,0.004913643976011915
204,3,227.1074445381757,476.163559655569,227.11,476.16,0.0025554618243006644,-0.003559655568949438,0.004381955374602853
204,6,672.0838778227942,366.2892827658464,672.08,366.29,-0.0038778227941520527,0.0007172341536261229,0.003943594103603084
204,7,370.23023605305895,490.7374198695683,370.23,490.74,-0.00023605305892715478,0.002580130431681482,0.0025909060367210806
204,8,682.6340124066418,434.7256259689716,682.63,434.73,-0.004012406641777488,0.004374031028419267,0.005935617448636209
204,9,1073.379656116706,329.0961410557794,1073.38,329.1,0.00034388329413559404,0.003858944220610283,0.0038742362108894514
204,10,936.0977365800325,400.1647485496477,936.1,400.16,0.0022634199675621858,-0.004748549647672462,0.005260398626147022
204,11,727.6538051162106,508.3256737062254,727.65,508.33,-0.003805116210628512,0.004326293774568057,0.005761573326813972
204,12,470.7498651190015,642.9134938541309,470.75,642.91,0.00013488099847336343,-0.003493854130965701,0.003496456716765598
204,30,1783.3551076223384,536.1064736013202,1783.36,536.11,0.004892377661462888,0.0035263986798099722,0.00603082472232004
205,0,840.1154130499817,245.18550586708164,840.12,245.19,0.0045869500182789125,0.004494132918352989,0.006421630724201826
205,1,693.2962121215945,299.02508926178086,693.3,299.03,0.0037878784054328207,0.004910738219109589,0.006201884606389247
205,2,542.7161601148485,354.7170704637066,542.72,354.72,0.0038398851514784837,0.0029295362934362856,0.004829793046405337
205,3,225.08058340363178,475.87266974167676,225.08,475.87,-0.0005834036317651226,-0.002669741676754711,0.0027327422890125936
205,6,671.3129083670956,365.7169620743848,671.31,365.72,-0.002908367095642461,0.0030379256152173184,0.004205661803641525
205,7,368.6726770397942,490.55306490217623,368.67,490.55,-0.002677039794207303,-0.00306490217622013,0.0040694185591517084
205,8,681.7255093049813,434.2942194767287,681.73,434.29,0.004490695018716906,-0.004219476728678728,0.006162006622439656
205,9,1073.2847420875296,328.5721057918346,1073.28,328.57,-0.004742087529621131,-0.0021057918345945836,0.0051886176761478065
205,10,935.8233024350243,399.87356141223574,935.82,399.87,-0.003302435024238548,-0.0035614122357401357,0.0048569264151515626
205,11,726.740353837158,508.24425527966906,726.74,508.24,-0.00035383715794523596,-0.004255279669052925,0.004269965549767109
205,12,469.06239883925116,643.1851203905982,469.06,643.19,-0.0023988392511569145,0.00487960940188259,0.005437372312784184
205,30,1785.7663307167538,535.8298552009901,1785.77,535.83,0.0036692832461540092,0.00014479900994501804,0.0036721391985854186
206,0,839.8365597874863,244.38912940031122,839.84,244.39,0.003440212513737606,0.0008705996887670153,0.0035486625590154443
206,1,692.7221590911959,298.5188169463356,692.72,298.52,-0.002159091195835572,0.0011830536643628875,0.002461968879717438
206,2,541.7871200861364,354.28780284778,541.79,354.29,0.002879913863580441,0.0021971522200487925,0.0036223447847641673
206,3,223.31043755272384,475.65450230625754,223.31,475.65,-0.00043755272383805277,-0.00450230625756376,0.004523517881365772
206,6,670.4846812753217,365.2877215557886,670.48,365.29,-0.004681275321672729,0.002278444211412989,0.00520630835254919
206,7,367.00450777984565,490.4147986766322,367.0,490.41,-0.004507779845653204,-0.004798676632162824,0.006583872459042836
206,8,680.794131978736,433.9706646075465,680.79,433.97,-0.0041319787360407645,-0.0006646075464686874,0.004185086793116262
206,9,1073.4635565656472,327.92907934387597,1073.46,327.93,-0.0035565656471590046,0.0009206561240375777,0.003673794618821178
206,10,935.6174768262682,399.40517105917684,935.62,399.41,0.0025231737317881198,0.004828940823188077,0.005448401155810568
206,11,726.0552653778684,508.1831914597518,726.06,508.18,0.0047346221315365256,-0.0031914597518039045,0.005709821545006439
206,12,467.54679912943834,643.3888402929487,467.55,643.39,0.003200870561670399,0.001159707051328951,0.003404481281703612
206,30,1788.0747480375653,535.8723914007426,1788.07,535.87,-0.004748037565377672,-0.0023914007425673844,0.005316263559473831
207,0,839.3774198406147,243.7918470502334,839.38,243.79,0.002580159385274783,-0.001847050233408254,0.0031731399304403564
207,1,691.7916193183969,298.1391127097517,691.79,298.14,-0.0016193183969335223,0.0008872902482721656,0.0018464766598379285
207,2,540.5903400646023,353.965852135835,540.59,353.97,-0.000340064602255552,0.00414786416502011,0.0041617809967807295
207,3,221.48282816454287,475.4908767296931,221.48,475.49,-0.002828164542876266,-0.00087672969311825,0.0029609406674868948
207,6,669.6135109564913,364.9657911668414,669.61,364.97,-0.0035109564912545466,0.0042088331586001,0.005480975464314189
207,7,365.50338083488424,490.3110990074741,365.5,490.31,-0.0033808348842399027,-0.0010990074741243916,0.003554977066406296
207,8,679.845598984052,433.7279984556599,679.85,433.73,0.004401015948019449,0.0020015443401462107,0.004834782427399692
207,9,1073.3476674242354,327.446809507907,1073.35,327.45,0.0023325757645125123,0.003190492092983277,0.00395223348153673
207,10,935.2131076197012,399.0538782943826,935.21,399.05,-0.0031076197011543627,-0.003878294382616332,0.004969755278203961
207,11,725.2914490334012,508.13739359481383,725.29,508.14,-0.001449033401286215,0.002606405186156735,0.002982121022438194
207,12,466.16009934707876,643.7916302197115,466.16,643.79,-9.934707873071602e-05,-0.001630219711501013,0.0016332440570284569
207,30,1790.306061028174,535.654293550557,1790.31,535.65,0.003938971825846238,-0.00429355055700853,0.005826669325643828
208,0,839.2830648804611,243.09388528767505,839.28,243.09,-0.0030648804611246305,-0.0038852876750468113,0.004948631382397984
208,1,691.3437144887977,297.60433453231377,691.34,297.6,-0.0037144887976410246,-0.004334532313748696,0.005708379578017941
208,2,539.9427550484518,353.4743891018762,539.94,353.47,-0.002755048451717812,-0.004389101876199675,0.005182133465183256
208,3,219.86212112340715,475.36815754726985,219.86,475.37,-0.002121123407135883,0.0018424527301590388,0.002809590107323528
208,6,668.9601332173685,364.47434337513107,668.96,364.47,-0.00013321736844318366,-0.0043433751310431035,0.004345417631968028
208,7,363.8775356261632,489.98332425560557,363.88,489.98,0.0024643738368013146,-0.0033242556055483874,0.00413809300747708
208,8,679.134199238039,433.5459988417449,679.13,433.55,-0.0041992380389501704,0.004001158255107384,0.0058002471921617315
208,9,1073.5107505681765,326.8351071309303,1073.51,326.84,-0.0007505681764996552,0.004892869069692551,0.004950103061626907
208,10,934.9098307147759,398.54040872078696,934.91,398.54,0.0001692852240466891,-0.0004087207869361009,0.00044239142029904165
208,11,724.4685867750509,508.1030451961104,724.47,508.1,0.001413224949146752,-0.0030451961103494796,0.003357145231797165
208,12,464.37007451030905,644.0937226647836,464.37,644.09,-7.451030904803702e-05,-0.0037226647835950644,0.003723410382589236
208,30,1792.7295457711307,535.7407201629178,1792.73,535.74,0.00045422886933010886,-0.0007201629177870927,0.0008514449447195796
209,0,839.4622986603458,242.3204139657563,839.46,242.32,-0.0022986603457866295,-0.0004139657563086985,0.0023356384636086425
209,1,691.0077858665983,296.95325089923534,691.01,296.95,0.0022141334017078407,-0.0032508992353541544,0.0039332852120059335
209,2,539.2070662863389,352.8557918264072,539.21,352.86,0.00293371366115025,0.004208173592815001,0.005129853880266486
209,3,217.89659084255536,475.02611816045237,217.9,475.03,0.0034091574446506456,0.0038818395476027945,0.005166336492694798
209,6,668.2200999130264,363.85575753134833,668.22,363.86,-9.991302636080945e-05,0.0042424686516824295,0.004243644998505967
209,7,362.1581517196224,489.7374931917042,362.16,489.74,0.001848280377600986,0.002506808295834162,0.0031145189333648014
209,8,678.3506494285292,433.1594991313087,678.35,433.16,-0.0006494285291864799,0.0005008686913470228,0.0008201383179031411
209,9,1073.6330629261324,326.3763303481977,1073.63,326.38,-0.0030629261323156243,0.0036696518022836244,0.004779943602389614
209,10,934.9323730360819,398.15530654059023,934.93,398.16,-0.0023730360819627094,0.004693459409793377,0.005259264347575136
209,11,723.3514400812882,508.0772838970828,723.35,508.08,-0.0014400812881376623,0.0027161029171907103,0.0030742558730880087
209,12,462.2775558827318,644.5702919985877,462.28,644.57,0.002444117268169066,-0.0002919985876133069,0.002461497998319394
209,30,1795.547159328348,536.0555401221884,1795.55,536.06,0.0028406716519384645,0.004459877811541446,0.005287714584582504
210,0,839.5967239952594,241.49031047431723,839.6,241.49,0.0032760047406554804,-0.000310474317217313,0.0032906840265283354
210,1,690.7558393999487,296.2149381744265,690.76,296.21,0.004160600051250185,-0.004938174426513342,0.006457256340980542
210,2,538.4052997147542,352.39184386980537,538.41,352.39,0.00470028524580357,-0.0018438698053842018,0.005049013492864354
210,3,216.1724431319165,474.7695886203393,216.17,474.77,-0.002443131916521679,0.0004113796607043696,0.0024775243261708118
210,6,667.6650749347698,363.3918181485112,667.67,363.39,0.004925065230168002,-0.0018181485112336304,0.005249945859750447
210,7,360.61861378971685,489.5531198937781,360.62,489.55,0.001386210283158107,-0.0031198937780914093,0.003413988303393374
210,8,677.5129870713969,432.8696243484815,677.51,432.87,-0.002987071396887586,0.0003756515184818454,0.0030105995405303692
210,9,1073.9747971945994,325.78224776114826,1073.97,325.78,-0.004797194599404975,-0.002247761148282734,0.005297688760609627
210,10,934.6992797770614,397.8664799054427,934.7,397.87,0.000720222938639381,0.0035200945573024,0.0035930191724637827
210,11,722.2635800609661,508.05796292281207,722.26,508.06,-0.003580060966100973,0.0020370771879356653,0.004119043577167849
210,12,460.20816691204885,644.9277189989407,460.21,644.93,0.0018330879511267995,0.0022810010592593244,0.0029262907013672458
210,30,1798.410369496261,536.2916550916414,1798.41,536.29,-0.00036949626087334764,-0.0016550916413962113,0.0016958348469762585
211,0,839.4475429964446,240.86773285573793,839.45,240.87,0.0024570035554916103,0.002267144262077636,0.003343173578618072
211,1,690.3168795499615,295.66120363081984,690.32,295.66,0.003120450038522904,-0.001203630819816226,0.00334453817339989
211,2,537.5539747860656,352.043882902354,537.55,352.04,-0.003974786065668923,-0.003882902354007456,0.005556604625001898
211,3,214.6293323489374,474.5771914652545,214.63,474.58,0.0006676510625993615,0.0028085347454975818,0.002886801925670901
211,6,666.9988062010773,363.0438636113834,667.0,363.04,0.0011937989227135404,-0.0038636113833945274,0.004043840846246027
211,7,359.21396034228763,489.4148399203336,359.21,489.41,-0.003960342287655294,-0.004839920333552072,0.006253730076564032
211,8,676.6347403035477,432.65221826136116,676.63,432.65,-0.004740303547691838,-0.0022182613611789748,0.0052336565793677575
211,9,1073.7310978959495,325.3366858208612,1073.73,325.34,-0.001097895949442318,0.003314179138783402,0.003491297592550503
211,10,934.5244598327961,397.649859929082,934.52,397.65,-0.004459832796101182,0.00014007091795065207,0.004462031872503291
211,11,721.4476850457246,508.04347219210905,721.45,508.04,0.0023149542754481445,-0.0034721921090294927,0.004173144059270219
211,12,458.4061251840366,645.1957892492055,458.41,645.2,0.0038748159633996693,0.004210750794527485,0.005722291586753575
211,30,1800.5577771221956,536.218741318731,1800.56,536.22,0.0022228778043427155,0.0012586812690642546,0.002554498829542244
212,0,839.0856572473334,240.15079964180345,839.09,240.15,0.004342752666616434,-0.0007996418034394992,0.004415759021641933
212,1,689.7376596624712,294.9959027231149,689.74,295.0,0.0023403375288353345,0.0040972768850906505,0.004718565207981471
212,2,536.4154810895492,351.53291217676554,536.42,351.53,0.0045189104507699085,-0.0029121767655624353,0.005375995273059602
212,3,212.47199926170305,474.43289359894084,212.47,474.43,-0.001999261703048205,-0.0028935989408296336,0.0035170957035095857
212,6,665.999104650808,362.7828977085376,666.0,362.78,0.0008953491919783119,-0.002897708537602739,0.003032880634722049
212,7,357.4104702567157,489.31112994025017,357.41,489.31,-0.00047025671568690086,-0.001129940250166328,0.0012238898429166633
212,8,675.4760552276607,432.48916369602085,675.48,432.49,0.003944772339309566,0.0008363039791561278,0.0040324475389686395
212,9,1073.798323421962,325.0025143656459,1073.8,325.0,0.0016765780378591444,-0.0025143656458794794,0.003022076855113144
212,10,934.143344874597,397.2373949468115,934.14,397.24,-0.003344874597019043,0.0026050531885175587,0.0042396330247780655
212,11,720.3357637842935,508.0326041440818,720.34,508.03,0.004236215706555413,-0.002604144081828963,0.004972634101901284
212,12,456.30459388802745,645.6468419369041,456.3,645.65,-0.004593888027443427,0.00315806309583877,0.0055746901013407745
212,30,1802.9183328416466,536.4140559890482,1802.92,536.41,0.0016671583534844103,-0.004055989048197262,0.004385255310091874
213,0,838.0642429355,239.11309973135258,825.0,240.1,-13.064242935500033,0.9869002686474175,13.101466162915465
213,1,688.3032447468534,294.2469270423362,674.8,296.8,-13.503244746853397,2.553072957663801,13.742481588875354
213,2,534.3116108171619,351.1496841325742,521.5,353.1,-12.811610817161863,1.950315867425843,12.959209224067335
213,3,209.35399944627727,474.3246701992056,176.6,474.5,-32.75399944627728,0.17532980079437266,32.75446870681585
213,6,664.499328488106,362.3371732814032,658.4,364.6,-6.099328488106039,2.262826718596841,6.505550919347081
213,7,354.8078526925368,489.23334745518764,344.6,491.4,-10.20785269253679,2.1666525448123366,10.435259452570998
213,8,673.8570414207455,432.36687277201565,677.7,436.0,3.842958579254514,3.633127227984346,5.28847275653256
213,9,1073.8487425664716,324.50188577423444,1078.6,326.1,4.751257433528281,1.5981142257655847,5.012825179302793
213,10,933.6075086559478,396.9280462101086,942.2,400.3,8.592491344052291,3.3719537898913927,9.230437685114204
213,11,719.00182283822,508.2744531080614,740.4,510.2,21.398177161779927,1.925546891938609,21.484639086565416
213,12,453.9784454160206,646.2351314526782,482.1,646.7,28.121554583979446,0.46486854732188476,28.125396619177206
213,30,1805.438749631235,536.5605419917861,1805.44,536.56,0.0012503687651133077,-0.0005419917861217982,0.0013627828678826554
214,0,837.048182201625,238.33482479851443,837.05,238.33,0.0018177983749865234,-0.004824798514420081,0.0051558773876862
214,1,686.7274335601401,293.68519528175216,686.73,293.69,0.0025664398599474225,0.004804718247839901,0.005447194782257439
214,2,532.4837081128715,350.6122630994306,532.48,350.61,-0.003708112871436242,-0.0022630994305927743,0.0043441593087800625
214,3,206.76549958470795,474.2435026494042,206.77,474.24,0.004500415292056914,-0.0035026494041972,0.0057028318096979435
214,6,662.8744963660795,361.7528799610524,662.87,361.75,-0.00449636607947923,-0.002879961052371982,0.00533961455386725
214,7,352.6058895194026,489.17501059139073,352.61,489.18,0.004110480597432797,0.004989408609276325,0.006464537803446755
214,8,672.3927810655591,432.27515457901177,672.39,432.28,-0.002781065559133822,0.004845420988203841,0.005586808587836763
214,9,1073.3865569248537,323.87641433067586,1073.39,323.88,0.00344307514637876,0.0035856693241385074,0.00497109554984402
214,10,932.9556314919608,396.69603465758144,932.96,396.7,0.00436850803919242,0.003965342418553064,0.005899813809338822
214,11,717.501367128665,508.20583983104603,717.5,508.21,-0.0013671286650378534,0.004160168953944776,0.0043790463016659415
214,12,451.98383406201543,646.9263485895086,451.98,646.93,-0.0038340620154144744,0.003651410491329443,0.005294603867546167
214,30,1808.3290622234263,536.6704064938396,1808.33,536.67,0.0009377765736644506,-0.00040649383959134866,0.0010220871507555282
215,0,836.5361366512187,237.75111859888582,836.54,237.75,0.003863348781237619,-0.00111859888582444,0.004022030242658286
215,1,685.795575170105,293.2638964613141,685.8,293.26,0.00442482989490145,-0.003896461314127464,0.005895890973492089
215,2,531.6127810846535,350.459197324573,531.61,350.46,-0.002781084653520338,0.0008026754269963021,0.0028946018191022467
215,3,204.82412468853096,474.18262698705314,204.82,474.18,-0.004124688530964704,-0.002626987053133689,0.004890206177126257
215,6,662.1558722745597,361.5646599707893,662.16,361.56,0.004127725440298491,-0.0046599707893051345,0.006225226507338065
215,7,350.95441713955194,489.13125794354306,350.95,489.13,-0.0044171395519470025,-0.0012579435430666308,0.004592770817155761
215,8,671.5445857991693,431.9563659342588,671.54,431.96,-0.004585799169376514,0.003634065741152881,0.005851152692664529
215,9,1073.0399176936403,323.4073107480069,1073.04,323.41,8.230635967265698e-05,0.0026892519931038805,0.002690511218942556
215,10,932.7167236189706,396.52202599318605,932.72,396.52,0.003276381029422737,-0.0020259931860664437,0.0038521839312199067
215,11,716.6260253464987,508.15437987328454,716.63,508.15,0.003974653501245484,-0.004379873284563018,0.005914487335669241
215,12,450.4878755465116,647.4447614421315,450.49,647.44,0.002124453488420386,-0.004761442131439253,0.00521388854843545
215,30,1811.2467966675697,536.5028048703797,1811.25,536.5,0.0032033324303029076,-0.0028048703796912378,0.004257773656020198
216,0,836.152102488414,237.31333894916438,836.15,237.31,-0.0021024884140388167,-0.0033389491643731617,0.00394576216382028
216,1,685.0966813775788,292.9479223459856,685.1,292.95,0.0033186224212613524,0.0020776540143856437,0.003915341744776737
216,2,530.7095858134901,350.09439799342977,530.71,350.09,0.00041418650994273776,-0.0043979934297908585,0.004417453641352913
216,3,203.11809351639823,474.1369702402899,203.12,474.14,0.0019064836017719244,0.003029759710102553,0.003579682056382376
216,6,661.3669042059198,361.173494978092,661.37,361.17,0.0030957940801954464,-0.00349497809196464,0.004668919880474066
216,7,349.46581285466397,489.0984434576573,349.47,489.1,0.004187145336061349,0.001556542342711964,0.0044671031026780154
216,8,670.658439349377,431.7172744506941,670.66,431.72,0.0015606506229914885,0.002725549305921504,0.003140740260838663
216,9,1072.52993827023,323.0554830610052,1072.53,323.06,6.172976986817957e-05,0.004516938994811426,0.004517360783392891
216,10,932.2875427142279,396.1415194948895,932.29,396.14,0.002457285772038631,-0.001519494889521411,0.0028891379483758084
216,11,715.719519009874,508.1157849049634,715.72,508.12,0.0004809901259932303,0.0042150950366135476,0.004242449489267627
216,12,448.8659066598837,647.8335710815986,448.87,647.83,0.004093340116298805,-0.0035710815985794397,0.005432131910347336
216,30,1814.1850975006773,536.6271036527847,1814.19,536.63,0.004902499322724907,0.002896347215255446,0.005694148470196062
217,0,836.1140768663105,236.98500421187327,836.11,236.99,-0.004076866310469995,0.004995788126734624,0.006448157715244555
217,1,684.5725110331841,292.7109417594892,684.57,292.71,-0.00251103318407786,-0.0009417594891942827,0.0026818274715252792
217,2,530.0321893601176,349.8207984950723,530.03,349.82,-0.0021893601176543598,-0.0007984950723312068,0.0023304274512013306
217,3,201.3385701372987,474.1027276802174,201.34,474.1,0.0014298627013147325,-0.002727680217390116,0.0030797315975507433
217,6,660.7751781544398,360.88012123356896,660.78,360.88,0.004821845560172733,-0.00012123356896154291,0.004823369380878956
217,7,348.099359640998,489.07383259324297,348.1,489.07,0.0006403590020340744,-0.0038325932429756904,0.0038857213767316094
217,8,669.9938295120328,431.5379558380206,669.99,431.54,-0.003829512032780258,0.0020441619794269172,0.00434094006032603
217,9,1072.6474537026725,322.7916122957539,1072.65,322.79,0.0025462973276262346,-0.0016122957538868832,0.003013822768292485
217,10,932.2156570356709,395.85613962116713,932.22,395.86,0.004342964329111965,0.003860378832882816,0.0058106681110960574
217,11,715.0396392574055,508.08683867872253,715.04,508.09,0.00036074259446650103,0.00316132127744595,0.0031818371169333786
217,12,447.3994299949128,648.125178311199,447.4,648.13,0.0005700050871837448,0.004821688801030177,0.004855264018917527
217,30,1817.388823125508,536.7203277395886,1817.39,536.72,0.0011768744921027974,-0.0003277395885561418,0.001221657402085039
218,0,836.0855576497329,236.48875315890496,836.09,236.49,0.004442350267140682,0.0012468410950532416,0.00461401003599672
218,1,684.1793832748881,292.28320631961685,684.18,292.28,0.0006167251118540662,-0.0032063196168792274,0.0032650934671423983
218,2,529.2741420200882,349.36559887130426,529.27,349.37,-0.004142020088238496,0.0044011286957470475,0.006043696237229279
218,3,199.50392760297402,473.82704576016306,199.5,473.83,-0.003927602974016509,0.002954239836924444,0.004914631027409351
218,6,660.3313836158298,360.41009092517675,660.33,360.41,-0.0013836158298090595,-9.092517672115719e-05,0.0013866002135655346
218,7,346.5745197307485,488.8053744449322,346.57,488.81,-0.004519730748484108,0.004625555067775622,0.00646712654304966
218,8,669.2453721340246,431.4034668785155,669.25,431.4,0.004627865975407985,-0.003466878515496319,0.005782420784373
218,9,1072.9855902770043,322.3437092218154,1072.99,322.34,0.004409722995660559,-0.0037092218154270995,0.005762289768355792
218,10,932.1617427767532,395.64210471587535,932.16,395.64,-0.0017427767531899008,-0.0021047158753617623,0.002732599445117956
218,11,714.2797294430541,508.0651290090419,714.28,508.07,0.0002705569459067192,0.004870990958067978,0.004878499151845613
218,12,445.7995724961846,648.3438837333993,445.8,648.34,0.00042750381538780857,-0.003883733399220546,0.00390719139899651
218,30,1820.041617344131,536.7902458046915,1820.04,536.79,-0.0016173441310911585,-0.0002458046915307932,0.001635916252365494
219,0,834.5641682372997,235.61656486917872,834.56,235.62,-0.004168237299722932,0.0034351308212876575,0.005401326313616123
219,1,682.1345374561661,291.7124047397126,682.13,291.71,-0.004537456166076481,-0.002404739712630999,0.005135297610126418
219,2,526.2056065150662,349.0241991534782,526.21,349.02,0.00439348493387115,-0.004199153478225526,0.006077466560816794
219,3,195.1279457022305,473.8702843201223,195.13,473.87,0.0020542977694901765,-0.00028432012231860426,0.0020738797596986137
219,6,658.7485377118724,360.30756819388256,658.75,360.31,0.0014622881276409316,0.0024318061174426475,0.0028375989077160124
219,7,343.43088979806134,489.3540308336992,343.43,489.35,-0.0008897980613369327,-0.004030833699175673,0.00412787607618848
219,8,667.4340291005185,431.8026001588866,667.43,431.8,-0.004029100518550877,-0.0026001588865938174,0.004795255699555525
219,9,1074.7391927077533,322.0077819163615,1074.74,322.01,0.0008072922466908494,0.0022180836384677605,0.002360427037382333
219,10,932.6213070825648,395.7315785369065,932.62,395.73,-0.0013070825648355822,-0.0015785369064929,0.0020494495837803228
219,11,713.9597970822906,508.7988467567815,713.96,508.8,0.0002029177094300394,0.0011532432185390462,0.0011709592298225554
219,12,444.09967937213844,649.0079128000494,444.1,649.01,0.000320627861583489,0.0020871999505516214,0.0021116831815417513
219,30,1823.5312130080983,536.8426843535186,1823.53,536.84,-0.0012130080983752123,-0.0026843535185889777,0.002945698976386568
220,0,833.4231261779747,234.71242365188402,833.42,234.71,-0.0031261779747637775,-0.0024236518840154986,0.00395563865700471
220,1,680.3509030921246,291.03430355478446,680.35,291.03,-0.0009030921245312129,-0.004303554784485186,0.004397289980028112
220,2,523.4042048862996,348.7681493651087,523.4,348.77,-0.004204886299589816,0.0018506348912978865,0.0045941177927179095
220,3,191.0959592766729,473.90271324009177,191.1,473.9,0.004040723327108253,-0.002713240091793523,0.004867146679724427
220,6,657.3114032839043,359.9806761454119,657.31,359.98,-0.001403283904323871,-0.0006761454118873189,0.0015576836437963643
220,7,340.573167348546,489.7655231252744,340.57,489.77,-0.0031673485460146367,0.004476874725583002,0.005484022622172972
220,8,665.8255218253889,432.10195011916494,665.83,432.1,0.004478174611108443,-0.0019501191649169414,0.004884364094224816
220,9,1076.304394530815,321.7558364372711,1076.3,321.76,-0.004394530815034159,0.004163562728876968,0.00605368942724833
220,10,932.9659803119237,395.5486839026799,932.97,395.55,0.004019688076368766,0.0013160973201138404,0.004229657715148126
220,11,713.469847811718,509.3491350675861,713.47,509.35,0.00015218828207252955,0.0008649324139469172,0.0008782194224089041
220,12,442.57475952910386,649.5059346000371,442.57,649.51,-0.004759529103864679,0.004065399962883021,0.006259440402204032
220,30,1826.1484097560738,536.882013265139,1826.15,536.88,0.0015902439263300039,-0.0020132651389985767,0.0025655627579804835
221,0,832.5673446334811,234.03431773891302,832.57,234.03,0.002655366518979463,-0.004317738913016456,0.005068909219062188
221,1,679.0131773190934,290.52572766608836,679.01,290.53,-0.0031773190934245576,0.004272333911615078,0.005324302177166173
221,2,521.0531536647247,348.5761120238315,521.05,348.58,-0.0031536647247776273,0.003887976168471141,0.005006192154013496
221,3,187.57196945750468,473.9270349300688,187.57,473.93,-0.001969457504685579,0.002965069931178732,0.0035595508929558233
221,6,655.9835524629282,359.7355071090589,655.98,359.74,-0.0035524629281553644,0.004492890941094174,0.005727657624586536
221,7,338.1798755114095,490.0741423439558,338.18,490.07,0.00012448859052938133,-0.004142343955834349,0.004144214142344644
221,8,664.3691413690417,432.0764625893737,664.37,432.08,0.0008586309583051843,0.003537410626279325,0.0036401265172345265
221,9,1077.4782958981114,321.5668773279533,1077.48,321.57,0.00170410188866299,0.003122672046686148,0.00355739285967966
221,10,933.2244852339427,395.41151292700994,933.22,395.41,-0.004485233942659761,-0.001512927009912346,0.004733526344883858
221,11,712.8523858587885,509.76185130068956,712.85,509.76,-0.002385858788443329,-0.00185130068956596,0.003019873573774185
221,12,440.9310696468279,649.8794509500278,440.93,649.88,-0.0010696468278865723,0.0005490499721645392,0.0012023311558558597
221,30,1828.6113073170554,536.9115099488542,1828.61,536.91,-0.0013073170555344404,-0.0015099488542773543,0.001997253971387899
222,0,832.1755084751107,233.27573830418476,832.18,233.28,0.004491524889203902,0.004261695815245048,0.006191594871437832
222,1,678.0098829893201,289.89429574956625,678.01,289.89,0.00011701067990088632,-0.004295749566267659,0.0042973428808159644
222,2,519.2898652485435,348.18208401787365,519.29,348.18,0.00013475145647134923,-0.0020840178736420967,0.0020883698074529032
222,3,184.4289770931285,473.9452761975516,184.43,473.95,0.001022906871497753,0.004723802448381775,0.004833285429094269
222,6,654.9876643471962,359.5516303317942,654.99,359.55,0.002335652803822086,-0.001630331794160611,0.002848377745147741
222,7,335.6349066335571,490.30560675796687,335.63,490.31,-0.004906633557084206,0.004393242033131628,0.006586017645374124
222,8,663.2768560267813,432.0573469420303,663.28,432.06,0.003143973218698193,0.0026530579697237044,0.004113791947899886
222,9,1078.6087219235835,321.425157995965,1078.61,321.43,0.0012780764163835556,0.004842004035026548,0.005007842090294901
222,10,933.418363925457,395.30863469525747,933.42,395.31,0.0016360745429437884,0.001365304742535045,0.002130914580657191
222,11,712.1392893940913,510.07138847551715,712.14,510.07,0.0007106059086936511,-0.0013884755171602592,0.0015597515889473486
222,12,438.94830223512093,650.4095882125209,438.95,650.41,0.0016977648790543753,0.0004117874790381393,0.0017469901294635594
222,30,1830.7084804877916,537.1836324616406,1830.71,537.18,0.0015195122084605828,-0.0036324616406773202,0.003937473164689878
223,0,831.6316313563331,232.70680372813857,831.63,232.71,-0.0016313563330641045,0.0031962718614408914,0.0035885202100123643
223,1,676.7574122419901,289.4207218121747,676.76,289.42,0.0025877580098949693,-0.0007218121746745965,0.002686541332882121
223,2,517.4673989364076,347.88656301340524,517.47,347.89,0.002601063592464925,0.003436986594749669,0.004310267818191286
223,3,181.57173281984637,473.9589571481637,181.57,473.96,-0.001732819846381517,0.001042851836302816,0.002022425418277228
223,6,653.9907482603971,359.41372274884566,653.99,359.41,-0.0007482603971311619,-0.0037227488456323954,0.0037972032589225738
223,7,333.47617997516784,490.47920506847515,333.48,490.48,0.0038200248321800245,0.0007949315248652056,0.0039018592808681024
223,8,662.2076420200859,432.0430102065227,662.21,432.04,0.0023579799141089097,-0.0030102065226742525,0.003823795573051948
223,9,1079.2065414426877,321.0688684969737,1079.21,321.07,0.0034585573123422364,0.0011315030262721848,0.003638944597162626
223,10,933.3137729440928,395.2314760214431,933.31,395.23,-0.003772944092816033,-0.0014760214430680207,0.004051388209973465
223,11,711.3544670455685,510.3035413566379,711.35,510.3,-0.004467045568503636,-0.0035413566378679207,0.005700500236616007
223,12,437.2112266763407,651.0571911593906,437.21,651.06,-0.0012266763407069448,0.0028088406093047524,0.0030650155649408492
223,30,1832.7813603658437,537.3877243462305,1832.78,537.39,-0.001360365843765976,0.002275653769515884,0.0026512629646259097
224,0,830.9737235172498,232.03010279610393,830.97,232.03,-0.0037235172497958047,-0.00010279610393126859,0.003724935938846514
224,1,675.5680591814926,288.81554135913103,675.57,288.82,0.0019408185074780704,0.0044586408689610835,0.004862741498099549
224,2,515.8505492023057,347.6649222600539,515.85,347.66,-0.0005492023057058759,-0.004922260053888294,0.004952803974588238
224,3,179.17879961488478,473.96921786112273,179.18,473.97,0.0012003851152257994,0.0007821388772981663,0.0014327126886563447
224,6,652.9930611952979,359.06029206163424,652.99,359.06,-0.0030611952978460977,-0.00029206163424078113,0.0030750962017066156
224,7,331.6071349813759,490.6094038013564,331.61,490.61,0.0028650186241065967,0.0005961986436204825,0.0029263944606174605
224,8,661.1557315150644,432.032257654892,661.16,432.03,0.004268484935550987,-0.002257654892048322,0.004828764775448835
224,9,1079.6549060820157,320.8016513727303,1079.65,320.8,-0.004906082015622815,-0.0016513727302935877,0.005176550264256585
224,10,933.2353297080696,395.1736070160823,933.24,395.17,0.0046702919304379975,-0.003607016082298742,0.005901033107302148
224,11,710.7658502841764,510.4776560174784,710.77,510.48,0.00414971582358703,0.002343982521608723,0.00476596217758133
224,12,435.90842000725553,651.542893369543,435.91,651.54,0.0015799927444959394,-0.002893369543016888,0.0032966595798046188
224,30,1834.836020274383,537.2907932596729,1834.84,537.29,0.00397972561700044,-0.0007932596729460784,0.0040580139101945
225,0,830.4802926379374,231.52257709707794,830.48,231.52,-0.00029263793737754895,-0.002577097077931967,0.0025936588656718267
225,1,674.6760443861194,288.3616560193483,674.68,288.36,0.003955613880521014,-0.00165601934827464,0.004288272525578392
225,2,514.6379119017292,347.4986916950404,514.64,347.5,0.002088098270746741,0.0013083049595934426,0.002464105569084314
225,3,177.13409971116357,473.9769133958421,177.13,473.98,-0.004099711163576103,0.0030866041579429293,0.0051317401388399535
225,6,652.2447958964734,358.79521904622567,652.24,358.8,-0.004795896473410721,0.004780953774343288,0.0067718639956869135
225,7,329.9553512360319,490.7070528510173,329.96,490.71,0.004648763968077674,0.0029471489826846664,0.005504243232001702
225,8,660.3667986362983,432.02419324116903,660.37,432.02,0.003201363701691662,-0.0041932411690481786,0.005275604330530245
225,9,1080.2411795615117,320.60123852954774,1080.24,320.6,-0.0011795615116625413,-0.0012385295477201907,0.0017103569219234914
225,10,933.4264972810522,395.13020526206174,933.43,395.13,0.003502718947743233,-0.00020526206174054096,0.003508728051711822
225,11,710.3243877131323,510.6082420131088,710.32,510.61,-0.004387713132246063,0.001757986891220753,0.004726790077905783
225,12,434.68131500544166,651.9071700271572,434.68,651.91,-0.0013150054416541934,0.0028299728427327864,0.003120574562830574
225,30,1837.1270152057873,537.4680949447547,1837.13,537.47,0.0029847942128071736,0.0019050552452881675,0.0035409365964963503
226,0,830.110219478453,230.89193282280846,830.11,230.89,-0.00021947845300474,-0.0019328228084702914,0.0019452441492718436
226,1,674.0070332895896,287.77124201451124,674.01,287.77,0.002966710410419182,-0.0012420145112628234,0.003216204394231962
226,2,513.4784339262969,347.1240187712803,513.48,347.12,0.0015660737030884775,-0.0040187712803003706,0.004313132208369265
226,3,175.10057478337268,473.98268504688156,175.1,473.98,-0.000574783372684351,-0.0026850468815382555,0.0027458792183147293
226,6,651.433596922355,358.59641428466927,651.43,358.6,-0.0035969223550864626,0.0035857153307574663,0.005078897996785314
226,7,328.4665134270239,490.78028963826296,328.47,490.78,0.003486572976100888,-0.00028963826298422646,0.003498582776076839
226,8,659.5250989772237,432.01814493087676,659.53,432.02,0.004901022776266473,0.0018550691232235295,0.005240353585915748
226,9,1080.6808846711338,320.2009288971608,1080.68,320.2,-0.0008846711336900626,-0.0009288971608043539,0.0012827676914137064
226,10,933.3198729607891,394.8476539465463,933.32,394.85,0.00012703921095180704,0.0023460534537207423,0.002349490533889056
226,11,709.7432907848493,510.9561815098316,709.74,510.96,-0.0032907848492413905,0.0038184901683848693,0.0050408463664397265
226,12,433.5109862540812,652.430377520368,433.51,652.43,-0.0009862540812264342,-0.0003775203680334016,0.001056039175890683
226,30,1839.3452614043404,537.601071208566,1839.35,537.6,0.004738595659546263,-0.0010712085660316006,0.004858165972526069
227,0,829.8326646088398,230.41894961710634,829.83,230.42,-0.0026646088397228596,0.0010503828936521131,0.0028641655839015644
227,1,673.2552749671922,287.32843151088343,673.26,287.33,0.0047250328077552695,0.0015684891165506087,0.004978563361362528
227,2,512.3588254447227,346.8430140784602,512.36,346.84,0.0011745552773163581,-0.0030140784602394888,0.00323484915629019
227,3,173.32543108752952,473.98701378516114,173.33,473.99,0.004568912470489295,0.0029862148388701826,0.005458245160019936
227,6,650.8251976917663,358.44731071350196,650.83,358.45,0.0048023082337067535,0.002689286498025467,0.005504037267314762
227,7,327.09988507026793,490.8352172286972,327.1,490.84,0.00011492973209215052,0.004782771302757283,0.00478415198105133
227,8,658.8938242329177,432.01360869815755,658.89,432.01,-0.003824232917736481,-0.0036086981575635946,0.005258085183933611
227,9,1081.0106635033503,319.9006966728706,1081.01,319.9,-0.0006635033503243903,-0.0006966728706174763,0.0009620757686097731
227,10,933.2399047205918,394.6357404599097,933.24,394.64,9.527940824227699e-05,0.004259540090288283,0.004260605584468963
227,11,709.0574680886369,511.2171361323737,709.06,511.22,0.0025319113630075663,0.0028638676263312846,0.0038226055160420643
227,12,432.3832396905609,652.822783140276,432.38,652.82,-0.003239690560917552,-0.0027831402759375123,0.004271002777573882
227,30,1841.5089460532554,537.7008034064245,1841.51,537.7,0.0010539467446051276,-0.0008034064244384354,0.0013252417225897686
228,0,829.6244984566298,229.81421221282974,817.9,232.5,-11.724498456629817,2.6857877871702556,12.02818856259029
228,1,672.6914562253942,286.99632363316255,660.2,290.9,-12.491456225394131,3.9036763668374306,13.087213905485877
228,2,511.519119083542,346.63226055884513,504.1,347.6,-7.419119083542,0.9677394411548903,7.481968163641427
228,3,171.49407331564714,473.9902603388708,149.3,473.1,-22.19407331564713,-0.890260338870803,22.21192143447492
228,6,650.1188982688248,358.08548303512646,648.2,360.5,-1.9188982688247052,2.414516964873542,3.0841632154865914
228,7,325.57491380270096,490.8764129215229,321.4,491.3,-4.174913802700985,0.4235870784771123,4.1963473727798055
228,8,658.1703681746883,432.0102065236182,667.4,434.7,9.229631825311685,2.6897934763817943,9.61358895399592
228,9,1081.5079976275129,319.6755225046529,1081.51,319.68,0.0020023724871407467,0.004477495347089189,0.004904840482672556
228,10,933.1799285404438,394.47680534493225,939.0,396.8,5.820071459556175,2.3231946550677662,6.266615130967896
228,11,708.5431010664777,511.41285209928026,727.2,510.6,18.65689893352237,-0.812852099280235,18.67459788994056
228,12,431.0374297679207,653.367087355207,463.9,651.1,32.86257023207929,-2.267087355206968,32.9406770928359
228,30,1843.8817095399415,537.7756025548183,1840.9,537.4,-2.9817095399414484,-0.3756025548183288,3.005273541587171
229,0,829.4683738424724,229.36065915962232,829.47,229.36,0.0016261575276530493,-0.0006591596223017859,0.001754673676902834
229,1,672.2685921690456,286.7472427248719,672.27,286.75,0.001407830954349265,0.0027572751280899865,0.003095893106683048
229,2,510.6393393126565,346.4741954191338,510.64,346.47,0.0006606873434975569,-0.004195419133793621,0.004247122493413567
229,3,169.62055498673536,473.9926952541531,169.62,473.99,-0.0005549867353522586,-0.0026952541530818053,0.002751800360876798
229,6,649.5891737016186,357.8141122763449,649.59,357.81,0.0008262983814120162,-0.00411227634486977,0.004194470854792007
229,7,324.18118535202575,490.9073096911422,324.18,490.91,-0.0011853520257432137,0.0026903088578364986,0.0029398675438677617
229,8,657.3777761310162,432.0076548927136,657.38,432.01,0.0022238689838331993,0.0023451072863736044,0.0032318913103410326
229,9,1081.8809982206346,319.2566418784897,1081.88,319.26,-0.0009982206345284794,0.0033581215103026807,0.0035033447608187234
229,10,933.1349464053328,394.3576040086992,933.13,394.36,-0.004946405332816539,0.0023959913008297917,0.005496153202938209
229,11,707.9073257998582,511.55963907446016,707.91,511.56,0.002674200141768779,0.0003609255398373534,0.0026984465241214326
229,12,429.5280723259405,654.0253155164053,429.53,654.03,0.0019276740594591502,0.004684483594701305,0.005065601033296778
229,30,1845.911282154956,537.8317019161137,1845.91,537.83,-0.0012821549560158019,-0.0017019161136886396,0.0021308307744325747
230,0,829.3512803818543,228.77049436971674,829.35,228.77,-0.0012803818542579393,-0.0004943697167334449,0.001372508327674592
230,1,671.7014441267843,286.3104320436539,671.7,286.31,-0.0014441267842357774,-0.0004320436539160255,0.001507369857678028
230,2,509.7295044844924,346.35564656435037,509.73,346.36,0.0004955155076231677,0.004353435649647963,0.004381545112619615
230,3,167.96541624005152,473.9945214406148,167.97,473.99,0.004583759948474153,-0.0045214406147806585,0.0064384998639608485
230,6,648.941880276214,357.6105842072586,648.94,357.61,-0.0018802762139102924,-0.0005842072586119684,0.001968943056975426
230,7,322.8858890140193,490.9304822683566,322.89,490.93,0.004110985980673831,-0.0004822683566203523,0.0041391772734559315
230,8,656.5333320982621,432.0057411695352,656.53,432.01,-0.0033320982621489748,0.00425883046477793,0.0054074500234710275
230,9,1082.160748665476,318.94248140886725,1082.16,318.94,-0.0007486654758395161,-0.002481408867254231,0.0025918892648417553
230,10,933.1012098039996,394.2682030065244,933.1,394.27,-0.0012098039995862564,0.0017969934755797112,0.002166289747169328
230,11,707.1804943498937,511.6697293058451,707.18,511.67,-0.0004943498937564073,0.0002706941548922259,0.0005636108080491249
230,12,428.1460542444554,654.5189866373039,428.15,654.52,0.003945755544577878,0.001013362696085096,0.004073805441032245
230,30,1847.683461616217,538.1237764370853,1847.68,538.12,-0.0034616162170095777,-0.0037764370853210494,0.005122915565696144
231,0,829.2634602863907,228.32787077728756,818.2,231.4,-11.063460286390637,3.072129222712448,11.482078708560858
231,1,671.2760830950882,285.98282403274044,659.2,289.3,-12.076083095088165,3.3171759672595726,12.523395678378874
231,2,508.7971283633693,346.0167349232628,500.0,347.6,-8.797128363369325,1.5832650767372343,8.938467192131592
231,3,166.47406218003863,473.9958910804611,143.3,474.0,-23.174062180038618,0.004108919538907685,23.17406254430837
231,6,648.4564102071605,357.45793815544397,647.2,359.5,-1.2564102071604566,2.042061844556031,2.39762031724136
231,7,321.4144167605145,490.94786170126747,318.0,492.7,-3.4144167605144844,1.7521382987325183,3.837737671124423
231,8,655.8999990736966,432.0043058771514,664.5,435.0,8.600000926303437,2.9956941228485903,9.106821575615148
231,9,1082.620561499107,318.70686105665044,1082.6,320.6,-0.02056149910708882,1.8931389433495838,1.893250599913363
231,10,933.0759073529997,394.2011522548933,940.6,397.2,7.524092647000316,2.998847745106673,8.099694929994314
231,11,706.3853707624203,512.0022969793838,725.3,511.5,18.914629237579675,-0.5022969793838001,18.921297562551093
231,12,426.85954068334155,654.8892399779779,462.1,654.0,35.24045931665847,-0.8892399779779225,35.25167684788193
231,30,1849.5125962121629,538.342832327814,1844.8,538.3,-4.712596212162907,-0.04283232781403967,4.712790857570295
232,0,829.197595214793,227.99590308296567,829.2,228.0,0.002404785207090754,0.004096917034331682,0.004750549555413523
232,1,670.9570623213161,285.73711802455534,670.96,285.74,0.002937678683906597,0.0028819754446658408,0.00411530539735948
232,2,508.097846272527,345.76255119244706,508.1,345.76,0.0021537274730007994,-0.002551192447072026,0.0033387310358811116
232,3,164.855546635029,473.9969183103458,164.86,474.0,0.00445336497102744,0.0030816896542091854,0.005415650532487687
232,6,647.8423076553704,357.34345361658296,647.84,357.34,-0.0023076553703731406,-0.0034536165829877064,0.004153641873187875
232,7,320.06081257038585,490.96089627595063,320.06,490.96,-0.0008125703858468114,-0.0008962759506516704,0.0012097856056639917
232,8,655.1749993052724,432.00322940786356,655.17,432.0,-0.0049993052724630616,-0.0032294078635572987,0.005951649213157869
232,9,1082.9654211243303,318.5301457924878,1082.97,318.53,0.004578875669722038,-0.00014579248784230003,0.004581196115457587
232,10,933.0569305147498,394.15086419117,933.06,394.15,0.003069485250193793,-0.000864191170023787,0.003188818916072898
232,11,705.7890280718152,512.2517227345379,705.79,512.25,0.0009719281847537786,-0.0017227345379069448,0.0019779936007015366
232,12,425.3946555125062,655.1669299834834,425.39,655.17,-0.004655512506190007,0.003070016516517171,0.0055766296368846115
232,30,1851.3844471591221,538.5071242458605,1851.38,538.51,-0.004447159122037192,0.002875754139495257,0.0052959594152091755
233,0,829.1481964110947,227.74692731222424,829.15,227.75,0.0018035889053180654,0.003072687775755867,0.00356291216656627
233,1,670.7177967409871,285.5528385184165,670.72,285.55,0.0022032590129583696,-0.0028385184164676502,0.003593262734452952
233,2,507.57338470439527,345.8219133943353,507.57,345.82,-0.0033847043952732747,-0.0019133943353040195,0.003888097442934749
233,3,163.89165997627174,473.99768873275934,163.89,474.0,-0.001659976271753294,0.002311267240656889,0.002845606698143241
233,6,647.3817307415278,357.2575902124372,647.38,357.26,-0.0017307415278082772,0.0024097875627830945,0.0029669078741720676
233,7,319.2956094277894,490.97067220696294,319.3,490.97,0.004390572210638766,-0.0006722069629176985,0.0044417323802575515
233,8,654.8812494789543,432.0024220558977,654.88,432.0,-0.0012494789542643048,-0.002422055897682185,0.002725353633686182
233,9,1083.2240658432477,318.39760934436583,1083.22,318.4,-0.004065843247644807,0.002390655634144423,0.004716600012242435
233,10,933.0426978860623,394.1131481433775,933.04,394.11,-0.0026978860623785295,-0.003148143377472934,0.004146009639485058
233,11,705.3417710538614,512.4387920509034,705.34,512.44,-0.0017710538613755489,0.0012079490966243611,0.0021437753613494236
233,12,424.5459916343796,655.6251974876126,424.55,655.63,0.004008365620393306,0.004802512387414026,0.00625548720548737
233,30,1852.7883353693417,538.6303431843953,1852.79,538.63,0.0016646306582970283,-0.00034318439531944023,0.0016996384197037813
234,0,829.361147308321,227.5601954841682,829.36,227.56,-0.001147308321037599,-0.00019548416818793157,0.0011638429634337451
234,1,670.5383475557403,285.41462888881233,670.54,285.41,0.0016524442596619338,-0.004628888812305831,0.0049149957953165905
234,2,507.18003852829645,345.8664350457515,507.18,345.87,-3.852829644301892e-05,0.0035649542485316488,0.0035651624400229866
234,6,647.2862980561458,357.1931926593279,647.29,357.19,0.0037019438541392446,-0.0031926593279081317,0.004888503030916328
234,7,318.47170707084206,491.2280041552222,318.47,491.23,-0.0017070708420305891,0.0019958447778094524,0.002626306767462683
234,8,654.4109371092156,432.2518165419233,654.41,432.25,-0.0009371092156698069,-0.0018165419232900604,0.0020440152252768646
234,9,1083.6680493824358,318.2982070082744,1083.67,318.3,0.0019506175642618473,0.0017929917256083172,0.0026494769691595196
234,10,933.2820234145468,394.08486110753313,933.28,394.08,-0.002023414546783897,-0.004861107533145059,0.005265412887603054
234,11,705.006328290396,512.5790940381776,705.01,512.58,0.003671709603963791,0.0009059618224682708,0.003781827367769445
234,12,423.4094937257847,656.2188981157094,423.41,656.22,0.0005062742152972532,0.0011018842906196369,0.0012126263113544874
234,30,1854.0912515270063,538.9727573882965,1854.09,538.97,-0.001251527006388642,-0.0027573882964588847,0.003028119889497202
235,0,829.5208604812408,227.42014661312615,829.52,227.42,-0.0008604812408066209,-0.00014661312616226496,0.0008728822226069071
235,1,670.4037606668053,285.31097166660925,670.4,285.31,-0.0037606668053058456,-0.0009716666092458581,0.003884166682835923
235,2,506.63502889622237,345.8998262843136,506.64,345.9,0.004971103777620556,0.00017371568640101032,0.004974138107006593
235,6,646.9647235421094,357.14489449449593,646.96,357.14,-0.004723542109331902,-0.004894494495943036,0.006802053103986203
235,7,317.60378030313154,491.42100311641667,317.6,491.42,-0.003780303131520668,-0.0010031164166548479,0.003911129544204261
235,8,654.0582028319118,432.43886240644247,654.06,432.44,0.001797168088160106,0.001137593557530181,0.0021269537463788966
235,9,1084.0010370368268,318.2236552562058,1084.0,318.22,-0.0010370368268013408,-0.0036552562057750038,0.003799518826114548
235,10,933.2115175609101,394.3136458306499,933.21,394.31,-0.0015175609100879228,-0.0036458306498730053,0.0039490596657154094
235,11,704.504746217797,512.6843205286332,704.5,512.68,-0.004746217796991914,-0.0043205286332295145,0.006418220239835875
235,12,422.5571202943386,656.414173586782,422.56,656.41,0.0028797056614280336,-0.004173586782030725,0.0050706539345139945
235,30,1855.0684386452547,539.2295680412224,1855.07,539.23,0.0015613547452630883,0.0004319587776535627,0.0016200052549752804
236,0,829.3906453609306,227.31510995984462,829.39,227.32,-0.0006453609306618091,0.004890040155373754,0.004932441935998076
236,1,670.052820500104,285.23322874995694,670.05,285.23,-0.002820500104007806,-0.003228749956917909,0.004287195717599728
236,2,506.2262716721668,345.9248697132352,506.23,345.92,0.0037283278332438385,-0.004869713235166273,0.006133069005391531
236,6,646.723542656582,357.10867087087195,646.72,357.11,-0.0035426565819989264,0.0013291291280665973,0.003783781164001876
236,7,316.95283522734866,491.5657523373125,316.95,491.57,-0.002835227348668923,0.004247662687475895,0.005106970963811636
236,8,653.7936521239338,432.57914680483185,653.79,432.58,-0.003652123933875373,0.0008531951681334249,0.0037504601348783266
236,9,1084.25077777762,318.16774144215435,1084.25,318.17,-0.0007777776199873188,0.0022585578456641997,0.002388728023104441
236,10,933.1586381706826,394.4852343729874,933.16,394.49,0.0013618293173749407,0.004765627012602636,0.0049563877887943576
236,11,704.1285596633477,513.0132403964749,704.13,513.01,0.0014403366523083605,-0.003240396474893714,0.003546087842466182
236,12,421.91784022075393,656.8106301900865,421.92,656.81,0.002159779246085236,-0.0006301900865537391,0.0022498413137399535
236,30,1856.051328983941,539.4221760309167,1856.05,539.42,-0.0013289839409935666,-0.0021760309167575542,0.0025497664336373077
237,0,829.292984020698,227.23633246988345,829.29,227.24,-0.002984020698022505,0.003667530116558737,0.004728124012977246
237,1,669.789615375078,285.1749215624677,669.79,285.17,0.0003846249219350284,-0.004921562467700369,0.004936568996180492
237,2,505.91970375412507,345.9436522849264,505.92,345.94,0.0002962458749493635,-0.003652284926374705,0.00366427984764379
237,6,646.2926569924365,357.08150315315396,646.29,357.08,-0.0026569924365276165,-0.0015031531539762,0.0030527165299243813
237,7,316.4646264205115,491.6743142529844,316.46,491.67,-0.004626420511499418,-0.004314252984386258,0.006325863226667825
237,8,653.5952390929504,432.6843601036239,653.6,432.68,0.004760907049671914,-0.004360103623866962,0.006455752438443837
237,9,1084.438083333215,318.3758060816158,1084.44,318.38,0.0019166667850640806,0.0041939183842032435,0.004611134673627069
237,10,933.118978628012,394.61392577974055,933.12,394.61,0.0010213719880312055,-0.003925779740541202,0.004056469808735
237,11,704.0964197475107,513.2599302973562,704.1,513.26,0.0035802524893142618,6.970264382744062e-05,0.003580930932843791
237,12,421.68838016556543,656.8579726425648,421.69,656.86,0.001619834434563927,0.002027357435167687,0.002595003230311812
237,30,1856.7884967379557,539.5666320231876,1856.79,539.57,0.0015032620442525513,0.0033679768124557086,0.0036882332603740877
238,0,829.2197380155235,227.4272493524126,818.5,233.0,-10.71973801552349,5.572750647587412,12.081735508677774
238,1,669.5922115313085,285.3811911718508,658.7,289.6,-10.892211531308476,4.2188088281492355,11.680694327446432
238,2,505.6897778155938,345.95773921369477,498.1,348.9,-7.589777815593777,2.942260786305212,8.140124435456059
238,6,646.2194927443273,357.31112736486546,646.2,360.4,-0.01949274432729453,3.0888726351345213,3.088934140308642
238,7,316.0984698153836,491.7557356897383,315.2,492.9,-0.8984698153836348,1.1442643102616898,1.4548501025515184
238,8,653.4464293197127,432.7632700777179,664.2,435.7,10.75357068028734,2.9367299222820975,11.147361347528056
238,9,1084.5785624999112,318.53185456121184,1084.6,321.1,0.021437500088723027,2.5681454387881786,2.568234911603411
238,10,933.339233971009,394.7104443348054,939.4,397.7,6.060766028990997,2.9895556651945867,6.757982534267779
238,11,704.0723148106331,513.4449477230171,722.1,513.4,18.027685189366935,-0.044947723017116914,18.027741222480547
238,12,421.5162851241741,657.1434794819236,460.6,655.4,39.08371487582593,-1.7434794819236004,39.12258285439173
238,30,1857.0913725534667,539.6749740173907,1847.2,539.7,-9.891372553466681,0.02502598260934974,9.891404212308762
239,0,828.9148035116426,227.57043701430945,828.91,227.57,-0.004803511642649028,-0.00043701430945475295,0.004823350039934172
239,1,669.4441586484813,285.5358933788881,669.44,285.54,-0.00415864848127967,0.004106621111930053,0.0058445439640573615
239,2,505.26733336169536,345.96830441027106,505.27,345.97,0.0026666383046176634,0.0016955897289676614,0.0031600608185025163
239,6,645.9146195582455,357.48334552364906,645.91,357.48,-0.004619558245508415,-0.00334552364904539,0.005703757259032573
239,7,315.8238523615377,491.81680176730373,315.82,491.82,-0.0038523615377243914,0.0031982326962634033,0.005006933372513211
239,8,653.3348219897846,432.82245255828843,653.33,432.82,-0.004821989784545622,-0.002452558288439377,0.005409863920696621
239,9,1084.4339218749333,318.6488909209089,1084.43,318.65,-0.003921874933212166,0.0011090790910657233,0.0040756790136119775
239,10,933.2544254782567,394.7828332511041,933.25,394.78,-0.004425478256735005,-0.0028332511041071484,0.005254728310746301
239,11,704.0542361079748,513.5837107922628,704.05,513.58,-0.004236107974861625,-0.0037107922627228618,0.005631570828087853
239,12,421.38721384313055,657.3576096114427,421.39,657.36,0.0027861568694333982,0.0023903885572735817,0.0036710526495591683
239,30,1857.5685294151,539.756230513043,1857.57,539.76,0.0014705848998346482,0.003769486957025947,0.004046189796192266
240,0,828.9361026337319,227.6778277607321,828.94,227.68,0.003897366268120095,0.0021722392679066616,0.004461847965239966
240,1,669.333118986361,285.6519200341661,669.33,285.65,-0.0031189863609597523,-0.0019200341661189668,0.003662595680513632
240,2,504.9505000212715,346.2262283077033,504.95,346.23,-0.0005000212715344787,0.0037716922967092614,0.003804692372984042
240,6,645.6859646686842,357.6125091427368,645.69,357.61,0.004035331315890289,-0.002509142736812464,0.004751809771308569
240,7,315.3678892711533,491.8626013254778,315.37,491.86,0.0021107288467305807,-0.0026013254777694783,0.00334993589576177
240,8,653.2511164923385,433.1168394187163,653.25,433.12,-0.0011164923384967551,0.0031605812836801306,0.0033519888413703135
240,9,1084.5754414061998,318.9866681906817,1084.58,318.99,0.004558593800084054,0.0033318093182970188,0.005646390950656501
240,10,933.4408191086925,395.0871249383281,933.44,395.09,-0.0008191086924398405,0.0028750616718866695,0.002989467957209489
240,11,704.0406770809811,513.6877830941971,704.04,513.69,-0.0006770809811769141,0.0022169058029248845,0.002317996978883605
240,12,421.0404103823479,657.518207208582,421.04,657.52,-0.00041038234786583416,0.001792791417983608,0.001839161422995695
240,30,1858.1763970613251,540.0671728847822,1858.18,540.07,0.003602938674930556,0.002827115217883147,0.0045797104221224315
241,0,828.952076975299,227.7583708205491,828.95,227.76,-0.0020769752989053814,0.0016291794509015745,0.0026397068162019536
241,1,669.2498392397707,285.7389400256246,669.25,285.74,0.000160760229277912,0.0010599743754369229,0.001072095857608069
241,2,504.7128750159536,346.41967123077745,504.71,346.42,-0.0028750159536343745,0.0003287692225626415,0.0028937529153949225
241,6,645.5144735015131,357.7093818570526,645.51,357.71,-0.004473501513075462,0.0006181429473599565,0.004516006697388668
241,7,315.27591695336497,492.14695099410835,315.28,492.15,0.004083046635003029,0.0030490058916257112,0.005095851916095861
241,8,653.1883373692539,433.33762956403723,653.19,433.34,0.0016626307461820033,0.002370435962745887,0.0028953942135102684
241,9,1084.68158105465,319.2400011430113,1084.68,319.24,-0.0015810546499324118,-1.1430112749621912e-06,0.0015810550630979542
241,10,933.5806143315194,395.31534370374607,933.58,395.32,-0.0006143315193867238,0.004656296253926939,0.004696647529892578
241,11,704.0305078107358,513.7658373206478,704.03,513.77,-0.0005078107358258421,0.004162679352134546,0.004193539213135758
241,12,421.0303077867609,657.6386554064366,421.03,657.64,-0.0003077867609135865,0.0013445935634308626,0.001379371067194532
241,30,1858.382297795994,540.3003796635867,1858.38,540.3,-0.002297795993854379,-0.00037966358672747447,0.002328950593821175
242,0,828.9640577314742,227.81877811541182,828.96,227.82,-0.004057731474176762,0.0012218845881761808,0.004237710073063895
242,1,669.1873794298281,286.05420501921844,669.19,286.05,0.002620570171984582,-0.004205019218431971,0.004954752733858424
242,2,504.7846562619652,346.56475342308306,504.78,346.56,-0.004656261965237718,-0.0047534230830592605,0.006654006800077682
242,6,645.6358551261349,357.78203639278945,645.64,357.78,0.004144873865129739,-0.002036392789477759,0.004618102960185335
242,7,315.20693771502374,492.36021324558124,315.21,492.36,0.003062284976238061,-0.00021324558122159942,0.003069700792195207
242,8,653.1412530269404,433.5032221730279,653.14,433.5,-0.0012530269403896455,-0.0032221730278934047,0.0034572352443861826
242,9,1084.7611857909874,319.43000085725845,1084.76,319.43,-0.0011857909873924655,-8.572584420107887e-07,0.001185791297266612
242,10,933.6854607486396,395.48650777780955,933.69,395.49,0.004539251360483831,0.0034922221904594153,0.00572716498288564
242,11,704.0228808580518,513.8243779904859,704.02,513.82,-0.002880858051867108,-0.004377990485863847,0.005240815185571985
242,12,421.02273084007066,657.7289915548274,421.02,657.73,-0.002730840070682916,0.0010084451726015686,0.0029110907161733865
242,30,1858.7867233469956,540.47528474769,1858.79,540.48,0.0032766530043772946,0.00471525231000669,0.005741956048083107
243,0,828.9730432986057,228.11408358655888,828.97,228.11,-0.003043298605689415,-0.004083586558863317,0.005092872037182977
243,1,669.390534572371,286.29065376441383,669.39,286.29,-0.0005345723710661332,-0.0006537644138120413,0.0008444972046574634
243,2,505.0884921964739,346.6735650673123,505.09,346.67,0.001507803526067164,-0.0035650673123086563,0.0038708108213282963
243,6,645.7268913446012,357.8365272945921,645.73,357.84,0.0031086553988188825,0.0034727054078871333,0.004660839113139857
243,7,315.4052032862678,492.5201599341859,315.41,492.52,0.004796713732218905,-0.00015993418594462128,0.0047993792903552835
243,8,653.1059397702053,433.6274166297709,653.11,433.63,0.00406022979473164,0.0025833702291038207,0.004812407684999938
243,9,1084.8208893432407,319.57250064294385,1084.82,319.57,-0.0008893432407148794,-0.002500642943857656,0.0026540811088718312
243,10,933.7640955614797,395.6148808333572,933.76,395.61,-0.004095561479743992,-0.004880833357162828,0.006371511445077703
243,11,704.0171606435389,514.1182834928644,704.02,514.12,0.0028393564610951216,0.001716507135597567,0.0033178821346937534
243,12,421.017048130053,658.0467436661206,421.02,658.05,0.0029518699469690546,0.003256333879335216,0.004395138964529498
243,30,1858.8400425102468,540.6064635607675,1858.84,540.61,-4.2510246885285596e-05,0.003536439232561861,0.00353669472342369
244,0,828.9797824739543,228.33556268991916,828.98,228.34,0.00021752604573066492,0.004437310080845691,0.004442638667970423
244,1,669.5429009292783,286.46799032331035,669.54,286.47,-0.002900929278325748,0.002009676689681328,0.003529049599381687
244,2,505.06636914735543,346.7551738004843,505.07,346.76,0.00363085264456231,0.004826199515719054,0.0060394778492889566
244,6,645.7951685084508,358.12739547094407,645.8,358.13,0.004831491549111888,0.002604529055929561,0.005488796060368878
244,7,315.30390246470085,492.6401199506395,315.3,492.64,-0.003902464700843211,-0.00011995063948688767,0.003904307735980939
244,8,653.079454827654,433.7205624723282,653.08,433.72,0.0005451723460510038,-0.0005624723281698607,0.0007833185857973619
244,9,1084.8656670074306,319.6793754822079,1084.87,319.68,0.004332992569288763,0.0006245177921186951,0.004377767362273199
244,10,933.8230716711098,395.7111606250179,933.82,395.71,-0.0030716711097511507,-0.0011606250179170274,0.003283628151708833
244,11,704.0128704826542,514.3387126196483,704.01,514.34,-0.002870482654202533,0.0012873803517550186,0.0031459527711271344
244,12,421.0127860975398,658.2850577495905,421.01,658.29,-0.0027860975397970833,0.004942250409499138,0.00567346266502722
244,30,1858.8800318826852,540.7048476705756,1858.88,540.7,-3.188268510712078e-05,-0.004847670575600205,0.004847775419215463
245,0,828.9848368554657,228.50167201743938,828.98,228.5,-0.004836855465669032,-0.001672017439375395,0.005117696074734005
245,1,669.4071756969587,286.60099274248273,669.41,286.6,0.0028243030412795633,-0.0009927424827083087,0.0029936975976131673
245,2,505.04977686051654,346.8163803503632,505.05,346.82,0.00022313948346663892,0.0036196496367892905,0.003626521021887313
245,6,645.8463763813381,358.34554660320805,645.85,358.35,0.0036236186618907595,0.004453396791973319,0.005741372239592311
245,7,315.2279268485256,492.7300899629796,315.23,492.73,0.0020731514744056767,-8.996297958674404e-05,0.0020751024971134694
245,8,653.0595911207405,433.7904218542461,653.06,433.79,0.00040887925945298775,-0.0004218542460989738,0.0005874889392682702
245,9,1084.899250255573,319.7595316116559,1084.9,319.76,0.0007497444271393761,0.00046838834407481045,0.0008840273451040381
245,10,933.8673037533324,395.78337046876345,933.87,395.78,0.0026962466675968244,-0.0033704687634781294,0.004316225871998449
245,11,704.0096528619906,514.5040344647362,704.01,514.5,0.0003471380093742482,-0.004034464736150767,0.004049371618510259
245,12,420.7595895731548,658.4637933121928,420.76,658.46,0.0004104268451783355,-0.00379331219278356,0.003815451164300686
245,30,1859.160023912014,540.7786357529317,1859.16,540.78,-2.3912013830340584e-05,0.001364247068295299,0.001364456612632934
246,0,828.7386276415992,228.62625401307952,828.74,228.63,0.0013723584007721001,0.003745986920478117,0.003989459310302949
246,1,669.055381772719,286.70074455686205,669.06,286.7,0.004618227280957399,-0.0007445568620596532,0.004677861492115739
246,2,504.78733264538744,346.8622852627724,504.79,346.86,0.0026673546125834946,-0.002285262772375063,0.0035124359877546246
246,6,645.6347822860037,358.50915995240604,645.63,358.51,-0.004782286003660374,0.000840047593953841,0.004855506089061525
246,7,314.9209451363942,492.79756747223473,314.92,492.8,-0.0009451363941934687,0.0024325277652792465,0.0026096885125400458
246,8,652.7946933405553,433.84281639068456,652.79,433.84,-0.00469334055537729,-0.0028163906845861675,0.005473527387067041
246,9,1084.6744376916797,319.81964870874197,1084.67,319.82,-0.0044376916796409205,0.0003512912580276861,0.0044515742149851805
246,10,933.6504778149992,395.8375278515726,933.65,395.84,-0.00047781499927168625,0.0024721484273868555,0.0025179009155565086
246,11,703.757239646493,514.6280258485522,703.76,514.63,0.0027603535070284124,0.001974151447825534,0.003393644858071585
246,12,420.56969217986614,658.5978449841446,420.57,658.6,0.0003078201338553299,0.002155015855464626,0.0021768891961031563
246,30,1859.3700179340103,540.8339768146988,1859.37,540.83,-1.7934010429598857e-05,-0.003976814698717135,0.003976855136494507
247,0,828.5539707311995,228.71969050980965,828.55,228.72,-0.0039707311995016425,0.0003094901903466507,0.003982774213612486
247,1,668.7915363295392,286.77555841764655,668.79,286.78,-0.0015363295392489817,0.004441582353422291,0.004699783213660103
247,2,504.5904994840406,347.1467139470793,504.59,347.15,-0.0004994840406311596,0.003286052920657312,0.0033237972417410905
247,6,645.4760867145028,358.63186996430454,645.48,358.63,0.003913285497219476,-0.0018699643045465564,0.0043371153873313735
247,7,314.69070885229564,493.09817560417605,314.69,493.1,-0.0007088522956451015,0.0018243958239736457,0.0019572663844182802
247,8,652.5960200054164,434.1321122930134,652.6,434.13,0.003979994583573898,-0.002112293013396993,0.004505789460208202
247,9,1084.7558282687598,319.86473653155645,1084.76,319.86,0.004171731240148802,-0.004736531556432055,0.0063117408632729945
247,10,933.4878583612494,396.12814588867946,933.49,396.13,0.0021416387505723833,0.0018541113205401416,0.0028327275419475742
247,11,703.5679297348697,514.7210193864141,703.57,514.72,0.0020702651303281527,-0.001019386414100154,0.0023076278666857475
247,12,420.4272691348996,658.6983837381084,420.43,658.7,0.0027308651004318563,0.0016162618916268912,0.003173314780963595
247,30,1859.5275134505077,540.875482611024,1859.53,540.88,0.0024865494922323705,0.004517388975955328,0.005156523202449862
248,0,828.4154780483996,228.78976788235724,828.42,228.79,0.004521951600395369,0.0002321176427528826,0.00452790513111697
248,1,668.8436522471544,286.8316688132349,668.84,286.83,-0.003652247154377619,-0.0016688132349145235,0.004015451019460366
248,2,504.4428746130304,347.1100354603095,504.44,347.11,-0.0028746130304284634,-3.546030950474233e-05,0.002874831735642851
248,6,645.3570650358771,358.7239024732284,645.36,358.72,0.0029349641229146073,-0.003902473228379222,0.004882961365914383
248,7,314.7680316392217,493.07363170313204,314.77,493.07,0.001968360778278111,-0.00363170313204364,0.004130824589928649
248,8,652.6970150040623,434.09908421976,652.7,434.1,0.0029849959377088453,0.0009157802400068249,0.0031223155183493652
248,9,1084.81687120157,319.89855239866733,1084.82,319.9,0.0031287984299979144,0.0014476013326429893,0.003447452571657393
248,10,933.6158937709371,396.3461094165096,933.62,396.35,0.004106229062927014,0.003890583490431254,0.005656655992124914
248,11,703.6759473011523,514.7907645398107,703.68,514.79,0.004052698847658576,-0.0007645398106888024,0.004124183443051632
248,12,420.82045185117465,658.7737878035813,420.82,658.77,-0.0004518511746596232,-0.003787803581303706,0.003814659284205925
248,30,1859.3956350878807,540.9066119582681,1859.4,540.91,0.004364912119399378,0.0033880417319096523,0.0055255121561029
249,0,828.3116085362997,228.84232591176794,828.31,228.84,-0.0016085362997273478,-0.0023259117679401697,0.0028279417567876313
249,1,668.8827391853658,286.87375160992616,668.88,286.87,-0.002739185365840058,-0.003751609926155197,0.004645181751714193
249,2,504.3321559597728,347.08252659523214,504.33,347.08,-0.0021559597728355584,-0.0025265952321547047,0.00332142228709811
249,6,645.2677987769079,358.7929268549213,645.27,358.79,0.002201223092129112,-0.0029268549212702055,0.0036622210243902635
249,7,314.8260237294163,493.05522377734906,314.83,493.06,0.003976270583677888,0.004776222650946238,0.006214743000803331
249,8,652.7727612530467,434.07431316482,652.77,434.07,-0.0027612530467422403,-0.0043131648200187556,0.005121319083282228
249,9,1084.8626534011773,319.9239142990005,1084.86,319.92,-0.0026534011774401733,-0.003914299000484789,0.0047288766608611305
249,10,933.7119203282028,396.5095820623822,933.71,396.51,-0.0019203282028001922,0.0004179376177830818,0.0019652817250531826
249,11,703.7569604758642,514.8430734048579,703.76,514.84,0.003039524135829197,-0.0030734048579006412,0.004322559935137451
249,12,420.86533888838096,658.8303408526859,420.87,658.83,0.004661111619043368,-0.000340852685894788,0.00467355775385977
249,30,1859.5467263159105,540.929958968701,1859.55,540.93,0.0032736840894358465,4.103129890609125e-05,0.003273941215861294
250,0,828.2337064022247,228.88174443382596,828.23,228.88,-0.0037064022246795503,-0.0017444338259622327,0.004096396809913653
250,1,668.9120543890244,286.90531370744463,668.91,286.91,-0.0020543890244653085,0.004686292555390992,0.0051168205145926855
250,2,504.24911696982963,347.0618949464241,504.25,347.06,0.0008830301703710575,-0.0018949464241018177,0.002090589446065823
250,6,645.2008490826809,358.844695141191,645.2,358.84,-0.0008490826808156271,-0.004695141191007224,0.0047712987961721475
250,7,314.86951779706226,493.0414178330118,314.87,493.04,0.0004822029377464787,-0.0014178330117715632,0.0014975881017290956
250,8,652.8295709397851,434.055734873615,652.83,434.06,0.0004290602149694678,0.004265126385007534,0.004286653210624471
250,9,1084.896990050883,319.9429357242504,1084.9,319.94,0.0030099491170858528,-0.0029357242503920133,0.004204553550828632
250,10,933.7839402461522,396.38218654678667,933.78,396.38,-0.0039402461521831356,-0.0021865467866746258,0.004506276355275066
250,11,703.8177203568981,514.8823050536434,703.82,514.88,0.002279643101928741,-0.0023050536434539026,0.003241919951413268
250,12,421.14900416628575,658.8727556395145,421.15,658.87,0.000995833714227956,-0.0027556395144756607,0.0029300569824037043
250,30,1859.6600447369328,540.9474692265258,1859.66,540.95,-4.47369327503111e-05,0.0025307734742909815,0.002531168854763892
251,0,827.6752798016685,228.91130832536948,827.68,228.91,0.004720198331483516,-0.00130832536947878,0.0048981616511668494
251,1,668.4340407917683,286.92898528058345,668.43,286.93,-0.004040791768375129,0.0010147194165597284,0.004166251745839601
251,2,503.9368377273722,347.04642120981805,503.94,347.05,0.0031622726277760194,0.003578790181961722,0.004775741548585629
251,6,644.9006368120106,358.8835213558932,644.9,358.88,-0.0006368120106117203,-0.0035213558932127853,0.0035784740970871585
251,7,314.9021383477967,493.03106337475884,314.9,493.03,-0.0021383477967447106,-0.001063374758871305,0.002388157695305644
251,8,652.6221782048387,434.04180115521126,652.62,434.04,-0.0021782048387422037,-0.0018011552112398022,0.0028264352839745413
251,9,1084.6727425381623,319.9572017931878,1084.67,319.96,-0.0027425381622379064,0.0027982068122014425,0.003918096085496352
251,10,933.5879551846141,396.28663991009,933.59,396.29,0.002044815385943366,0.003360089910017905,0.003933379484107127
251,11,703.6132902676736,514.9117287902326,703.61,514.91,-0.00329026767360574,-0.0017287902326188487,0.003716796608959557
251,12,421.3617531247143,658.6545667296359,421.36,658.65,-0.0017531247142983375,-0.004566729635939737,0.004891673111692349
251,30,1859.2450335526996,540.9606019198943,1859.25,540.96,0.004966447300375876,-0.0006019198942794901,0.005002789856324195
252,0,827.2564598512513,228.68348124402712,817.4,233.5,-9.856459851251316,4.816518755972879,10.970353400231355
252,1,668.0755305938262,286.9467389604376,657.9,290.8,-10.175530593826238,3.853261039562426,10.880672934377886
252,2,503.70262829552917,347.0348159073635,498.0,348.2,-5.702628295529166,1.1651840926364798,5.820448732417715
252,6,644.6754776090079,358.9126410169199,643.2,362.5,-1.4754776090078394,3.587358983080094,3.878940402760648
252,7,314.92660376084757,493.02329753106915,314.9,494.3,-0.02660376084759264,1.2767024689308641,1.2769796217110907
252,8,652.4666336536291,434.03135086640845,662.8,436.1,10.333366346370894,2.0686491335915775,10.538395005228251
252,9,1084.2545569036217,319.96790134489083,1082.5,322.9,-1.754556903621733,2.9320986551091437,3.4169683128966137
252,10,933.4409663884605,396.21497993256753,939.1,400.5,5.659033611539485,4.28502006743247,7.098313771229939
252,11,703.4599677007552,514.9337965926744,724.1,514.0,20.640032299244808,-0.9337965926744118,20.661144919639842
252,12,421.5213148435357,658.4909250472269,460.6,657.1,39.0786851564643,-1.390925047226915,39.10343087307131
252,30,1858.6837751645248,540.9704514399207,1846.3,541.8,-12.383775164524877,0.8295485600792745,12.411528436861946
253,0,827.1923448884385,228.51261093302034,827.19,228.51,-0.0023448884384151825,-0.0026109330203496484,0.00350934082490791
253,1,667.8066479453696,286.9600542203282,667.81,286.96,0.0033520546303407173,-5.422032819524247e-05,0.003352493115396099
253,2,503.5269712216469,347.02611193052263,503.53,347.03,0.003028778353098005,0.003888069477341105,0.004928547714370492
253,6,644.5066082067559,358.93448076268993,644.51,358.93,0.0033917932440772347,-0.004480762689922813,0.005619741603843748
253,7,314.69495282063565,493.01747314830186,314.69,493.02,-0.004952820635651278,0.0025268516981213907,0.005560162925061826
253,8,652.3499752402217,434.0235131498063,652.35,434.02,2.475977828453324e-05,-0.0035131498063378785,0.0035132370555361865
253,9,1084.1909176777162,319.9759260086681,1084.19,319.98,-0.0009176777161883365,0.004073991331893012,0.004176067260369263
253,10,933.3307247913453,396.16123494942565,933.33,396.16,-0.0007247913453056753,-0.0012349494256227445,0.0014319296693888137
253,11,703.5949757755664,514.9503474445058,703.59,514.95,-0.004975775566322227,-0.0003474445057918274,0.0049878913551734665
253,12,421.6409861326518,658.6181937854202,421.64,658.62,-0.000986132651803473,0.0018062145798012352,0.0020578796649074267
253,30,1858.2628313733935,540.9778385799405,1858.26,540.98,-0.002831373393519243,0.002161420059564989,0.0035620797250228127
254,0,827.1442586663288,228.38445819976525,827.14,228.38,-0.004258666328837535,-0.004458199765252857,0.006165369741327376
254,1,667.6049859590272,286.97004066524613,667.6,286.97,-0.004985959027180797,-4.066524610379929e-05,0.004986124856335466
254,2,503.39522841623517,347.019583947892,503.4,347.02,0.004771583764807019,0.0004160521079938917,0.00478968798369331
254,6,644.3799561550669,358.95086057201746,644.38,358.95,4.3844933088621474e-05,-0.0008605720174728049,0.0008616882124148846
254,7,314.77121461547677,493.0131048612264,314.77,493.01,-0.001214615476783365,-0.0031048612264044095,0.003333984701775216
254,8,652.2624814301663,434.0176348623547,652.26,434.02,-0.002481430166312748,0.0023651376452562545,0.003428027384851996
254,9,1083.8931882582872,319.9819445065011,1083.89,319.98,-0.003188258287082135,-0.0019445065011041152,0.0037344472734240175
254,10,933.248043593509,396.1209262120692,933.25,396.12,0.001956406490990048,-0.0009262120692028475,0.0021645773617787406
254,11,703.6962318316748,514.9627605833793,703.7,514.96,0.003768168325223087,-0.002760583379313175,0.004671178986225502
254,12,421.73073959948886,658.7136453390651,421.73,658.71,-0.0007395994888383939,-0.0036453390650876827,0.0037196107730976843
254,30,1857.6971235300452,540.9833789349553,1857.7,540.98,0.0028764699547991768,-0.0033789349553217107,0.0044374858685022655
255,0,826.8581939997466,228.28834364982393,817.3,232.4,-9.558193999746663,4.111656350176077,10.405036784112605
255,1,667.2037394692704,286.7275304989346,657.9,291.4,-9.303739469270454,4.672469501065393,10.411125748469622
255,2,503.0464213121764,347.014687960919,495.0,349.7,-8.046421312176392,2.6853120390809977,8.482676268742065
255,3,162.1687449822038,474.4982665495695,138.0,476.3,-24.168744982203805,1.801733450430504,24.235809816080042
255,6,644.0349671163002,358.9631454290131,643.7,361.1,-0.33496711630016307,2.136854570986941,2.1629494738782573
255,7,314.3284109616076,493.0098286459198,314.3,493.9,-0.028410961607562513,0.8901713540801666,0.8906246248360662
255,8,651.9468610726248,434.01322614676604,662.0,436.6,10.053138927375244,2.5867738532339786,10.380606979405512
255,9,1083.6698911937153,319.98645837987584,1081.5,321.4,-2.16989119371533,1.4135416201241355,2.589696450240164
255,10,932.9360326951318,396.0906946590519,934.9,398.5,1.9639673048682198,2.4093053409480945,3.108362881085854
255,11,703.5221738737562,514.9720704375345,722.2,512.8,18.677826126243872,-2.1720704375345576,18.803698540122625
255,12,421.5480546996166,658.7852340042989,455.4,656.4,33.85194530038336,-2.3852340042989226,33.935873966577184
255,30,1857.272842647534,540.7375342012165,1845.3,540.3,-11.97284264753398,-0.437534201216522,11.980834580272054
256,0,826.64364549981,228.21625773736795,826.64,228.22,-0.003645499809977082,0.0037422626320449126,0.00522438498502385
256,1,667.1528046019528,286.54564787420094,667.15,286.55,-0.0028046019527891985,0.004352125799073292,0.005177527506884761
256,2,503.0348159841323,347.01101597068924,503.03,347.01,-0.004815984132335416,-0.001015970689252299,0.004921981268181168
256,6,644.0262253372251,358.7223590717598,644.03,358.72,0.003774662774844728,-0.002359071759769904,0.004451213164019712
256,7,314.2463082212057,493.0073714844399,314.25,493.01,0.0036917787942911673,0.0026285155601044607,0.004531922849706205
256,8,651.7101458044685,434.0099196100745,651.71,434.01,-0.00014580446850231965,8.038992547199086e-05,0.00016649769713913815
256,9,1083.5024183952864,319.7398437849069,1083.5,319.74,-0.0024183952864405,0.0001562150931135875,0.0024234353543666305
256,10,932.7020245213488,396.06802099428893,932.7,396.07,-0.0020245213487442015,0.001979005711064019,0.002831104077201162
256,11,703.3916304053171,514.9790528281509,703.39,514.98,-0.0016304053170870247,0.0009471718491340653,0.0018855651698569547
256,12,421.41104102471246,658.8389255032241,421.41,658.84,-0.001041024712435501,0.001074496775913758,0.0014960868201245802
256,30,1856.9546319856504,540.5531506509124,1856.95,540.55,-0.0046319856503487244,-0.0031506509124028526,0.005601954322989561
257,0,826.2327341248574,228.16219330302596,826.23,228.16,-0.0027341248573975463,-0.002193303025961768,0.00350514149493743
257,1,666.6146034514645,286.4092359056507,666.61,286.41,-0.00460345146450436,0.0007640943493356644,0.0046664339233223944
257,2,502.2761119880992,347.00826197801695,502.28,347.01,0.003888011900755828,0.0017380219830442911,0.004258797594857515
257,6,643.5196690029188,358.5417693038198,643.52,358.54,0.00033099708116424154,-0.0017693038197990063,0.001799998631803536
257,7,313.4347311659043,493.00552861332994,313.43,493.01,-0.004731165904274803,0.00447138667004765,0.006509779532891434
257,8,651.2826093533514,434.0074397075559,651.28,434.01,-0.0026093533514313094,0.0025602924441159303,0.003655656208127746
257,9,1083.1268137964648,319.55488283868016,1083.13,319.55,0.0031862035352787643,-0.004882838680146051,0.005830437937629842
257,10,932.2765183910116,396.0510157457167,932.28,396.05,0.0034816089884088797,-0.001015745716699712,0.003626753439257115
257,11,702.7937228039877,514.9842896211131,702.79,514.98,-0.003722803987784573,-0.004289621113116482,0.005679799188841046
257,12,420.80828076853436,658.879194127418,420.81,658.88,0.0017192314656426788,0.0008058725819637402,0.0018987331173223841
257,30,1856.4659739892377,540.4148629881843,1856.47,540.41,0.004026010762345322,-0.004862988184299866,0.006313273060715849
258,0,825.4245505936431,228.12164497726945,825.42,228.12,-0.004550593643102729,-0.0016449772694500098,0.004838786286007492
258,1,665.7109525885984,286.306926929238,665.71,286.31,-0.0009525885983521221,0.0030730707620136855,0.0032173263661080193
258,2,501.4570839910744,347.0061964835127,501.46,347.01,0.0029160089255810817,0.0038035164872667337,0.00479268669151014
258,3,160.12655873665284,474.87369991217713,160.13,474.87,0.0034412633471561094,-0.0036999121771259524,0.005052884675403247
258,6,642.6397517521891,358.65632697786486,642.64,358.66,0.00024824781087318115,0.0036730221351604087,0.0036814017141547665
258,7,312.8260483744282,493.25414645999746,312.83,493.25,0.003951625571801287,-0.004146459997457441,0.005727868291976398
258,8,650.4619570150136,434.0055797806669,650.46,434.01,-0.0019570150135450604,0.004420219333098885,0.004834071442991086
258,9,1082.3451103473485,319.4161621290101,1082.35,319.42,0.004889652651399956,0.003837870989912062,0.006215943756707521
258,10,931.7073887932587,396.0382618092875,931.71,396.04,0.0026112067413350815,0.001738190712501364,0.003136830820911414
258,11,702.0952921029908,514.9882172158349,702.1,514.99,0.004707897009211592,0.0017827841651296694,0.005034144776303175
258,12,420.10621057640077,658.9093955955635,420.11,658.91,0.0037894235992439462,0.0006044044364443835,0.003837321453475145
258,30,1855.8494804919283,540.5611472411382,1855.85,540.56,0.0005195080716475786,-0.0011472411382555947,0.0012593851141779382
259,0,824.3184129452322,228.0912337329521,824.32,228.09,0.001587054767810514,-0.0012337329521017182,0.0020101840296678575
259,1,664.5332144414488,286.2301951969285,664.53,286.23,-0.0032144414487902395,-0.00019519692847325132,0.003220362661034637
259,2,500.3428129933058,347.00464736263456,500.34,347.0,-0.002812993305838063,-0.004647362634557339,0.005432394572908846
259,6,641.7298138141418,358.74224523339865,641.73,358.74,0.00018618585818330757,-0.002245233398639357,0.0022529398989216496
259,7,311.86953628082114,493.4406098449981,311.87,493.44,0.00046371917886744995,-0.0006098449981095655,0.0007661242709696372
259,8,649.3464677612602,434.00418483550015,649.35,434.0,0.0035322387398082356,-0.004184835500154804,0.005476272334203074
259,9,1081.5088327605113,319.3121215967576,1081.51,319.31,0.001167239488722771,-0.0021215967576040384,0.002421491446590255
259,10,930.780541594944,396.0286963569656,930.78,396.03,-0.0005415949440248369,0.0013036430343618122,0.0014116693112883553
259,11,701.0714690772431,514.9911629118761,701.07,514.99,-0.0014690772430867582,-0.0011629118761220525,0.0018736467057001707
259,12,419.07965793230056,658.9320466966726,419.08,658.93,0.00034206769942102255,-0.0020466966726644387,0.002075084957509662
259,30,1854.8871103689462,540.4208604308536,1854.89,540.42,0.0028896310539039405,-0.0008604308536632743,0.0030150139106846106
260,0,823.4888097089242,228.06842529971408,823.49,228.07,0.0011902910757726204,0.0015747002859143322,0.001973948792527968
260,1,663.6499108310866,286.1726463976964,663.65,286.17,8.916891340504662e-05,-0.0026463976963668756,0.0026478995189496415
260,2,499.50710974497935,347.0034855219759,499.51,347.0,0.002890255020645327,-0.0034855219759037936,0.004527961741100935
260,6,640.7973603606064,358.556683925049,640.8,358.56,0.0026396393935783635,0.003316074950987513,0.004238401728092512
260,7,310.90215221061584,493.5804573837486,310.9,493.58,-0.0021522106158613497,-0.000457383748596385,0.0022002750801902865
260,8,648.5098508209452,434.0031386266251,648.51,434.0,0.00014917905480160698,-0.0031386266251161032,0.0031421698684633843
260,9,1080.6316245703833,319.2340911975682,1080.63,319.23,-0.0016245703832282743,-0.004091197568186544,0.0044019457597746425
260,10,929.8354061962079,396.0215222677242,929.84,396.02,0.004593803792090512,-0.0015222677242263671,0.004839455785979089
260,11,700.0536018079324,514.9933721839071,700.05,514.99,-0.0036018079324549035,-0.0033721839071176873,0.004934029254647623
260,12,418.05974344922544,659.1990350225044,418.06,659.2,0.0002565507745657669,0.0009649774956415058,0.0009984988067217944
260,30,1853.1653327767096,540.3156453231402,1853.17,540.32,0.004667223290425682,0.004354676859861684,0.006383273752276862
261,0,822.6166072816932,228.05131897478554,822.62,228.05,0.0033927183068271916,-0.0013189747855335554,0.0036400868113760218
261,1,662.737433123315,286.1294847982723,662.74,286.13,0.0025668766850230895,0.0005152017276941478,0.002618069658418996
261,2,498.6303323087345,347.0026141414819,498.63,347.0,-0.00033230873452794185,-0.0026141414818994235,0.0026351783208031438
261,6,639.8480202704548,358.66751294378673,639.85,358.67,0.0019797295452690378,0.0024870562132832674,0.0031788012961558414
261,7,309.92661415796186,493.68534303781144,309.93,493.69,0.003385842038142073,0.004656962188562375,0.005757709886139603
261,8,647.6323881157089,434.00235396996885,647.63,434.0,-0.0023881157088680993,-0.0023539699688512883,0.00335324786635231
261,9,1079.4737184277874,319.17556839817615,1079.47,319.18,-0.0037184277873620886,0.004431601823853271,0.005784963261335905
261,10,928.8765546471559,396.0161417007931,928.88,396.02,0.0034453528440963055,0.003858299206854099,0.005172710023762541
261,11,699.0402013559493,514.9950291379304,699.04,515.0,-0.00020135594934345136,0.004970862069626492,0.004974938585911123
261,12,417.0448075869191,659.3992762668784,417.04,659.4,-0.004807586919071127,0.0007237331216174425,0.004861757050259705
261,30,1851.3739995825322,540.4867339923551,1851.37,540.49,-0.003999582532287604,0.0032660076449246844,0.00516366791818438
262,0,821.2124554612699,228.03848923108916,821.21,228.04,-0.002455461269846637,0.0015107689108333489,0.0028830041189109395
262,1,661.5530748424862,286.09711359870425,661.55,286.1,-0.003074842486284979,0.002886401295768337,0.004217341432191176
262,2,497.4727492315509,347.0019606061114,497.47,347.0,-0.002749231550865261,-0.0019606061114245676,0.0033767218488392516
262,6,638.636015202841,358.75063470784005,638.64,358.75,0.003984797158977926,-0.0006347078400494865,0.004035029422497293
262,7,308.6949606184714,493.7640072783586,308.69,493.76,-0.004960618471386624,-0.004007278358585609,0.006376991097833738
262,8,646.4742910867817,434.0017654774766,646.47,434.0,-0.0042910867816772225,-0.0017654774766242554,0.0046400793622903185
262,9,1077.8552888208405,319.1316762986321,1077.86,319.13,0.0047111791593579255,-0.0016762986321054996,0.005000518590663095
262,10,927.4074159853669,396.0121062755949,927.41,396.01,0.0025840146330438074,-0.0021062755948833,0.003333695922753832
262,11,697.780151016962,514.9962718534478,697.78,515.0,-0.00015101696203601023,0.0037281465522482904,0.0037312039394628914
262,12,415.78360569018935,659.5494572001587,415.78,659.55,-0.0036056901893743998,0.0005427998412415036,0.0036463177877692717
262,30,1849.530499686899,540.3650504942664,1849.53,540.37,-0.0004996868990474468,0.004949505733634396,0.004974665215304384
263,0,819.6593415959524,228.02886692331685,819.66,228.03,0.0006584040476127484,0.001133076683146328,0.0013104803164499398
263,1,660.1648061318647,286.0728351990282,660.16,286.07,-0.00480613186471146,-0.0028351990281976214,0.005580076794318121
263,2,495.85456192366314,347.00147045458357,495.85,347.0,-0.00456192366311825,-0.0014704545835684257,0.004793055830100003
263,6,636.9770114021308,358.56297603088,636.98,358.56,0.0029885978692618664,-0.0029760308800064195,0.004217638797112473
263,7,307.0212204638535,493.82300545876893,307.02,493.82,-0.0012204638535422418,-0.0030054587689392065,0.0032438117130309443
263,8,644.8557183150863,434.0013241081075,644.86,434.0,0.004281684913735262,-0.0013241081074966132,0.0044817505487082165
263,9,1076.1414666156304,319.0987572239741,1076.14,319.1,-0.0014666156303064781,0.0012427760259470233,0.001922356277521923
263,10,925.8055619890251,396.0090797066962,925.81,396.01,0.0044380109748090035,0.0009202933038068295,0.004532425529179365
263,11,695.8351132627215,514.9972038900858,695.84,515.0,0.004886737278525288,0.002796109914243061,0.005630136044702391
263,12,413.83770426764204,659.412092900119,413.84,659.41,0.002295732357936231,-0.002092900119009755,0.003106544377186087
263,30,1847.6478747651743,540.2737878706998,1847.65,540.27,0.002125234825825828,-0.003787870699852647,0.004343338290267651
264,0,817.7445061969643,228.02165019248764,802.4,232.0,-15.34450619696429,3.978349807512359,15.851849659254565
264,1,658.3736045988985,286.0546263992711,646.4,290.7,-11.973604598898532,4.645373600728874,12.84315782746256
264,2,493.89092144274736,347.0011028409377,481.9,347.0,-11.990921442747378,-0.0011028409376763193,11.99092149346317
264,6,634.9827585515981,358.42223202316,627.0,362.0,-7.982758551598067,3.5777679768399935,8.747848752076925
264,7,304.76591534789014,493.8672540940767,297.7,493.7,-7.065915347890154,-0.16725409407672487,7.067894568790275
264,8,642.6417887363148,434.00099308108065,647.4,435.9,4.758211263685212,1.8990069189193264,5.123163252128932
264,9,1073.8560999617227,319.0740679179805,1067.5,319.6,-6.356099961722748,0.5259320820194944,6.377821828673899
264,10,923.6041714917689,395.75680978002214,923.6,398.3,-0.004171491768829583,2.5431902199778733,2.543193641139951
264,11,693.6263349470412,514.9979029175643,711.4,511.7,17.77366505295879,-3.2979029175642722,18.077038835728807
264,12,411.37827820073153,659.5590696750892,443.3,657.6,31.921721799268482,-1.9590696750891539,31.98178038542799
264,30,1845.2359060738806,540.2053409030249,1830.1,534.9,-15.135906073880733,-5.305340903024899,16.03877472797248
265,0,815.3083796477232,228.01623764436573,815.31,228.02,0.001620352276745507,0.003762355634279402,0.004096444973333379
265,1,655.7802034491739,286.29096979945336,655.78,286.29,-0.00020344917390957562,-0.0009697994533439669,0.000990909958609129
265,2,491.4181910820605,347.25082713070327,491.42,347.25,0.0018089179395133215,-0.0008271307032714503,0.001989052365370868
265,6,632.4870689136985,358.56667401737,632.49,358.57,0.0029310863014870847,0.003325982629974078,0.0044332186232639735
265,7,302.0744365109176,494.1504405705575,302.07,494.15,-0.004436510917628311,-0.0004405705575436514,0.004458332820506958
265,8,639.981341552236,434.0007448108105,639.98,434.0,-0.0013415522359991883,-0.0007448108104881612,0.001534439814829651
265,9,1071.142074971292,319.0555509384854,1071.14,319.06,-0.0020749712919041485,0.004449061514606001,0.004909139865900605
265,10,920.9531286188267,395.8176073350166,920.95,395.82,-0.003128618826622187,0.002392664983403847,0.003938667475822466
265,11,690.719751210281,514.9984271881732,690.72,515.0,0.00024878971908037784,0.0015728118268043545,0.0015923672211069105
265,12,408.53370865054865,659.6693022563169,408.53,659.67,-0.003708650548674086,0.0006977436830766237,0.003773716356518324
265,30,1842.1769295554104,540.1540056772686,1842.18,540.15,0.00307044458963901,-0.004005677268651198,0.005047086323675511
266,0,812.4812847357924,228.0121782332743,812.48,228.01,-0.0012847357924101743,-0.0021782332743214283,0.002528882411987724
266,1,652.8351525868804,286.21822734959005,652.84,286.22,0.0048474131195916925,0.0017726504099755402,0.0051613664303143715
266,2,488.5636433115454,347.18812034802744,488.56,347.19,-0.0036433115453746723,0.0018796519725583494,0.004099611024792825
266,6,629.6153016852738,358.6750055130275,629.62,358.68,0.004698314726169883,0.004994486972520917,0.00685704465384512
266,7,299.0558273831882,494.36283042791814,299.06,494.36,0.004172616811786156,-0.002830427918127043,0.005042028684737271
266,8,636.9860061641771,434.0005586081079,636.99,434.0,0.003993835822939218,-0.0005586081078945426,0.0040327121889366345
266,9,1068.106556228469,319.04166320386406,1068.11,319.04,0.0034437715310104977,-0.0016632038640409519,0.0038243704646855462
266,10,917.96484646412,395.8632055012624,917.96,395.86,-0.0048464641199643665,-0.0032055012624141455,0.005810632737442684
266,11,687.5398134077107,514.9988203911299,687.54,515.0,0.00018659228931028338,0.0011796088700748442,0.00119427541580211
266,12,405.40028148791146,659.7519766922377,405.4,659.75,-0.00028148791147941665,-0.0019766922376902585,0.0019966340793580494
266,30,1839.3826971665578,540.1155042579514,1839.38,540.12,-0.0026971665577093518,0.004495742048561624,0.00524274775353829
267,0,809.6109635518443,228.00913367495573,809.61,228.01,-0.000963551844279209,0.000866325044256655,0.0012957435081528135
267,1,649.8763644401604,286.16367051219254,649.88,286.16,0.0036355598396085043,-0.0036705121925137973,0.005166232195978677
267,2,485.67273248365905,347.14109026102057,485.67,347.14,-0.002732483659031004,-0.0010902610205789642,0.0029419612573698775
267,6,626.7114762639553,358.75625413477064,626.71,358.76,-0.001476263955282775,0.0037458652293480554,0.004026271424296418
267,7,295.79187053739116,494.5221228209386,295.79,494.52,-0.0018705373911416245,-0.002122820938609493,0.002829360151882012
267,8,633.9895046231328,434.0004189560809,633.99,434.0,0.0004953768672066872,-0.00041895608092090697,0.000648785356111031
267,9,1065.3299171713516,318.78124740289803,1065.33,318.78,8.282864837383386e-05,-0.0012474028980591356,0.0012501498210525676
267,10,915.22363484809,395.6474041259468,915.22,395.65,-0.003634848089973275,0.0025958740531564217,0.004466618714087101
267,11,684.404860055783,514.9991152933475,684.4,515.0,-0.004860055783069583,0.0008847066525277114,0.004939923893702704
267,12,402.0502111159336,659.8139825191782,402.05,659.81,-0.0002111159336095625,-0.003982519178293842,0.003988110949171561
267,30,1836.0370228749184,540.0866281934636,1836.04,540.09,0.0029771250815429084,0.0033718065363927963,0.004498038802635328
268,0,806.4582226638832,228.0068502562168,806.46,228.01,0.0017773361167883195,0.003149743783183112,0.0036166019371422185
268,1,646.9072733301202,286.1227528841444,646.91,286.12,0.0027266698797348,-0.002752884144399559,0.0038746741470141047
268,2,482.7545493627443,347.35581769576544,482.75,347.36,-0.00454936274428519,0.00418230423457544,0.006179673946871124
268,6,623.5336071979665,358.817190601078,623.53,358.82,-0.003607197966516651,0.0028093989220110416,0.004572154795349635
268,7,292.5939029030434,494.89159211570393,292.59,494.89,-0.003902903043410788,-0.001592115703942909,0.004215149413841319
268,8,630.7421284673496,434.0003142170607,630.74,434.0,-0.0021284673496211326,-0.00031421706069068023,0.002151535642194268
268,9,1061.7474378785137,318.5859355521735,1061.75,318.59,0.002562121486334945,0.004064447826465312,0.004804602235856553
268,10,911.9177261360675,395.4855530944601,911.92,395.49,0.0022738639324870746,0.004446905539907675,0.004994539624863052
268,11,681.0536450418373,514.9993364700106,681.05,515.0,-0.0036450418373306093,0.0006635299894242053,0.003704942920310081
268,12,398.78765833695024,660.1104868893837,398.79,660.11,0.0023416630497763435,-0.00048688938363739,0.0023917456199576584
268,30,1831.527767156189,539.8149711450977,1831.53,539.81,0.0022328438110434945,-0.004971145097783847,0.005449575677769381
269,0,803.3436669979125,228.0051376921626,783.1,232.2,-20.24366699791244,4.194862307837383,20.673725433604947
269,1,643.9304549975902,286.0920646631083,623.7,290.3,-20.230454997590186,4.207935336891694,20.663446692383715
269,2,479.8159120220582,347.5168632718241,462.2,348.0,-17.61591202205824,0.48313672817590714,17.622536067972977
269,6,620.4002053984749,358.8628929508085,608.8,360.2,-11.600205398474941,1.337107049191502,11.677012483842123
269,7,289.44542717728257,495.1686940867779,280.2,494.2,-9.24542717728258,-0.9686940867779299,9.296036355576168
269,8,627.5565963505122,434.0002356627955,630.3,435.4,2.743403649487732,1.3997643372044877,3.079870741400055
269,9,1058.3105784088852,318.43945166413016,1048.7,319.9,-9.610578408885203,1.4605483358698166,9.720926848543947
269,10,908.4382946020506,395.3641648208451,908.44,395.36,0.0017053979494221494,-0.0041648208450624224,0.00450045718092726
269,11,677.540233781378,515.249502352508,690.8,512.7,13.259766218621962,-2.549502352507943,13.502642793836756
269,12,395.3407437527127,660.3328651670378,424.5,658.0,29.159256247287317,-2.3328651670377667,29.25242698961135
269,30,1827.1458253671417,539.8612283588233,1806.4,539.9,-20.745825367141606,0.03877164117670873,20.745861597053416
270,0,800.5077502484344,228.00385326912195,800.51,228.0,0.002249751565614133,-0.003853269121947278,0.004461957533766496
270,1,641.1978412481926,286.0690484973312,641.2,286.07,0.002158751807428416,0.0009515026687836325,0.002359145331423613
270,2,477.11193401654367,347.63764745386806,477.11,347.64,-0.0019340165436574352,0.0023525461319309215,0.0030454709478180534
270,6,617.5501540488561,358.89716971310634,617.55,358.9,-0.00015404885618863773,0.002830286893640732,0.0028344761333282615
270,7,286.58407038296195,495.3765205650834,286.58,495.38,-0.004070382961970154,0.003479434916584978,0.005354856188157404
270,8,624.6674472628841,434.0001767470966,624.67,434.0,0.0025527371158204915,-0.00017674709658876964,0.0025588486314434625
270,9,1054.9829338066638,318.32958874809765,1054.98,318.33,-0.0029338066638047167,0.0004112519023351524,0.0029624904502393327
270,10,905.328720951538,395.27312361563384,905.33,395.27,0.0012790484620381903,-0.0031236156338536603,0.003375342885737279
270,11,674.4051753360335,515.187126764381,674.41,515.19,0.004824663966473963,0.0028732356190630526,0.005615413191568802
270,12,392.25555781453454,660.4996488752784,392.26,660.5,0.004442185465450166,0.0003511247216465563,0.004456040874992966
270,30,1822.3593690253563,539.6459212691175,1822.36,539.65,0.000630974643627269,0.004078730882497439,0.004127247825456923
271,0,797.3808126863257,228.00288995184147,797.38,228.0,-0.000812686325730283,-0.002889951841467564,0.003002046087259613
271,1,638.1483809361445,286.05178637299844,638.15,286.05,0.0016190638555144687,-0.0017863729984242127,0.002410911914137986
271,2,474.08395051240774,347.728235590401,474.08,347.73,-0.0039505124077550136,0.0017644095989908237,0.004326625650184827
271,6,614.4126155366421,358.9228772848297,614.41,358.92,-0.002615536642110783,-0.00287728482970806,0.0038884186911252614
271,7,283.43805278722147,495.78239042381256,283.44,495.78,0.001947212778532048,-0.0023904238125851407,0.00308314184050176
271,8,621.5005854471631,434.2501325603224,621.5,434.25,-0.0005854471630755143,-0.00013256032241315552,0.0006002671237303002
271,9,1051.4872003549979,318.24719156107324,1051.49,318.25,0.002799645002141915,0.0028084389267633014,0.003965519050941201
271,10,901.9965407136535,395.2048427117254,902.0,395.2,0.0034592863464695256,-0.004842711725416393,0.00595134597232894
271,11,671.0538815020251,515.3903450732857,671.05,515.39,-0.0038815020251377064,-0.00034507328575728025,0.0038968106887160223
271,12,389.1916683609009,660.8747366564587,389.19,660.87,-0.0016683609009078282,-0.004736656458703692,0.005021886349117967
271,30,1817.5195267690171,539.2344409518381,1817.52,539.23,0.00047323098283413856,-0.004440951838091678,0.004466094579312446
272,0,794.5356095147442,228.0021674638811,794.54,228.0,0.004390485255726162,-0.0021674638811077784,0.004896351749686252
272,1,635.1112857021084,286.28883977974886,635.11,286.29,-0.0012857021083618747,0.0011602202511653559,0.0017318028013201651
272,2,471.0629628843058,347.79617669280077,471.06,347.8,-0.00296288430581626,0.003823307199240844,0.004836978535141454
272,6,611.3094616524816,358.9421579636223,611.31,358.94,0.0005383475183862174,-0.0021579636223236776,0.0022241009522557483
272,7,280.3285395904161,496.0867928178594,280.33,496.09,0.001460409583899036,0.003207182140556597,0.0035240336881830953
272,8,618.3754390853724,434.4375994202418,618.38,434.44,0.004560914627631973,0.0024005797582162813,0.005154097924574682
272,9,1048.3654002662483,318.18539367080496,1048.37,318.19,0.004599733751547319,0.004606329195041781,0.006509671208150058
272,10,898.9974055352402,395.15363203379405,899.0,395.15,0.0025944647597953008,-0.0036320337940765057,0.004463509479225227
272,11,667.7904111265188,515.5427588049643,667.79,515.54,-0.0004111265188839752,-0.0027588049642872647,0.0027892704862572423
272,12,385.8937512706757,661.4060524923441,385.89,661.41,-0.003751270675707019,0.003947507655880145,0.005445626536556813
272,30,1813.139645076763,539.1758307138786,1813.14,539.18,0.00035492323718244734,0.004169286121395999,0.0041843658141177565
273,0,791.4017071360581,228.00162559791085,791.4,228.0,-0.0017071360581439876,-0.0016255979108450447,0.002357303987346385
273,1,632.0834642765813,286.46662983481167,632.08,286.47,-0.003464276581212289,0.0033701651883575323,0.004833138279415649
273,2,467.7972221632294,347.84713251960056,467.8,347.85,0.0027778367706332574,0.0028674803994590548,0.003992345296384578
273,6,608.2320962393612,358.95661847271674,608.23,358.96,-0.002096239361208063,0.0033815272832384835,0.003978560823559724
273,7,277.24640469281206,496.31509461339454,277.25,496.32,0.003595307187936214,0.004905386605457807,0.006081862504581197
273,8,615.2815793140293,434.5781995651813,615.28,434.58,-0.0015793140292998942,0.0018004348186764219,0.0023949526800013956
273,9,1045.2740501996864,317.88904525310375,1045.27,317.89,-0.004050199686389533,0.0009547468962409766,0.00416120885506984
273,10,895.9980541514301,395.1152240253455,896.0,395.12,0.001945848569903319,0.004775974654478432,0.0051571562471206134
273,11,664.8428083448891,515.6570691037232,664.84,515.66,-0.0028083448891038643,0.002930896276780004,0.004059181444749506
273,12,382.92031345300677,661.804539369258,382.92,661.8,-0.00031345300675411636,-0.0045393692580546485,0.004550178683130456
273,30,1809.1047338075723,538.881873035409,1809.1,538.88,-0.004733807572392834,-0.0018730354089484536,0.005090893416250083
274,0,788.8012803520436,227.75121919843315,771.8,231.0,-17.001280352043636,3.248780801566852,17.308902631461486
274,1,629.5625982074359,286.3499723761088,611.6,288.9,-17.962598207435917,2.5500276238911965,18.142700329454495
274,2,465.347916622422,347.8853493897004,452.2,347.9,-13.14791662242203,0.0146506102995545,13.14792478494396
274,6,605.6740721795209,358.9674638545375,598.3,360.5,-7.374072179520908,1.5325361454624726,7.531640428614022
274,7,274.93480351960903,496.4863209600459,264.0,495.0,-10.934803519609034,-1.486320960045873,11.03535581704214
274,8,612.7111844855219,434.68364967388595,616.7,435.2,3.9888155144781194,0.5163503261140363,4.022097322022357
274,9,1042.7055376497647,317.66678393982784,1037.7,320.2,-5.005537649764619,2.533216060172151,5.610043740535827
274,10,893.4985406135726,395.08641801900916,893.5,395.09,0.0014593864274274893,0.0035819809908161915,0.0038678671853009786
274,11,662.3821062586669,515.7428018277924,676.8,513.3,14.417893741333046,-2.4428018277924366,14.623369676864382
274,12,380.6902350897551,661.8534045269435,410.0,656.4,29.309764910244894,-5.453404526943473,29.812781487615517
274,30,1805.5785503556792,538.6614047765568,1792.0,540.1,-13.578550355679226,1.438595223443258,13.654544517435586
275,0,786.3509602640327,227.56341439882488,786.35,227.56,-0.0009602640326420442,-0.003414398824872933,0.003546861478501751
275,1,626.9219486555769,286.2624792820816,626.92,286.26,-0.001948655576939018,-0.002479282081594647,0.003153426421791354
275,2,462.76093746681653,347.9140120422753,462.76,347.91,-0.0009374668165378353,-0.00401204227529206,0.004120112528905038
275,6,603.0055541346406,358.97559789090315,603.01,358.98,0.00444586535934377,0.004402109096872664,0.0062565392425990565
275,7,272.7011026397068,496.61474072003443,272.7,496.61,-0.001102639706800801,-0.00474072003441961,0.004867262142905519
275,8,610.2833883641415,434.76273725541444,610.28,434.76,-0.0033883641415286547,-0.002737255414444917,0.00435586716504363
275,9,1040.0291532373235,317.5000879548709,1040.03,317.5,0.0008467626764740999,-8.795487087809306e-05,0.0008513184419362493
275,10,891.1239054601795,395.06481351425685,891.12,395.06,-0.0039054601794532573,-0.0048135142568526135,0.006198591671841148
275,11,659.7865796940002,515.8071013708443,659.79,515.81,0.003420305999725315,0.0028986291556520882,0.004483363036131841
275,12,378.26767631731633,661.8900533952076,378.27,661.89,0.0023236826836523505,-5.3395207601170114e-05,0.0023242960789238024
275,30,1801.6839127667595,538.4960535824175,1801.68,538.5,-0.003912766759412989,0.003946417582483264,0.005557333483686242
276,0,784.0132201980246,227.42256079911866,784.01,227.42,-0.0032201980245645245,-0.0025607991186689105,0.004114288206188858
276,1,624.4414614916827,286.1968594615612,624.44,286.2,-0.0014614916826758417,0.0031405384387994673,0.0034639485596797853
276,2,460.3207031001124,347.9355090317065,460.32,347.94,-0.0007031001123891656,0.004490968293509923,0.004545673325410999
276,6,600.7541656009805,358.98169841817736,600.75,358.98,-0.004165600980513773,-0.0016984181773409546,0.004498539300037233
276,7,270.5258269797801,496.7110555400258,270.53,496.71,0.00417302021986643,-0.0010555400258454029,0.004304446828754629
276,8,607.9625412731061,434.57205294156086,607.96,434.57,-0.0025412731060896476,-0.0020529415608621093,0.0032669003737563654
276,9,1037.7718649279927,317.37506596615316,1037.77,317.38,-0.0018649279927558382,0.004934033846836883,0.00527471766257648
276,10,888.8429290951347,395.0486101356926,888.84,395.05,-0.0029290951346183647,0.0013898643073844141,0.003242116762330767
276,11,657.3399347705001,515.8553260281333,657.34,515.86,6.522949990994675e-05,0.0046739718667367924,0.004674427012876072
276,12,375.95075723798726,661.9175400464057,375.95,661.92,-0.0007572379872726742,0.0024599535942115835,0.002573865003267121
276,30,1798.2629345750697,538.3720401868131,1798.26,538.37,-0.002934575069730272,-0.0020401868131330048,0.0035740863269322744
277,0,781.7599151485184,227.316920599339,781.76,227.32,8.485148157433287e-05,0.0030794006609937696,0.0030805694611312083
277,1,622.331096118762,286.1476445961709,622.33,286.15,-0.0010961187620068813,0.0023554038290853896,0.002597961419746955
277,2,458.24052732508426,347.95163177377987,458.24,347.95,-0.0005273250842492416,-0.0016317737798772214,0.0017148636718915193
277,6,598.5656242007353,358.98627381363303,598.57,358.99,0.004375799264721536,0.0037261863669755257,0.0057473545259164064
277,7,268.6443702348351,496.78329165501935,268.64,496.78,-0.004370234835107567,-0.0032916550193817784,0.00547119230886732
277,8,605.7219059548296,434.67903970617067,605.72,434.68,-0.0019059548295672357,0.0009602938293369334,0.0021342043133245844
277,9,1035.3288986959947,317.28129947461485,1035.33,317.28,0.0011013040052603174,-0.0012994746148820013,0.0017033803998887456
277,10,886.632196821351,395.0364576017695,886.63,395.04,-0.0021968213510490386,0.003542398230536037,0.004168286131269034
277,11,655.0049510778751,515.8914945211,655.0,515.89,-0.004951077875148258,-0.00149452109997128,0.005171727510614026
277,12,373.96306792849043,661.9381550348044,373.96,661.94,-0.003067928490452232,0.0018449651956871094,0.003579955557800304
277,30,1794.4472009313022,538.2790301401099,1794.45,538.28,0.002799068697868279,0.000969859890119551,0.0029623324900909975
278,0,779.3199363613888,227.23769044950424,779.32,227.24,6.363861120917136e-05,0.0023095504957666435,0.0023104270958704976
278,1,619.9983220890715,286.11073344712815,620.0,286.11,0.0016779109284925653,-0.0007334471281410515,0.0018312099207172122
278,2,455.9303954938132,347.9637238303349,455.93,347.96,-0.0003954938131869312,-0.003723830334934064,0.003744773386954714
278,6,596.1742181505515,358.9897053602248,596.17,358.99,-0.004218150551537292,0.00029463977523391804,0.0042284283927464415
278,7,266.4832776761263,496.8374687412645,266.48,496.84,-0.0032776761262880427,0.0025312587354733296,0.004141307954589785
278,8,603.5414294661222,434.509279779628,603.54,434.51,-0.0014294661222038485,0.0007202203719884892,0.0016006532350124262
278,9,1032.9966740219961,317.21097460596116,1033.0,317.21,0.003325978003886121,-0.0009746059611757119,0.0034658312800673863
278,10,884.4741476160133,394.7773432013271,884.47,394.78,-0.0041476160132560835,0.002656798672887817,0.004925575883252308
278,11,652.7537133084063,515.668620890825,652.75,515.67,-0.0037133084063043498,0.0013791091749908446,0.0039611363820088894
278,12,371.9723009463678,661.9536162761033,371.97,661.95,-0.0023009463677681197,-0.0036162761032301205,0.004286234599521884
278,30,1790.8354006984766,537.9592726050823,1790.84,537.96,0.0045993015232852485,0.0007273949177033501,0.004656466242591551
279,0,777.4899522710416,227.42826783712817,777.49,227.43,4.772895840687852e-05,0.001732162871832088,0.0017328203219099758
279,1,618.2487415668036,286.08305008534614,618.25,286.08,0.0012584331964262674,-0.0030500853461603583,0.0032994961325526337
279,2,454.1977966203599,347.9727928727512,454.2,347.97,0.002203379640093317,-0.0027928727511721263,0.0035573894983003357
279,6,594.3806636129136,358.99227902016855,594.38,358.99,-0.000663612913626821,-0.002279020168543866,0.002373671213071008
279,7,264.6124582570947,496.8781015559484,264.61,496.88,-0.002458257094701821,0.001898444051619208,0.0031059809659397773
279,8,601.6560720995916,434.381959834721,601.66,434.38,0.003927900408370988,-0.0019598347209921485,0.004389687204310501
279,9,1030.997505516497,317.15823095447087,1031.0,317.16,0.0024944835029145906,0.001769045529158575,0.0030580990877584376
279,10,882.6056107120099,394.8330074009953,882.61,394.83,0.004389287990079538,-0.00300740099532959,0.005320743350939404
279,11,650.8152849813048,515.5014656681187,650.82,515.5,0.0047150186952649165,-0.001465668118726171,0.004937568665947643
279,12,369.97922570977585,661.9652122070775,369.98,661.97,0.0007742902241716365,0.004787792922570588,0.004849998600068332
279,30,1787.8765505238575,537.9694544538117,1787.88,537.97,0.0034494761425776232,0.0005455461882775126,0.003492349682055954
280,0,776.1174642032812,227.57120087784614,776.12,227.57,0.002535796718802885,-0.0012008778461449765,0.002805774866316483
280,1,616.9365561751026,286.0622875640096,616.94,286.06,0.0034438248974311136,-0.002287564009577636,0.004134353519243526
280,2,452.6483474652699,347.9795946545634,452.65,347.98,0.0016525347300557769,0.0004053454366044207,0.001701521659285167
280,6,592.7854977096852,358.9942092651264,592.79,358.99,0.0045022903148037585,-0.004209265126405626,0.0061634836726603155
280,7,262.95934369282105,496.90857616696127,262.96,496.91,0.0006563071789287278,0.0014238330387570386,0.0015678136481640564
280,8,599.9920540746937,434.28646987604077,599.99,434.29,-0.002054074693660368,0.003530123959251341,0.0040842377519944035
280,9,1029.2481291373729,317.11867321585316,1029.25,317.12,0.0018708626271290996,0.0013267841468405095,0.00229357431575602
280,10,880.9542080340075,394.6247555507465,880.95,394.62,-0.004208034007433525,-0.004755550746494919,0.006350024654299024
280,11,649.1114637359785,515.376099251089,649.11,515.38,-0.0014637359785183435,0.003900748910950824,0.004166337130033177
280,12,368.2344192823319,661.7239091553081,368.23,661.72,-0.004419282331866725,-0.0039091553080652375,0.00590013148593521
280,30,1784.9074128928933,537.9770908403589,1784.91,537.98,0.0025871071068195306,0.0029091596411490173,0.0038931135354426027
281,0,774.8380981524609,227.6784006583846,774.84,227.68,0.0019018475391021639,0.0015993416154174156,0.0024849381611611477
281,1,615.7024171313269,286.04671567300716,615.7,286.05,-0.002417131326865274,0.003284326992854858,0.004077907263206033
281,2,451.4862605989524,347.98469599092255,451.49,347.98,0.0037394010475964023,-0.004695990922527926,0.006002953517996766
281,6,591.5891232822639,358.99565694884484,591.59,359.0,0.0008767177361050926,0.004343051155160538,0.004430657662824168
281,7,261.7195077696158,496.93143212522097,261.72,496.93,0.0004922303842249676,-0.001432125220958369,0.0015143557705041826
281,8,598.4940405560203,434.21485240703055,598.49,434.21,-0.004040556020299846,-0.004852407030568884,0.006314423722201074
281,9,1027.6860968530295,317.0890049118899,1027.69,317.09,0.003903146970515081,0.0009950881100735387,0.004027996601320659
281,10,879.4656560255056,394.46856666305985,879.47,394.47,0.004343974494418035,0.001433336940181107,0.004574338115207724
281,11,647.5835978019838,515.2820744383168,647.58,515.28,-0.0035978019838012187,-0.0020744383168675995,0.004153007758857725
281,12,366.6758144617489,661.542931866481,366.68,661.54,0.004185538251078924,-0.002931866481048928,0.00511024182538782
281,30,1781.93055966967,537.7328181302692,1781.93,537.73,-0.0005596696698830783,-0.0028181302691336896,0.002873166955329007
282,0,773.8785736143457,227.75880049378844,773.88,227.76,0.001426385654326623,0.0011995062115488508,0.0018637036208617142
282,1,614.7768128484952,286.03503675475537,614.78,286.04,0.0031871515047896537,0.004963245244653081,0.005898452176041981
282,2,450.3646954492143,347.9885219931919,450.36,347.99,-0.004695449214295877,0.001478006808099508,0.0049225752862521325
282,6,590.4418424616979,358.9967427116336,590.44,359.0,-0.0018424616978336417,0.003257288366398825,0.0037422710497585754
282,7,260.28963082721185,496.94857409391574,260.29,496.95,0.0003691727881687257,0.0014259060842505278,0.001472921148136228
282,8,597.1205304170153,434.1611393052729,597.12,434.16,-0.0005304170152840015,-0.001139305272886304,0.001256725393604078
282,9,1026.2645726397723,316.81675368391745,1026.26,316.82,-0.004572639772277398,0.0032463160825386694,0.0056078162055083714
282,10,877.8492420191292,394.3514249972949,877.85,394.35,0.0007579808708442215,-0.001424997294861896,0.0016140484165382048
282,11,645.9376983514878,515.2115558287376,645.94,515.21,0.0023016485122298036,-0.0015558287375370128,0.0027781628703867746
282,12,364.7568608463117,661.6571988998608,364.76,661.66,0.0031391536882665605,0.0028011001392087564,0.004207190020480756
282,30,1778.9479197522523,537.5496135977019,1778.95,537.55,0.0020802477476991044,0.00038640229809061566,0.0021158301982382483
283,0,772.6589302107593,227.81910037034135,772.66,227.82,0.001069789240659702,0.0008996296586474273,0.001397777715571882
283,1,613.3326096363714,286.02627756606654,613.33,286.03,-0.0026096363714032123,0.003722433933432967,0.004546066033365965
283,2,449.02352158691076,347.99139149489395,449.02,347.99,-0.003521586910778751,-0.0013914948939373062,0.003786533033002858
283,6,588.8313818462734,358.99755703372523,588.83,359.0,-0.0013818462733752312,0.002442966274770697,0.0028067032872941934
283,7,258.7172231204089,496.9614305704368,258.72,496.96,0.0027768795911242705,-0.0014305704368098304,0.0031237144617068903
283,8,595.5903978127615,434.1208544789547,595.59,434.12,-0.00039781276143457944,-0.0008544789546931497,0.0009425440452168288
283,9,1024.9484294798292,316.6125652629381,1024.95,316.61,0.0015705201708442473,-0.0025652629381056613,0.00300784101119842
283,10,876.3869315143469,394.26356874797114,876.39,394.26,0.0030684856531024707,-0.0035687479711441483,0.004706545047573769
283,11,644.2032737636159,515.1586668715531,644.2,515.16,-0.0032737636158799432,0.0013331284468449667,0.0035347927334493877
283,12,363.0676456347338,661.4928991748956,363.07,661.49,0.0023543652661714987,-0.0028991748955604635,0.0037347357177721177
283,30,1775.9609398141893,537.4122101982764,1775.96,537.41,-0.000939814189223398,-0.0022101982764297645,0.0024017133741141413
284,0,770.9941976580694,227.864325277756,770.99,227.86,-0.004197658069415411,-0.00432527775598146,0.006027301297771361
284,1,611.7494572272785,286.0197081745499,611.75,286.02,0.0005427727214737388,0.00029182545006278815,0.0006162502093146563
284,2,447.2676411901831,347.9935436211705,447.27,347.99,0.0023588098168829674,-0.0035436211704791276,0.004256904362572798
284,6,587.1235363847051,358.99816777529395,587.12,359.0,-0.0035363847050575714,0.001832224706049601,0.003982846238009155
284,7,256.78791734030665,496.9710729278276,256.79,496.97,0.0020826596933716246,-0.0010729278275789511,0.0023427858462924172
284,8,593.692798359571,434.090640859216,593.69,434.09,-0.0027983595709883957,-0.000640859216048284,0.002870804211947652
284,9,1023.4613221098718,316.4594239472036,1023.46,316.46,-0.0013221098718076973,0.0005760527963616369,0.0014421551016889367
284,10,874.7901986357601,394.1976765609784,874.79,394.2,-0.00019863576017087325,0.0023234390216089196,0.002331914460771165
284,11,642.402455322712,515.1190001536648,642.4,515.12,-0.002455322711966801,0.0009998463351621467,0.002651094550150406
284,12,361.0507342260504,661.3696743811716,361.05,661.37,-0.0007342260503833131,0.00032561882835580036,0.0008031908331407198
284,30,1773.470704860642,537.3091576487072,1773.47,537.31,-0.0007048606419175485,0.0008423512927038246,0.0010983552361800908
285,0,769.4956482435521,227.89824395831698,750.9,229.8,-18.59564824355209,1.9017560416830293,18.6926405208039
285,1,610.0620929204589,286.0147811309124,593.0,289.0,-17.062092920458895,2.985218869087589,17.32127439083886
285,2,445.45073089263735,347.9951577158779,429.5,347.6,-15.950730892637353,-0.39515771587787185,15.955624889980129
285,6,585.3426522885288,358.99862583147046,574.6,358.3,-10.742652288528802,-0.6986258314704514,10.765345152136595
285,7,254.59093800523,496.9783046958707,242.3,495.9,-12.290938005229975,-1.0783046958707132,12.338148080872731
285,8,591.7695987696783,434.06798064441205,595.9,434.8,4.130401230321695,0.7320193555879655,4.19476657996585
285,9,1022.0959915824039,316.59456796040274,1018.4,319.9,-3.6959915824039626,3.3054320395972354,4.958450841300828
285,10,873.0926489768201,394.1482574207338,873.09,394.15,-0.002648976820069038,0.0017425792661924788,0.003170750808913717
285,11,640.551841492034,515.0892501152487,658.8,513.6,18.248158507965968,-1.4892501152486375,18.308827238182648
285,12,359.0380506695378,661.5272557858788,387.9,660.5,28.861949330462153,-1.027255785878765,28.880224611380466
285,30,1771.6030286454816,537.2318682365304,1769.3,533.8,-2.303028645481618,-3.4318682365304767,4.132996556351783
286,0,768.1217361826641,227.92368296873775,768.12,227.92,-0.0017361826641035805,-0.0036829687377633036,0.004071681343926072
286,1,608.5465696903442,286.0110858481843,608.55,286.01,0.0034303096557550816,-0.0010858481842888068,0.0035980676221674663
286,2,443.58804816947804,347.9963682869084,443.59,348.0,0.001951830521932152,0.0036317130915790585,0.004122982217508664
286,6,583.7569892163966,358.99896937360285,583.76,359.0,0.003010783603372147,0.0010306263971529006,0.0031822961328014303
286,7,252.6932035039225,496.983728521903,252.69,496.98,-0.0032035039224922457,-0.003728521902985449,0.004915721001284088
286,8,590.0771990772587,434.05098548330903,590.08,434.05,0.002800922741357681,-0.0009854833090230386,0.0029692331594904473
286,9,1020.5719936868029,316.445925970302,1020.57,316.45,-0.0019936868028480603,0.004074029697960668,0.0045356923449145015
286,10,871.5694867326151,394.1111930655503,871.57,394.11,0.0005132673849175262,-0.0011930655502965237,0.0012987874405476915
286,11,638.6638811190255,515.0669375864366,638.66,515.07,-0.003881119025550106,0.003062413563498012,0.004943830673110033
286,12,357.02853800215337,661.395441839409,357.03,661.4,0.0014619978466043904,0.004558160590931948,0.004786884756937539
286,30,1769.7022714841112,537.1739011773979,1769.7,537.17,-0.002271484111133759,-0.003901177397892752,0.004514291213132178
287,0,766.8413021369981,227.94276222655333,766.84,227.94,-0.001302136998106107,-0.002762226553329583,0.0030537610079631006
287,1,606.9099272677581,286.0083143861382,606.91,286.01,7.273224184700666e-05,0.0016856138618095429,0.0016871822871665563
287,2,441.69103612710853,347.99727621518133,441.69,348.0,-0.0010361271085344015,0.002723784818670083,0.002914200254522238
287,6,582.0677419122975,358.9992270302021,582.07,359.0,0.002258087702557532,0.0007729697978788863,0.002386722099632565
287,7,250.51990262794186,496.98779639142725,250.52,496.99,9.737205814985828e-05,0.002203608572756366,0.0022057588398629816
287,8,588.057899307944,434.0382391124818,588.06,434.04,0.0021006920559329956,0.0017608875182304473,0.002741100502666726
287,9,1019.1789952651022,316.3344444777265,1019.18,316.33,0.0010047348977195725,-0.004444477726508467,0.004556629727784059
287,10,869.9271150494613,394.08339479916276,869.93,394.08,0.002884950538600606,-0.0033947991627769625,0.0044550646421531405
287,11,636.4979108392691,515.0502031898275,636.5,515.05,0.0020891607308612947,-0.00020318982751632575,0.0020990185004851705
287,12,354.52140350161505,661.2965813795568,354.52,661.3,-0.0014035016150728552,0.003418620443198961,0.003695508424854417
287,30,1767.5267036130833,537.1304258830484,1767.53,537.13,0.003296386916645133,-0.00042588304836499447,0.003323784450759987
288,0,765.3809766027487,227.957071669915,765.38,227.96,-0.0009766027486648454,0.002928330085012476,0.0030868867837173597
288,1,605.4324454508186,286.00623578960364,605.43,286.01,-0.002445450818640893,0.0037642103963548834,0.004488820514836564
288,2,440.0182770953314,347.997957161386,440.02,348.0,0.0017229046685542926,0.0020428386139883514,0.002672375366547152
288,6,580.5508064342231,358.9994202726516,580.55,359.0,-0.0008064342231364208,0.0005797273483949539,0.0009931867672913722
288,7,248.6399269709564,496.9908472935704,248.64,496.99,7.302904359107742e-05,-0.000847293570416241,0.0008504349685170107
288,8,586.543424480958,434.02867933436136,586.54,434.03,-0.0034244809580741276,0.001320665638615992,0.003670317092736441
288,9,1017.6342464488266,316.25083335829487,1017.63,316.25,-0.004246448826620508,-0.0008333582948694129,0.004327448865640627
288,10,868.445336287096,394.06254609937207,868.45,394.06,0.0046637129040618674,-0.002546099372068511,0.005313458390159919
288,11,634.6234331294519,515.0376523923705,634.62,515.04,-0.003433129451877903,0.0023476076294173254,0.004159043088866705
288,12,352.64105262621126,661.2224360346676,352.64,661.22,-0.0010526262112762197,-0.0024360346675393885,0.002653730740320025
288,30,1765.3950277098124,537.0978194122863,1765.4,537.1,0.004972290187652106,0.0021805877137239804,0.005429422850309727
289,0,763.7857324520614,227.96780375243625,763.79,227.97,0.00426754793852524,0.002196247563745146,0.0047995279735477655
289,1,603.8243340881139,286.25467684220274,603.82,286.25,-0.004334088113864709,-0.004676842202741227,0.006376297732076566
289,2,438.26370782149854,347.9984678710395,438.26,348.0,-0.0037078214985513114,0.0015321289604912636,0.004011902219234079
289,6,578.9131048256673,358.9995652044887,578.91,359.0,-0.0031048256673784635,0.0004347955112962154,0.0031351219372546674
289,7,246.7299452282173,497.24313547017783,246.73,497.24,5.477178268620264e-05,-0.003135470177824118,0.00313594853022224
289,8,584.9075683607185,434.021509500771,584.91,434.02,0.002431639281439857,-0.0015095007710215214,0.0028620730551046233
289,9,1015.97568483662,316.18812501872117,1015.98,316.19,0.0043151633800562195,0.0018749812788314557,0.004704911241728865
289,10,866.834002215322,394.0469095745291,866.83,394.05,-0.0040022153219752,0.0030904254709298584,0.005056526186506413
289,11,632.9675748470889,515.0282392942779,632.97,515.03,0.002425152911087025,0.001760705722062994,0.002996906952486053
289,12,350.9807894696585,661.4168270260006,350.98,661.42,-0.0007894696584571648,0.0031729739993124895,0.0032697134953903174
289,30,1763.2962707823594,536.8233645592147,1763.3,536.82,0.003729217640511706,-0.0033645592146740455,0.005022680849840225
290,0,761.8392993390461,227.9758528143272,761.84,227.98,0.0007006609539530473,0.004147185672792375,0.004205957058388583
290,1,602.1182505660854,286.44100763165204,602.12,286.44,0.0017494339145969207,-0.0010076316520439832,0.002018871112216625
290,2,436.44778086612394,348.2488509032796,436.45,348.25,0.0022191338760535473,0.0011490967203826585,0.002498995484718334
290,6,577.1848286192505,358.99967390336656,577.18,359.0,-0.004828619250588417,0.00032609663344373985,0.0048396180511995355
290,7,245.04745892116298,497.4323516026334,245.05,497.43,0.002541078837026589,-0.0023516026333822992,0.003462241557331748
290,8,583.1806762705389,434.2661321255782,583.18,434.27,-0.000676270538974677,0.003867874421757733,0.003926549934022592
290,9,1014.2317636274649,316.1410937640409,1014.23,316.14,-0.0017636274649248662,-0.0010937640408883453,0.002075259408406022
290,10,865.1255016614915,394.0351821808968,865.13,394.04,0.004498338508483357,0.004817819103209331,0.006591390615655625
290,11,631.2256811353167,515.0211794707084,631.23,515.02,0.004318864683341417,-0.0011794707083936373,0.004477023933928916
290,12,349.48559210224386,661.5626202695005,349.49,661.56,0.004407897756152579,-0.002620269500539507,0.005127901606325193
290,30,1760.9722030867697,536.6175234194111,1760.97,536.62,-0.0022030867696685164,0.0024765805889046533,0.0033146708325304006
291,0,759.8794745042845,227.98188961074538,759.88,227.98,0.0005254957154647855,-0.0018896107453940658,0.0019613195854017683
291,1,600.088687924564,286.580755723739,600.09,286.58,0.0013120754359761122,-0.0007557237390187765,0.0015141533341800047
291,2,434.5858356495929,348.4366381774597,434.59,348.44,0.004164350407052098,0.00336182254028472,0.00535197768166884
291,6,575.1386214644378,359.2497554275249,575.14,359.25,0.0013785355621394046,0.0002445724750828049,0.0014000628527502375
291,7,243.03559419087225,497.57426370197504,243.04,497.57,0.004405809127746352,-0.0042637019750486616,0.0061310935894151
291,8,581.3855072029041,434.44959909418367,581.39,434.45,0.00449279709584971,0.00040090581632057365,0.004510648647149903
291,9,1012.4238227205988,316.1058203230307,1012.42,316.11,-0.0038227205988050628,0.0041796769693291935,0.005664176228232082
291,10,863.3441262461187,394.0263866356726,863.34,394.03,-0.004126246118630661,0.0036133643273501548,0.005484734158888764
291,11,629.4192608514875,515.2658846030313,629.42,515.27,0.0007391485124799146,0.0041153969687002245,0.004181247748398589
291,12,347.6141940766829,661.6719652021254,347.61,661.67,-0.004194076682892955,-0.0019652021254614738,0.00463166261896359
291,30,1758.9791523150773,536.4631425645583,1758.98,536.46,0.000847684922746339,-0.003142564558288541,0.003254885824612396
292,0,758.1596058782134,227.98641720805904,758.16,227.99,0.0003941217865985891,0.0035827919409712194,0.003604404260756551
292,1,598.316515943423,286.68556679280425,598.32,286.69,0.003484056577008232,0.004433207195745581,0.005638437396318657
292,2,432.6893767371947,348.57747863309476,432.69,348.58,0.0006232628052771361,0.002521366905227751,0.0025972577067398784
292,6,573.3539660983283,359.4373165706437,573.35,359.44,-0.003966098328305634,0.002683429356295619,0.004788604082612996
292,7,241.2766956431542,497.9306977764813,241.28,497.93,0.0033043568458026584,-0.000697776481274559,0.00337722758815908
292,8,579.5391304021781,434.58719932063775,579.54,434.59,0.0008695978218611344,0.0028006793622239456,0.002932576556847708
292,9,1010.8178670404491,316.329365242273,1010.82,316.33,0.0021329595509769206,0.0006347577269707472,0.002225406438844989
292,10,861.758094684589,394.26978997675445,861.76,394.27,0.0019053154110224568,0.00021002324552910068,0.0019168559098540114
292,11,627.8144456386156,515.4494134522735,627.81,515.45,-0.004445638615607095,0.0005865477265842856,0.004484165578581834
292,12,346.2106455575122,661.753973901594,346.21,661.75,-0.000645557512200412,-0.0039739015940085665,0.004025995327918577
292,30,1756.984364236308,536.5973569234187,1756.98,536.6,-0.004364236307992542,0.0026430765813074686,0.005102196817710617
293,0,756.11970440866,228.23981290604428,756.12,228.24,0.00029559133997736353,0.00018709395573068832,0.00034982622620462585
293,1,596.2373869575673,287.01417509460316,596.24,287.01,0.0026130424326993307,-0.004175094603169782,0.004925383812506867
293,2,430.517032552896,348.93310897482104,430.52,348.93,0.002967447103969789,-0.0031089748210320067,0.004297844430952531
293,6,571.2654745737462,359.57798742798275,571.27,359.58,0.004525426253735532,0.002012572017235925,0.004952769821277776
293,7,239.20752173236565,498.19802333236095,239.21,498.2,0.0024782676343590992,0.001976667639041807,0.003170019782705931
293,8,577.4043478016335,434.9403994904783,577.4,434.94,-0.00434780163357118,-0.00039949047828713447,0.004366116316261662
293,9,1009.1134002803368,316.49702393170475,1009.11,316.5,-0.003400280336791184,0.0029760682952542084,0.004518726465143255
293,10,859.8185710134417,394.4523424825658,859.82,394.45,0.0014289865583805295,-0.00234248256583669,0.0027439437230528385
293,11,625.6108342289617,515.8370600892051,625.61,515.84,-0.0008342289617075949,0.0029399107949075187,0.0030559799479979396
293,12,344.15798416813413,662.0654804261956,344.16,662.07,0.00201583186589005,0.004519573804486754,0.0049487498912089535
293,30,1754.738273177231,536.698017692564,1754.74,536.7,0.001726822769114733,0.001982307436037445,0.002628965508884136
294,0,754.089778306495,228.9298596795332,754.09,228.93,0.00022169350506828778,0.0001403204668122271,0.0002623696697331158
294,1,594.4280402181755,287.51063132095237,594.43,287.51,0.001959781824439233,-0.0006313209523796104,0.0020589587038879306
294,2,428.637774414672,349.44983173111575,428.64,349.45,0.0022255853280057636,0.00016826888423793207,0.0022319373803127186
294,6,569.4491059303097,359.93349057098703,569.45,359.93,0.0008940696903891876,-0.003490570987025876,0.0036032549766481163
294,7,237.65564129927424,498.6485174992707,237.66,498.65,0.004358700725759945,0.0014825007292529335,0.004603920115399023
294,8,575.8032608512251,435.2052996178587,575.8,435.21,-0.0032608512251499633,0.004700382141265891,0.005720729235551473
294,9,1007.0850502102526,316.8727679487786,1007.09,316.87,0.004949789747456634,-0.002767948778569007,0.005671151469041227
294,10,858.1139282600813,394.83925686192435,858.11,394.84,-0.003928260081238477,0.0007431380756202088,0.003997934649952177
294,11,623.9581256717213,516.1277950669039,623.96,516.13,0.0018743282787454518,0.002204933096095374,0.0028939309692460912
294,12,342.8684881261006,662.2991103196466,342.87,662.3,0.0015118738994033265,0.0008896803533389175,0.0017542217131292957
294,30,1751.5537048829233,536.523513269423,1751.55,536.52,-0.003704882923329933,-0.0035132694230242123,0.00510580253381764
295,0,752.0673337298713,229.4473947596499,752.07,229.45,0.0026662701287705204,0.002605240350078475,0.0037277706046980655
295,1,592.5710301636316,288.1329734907143,592.57,288.13,-0.001030163631526193,-0.002973490714282434,0.0031468848303748092
295,2,426.97833081100396,349.8373737983368,426.98,349.84,0.001669188996061166,0.002626201663190386,0.003111772337481589
295,6,567.8368294477323,360.4501179282403,567.84,360.45,0.0031705522677611953,-0.00011792824028589166,0.0031727446718043013
295,7,236.24173097445566,498.986388124453,236.24,498.99,-0.0017309744556541773,0.00361187554699427,0.004005236264329788
295,8,574.3524456384189,435.40397471339406,574.35,435.4,-0.0024456384188624725,-0.003974713394086393,0.0046668505269556165
295,9,1005.3137876576894,317.15457596158393,1005.31,317.15,-0.003787657689485968,-0.004575961583952903,0.005940183094024539
295,10,856.585446195061,395.1294426464433,856.59,395.13,0.004553804939064321,0.0005573535567009458,0.0045877862210671715
295,11,622.468594253791,516.345846300178,622.47,516.35,0.0014057462090022455,0.004153699822040835,0.004385127662422868
295,12,341.90136609457545,662.224332739735,341.9,662.22,-0.001366094575473653,-0.004332739734991264,0.004542999889974764
295,30,1748.9152786621926,536.3926349520673,1748.92,536.39,0.004721337807495729,-0.002634952067296581,0.005406847796030428
296,0,750.3005002974035,229.83554606973743,750.3,229.84,-0.0005002974035051011,0.004453930262570793,0.0044819406818696166
296,1,590.9282726227236,288.5997301180357,590.93,288.6,0.0017273772763246598,0.0002698819643001116,0.0017483330716477586
296,2,425.23374810825294,350.1280303487526,425.23,350.13,-0.0037481082529211562,0.0019696512474070005,0.0042341281879541195
296,6,566.1276220857992,360.83758844618023,566.13,360.84,0.0023779142007924747,0.002411553819740675,0.0033867488498317017
296,7,234.68129823084175,499.23979109333976,234.68,499.24,-0.001298230841740633,0.0002089066602479761,0.0013149316754655185
296,8,572.5143342288142,435.80298103504555,572.51,435.8,-0.004334228814173002,-0.0029810350455363732,0.005260428628574249
296,9,1003.4853407432671,317.61593197118793,1003.49,317.62,0.004659256732907124,0.004068028812071134,0.00618526731184524
296,10,854.9390846462957,395.34708198483247,854.94,395.35,0.0009153537043857796,0.0029180151675518573,0.003058215970495783
296,11,620.6014456903433,516.5093847251335,620.6,516.51,-0.0014456903433028856,0.0006152748665044783,0.001571172724454991
296,12,340.4260245709316,662.1682495548013,340.43,662.17,0.003975429068418634,0.0017504451986951608,0.004343742012558157
296,30,1746.6864589966444,536.5444762140505,1746.69,536.54,0.003541003355621797,-0.004476214050555427,0.005707468527369612
297,0,748.4753752230527,230.37665955230307,748.48,230.38,0.004624776947366627,0.003340447696928095,0.005705011185686316
297,1,589.1962044670427,288.9497975885268,589.2,288.95,0.0037955329573833296,0.00020241147319666197,0.0038009263127643882
297,2,423.4253110811897,350.5960227615644,423.43,350.6,0.004688918810302312,0.003977238435595609,0.006148527074282576
297,6,564.3457165643495,361.3781913346352,564.35,361.38,0.004283435650563661,0.001808665364819717,0.004649633466674354
297,7,233.5109736731313,499.6798433200048,233.51,499.68,-0.0009736731313125802,0.00015667999520019293,0.0009861987566084118
297,8,570.8857506716106,436.10223577628415,570.89,436.1,0.004249328389391849,-0.002235776284123858,0.004801612994978064
297,9,1001.8640055574504,317.961948978391,1001.86,317.96,-0.004005557450341257,-0.0019489783909989455,0.0044545490519877756
297,10,853.2043134847218,395.7603114886243,853.2,395.76,-0.004313484721706118,-0.0003114886243338333,0.004324716823964488
297,11,619.2010842677576,516.6320385438501,619.2,516.63,-0.001084267757505586,-0.002038543850062524,0.002308960285192002
297,12,339.5695184281987,662.126187166101,339.57,662.13,0.00048157180128782784,0.003812833899019097,0.003843125517245666
297,30,1744.0148442474833,536.4083571605379,1744.01,536.41,-0.004844247483333675,0.0016428394620788822,0.005115237548535578
298,0,746.8565314172895,231.0324946642273,746.86,231.03,0.00346858271052497,-0.0024946642272993813,0.004272518651418618
298,1,587.647153350282,289.4623481913951,587.65,289.46,0.002846649717980654,-0.0023481913951286515,0.0036901785112695537
298,2,422.0689833108923,350.9470170711733,422.07,350.95,0.0010166891077005857,0.002982928826668285,0.0031514315995568817
298,6,563.0092874232621,361.7836435009764,563.01,361.78,0.0007125767378965975,-0.0036435009764090864,0.0037125281106660086
298,7,232.63323025484848,500.00988249000363,232.63,500.01,-0.003230254848489267,0.00011750999635751214,0.003232391527249191
298,8,569.664313003708,436.32667683221314,569.66,436.33,-0.004313003708034557,0.0033231677868457155,0.0054447630917285
298,9,999.8980041680877,318.22146173379326,999.9,318.22,0.0019958319122679313,-0.0014617337932349983,0.002473865538850534
298,10,851.4032351135413,396.0702336164683,851.4,396.07,-0.003235113541336432,-0.00023361646827879667,0.003243537618032109
298,11,617.9008132008182,516.7240289078875,617.9,516.72,-0.0008132008182428763,-0.004028907887459354,0.004110157458835742
298,12,338.927138821149,662.0946403745758,338.93,662.09,0.002861178850992019,-0.004640374575728856,0.005451552129479711
298,30,1740.5111331856124,536.0562678704034,1740.51,536.06,-0.0011331856123888429,0.003732129596528466,0.003900371899884524
299,0,745.3923985629672,231.52437099817047,745.39,231.52,-0.00239856296718699,-0.004370998170458051,0.004985852917376172
299,1,586.2353650127116,290.09676114354636,586.24,290.1,0.004634987288454795,0.0032388564536631748,0.005654493637061866
299,2,421.05173748316923,351.46026280338,421.05,351.46,-0.001737483169222287,-0.0002628033799965124,0.0017572459645332275
299,6,561.7569655674465,362.3377326257323,561.76,362.34,0.003034432553477018,0.002267374267660216,0.0037879766355204403
299,7,231.97492269113636,500.5074118675027,231.97,500.51,-0.004922691136357571,0.002588132497294282,0.005561593103376418
299,8,568.498234752781,436.7450076241598,568.5,436.75,0.0017652472190547996,0.004992375840174645,0.005295272823371823
299,9,997.9235031260657,318.666096300345,997.92,318.67,-0.0035031260657660823,0.003903699655040782,0.005245070374114658
299,10,849.802426335156,396.30267521235123,849.8,396.3,-0.002426335156087589,-0.0026752123512210346,0.003611628914187082
299,11,616.6756099006136,517.0430216809157,616.68,517.04,0.004390099386341717,-0.0030216809157082025,0.005329496052940942
299,12,338.44535411586173,662.3209802809318,338.45,662.32,0.004645884138255951,-0.0009802809317989158,0.004748177558953202
299,30,1736.8833498892093,535.7922009028025,1736.88,535.79,-0.0033498892091756716,-0.0022009028025422595,0.00400820793622162
300,0,746.7942989222254,231.89327824862784,746.79,231.89,-0.004298922225416391,-0.003278248627850644,0.005406259924030997
300,1,587.1765237595337,290.5725708576598,587.18,290.57,0.0034762404662842528,-0.002570857659804915,0.004323604617262056
300,2,422.2888031123769,351.845197102535,422.29,351.85,0.0011968876231094328,0.00480289746502649,0.004949784241955444
300,6,561.8177241755849,362.50329946929924,561.82,362.5,0.0022758244151646068,-0.0032994692992360797,0.00400822584509166
300,7,232.23119201835226,500.130558900627,232.23,500.13,-0.001192018352270452,-0.0005589006270270147,0.0013165400347276773
300,8,568.6236760645857,436.55875571811987,568.62,436.56,-0.0036760645856475094,0.0012442818801332578,0.0038809390919054307
300,9,996.1926273445492,318.4995722252587,996.19,318.5,-0.002627344549182453,0.00042777474129707116,0.002661941135602086
300,10,848.101819751367,396.2270064092634,848.1,396.23,-0.001819751366952005,0.0029935907365938874,0.003503295667759777
300,11,615.2567074254603,516.5322662606868,615.26,516.53,0.003292574539727866,-0.0022662606868379953,0.003997122039714523
300,12,337.33401558689627,662.4907352106989,337.33,662.49,-0.0040155868962870045,-0.0007352106988491869,0.004082336695243816
300,30,1730.912512416907,535.0941506771019,1730.91,535.09,-0.002512416906938597,-0.004150677101847577,0.004851840796859756
301,0,747.595724191669,232.41995868647086,724.2,238.0,-23.395724191668933,5.5800413135291365,24.051959826869304
301,1,587.8823928196502,290.9294281432449,568.9,295.8,-18.982392819650272,4.870571856755134,19.597288265760785
301,2,423.2166023342827,352.38389782690126,412.0,351.8,-11.216602334282697,-0.58389782690125,11.231789910681915
301,6,561.8632931316887,362.6274746019744,553.7,364.9,-8.163293131688647,2.27252539802555,8.473707950982629
301,7,232.6733940137642,499.8479191754703,224.6,498.8,-8.073394013764215,-1.0479191754702697,8.141119425472283
301,8,568.7177570484392,436.66906678858993,577.1,437.3,8.382242951560784,0.6309332114100812,8.405954652283741
301,9,994.6444705084119,318.624679168944,989.4,324.2,-5.2444705084119505,5.57532083105599,7.654323829235967
301,10,846.5763648135253,396.1702548069476,846.6,399.9,0.023635186474734837,3.729745193052395,3.729820079727324
301,11,614.1925305690952,516.1491996955151,635.1,517.2,20.907469430904825,1.0508003044849374,20.9338591588872
301,12,336.7505116901722,662.3680514080241,371.5,659.2,34.749488309827825,-3.1680514080240982,34.89360238666602
301,30,1725.1843843126803,534.5706130078264,1725.18,534.57,-0.0043843126802585175,-0.0006130078263595351,0.00442696016171974
302,0,747.9467931437517,233.06496901485315,747.95,233.06,0.0032068562483118512,-0.0049690148531453815,0.005913969530536675
302,1,587.9117946147377,291.44707110743366,587.91,291.45,-0.0017946147377188026,0.0029288925663308873,0.003434975068606155
302,2,423.412451750712,352.7879233701759,423.41,352.79,-0.002451750711998102,0.002076629824102838,0.003213016181119632
302,6,561.6474698487665,362.9706059514808,561.65,362.97,0.002530151233486322,-0.00060595148079301,0.002601699917628395
302,7,232.75504551032316,499.6359393816027,232.76,499.64,0.004954489676833873,0.004060618397261351,0.0064059027253019355
302,8,568.5383177863295,436.7518000914424,568.54,436.75,0.0016822136705059165,-0.001800091442419216,0.0024637719119893955
302,9,992.983352881309,318.96850937670797,992.98,318.97,-0.003352881308956057,0.0014906232920566254,0.003669301142011734
302,10,845.182273610144,396.3776911052107,845.18,396.38,-0.0022736101440159473,0.0023088947892802025,0.003240416367527094
302,11,613.1443979268214,515.8618997716363,613.14,515.86,-0.004397926821411602,-0.0018997716363173822,0.004790708986846057
302,12,336.31288376762916,662.0260385560181,336.31,662.03,-0.002883767629157319,0.003961443981893353,0.004899913689102563
302,30,1719.8882882345101,534.1779597558698,1719.89,534.18,0.0017117654899720947,0.0020402441301712315,0.0026632193306893766
303,0,747.4600948578138,233.79872676113985,723.4,238.6,-24.06009485781385,4.801273238860148,24.534473486936605
303,1,587.1838459610533,292.08530333057524,569.5,293.7,-17.683845961053294,1.6146966694247453,17.757411222036627
303,2,423.059338813034,353.3409425276319,409.7,352.3,-13.359338813034014,-1.0409425276318984,13.399831896978029
303,6,560.7356023865749,363.2279544636106,553.2,365.4,-7.535602386574851,2.172045536389362,7.84239026959903
303,7,232.56628413274237,499.726954536202,224.5,498.0,-8.066284132742368,-1.7269545362020153,8.249079444413177
303,8,567.9037383397471,436.8138500685818,571.6,439.5,3.696261660252958,2.6861499314181856,4.56921784500519
303,9,991.2375146609818,319.226382032531,986.4,325.7,-4.83751466098181,6.473617967469011,8.08141557426368
303,10,843.636705207608,396.53326832890804,843.64,396.53,0.0032947923920119138,-0.0032683289080637223,0.004640865302693517
303,11,611.858298445116,515.6464248287273,633.8,514.6,21.941701554883934,-1.046424828727254,21.966639980792987
303,12,335.9846628257219,661.7695289170135,369.9,656.6,33.91533717427808,-5.169528917013508,34.30705648797063
303,30,1714.9162161758827,533.6334698169023,1716.6,530.8,1.6837838241171994,-2.8334698169023795,3.296009582761486
304,0,746.8450711433604,234.34904507085488,746.85,234.35,0.0049288566395944144,0.0009549291451094177,0.005020509679888422
304,1,586.3878844707899,292.56397749793143,586.39,292.56,0.002115529210072964,-0.003977497931430207,0.004505103065769253
304,2,422.5445041097755,354.00570689572396,422.54,354.01,-0.00450410977549609,0.004293104276030135,0.0062223588127484
304,6,559.8017017899311,363.670965847708,559.8,363.67,-0.0017017899311895235,-0.0009658477079597105,0.001956770493662726
304,7,232.17471309955678,500.04521590215154,232.17,500.05,-0.0047130995567954415,0.004784097848471447,0.006715720337835288
304,8,567.1778037548103,437.11038755143636,567.18,437.11,0.0021962451896797575,-0.0003875514363471666,0.0022301769098002576
304,9,989.6781359957363,319.4197865243982,989.68,319.42,0.0018640042636661747,0.0002134756018108419,0.0018761886172595171
304,10,841.977528905706,396.89995124668104,841.98,396.9,0.002471094294037357,4.8753318935723655e-05,0.002471575185207044
304,11,610.643723833837,515.7348186215454,610.64,515.73,-0.0037238338370571,-0.004818621545382484,0.0060898318567621955
304,12,335.2384971192914,661.8271466877602,335.24,661.83,0.0015028807085855078,0.002853312239835759,0.003224909481246727
304,30,1710.187162131912,533.2251023626768,1710.19,533.23,0.0028378680881360197,0.004897637323210802,0.005660419298547437
305,0,745.6338033575203,235.26178380314116,745.63,235.26,-0.0038033575202689462,-0.001783803141165663,0.004200890628595183
305,1,585.2909133530925,293.4229831234486,585.29,293.42,-0.0009133530925282685,-0.0029831234485868663,0.003119813997843421
305,2,421.65837808233164,354.75428017179297,421.66,354.75,0.0016219176683875958,-0.004280171792970577,0.0045771702503150154
305,6,558.8512763424484,364.253224385781,558.85,364.25,-0.001276342448363721,-0.00322438578098172,0.003467811083391394
305,7,231.88103482466758,500.28391192661365,231.88,500.28,-0.001034824667584644,-0.003911926613682226,0.004046483896357054
305,8,566.1333528161077,437.58279066357727,566.13,437.58,-0.0033528161077356344,-0.002790663577286523,0.004362244726500927
305,9,987.5086019968022,319.81483989329865,987.51,319.81,0.0013980031977780527,-0.004839893298651532,0.005037755460850563
305,10,839.9831466792795,397.1749634350108,839.98,397.17,-0.003146679279439013,-0.004963435010779449,0.005876842485032419
305,11,609.2327928753778,515.801113966159,609.23,515.8,-0.0027928753777359816,-0.0011139661590959804,0.0030068377873066175
305,12,334.92887283946857,661.6203600158201,334.93,661.62,0.0011271605314391309,-0.00036001582009248523,0.0011832591661808535
305,30,1705.390371598934,532.6688267720076,1705.39,532.67,-0.00037159893395255494,0.0011732279923535316,0.0012306704228820054
306,0,744.4753525181402,236.19633785235587,744.48,236.2,0.004647481859819891,0.0036621476441212053,0.005916959777174207
306,1,583.9681850148194,294.06723734258645,583.97,294.07,0.0018149851806583683,0.002762657413541092,0.00330551768874454
306,2,420.4937835617487,355.3157101288447,420.49,355.32,-0.0037835617487189666,0.004289871155265246,0.005719994233838535
306,6,557.6384572568363,364.93991828933576,557.64,364.94,0.0015427431636680922,8.171066423301454e-05,0.0015449055316407
306,7,231.16077611850068,500.71293394496024,231.16,500.71,-0.0007761185006813776,-0.0029339449602616696,0.0030348629222659725
306,8,565.1000146120808,437.93709299768295,565.1,437.94,-1.4612080803999561e-05,0.002907002317044771,0.0029070390407094793
306,9,985.8814514976017,320.361129919974,985.88,320.36,-0.0014514976016926084,-0.0011299199740051336,0.001839446774270774
306,10,838.4873600094596,397.6312225762581,838.49,397.63,0.002639990540387771,-0.0012225762581010713,0.002909337168533295
306,11,607.9245946565334,515.8508354746193,607.92,515.85,-0.004594656533413399,-0.0008354746192935636,0.00466999855455247
306,12,334.4466546296014,661.4652700118651,334.45,661.47,0.0033453703985628636,0.00472998813495451,0.005793469673726712
306,30,1700.2927786992004,532.0016200790058,1700.29,532.0,-0.0027786992004621425,-0.0016200790057609993,0.0032164926910466466
307,0,743.1065143886051,237.1472533892669,743.11,237.15,0.0034856113949217615,0.0027466107331122203,0.0044377198329384965
307,1,582.7261387611145,294.80042800693985,582.73,294.8,0.0038612388855199242,-0.0004280069398419073,0.0038848881157124695
307,2,419.1203376713115,355.98678259663353,419.12,355.99,-0.00033767131151307694,0.003217403366477356,0.0032350743943901483
307,6,556.2288429426272,365.4549387170018,556.23,365.45,0.0011570573727794908,-0.0049387170018349025,0.005072445897997977
307,7,230.1205820888755,501.0347004587202,230.12,501.03,-0.0005820888754897169,-0.004700458720208189,0.004736363545944303
307,8,563.8250109590606,438.4528197482622,563.83,438.45,0.004989040939449296,-0.0028197482621976633,0.005730751238508601
307,9,984.1610886232013,321.0208474399805,984.16,321.02,-0.0010886232013262997,-0.0008474399805322719,0.001379585080765394
307,10,836.8655200070947,397.9734169321936,836.87,397.97,0.004479992905316976,-0.003416932193545108,0.005634337764722259
307,11,606.4434459924,515.8881266059645,606.44,515.89,-0.0034459923999747843,0.0018733940354422884,0.0039223040209441585
307,12,333.58499097220107,661.3489525088988,333.58,661.35,-0.004990972201085242,0.0010474911011897348,0.005099709905384555
307,30,1695.7195840244003,531.5012150592543,1695.72,531.5,0.00041597559970796283,-0.001215059254263906,0.0012842915132183811
308,0,742.0798857914538,238.11044004195017,742.08,238.11,0.00011420854627886001,-0.00044004195015645564,0.0004546212818826535
308,1,581.5446040708359,295.6003210052049,581.54,295.6,-0.0046040708359669225,-0.00032100520485300876,0.004615247837781182
308,2,418.09025325348364,356.74008694747516,418.09,356.74,-0.0002532534836632294,-8.69474751539201e-05,0.0002677633104501122
308,6,555.1716322069705,366.09120403775137,555.17,366.09,-0.0016322069704983733,-0.0012040377513926614,0.0020282520803199425
308,7,229.09043656665662,501.27602534404014,229.09,501.28,-0.00043656665661728766,0.003974655959837037,0.003998559796318929
308,8,562.6187582192954,438.8396148111966,562.62,438.84,0.0012417807046176677,0.00038518880336368966,0.0013001498885118986
308,9,982.370816467401,321.51563557998537,982.37,321.52,-0.0008164674010231465,0.0043644200146104595,0.0044401330026099285
308,10,835.149140005321,398.48006269914515,835.15,398.48,0.0008599946789900059,-6.269914513268304e-05,0.0008622772354014065
308,11,605.0825844943,516.1660949544735,605.08,516.17,-0.0025844942999810883,0.0039050455264941775,0.004682840094496813
308,12,332.6887432291508,661.2617143816741,332.69,661.26,0.001256770849181521,-0.0017143816741054252,0.002125694590448252
308,30,1690.7896880183002,530.8759112944407,1690.79,530.88,0.0003119816997241287,0.004088705559297523,0.004100590900296349
309,0,740.3099143435903,238.83283003146263,740.31,238.83,8.565640962387988e-05,-0.0028300314626221734,0.0028313274448465075
309,1,580.158453053127,296.45024075390364,580.16,296.45,0.0015469468729634173,-0.00024075390365396743,0.0015655692478762858
309,2,417.0676899401127,357.55506521060636,417.07,357.56,0.0023100598872929368,0.004934789393644223,0.005448717559435741
309,6,553.8787241552278,366.8184030283135,553.88,366.82,0.0012758447721807897,0.001596971686467441,0.0020440397378915396
309,7,228.56782742499246,501.7070190080301,228.57,501.71,0.0021725750075347605,0.0029809919698777776,0.0036886847639559087
309,8,561.4640686644716,439.1297111083975,561.46,439.13,-0.0040686644715606235,0.0002888916025085564,0.004078907812164875
309,9,980.0281123505508,321.886726684989,980.03,321.89,0.0018876494491451012,0.0032733150109720555,0.0037785991589361252
309,10,833.1118550039907,398.8600470243589,833.11,398.86,-0.0018550039907268001,-4.702435887793399e-05,0.0018555999288478741
309,11,603.811938370725,516.1245712158551,603.81,516.12,-0.0019383707250426596,-0.004571215855094124,0.004965208501318581
309,12,332.5165574218631,661.1962857862555,332.52,661.2,0.0034425781368554453,0.0037142137445016488,0.005064259863810315
309,30,1685.5922660137253,530.1569334708305,1685.59,530.16,-0.00226601372537516,0.0030665291694731422,0.003812927923632736
